poste_technique,plan_entretien,type_travail_code,corps_metier,categorie_travail,nb_visites_preventives,frequence_observee_jours,frequence_officielle_jours,source_frequence,frequence_moyenne_jours,frequence_std_jours,nb_correctifs_total,nb_correctifs_entre_visites,taux_correctif_entre_visites,classe_frequence,frequence_actuelle_jours,frequence_recommandee_jours,cout_actuel_annuel_mad,cout_recommande_annuel_mad,economie_estimee_mad
SF01-PE,216420.0,310.0,Régulation/Instrumentation,Inspection,6,109.2,,observée,109.2,64.0,378,3,0.6,Insuffisant,109.2,76.4,4786.0,3648.0,1138.0
SF01-PE,216421.0,310.0,Régulation/Instrumentation,Inspection,6,109.2,,observée,109.2,64.0,378,3,0.6,Insuffisant,109.2,76.4,4786.0,3648.0,1138.0
SF01-PE,200000012395.0,360.0,Mécanique,Systématique,10,9.6,730.0,observée,9.6,7.5,378,9,1.0,Insuffisant,9.6,6.7,88295.0,65675.0,22620.0
SF01-PE,200000012396.0,360.0,Mécanique,Systématique,14,7.5,730.0,observée,7.5,2.6,378,11,0.85,Insuffisant,7.5,5.2,96766.0,72456.0,24310.0
SF01-PE,200000012397.0,360.0,Mécanique,Systématique,9,9.9,730.0,observée,9.9,7.8,378,7,0.88,Insuffisant,9.9,6.9,75770.0,56650.0,19120.0
SF01-PE,200000012398.0,360.0,Mécanique,Systématique,9,9.9,730.0,observée,9.9,7.8,378,7,0.88,Insuffisant,9.9,6.9,75770.0,56650.0,19120.0
SF01-PE,200000012439.0,360.0,Mécanique,Systématique,10,9.6,730.0,observée,9.6,7.5,378,9,1.0,Insuffisant,9.6,6.7,88295.0,65675.0,22620.0
SF01-PE,200000012440.0,360.0,Mécanique,Systématique,14,7.5,730.0,observée,7.5,2.6,378,11,0.85,Insuffisant,7.5,5.2,96766.0,72456.0,24310.0
SF01-PE,200000012442.0,360.0,Mécanique,Systématique,9,9.9,730.0,observée,9.9,7.8,378,7,0.88,Insuffisant,9.9,6.9,75770.0,56650.0,19120.0
SF01-PE,200000012443.0,360.0,Mécanique,Systématique,9,9.9,730.0,observée,9.9,7.8,378,7,0.88,Insuffisant,9.9,6.9,75770.0,56650.0,19120.0
SF01-PE,200000012456.0,360.0,Mécanique,Systématique,10,9.6,730.0,observée,9.6,7.5,378,9,1.0,Insuffisant,9.6,6.7,88295.0,65675.0,22620.0
SF01-PE,200000012457.0,360.0,Mécanique,Systématique,13,7.1,730.0,observée,7.1,2.1,378,10,0.83,Insuffisant,7.1,5.0,99928.0,74903.0,25025.0
SF01-PE,200000012458.0,360.0,Mécanique,Systématique,9,9.9,730.0,observée,9.9,7.8,378,7,0.88,Insuffisant,9.9,6.9,75770.0,56650.0,19120.0
SF01-PE,200000012469.0,360.0,Mécanique,Systématique,9,9.9,730.0,observée,9.9,7.8,378,7,0.88,Insuffisant,9.9,6.9,75770.0,56650.0,19120.0
SF01-PE,200000012481.0,360.0,Mécanique,Systématique,10,9.6,730.0,observée,9.6,7.5,378,9,1.0,Insuffisant,9.6,6.7,88295.0,65675.0,22620.0
SF01-PE,200000012482.0,360.0,Mécanique,Systématique,13,7.1,730.0,observée,7.1,2.1,378,10,0.83,Insuffisant,7.1,5.0,99928.0,74903.0,25025.0
SF01-PE,200000012483.0,360.0,Mécanique,Systématique,13,7.1,730.0,observée,7.1,2.1,378,10,0.83,Insuffisant,7.1,5.0,99928.0,74903.0,25025.0
SF01-PE,200000012484.0,360.0,Mécanique,Systématique,9,9.9,730.0,observée,9.9,7.8,378,7,0.88,Insuffisant,9.9,6.9,75770.0,56650.0,19120.0
SF01-PE-00LN,52519.0,360.0,Mécanique,Systématique,40,15.0,730.0,observée,15.0,0.6,57,23,0.59,Insuffisant,15.0,10.5,34298.0,26167.0,8131.0
SF01-PE-00LN,55435.0,360.0,Mécanique,Systématique,28,21.4,730.0,observée,21.4,11.3,57,18,0.67,Insuffisant,21.4,15.0,27078.0,20511.0,6567.0
SF01-PE-00LN,55436.0,360.0,Mécanique,Systématique,28,21.4,730.0,observée,21.4,11.3,57,18,0.67,Insuffisant,21.4,15.0,27078.0,20511.0,6567.0
SF01-PE-00LN,55437.0,360.0,Mécanique,Systématique,29,20.6,730.0,observée,20.6,11.7,57,18,0.64,Insuffisant,20.6,14.4,26947.0,20463.0,6484.0
SF01-PE-00LN,55438.0,360.0,Mécanique,Systématique,29,20.6,730.0,observée,20.6,11.7,57,18,0.64,Insuffisant,20.6,14.4,26947.0,20463.0,6484.0
SF01-PE-00LN,55670.0,360.0,Mécanique,Systématique,34,19.2,30.0,observée,19.2,33.7,57,16,0.48,Insuffisant,19.2,13.4,22140.0,17118.0,5022.0
SF01-PE-00LN,55671.0,310.0,Mécanique,Inspection,6,23.8,730.0,observée,23.8,9.4,57,3,0.6,Insuffisant,23.8,16.7,21958.0,16736.0,5222.0
SF01-PE-00LN,55671.0,350.0,Mécanique,Graissage,16,27.9,730.0,observée,27.9,6.5,57,11,0.73,Insuffisant,27.9,19.5,22517.0,16981.0,5536.0
SF01-PE-00LN,216351.0,290.0,Régulation/Instrumentation,Inspection,26,14.0,,observée,14.0,9.3,57,12,0.48,Insuffisant,14.0,9.8,30363.0,23476.0,6887.0
SF01-PE-00LN,216351.0,310.0,Régulation/Instrumentation,Inspection,5,11.8,,observée,11.8,3.9,57,4,1.0,Insuffisant,11.8,8.3,71833.0,53431.0,18402.0
SF01-PE-00LN-ASSAIN-0HB145,54997.0,360.0,Mécanique,Systématique,4,123.3,730.0,observée,123.3,87.6,18,2,0.67,Insuffisant,123.3,86.3,4700.0,3560.0,1140.0
SF01-PE-00LN-ASSAIN-0HB145,55001.0,310.0,Mécanique,Inspection,3,274.5,730.0,observée,274.5,58.5,18,2,1.0,Insuffisant,274.5,192.1,3088.0,2297.0,791.0
SF01-PE-00LN-ASSAIN-0HB145,55004.0,350.0,Mécanique,Graissage,108,7.2,730.0,observée,7.2,3.0,18,14,0.13,Adéquat,7.2,7.2,19539.0,19539.0,0.0
SF01-PE-00LN-ASSAIN-0HC229,55229.0,310.0,Mécanique,Inspection,3,228.5,730.0,observée,228.5,104.5,7,1,0.5,Insuffisant,228.5,159.9,1931.0,1489.0,442.0
SF01-PE-00LN-ASSAIN-0HC229,55230.0,310.0,Mécanique,Inspection,4,151.0,730.0,observée,151.0,63.8,7,1,0.33,Insuffisant,151.0,105.7,2008.0,1600.0,408.0
SF01-PE-00LN-ASSAIN-0HC229,55234.0,360.0,Mécanique,Systématique,7,75.0,730.0,observée,75.0,30.3,7,3,0.5,Insuffisant,75.0,52.5,5884.0,4537.0,1348.0
SF01-PE-00LN-ASSAIN-0HC229,55235.0,350.0,Mécanique,Graissage,108,7.2,730.0,observée,7.2,3.0,7,6,0.06,Adéquat,7.2,7.2,11639.0,11639.0,0.0
SF01-PE-00LN-BROYAG-0HB155,55131.0,360.0,Mécanique,Systématique,4,123.3,730.0,observée,123.3,87.6,28,2,0.67,Insuffisant,123.3,86.3,4700.0,3560.0,1140.0
SF01-PE-00LN-BROYAG-0HB155,55133.0,360.0,Mécanique,Systématique,3,228.5,730.0,observée,228.5,104.5,28,2,1.0,Insuffisant,228.5,159.9,3710.0,2759.0,950.0
SF01-PE-00LN-BROYAG-0HB155,55138.0,360.0,Mécanique,Systématique,3,228.5,730.0,observée,228.5,104.5,28,2,1.0,Insuffisant,228.5,159.9,3710.0,2759.0,950.0
SF01-PE-00LN-BROYAG-0HB155,55139.0,360.0,Mécanique,Systématique,12,49.1,730.0,observée,49.1,19.1,28,8,0.73,Insuffisant,49.1,34.4,12795.0,9649.0,3146.0
SF01-PE-00LN-BROYAG-0HB155,55140.0,350.0,Mécanique,Graissage,107,7.3,730.0,observée,7.3,3.7,28,20,0.19,Insuffisant,7.3,5.1,25950.0,21965.0,3985.0
SF01-PE-00LN-BROYAG-0HB157,55154.0,360.0,Mécanique,Systématique,4,123.3,730.0,observée,123.3,87.6,23,2,0.67,Insuffisant,123.3,86.3,4700.0,3560.0,1140.0
SF01-PE-00LN-BROYAG-0HB157,55162.0,350.0,Mécanique,Graissage,107,7.3,730.0,observée,7.3,3.7,23,17,0.16,Insuffisant,7.3,5.1,22611.0,19580.0,3031.0
SF01-PE-00LN-BROYAG-0HB159,55176.0,360.0,Mécanique,Systématique,4,123.3,730.0,observée,123.3,87.6,23,2,0.67,Insuffisant,123.3,86.3,4700.0,3560.0,1140.0
SF01-PE-00LN-BROYAG-0HB159,55184.0,360.0,Mécanique,Systématique,12,49.1,730.0,observée,49.1,19.1,23,9,0.82,Insuffisant,49.1,34.4,14284.0,10713.0,3571.0
SF01-PE-00LN-BROYAG-0HB159,55185.0,350.0,Mécanique,Graissage,107,7.3,730.0,observée,7.3,3.7,23,20,0.19,Insuffisant,7.3,5.1,25950.0,21965.0,3985.0
SF01-PE-00LN-BROYAG-0HB161,55200.0,360.0,Mécanique,Systématique,5,92.5,730.0,observée,92.5,82.9,44,3,0.75,Insuffisant,92.5,64.8,6967.0,5247.0,1720.0
SF01-PE-00LN-BROYAG-0HB161,55202.0,360.0,Mécanique,Systématique,3,228.5,730.0,observée,228.5,104.5,44,2,1.0,Insuffisant,228.5,159.9,3710.0,2759.0,950.0
SF01-PE-00LN-BROYAG-0HB161,55207.0,360.0,Mécanique,Systématique,3,274.5,730.0,observée,274.5,58.5,44,2,1.0,Insuffisant,274.5,192.1,3088.0,2297.0,791.0
SF01-PE-00LN-BROYAG-0HB161,55208.0,290.0,Mécanique,Inspection,12,49.0,730.0,observée,49.0,18.0,44,10,0.91,Insuffisant,49.0,34.3,15806.0,11801.0,4005.0
SF01-PE-00LN-BROYAG-0HB161,55209.0,350.0,Mécanique,Graissage,107,7.3,730.0,observée,7.3,3.7,44,26,0.25,Insuffisant,7.3,5.1,32629.0,26735.0,5893.0
SF01-PE-00LN-CLASSI-0HB147,55020.0,360.0,Mécanique,Systématique,3,190.0,730.0,observée,190.0,143.0,79,2,1.0,Insuffisant,190.0,133.0,4461.0,3318.0,1143.0
SF01-PE-00LN-CLASSI-0HB147,55021.0,310.0,Mécanique,Inspection,3,190.0,730.0,observée,190.0,143.0,79,2,1.0,Insuffisant,190.0,133.0,4461.0,3318.0,1143.0
SF01-PE-00LN-CLASSI-0HB147,55025.0,360.0,Mécanique,Systématique,4,151.7,730.0,observée,151.7,106.3,79,2,0.67,Insuffisant,151.7,106.2,3820.0,2894.0,926.0
SF01-PE-00LN-CLASSI-0HB147,55027.0,360.0,Mécanique,Systématique,3,190.0,730.0,observée,190.0,143.0,79,2,1.0,Insuffisant,190.0,133.0,4461.0,3318.0,1143.0
SF01-PE-00LN-CLASSI-0HB147,55029.0,310.0,Mécanique,Inspection,3,190.0,730.0,observée,190.0,143.0,79,2,1.0,Insuffisant,190.0,133.0,4461.0,3318.0,1143.0
SF01-PE-00LN-CLASSI-0HB147,55030.0,290.0,Mécanique,Inspection,78,7.7,730.0,observée,7.7,5.8,79,40,0.52,Insuffisant,7.7,5.4,59427.0,45699.0,13728.0
SF01-PE-00LN-CLASSI-0HB147,55031.0,360.0,Mécanique,Systématique,4,120.0,730.0,observée,120.0,84.1,79,2,0.67,Insuffisant,120.0,84.0,4829.0,3658.0,1171.0
SF01-PE-00LN-CLASSI-0HB147,55032.0,350.0,Mécanique,Graissage,107,7.3,730.0,observée,7.3,3.6,79,42,0.4,Insuffisant,7.3,5.1,49326.0,38662.0,10664.0
SF01-PE-00LN-CLASSI-0HB149,55048.0,360.0,Mécanique,Systématique,3,228.5,730.0,observée,228.5,104.5,84,2,1.0,Insuffisant,228.5,159.9,3710.0,2759.0,950.0
SF01-PE-00LN-CLASSI-0HB149,55049.0,360.0,Mécanique,Systématique,3,228.5,730.0,observée,228.5,104.5,84,2,1.0,Insuffisant,228.5,159.9,3710.0,2759.0,950.0
SF01-PE-00LN-CLASSI-0HB149,55057.0,360.0,Mécanique,Systématique,3,228.5,730.0,observée,228.5,104.5,84,2,1.0,Insuffisant,228.5,159.9,3710.0,2759.0,950.0
SF01-PE-00LN-CLASSI-0HB149,55058.0,290.0,Mécanique,Inspection,79,7.6,730.0,observée,7.6,5.9,84,39,0.5,Insuffisant,7.6,5.3,58071.0,44773.0,13298.0
SF01-PE-00LN-CLASSI-0HB149,55059.0,360.0,Mécanique,Systématique,4,120.0,730.0,observée,120.0,84.1,84,2,0.67,Insuffisant,120.0,84.0,4829.0,3658.0,1171.0
SF01-PE-00LN-CLASSI-0HB149,55060.0,350.0,Mécanique,Graissage,107,7.3,730.0,observée,7.3,3.6,84,45,0.42,Insuffisant,7.3,5.1,51552.0,40252.0,11300.0
SF01-PE-00LN-CLASSI-0HB151,55086.0,360.0,Mécanique,Systématique,85,7.1,730.0,observée,7.1,2.2,60,39,0.46,Insuffisant,7.1,5.0,57582.0,44656.0,12926.0
SF01-PE-00LN-CLASSI-0HB151,55087.0,360.0,Mécanique,Systématique,4,120.0,730.0,observée,120.0,84.1,60,2,0.67,Insuffisant,120.0,84.0,4829.0,3658.0,1171.0
SF01-PE-00LN-CLASSI-0HB151,55088.0,350.0,Mécanique,Graissage,107,7.3,730.0,observée,7.3,3.6,60,38,0.36,Insuffisant,7.3,5.1,44873.0,35481.0,9392.0
SF01-PE-00LN-CLASSI-0HB153,55104.0,360.0,Mécanique,Systématique,3,228.5,730.0,observée,228.5,104.5,66,2,1.0,Insuffisant,228.5,159.9,3710.0,2759.0,950.0
SF01-PE-00LN-CLASSI-0HB153,55109.0,310.0,Mécanique,Inspection,4,151.7,730.0,observée,151.7,106.3,66,2,0.67,Insuffisant,151.7,106.2,3820.0,2894.0,926.0
SF01-PE-00LN-CLASSI-0HB153,55111.0,360.0,Mécanique,Systématique,3,228.5,730.0,observée,228.5,104.5,66,2,1.0,Insuffisant,228.5,159.9,3710.0,2759.0,950.0
SF01-PE-00LN-CLASSI-0HB153,55114.0,360.0,Mécanique,Systématique,84,7.2,730.0,observée,7.2,2.1,66,38,0.46,Insuffisant,7.2,5.0,56782.0,44036.0,12747.0
SF01-PE-00LN-CLASSI-0HB153,55115.0,360.0,Mécanique,Systématique,4,120.0,730.0,observée,120.0,84.1,66,2,0.67,Insuffisant,120.0,84.0,4829.0,3658.0,1171.0
SF01-PE-00LN-CLASSI-0HB153,55116.0,350.0,Mécanique,Graissage,107,7.3,730.0,observée,7.3,3.6,66,36,0.34,Insuffisant,7.3,5.1,42647.0,33891.0,8756.0
SF01-PE-00LN-CLASSI-HA29T1,54496.0,360.0,Mécanique,Systématique,4,151.7,730.0,observée,151.7,106.3,27,3,1.0,Insuffisant,151.7,106.2,5588.0,4156.0,1431.0
SF01-PE-00LN-CLASSI-HA29T1,54500.0,360.0,Mécanique,Systématique,3,269.5,730.0,observée,269.5,53.5,27,2,1.0,Insuffisant,269.5,188.6,3145.0,2339.0,806.0
SF01-PE-00LN-CLASSI-HA29T1,54502.0,360.0,Mécanique,Systématique,11,54.0,730.0,observée,54.0,18.1,27,7,0.7,Insuffisant,54.0,37.8,11182.0,8451.0,2731.0
SF01-PE-00LN-CLASSI-HA29T1,54503.0,290.0,Mécanique,Inspection,22,27.3,730.0,observée,27.3,7.3,27,13,0.62,Insuffisant,27.3,19.1,19738.0,15016.0,4722.0
SF01-PE-00LN-CLASSI-HA29T1,54504.0,290.0,Mécanique,Inspection,22,27.3,730.0,observée,27.3,7.4,27,13,0.62,Insuffisant,27.3,19.1,19738.0,15016.0,4722.0
SF01-PE-00LN-CLASSI-HA29T1,54505.0,290.0,Mécanique,Inspection,22,27.3,730.0,observée,27.3,7.4,27,13,0.62,Insuffisant,27.3,19.1,19738.0,15016.0,4722.0
SF01-PE-00LN-CLASSI-HA29T1,200000002640.0,350.0,Mécanique,Graissage,17,28.0,730.0,observée,28.0,0.0,27,10,0.62,Insuffisant,28.0,19.6,19245.0,14640.0,4604.0
SF01-PE-00LN-CLASSI-HA29T2,54506.0,360.0,Mécanique,Systématique,4,151.7,730.0,observée,151.7,106.3,16,2,0.67,Insuffisant,151.7,106.2,3820.0,2894.0,926.0
SF01-PE-00LN-CLASSI-HA29T2,54510.0,310.0,Mécanique,Inspection,3,269.5,730.0,observée,269.5,53.5,16,2,1.0,Insuffisant,269.5,188.6,3145.0,2339.0,806.0
SF01-PE-00LN-CLASSI-HA29T2,54512.0,360.0,Mécanique,Systématique,11,54.0,730.0,observée,54.0,18.1,16,8,0.8,Insuffisant,54.0,37.8,12687.0,9526.0,3161.0
SF01-PE-00LN-CLASSI-HA29T2,54513.0,360.0,Mécanique,Systématique,22,27.3,730.0,observée,27.3,7.8,16,10,0.48,Insuffisant,27.3,19.1,15571.0,12039.0,3532.0
SF01-PE-00LN-CLASSI-HA29T2,54514.0,290.0,Mécanique,Inspection,22,27.3,730.0,observée,27.3,7.4,16,10,0.48,Insuffisant,27.3,19.1,15571.0,12039.0,3532.0
SF01-PE-00LN-CLASSI-HA29T2,54515.0,290.0,Mécanique,Inspection,22,27.3,730.0,observée,27.3,7.4,16,10,0.48,Insuffisant,27.3,19.1,15571.0,12039.0,3532.0
SF01-PE-00LN-CLASSI-HA29T2,200000002641.0,350.0,Mécanique,Graissage,17,28.0,730.0,observée,28.0,0.0,16,8,0.5,Insuffisant,28.0,19.6,15762.0,12153.0,3609.0
SF01-PE-00LN-CLASSI-HA29T3,54516.0,360.0,Mécanique,Systématique,4,151.7,730.0,observée,151.7,63.1,21,3,1.0,Insuffisant,151.7,106.2,5588.0,4156.0,1431.0
SF01-PE-00LN-CLASSI-HA29T3,54520.0,360.0,Mécanique,Systématique,3,269.5,730.0,observée,269.5,53.5,21,2,1.0,Insuffisant,269.5,188.6,3145.0,2339.0,806.0
SF01-PE-00LN-CLASSI-HA29T3,54522.0,360.0,Mécanique,Systématique,11,54.0,730.0,observée,54.0,18.1,21,8,0.8,Insuffisant,54.0,37.8,12687.0,9526.0,3161.0
SF01-PE-00LN-CLASSI-HA29T3,54523.0,290.0,Mécanique,Inspection,22,27.3,730.0,observée,27.3,7.4,21,12,0.57,Insuffisant,27.3,19.1,18250.0,13952.0,4297.0
SF01-PE-00LN-CLASSI-HA29T3,54524.0,290.0,Mécanique,Inspection,22,27.3,730.0,observée,27.3,7.4,21,12,0.57,Insuffisant,27.3,19.1,18250.0,13952.0,4297.0
SF01-PE-00LN-CLASSI-HA29T3,54525.0,290.0,Mécanique,Inspection,22,27.3,730.0,observée,27.3,7.4,21,12,0.57,Insuffisant,27.3,19.1,18250.0,13952.0,4297.0
SF01-PE-00LN-CLASSI-HA29T3,200000002642.0,350.0,Mécanique,Graissage,17,28.0,730.0,observée,28.0,0.0,21,12,0.75,Insuffisant,28.0,19.6,23017.0,17335.0,5682.0
SF01-PE-00LN-CLASSI-HA29T4,54526.0,310.0,Mécanique,Inspection,4,151.7,730.0,observée,151.7,106.3,8,2,0.67,Insuffisant,151.7,106.2,3820.0,2894.0,926.0
SF01-PE-00LN-CLASSI-HA29T4,54532.0,360.0,Mécanique,Systématique,12,49.1,730.0,observée,49.1,23.0,8,7,0.64,Insuffisant,49.1,34.4,11305.0,8585.0,2720.0
SF01-PE-00LN-CLASSI-HA29T4,54533.0,360.0,Mécanique,Systématique,22,27.3,730.0,observée,27.3,7.8,8,8,0.38,Insuffisant,27.3,19.1,12594.0,9913.0,2681.0
SF01-PE-00LN-CLASSI-HA29T4,54534.0,360.0,Mécanique,Systématique,22,27.3,730.0,observée,27.3,7.8,8,8,0.38,Insuffisant,27.3,19.1,12594.0,9913.0,2681.0
SF01-PE-00LN-CLASSI-HA29T4,54535.0,290.0,Mécanique,Inspection,22,27.3,730.0,observée,27.3,7.4,8,8,0.38,Insuffisant,27.3,19.1,12594.0,9913.0,2681.0
SF01-PE-00LN-CLASSI-HA29T4,200000002643.0,350.0,Mécanique,Graissage,17,27.8,730.0,observée,27.8,0.7,8,8,0.5,Insuffisant,27.8,19.5,15875.0,12240.0,3635.0
SF01-PE-00LN-COMBUS-0HD301,52253.0,360.0,Régulation/Instrumentation,Systématique,3,182.5,,observée,182.5,159.5,211,2,1.0,Insuffisant,182.5,127.7,4645.0,3455.0,1190.0
SF01-PE-00LN-COMBUS-0HD301,52255.0,360.0,Régulation/Instrumentation,Systématique,14,40.9,,observée,40.9,49.1,211,11,0.85,Insuffisant,40.9,28.6,17744.0,13287.0,4458.0
SF01-PE-00LN-COMBUS-0HD301,52261.0,360.0,Régulation/Instrumentation,Systématique,7,100.0,,observée,100.0,79.4,211,4,0.67,Insuffisant,100.0,70.0,5795.0,4389.0,1405.0
SF01-PE-00LN-COMBUS-0HD301,52267.0,360.0,Régulation/Instrumentation,Systématique,5,135.0,,observée,135.0,113.3,211,4,1.0,Insuffisant,135.0,94.5,6279.0,4670.0,1608.0
SF01-PE-00LN-COMBUS-0HD301,55273.0,310.0,Mécanique,Inspection,3,274.5,730.0,observée,274.5,58.5,211,2,1.0,Insuffisant,274.5,192.1,3088.0,2297.0,791.0
SF01-PE-00LN-COMBUS-0HD301,55274.0,360.0,Mécanique,Systématique,3,274.5,730.0,observée,274.5,58.5,211,2,1.0,Insuffisant,274.5,192.1,3088.0,2297.0,791.0
SF01-PE-00LN-COMBUS-0HD301,55275.0,360.0,Mécanique,Systématique,3,228.5,730.0,observée,228.5,104.5,211,2,1.0,Insuffisant,228.5,159.9,3710.0,2759.0,950.0
SF01-PE-00LN-COMBUS-0HD301,55276.0,360.0,Mécanique,Systématique,3,181.5,730.0,observée,181.5,57.5,211,2,1.0,Insuffisant,181.5,127.0,4670.0,3474.0,1196.0
SF01-PE-00LN-COMBUS-0HD301,55279.0,360.0,Mécanique,Systématique,4,151.7,730.0,observée,151.7,106.3,211,3,1.0,Insuffisant,151.7,106.2,5588.0,4156.0,1431.0
SF01-PE-00LN-COMBUS-0HD301,55280.0,360.0,Mécanique,Systématique,3,181.5,730.0,observée,181.5,57.5,211,2,1.0,Insuffisant,181.5,127.0,4670.0,3474.0,1196.0
SF01-PE-00LN-COMBUS-0HD301,55285.0,290.0,Mécanique,Inspection,7,75.0,730.0,observée,75.0,30.3,211,6,1.0,Insuffisant,75.0,52.5,11302.0,8406.0,2895.0
SF01-PE-00LN-COMBUS-0HD301,55286.0,290.0,Mécanique,Inspection,78,7.7,730.0,observée,7.7,5.8,211,59,0.77,Insuffisant,7.7,5.4,85810.0,64544.0,21266.0
SF01-PE-00LN-COMBUS-0HD301,55287.0,290.0,Mécanique,Inspection,79,7.6,730.0,observée,7.6,6.0,211,60,0.77,Insuffisant,7.6,5.3,86939.0,65393.0,21546.0
SF01-PE-00LN-COMBUS-0HD301,55288.0,290.0,Mécanique,Inspection,78,7.7,730.0,observée,7.7,5.9,211,59,0.77,Insuffisant,7.7,5.4,85810.0,64544.0,21266.0
SF01-PE-00LN-COMBUS-0HD301,55289.0,360.0,Mécanique,Systématique,7,75.0,730.0,observée,75.0,22.0,211,6,1.0,Insuffisant,75.0,52.5,11302.0,8406.0,2895.0
SF01-PE-00LN-COMBUS-0HD301,55290.0,290.0,Mécanique,Inspection,99,7.8,730.0,observée,7.8,7.4,211,56,0.57,Insuffisant,7.8,5.5,63874.0,48834.0,15040.0
SF01-PE-00LN-COMBUS-0HD301,55291.0,350.0,Mécanique,Graissage,27,27.8,730.0,observée,27.8,6.8,211,19,0.73,Insuffisant,27.8,19.5,22598.0,17042.0,5556.0
SF01-PE-00LN-COMBUS-0HD301,216275.0,360.0,Régulation/Instrumentation,Systématique,56,7.0,30.0,observée,7.0,6.6,211,34,0.62,Insuffisant,7.0,4.9,76978.0,58560.0,18418.0
SF01-PE-00LN-COMBUS-0HD301,216278.0,360.0,Régulation/Instrumentation,Systématique,19,26.7,,observée,26.7,11.0,211,14,0.78,Insuffisant,26.7,18.7,25051.0,18831.0,6220.0
SF01-PE-00LN-COMBUS-0HD301,216281.0,360.0,Régulation/Instrumentation,Systématique,5,120.0,,observée,120.0,81.7,211,3,0.75,Insuffisant,120.0,84.0,5371.0,4045.0,1326.0
SF01-PE-00LN-COMBUS-0HD301,216284.0,360.0,Régulation/Instrumentation,Systématique,4,180.0,,observée,180.0,50.6,211,2,0.67,Insuffisant,180.0,126.0,3219.0,2439.0,781.0
SF01-PE-00LN-COMBUS-0HD301,200000004319.0,300.0,Mécanique,Inspection,5,89.5,730.0,observée,89.5,0.9,211,4,1.0,Insuffisant,89.5,62.6,9471.0,7044.0,2426.0
SF01-PE-00LN-COMBUS-0HD301-ARAU,216307.0,360.0,Régulation/Instrumentation,Systématique,53,7.4,30.0,observée,7.4,6.5,1,1,0.02,Adéquat,7.4,7.4,6932.0,6932.0,0.0
SF01-PE-00LN-COMBUS-0HD301-ARAU,216310.0,360.0,Régulation/Instrumentation,Systématique,19,26.7,,observée,26.7,10.4,1,1,0.06,Adéquat,26.7,26.7,3139.0,3139.0,0.0
SF01-PE-00LN-COMBUS-0HD301-SURV,52272.0,310.0,Régulation/Instrumentation,Inspection,46,12.2,30.0,observée,12.2,27.0,2,2,0.04,Adéquat,12.2,12.2,5537.0,5537.0,0.0
SF01-PE-00LN-COMBUS-0HD301-SURV-DPSL3013,216373.0,310.0,Régulation/Instrumentation,Inspection,50,7.4,,observée,7.4,6.6,0,0,0.0,Trop fréquent,7.4,14.8,4736.0,2368.0,2368.0
SF01-PE-00LN-COMBUS-0HD301-SURV-EV3701,216369.0,360.0,Régulation/Instrumentation,Systématique,19,26.7,,observée,26.7,9.0,0,0,0.0,Adéquat,26.7,26.7,1313.0,1313.0,0.0
SF01-PE-00LN-COMBUS-0HD301-SURV-EV3702,216423.0,360.0,Régulation/Instrumentation,Systématique,18,28.3,,observée,28.3,12.1,0,0,0.0,Adéquat,28.3,28.3,1238.0,1238.0,0.0
SF01-PE-00LN-COMBUS-0HD301-SURV-EV3708,216424.0,360.0,Régulation/Instrumentation,Systématique,19,26.7,,observée,26.7,13.9,0,0,0.0,Adéquat,26.7,26.7,1313.0,1313.0,0.0
SF01-PE-00LN-COMBUS-0HD301-SURV-EV3713,216425.0,360.0,Régulation/Instrumentation,Systématique,19,26.7,,observée,26.7,11.3,0,0,0.0,Adéquat,26.7,26.7,1313.0,1313.0,0.0
SF01-PE-00LN-COMBUS-0HD301-SURV-EV3714,216426.0,360.0,Régulation/Instrumentation,Systématique,19,26.7,,observée,26.7,10.6,0,0,0.0,Adéquat,26.7,26.7,1313.0,1313.0,0.0
SF01-PE-00LN-COMBUS-0HD301-SURV-FE3405,216432.0,360.0,Régulation/Instrumentation,Systématique,3,167.5,,observée,167.5,14.5,0,0,0.0,Adéquat,167.5,167.5,209.0,209.0,0.0
SF01-PE-00LN-COMBUS-0HD301-SURV-FE3612,216433.0,360.0,Régulation/Instrumentation,Systématique,4,135.0,,observée,135.0,47.5,0,0,0.0,Adéquat,135.0,135.0,260.0,260.0,0.0
SF01-PE-00LN-COMBUS-0HD301-SURV-JY3704,216363.0,360.0,Régulation/Instrumentation,Systématique,19,26.7,,observée,26.7,9.6,0,0,0.0,Adéquat,26.7,26.7,1313.0,1313.0,0.0
SF01-PE-00LN-COMBUS-0HD301-SURV-PG3008,216143.0,360.0,Régulation/Instrumentation,Systématique,11,53.7,,observée,53.7,18.1,0,0,0.0,Adéquat,53.7,53.7,653.0,653.0,0.0
SF01-PE-00LN-COMBUS-0HD301-SURV-PG3009,216144.0,360.0,Régulation/Instrumentation,Systématique,11,53.7,,observée,53.7,18.1,0,0,0.0,Adéquat,53.7,53.7,653.0,653.0,0.0
SF01-PE-00LN-COMBUS-0HD301-SURV-PG3017,216145.0,360.0,Régulation/Instrumentation,Systématique,11,53.7,,observée,53.7,18.1,0,0,0.0,Adéquat,53.7,53.7,653.0,653.0,0.0
SF01-PE-00LN-COMBUS-0HD301-SURV-PG3710,216146.0,360.0,Régulation/Instrumentation,Systématique,11,53.7,,observée,53.7,18.0,0,0,0.0,Adéquat,53.7,53.7,653.0,653.0,0.0
SF01-PE-00LN-COMBUS-0HD301-SURV-PS3020,216376.0,360.0,Régulation/Instrumentation,Systématique,30,14.2,,observée,14.2,9.3,0,0,0.0,Trop fréquent,14.2,28.4,2468.0,1234.0,1234.0
SF01-PE-00LN-COMBUS-0HD301-SURV-PSL3010,216383.0,360.0,Régulation/Instrumentation,Systématique,31,13.7,,observée,13.7,9.6,0,0,0.0,Trop fréquent,13.7,27.4,2558.0,1279.0,1279.0
SF01-PE-00LN-COMBUS-0HD301-SURV-PSL3015,216375.0,360.0,Régulation/Instrumentation,Systématique,29,14.7,,observée,14.7,10.1,0,0,0.0,Trop fréquent,14.7,29.4,2384.0,1192.0,1192.0
SF01-PE-00LN-COMBUS-0HD301-SURV-TIC3017,216449.0,360.0,Régulation/Instrumentation,Systématique,4,187.7,,observée,187.7,97.7,5,1,0.33,Insuffisant,187.7,131.4,1615.0,1287.0,328.0
SF01-PE-00LN-COMBUS-0HD301-SURV-TSH3108,216403.0,360.0,Régulation/Instrumentation,Systématique,19,26.7,,observée,26.7,9.9,0,0,0.0,Adéquat,26.7,26.7,1313.0,1313.0,0.0
SF01-PE-00LN-COMBUS-0HD301-SURV-TSH3111,216451.0,360.0,Régulation/Instrumentation,Systématique,4,187.7,,observée,187.7,97.7,0,0,0.0,Adéquat,187.7,187.7,187.0,187.0,0.0
SF01-PE-00LN-COMBUS-0HD301-SURV-TSH3118,216404.0,360.0,Régulation/Instrumentation,Systématique,19,26.7,,observée,26.7,10.0,0,0,0.0,Adéquat,26.7,26.7,1313.0,1313.0,0.0
SF01-PE-00LN-COMBUS-0HD301-SURV-TSL3019,216409.0,360.0,Régulation/Instrumentation,Systématique,11,53.7,,observée,53.7,16.4,0,0,0.0,Adéquat,53.7,53.7,653.0,653.0,0.0
SF01-PE-00LN-COMBUS-0HD301-SURV-TSL3111,216398.0,360.0,Régulation/Instrumentation,Systématique,19,26.7,,observée,26.7,10.4,0,0,0.0,Adéquat,26.7,26.7,1313.0,1313.0,0.0
SF01-PE-00LN-COMBUS-0HD301-SURV-XY3705,216366.0,310.0,Régulation/Instrumentation,Inspection,55,7.1,30.0,observée,7.1,6.9,0,0,0.0,Trop fréquent,7.1,14.2,4936.0,2468.0,2468.0
SF01-PE-00LN-COMBUS-0HD301-SURV-ZS3706,216400.0,360.0,Régulation/Instrumentation,Systématique,30,14.2,,observée,14.2,8.9,1,1,0.03,Adéquat,14.2,14.2,4185.0,4185.0,0.0
SF01-PE-00LN-COMBUS-0HD301-SURV-ZT3403,216395.0,360.0,Régulation/Instrumentation,Systématique,19,26.7,,observée,26.7,13.6,0,0,0.0,Adéquat,26.7,26.7,1313.0,1313.0,0.0
SF01-PE-00LN-COMBUS-0HD301-SURV-ZT3404,216393.0,360.0,Régulation/Instrumentation,Systématique,7,89.7,,observée,89.7,15.7,0,0,0.0,Adéquat,89.7,89.7,391.0,391.0,0.0
SF01-PE-00LN-FILTRA-0F1500,54454.0,290.0,Mécanique,Inspection,22,27.3,730.0,observée,27.3,7.0,2,1,0.05,Adéquat,27.3,27.3,2772.0,2772.0,0.0
SF01-PE-00LN-FILTRA-0F1500,54455.0,290.0,Mécanique,Inspection,22,27.3,730.0,observée,27.3,7.0,2,1,0.05,Adéquat,27.3,27.3,2772.0,2772.0,0.0
SF01-PE-00LN-FILTRA-0F1500-SURV,54456.0,360.0,Régulation/Instrumentation,Systématique,15,29.0,90.0,observée,29.0,20.9,0,0,0.0,Adéquat,29.0,29.0,1208.0,1208.0,0.0
SF01-PE-00LN-FILTRA-0F1500-SURV-EV,216258.0,360.0,Régulation/Instrumentation,Systématique,19,26.7,,observée,26.7,12.2,0,0,0.0,Adéquat,26.7,26.7,1313.0,1313.0,0.0
SF01-PE-00LN-FILTRA-0F1500-SURV-PI,216137.0,360.0,Régulation/Instrumentation,Systématique,4,182.0,,observée,182.0,69.4,0,0,0.0,Adéquat,182.0,182.0,193.0,193.0,0.0
SF01-PE-00LN-FILTRA-0F1500-SURV-SQ,216264.0,360.0,Régulation/Instrumentation,Systématique,19,26.7,,observée,26.7,10.1,0,0,0.0,Adéquat,26.7,26.7,1313.0,1313.0,0.0
SF01-PE-00LN-GRANUL-0HB139,54864.0,360.0,Mécanique,Systématique,3,269.5,730.0,observée,269.5,53.5,134,2,1.0,Insuffisant,269.5,188.6,3145.0,2339.0,806.0
SF01-PE-00LN-GRANUL-0HB139,54866.0,310.0,Mécanique,Inspection,4,123.3,730.0,observée,123.3,87.6,134,2,0.67,Insuffisant,123.3,86.3,4700.0,3560.0,1140.0
SF01-PE-00LN-GRANUL-0HB139,54868.0,360.0,Mécanique,Systématique,4,151.7,730.0,observée,151.7,106.3,134,2,0.67,Insuffisant,151.7,106.2,3820.0,2894.0,926.0
SF01-PE-00LN-GRANUL-0HB139,54869.0,360.0,Mécanique,Systématique,3,269.5,730.0,observée,269.5,53.5,134,2,1.0,Insuffisant,269.5,188.6,3145.0,2339.0,806.0
SF01-PE-00LN-GRANUL-0HB139,54882.0,360.0,Mécanique,Systématique,3,185.0,730.0,observée,185.0,31.0,134,2,1.0,Insuffisant,185.0,129.5,4582.0,3408.0,1174.0
SF01-PE-00LN-GRANUL-0HB139,54898.0,290.0,Mécanique,Inspection,4,120.0,730.0,observée,120.0,89.3,134,2,0.67,Insuffisant,120.0,84.0,4829.0,3658.0,1171.0
SF01-PE-00LN-GRANUL-0HB139,54899.0,290.0,Mécanique,Inspection,4,120.0,730.0,observée,120.0,84.1,134,2,0.67,Insuffisant,120.0,84.0,4829.0,3658.0,1171.0
SF01-PE-00LN-GRANUL-0HB139,54900.0,350.0,Mécanique,Graissage,360,2.1,730.0,observée,2.1,1.7,134,79,0.22,Insuffisant,2.1,1.5,101816.0,84646.0,17170.0
SF01-PE-00LN-GRANUL-0HB139,54901.0,310.0,Mécanique,Inspection,19,8.9,730.0,observée,8.9,8.1,134,14,0.78,Insuffisant,8.9,6.2,75153.0,56493.0,18660.0
SF01-PE-00LN-GRANUL-0HB139,54901.0,350.0,Mécanique,Graissage,88,6.9,730.0,observée,6.9,1.4,134,40,0.46,Insuffisant,6.9,4.8,59251.0,45950.0,13301.0
SF01-PE-00LN-GRANUL-0HB139,54902.0,350.0,Mécanique,Graissage,14,53.3,730.0,observée,53.3,12.1,134,11,0.85,Insuffisant,53.3,37.3,13616.0,10195.0,3421.0
SF01-PE-00LN-GRANUL-0HB139,54903.0,350.0,Mécanique,Graissage,14,53.3,730.0,observée,53.3,12.1,134,11,0.85,Insuffisant,53.3,37.3,13616.0,10195.0,3421.0
SF01-PE-00LN-GRANUL-0HB139,54904.0,350.0,Mécanique,Graissage,14,53.3,730.0,observée,53.3,12.1,134,11,0.85,Insuffisant,53.3,37.3,13616.0,10195.0,3421.0
SF01-PE-00LN-GRANUL-0HB139,54905.0,350.0,Mécanique,Graissage,257,2.3,730.0,observée,2.3,2.2,134,74,0.29,Insuffisant,2.3,1.6,117693.0,94950.0,22743.0
SF01-PE-00LN-GRANUL-0HB139,54906.0,310.0,Mécanique,Inspection,3,228.5,730.0,observée,228.5,104.5,134,2,1.0,Insuffisant,228.5,159.9,3710.0,2759.0,950.0
SF01-PE-00LN-GRANUL-0HB139,54907.0,350.0,Mécanique,Graissage,3,228.5,730.0,observée,228.5,104.5,134,2,1.0,Insuffisant,228.5,159.9,3710.0,2759.0,950.0
SF01-PE-00LN-GRANUL-0HB139-SURV-B139,216229.0,360.0,Régulation/Instrumentation,Systématique,4,174.7,,observée,174.7,110.7,0,0,0.0,Adéquat,174.7,174.7,201.0,201.0,0.0
SF01-PE-00LN-GRANUL-0HB139-SURV-PG139,216142.0,360.0,Régulation/Instrumentation,Systématique,4,182.0,,observée,182.0,104.5,1,1,0.33,Insuffisant,182.0,127.4,1666.0,1327.0,338.0
SF01-PE-00LN-LAVAGE-0AG101,216032.0,360.0,Régulation/Instrumentation,Systématique,31,13.7,,observée,13.7,9.1,0,0,0.0,Trop fréquent,13.7,27.4,2558.0,1279.0,1279.0
SF01-PE-00LN-LAVAGE-0AG107,216034.0,360.0,Régulation/Instrumentation,Systématique,31,13.7,,observée,13.7,7.7,1,0,0.0,Trop fréquent,13.7,27.4,2558.0,1279.0,1279.0
SF01-PE-00LN-LAVAGE-0TS101-SURV-FT1107,216078.0,360.0,Régulation/Instrumentation,Systématique,5,121.0,,observée,121.0,45.3,0,0,0.0,Adéquat,121.0,121.0,290.0,290.0,0.0
SF01-PE-00LN-LAVAGE-0TS101-SURV-LT1390,216105.0,360.0,Régulation/Instrumentation,Systématique,3,167.5,,observée,167.5,14.5,0,0,0.0,Adéquat,167.5,167.5,209.0,209.0,0.0
SF01-PE-00LN-LAVAGE-0TS101-SURV-PI1310,216160.0,360.0,Régulation/Instrumentation,Systématique,3,167.5,,observée,167.5,14.5,0,0,0.0,Adéquat,167.5,167.5,209.0,209.0,0.0
SF01-PE-00LN-LAVAGE-0TS101-SURV-PI1310,216442.0,360.0,Régulation/Instrumentation,Systématique,4,163.7,,observée,163.7,13.0,0,0,0.0,Adéquat,163.7,163.7,214.0,214.0,0.0
SF01-PE-00LN-LAVAGE-0TS101-SURV-PT1310,216124.0,360.0,Régulation/Instrumentation,Systématique,6,109.2,,observée,109.2,64.0,0,0,0.0,Adéquat,109.2,109.2,321.0,321.0,0.0
SF01-PE-00LN-LAVAGE-0TS105-SURV-FT1105,216077.0,360.0,Régulation/Instrumentation,Systématique,3,167.5,,observée,167.5,14.5,0,0,0.0,Adéquat,167.5,167.5,209.0,209.0,0.0
SF01-PE-00LN-LAVAGE-0TS105-SURV-LT1290,216104.0,360.0,Régulation/Instrumentation,Systématique,3,167.5,,observée,167.5,14.5,0,0,0.0,Adéquat,167.5,167.5,209.0,209.0,0.0
SF01-PE-00LN-LAVAGE-0TS105-SURV-PI1210,216159.0,360.0,Régulation/Instrumentation,Systématique,4,176.0,,observée,176.0,60.6,0,0,0.0,Adéquat,176.0,176.0,199.0,199.0,0.0
SF01-PE-00LN-LAVAGE-0TS105-SURV-PI1210,216441.0,360.0,Régulation/Instrumentation,Systématique,4,163.7,,observée,163.7,13.0,0,0,0.0,Adéquat,163.7,163.7,214.0,214.0,0.0
SF01-PE-00LN-LAVAGE-0TS105-SURV-PT1210,216123.0,360.0,Régulation/Instrumentation,Systématique,6,109.2,,observée,109.2,64.0,0,0,0.0,Adéquat,109.2,109.2,321.0,321.0,0.0
SF01-PE-00LN-LAVAGE-0TS107-SURV-LT1190,216103.0,360.0,Régulation/Instrumentation,Systématique,3,167.5,,observée,167.5,14.5,0,0,0.0,Adéquat,167.5,167.5,209.0,209.0,0.0
SF01-PE-00LN-LAVAGE-0TS107-SURV-PI1110,216158.0,360.0,Régulation/Instrumentation,Systématique,3,167.5,,observée,167.5,14.5,0,0,0.0,Adéquat,167.5,167.5,209.0,209.0,0.0
SF01-PE-00LN-LAVAGE-0TS107-SURV-PI1110,216440.0,360.0,Régulation/Instrumentation,Systématique,4,134.7,,observée,134.7,47.9,0,0,0.0,Adéquat,134.7,134.7,260.0,260.0,0.0
SF01-PE-00LN-LAVAGE-0TS107-SURV-PT1110,216119.0,360.0,Régulation/Instrumentation,Systématique,6,109.2,,observée,109.2,64.0,0,0,0.0,Adéquat,109.2,109.2,321.0,321.0,0.0
SF01-PE-00LN-LAVAGE-0TS111-SURV-FT111,216079.0,360.0,Régulation/Instrumentation,Systématique,4,135.0,,observée,135.0,47.5,0,0,0.0,Adéquat,135.0,135.0,260.0,260.0,0.0
SF01-PE-00LN-LAVAGE-0TS111-SURV-LT1090,216102.0,360.0,Régulation/Instrumentation,Systématique,4,111.7,,observée,111.7,71.3,1,1,0.33,Insuffisant,111.7,78.2,2714.0,2163.0,551.0
SF01-PE-00LN-LAVAGE-0TS111-SURV-PI1010,216157.0,360.0,Régulation/Instrumentation,Systématique,3,167.5,,observée,167.5,14.5,0,0,0.0,Adéquat,167.5,167.5,209.0,209.0,0.0
SF01-PE-00LN-LAVAGE-0TS111-SURV-PI1010,216439.0,360.0,Régulation/Instrumentation,Systématique,4,134.7,,observée,134.7,47.9,0,0,0.0,Adéquat,134.7,134.7,260.0,260.0,0.0
SF01-PE-00LN-LAVAGE-0TS111-SURV-PT1010,216114.0,360.0,Régulation/Instrumentation,Systématique,6,109.2,,observée,109.2,64.0,0,0,0.0,Adéquat,109.2,109.2,321.0,321.0,0.0
SF01-PE-00LN-LAVAGE-PC101A,200000002584.0,350.0,Mécanique,Graissage,69,7.1,730.0,observée,7.1,0.9,13,9,0.13,Adéquat,7.1,7.1,19814.0,19814.0,0.0
SF01-PE-00LN-LAVAGE-PC101B,200000002585.0,350.0,Mécanique,Graissage,69,7.1,730.0,observée,7.1,0.9,0,0,0.0,Trop fréquent,7.1,14.2,4936.0,2468.0,2468.0
SF01-PE-00LN-LAVAGE-PC105A,200000002588.0,350.0,Mécanique,Graissage,69,7.1,730.0,observée,7.1,0.9,18,11,0.16,Insuffisant,7.1,5.0,23248.0,20131.0,3117.0
SF01-PE-00LN-LAVAGE-PC105B,200000002649.0,350.0,Mécanique,Graissage,69,7.1,730.0,observée,7.1,0.9,24,9,0.13,Adéquat,7.1,7.1,19814.0,19814.0,0.0
SF01-PE-00LN-LAVAGE-PC107A,200000002650.0,350.0,Mécanique,Graissage,69,7.1,730.0,observée,7.1,0.9,25,14,0.21,Insuffisant,7.1,5.0,28970.0,24219.0,4751.0
SF01-PE-00LN-LAVAGE-PC107B,200000002651.0,350.0,Mécanique,Graissage,69,7.1,730.0,observée,7.1,0.9,5,4,0.06,Adéquat,7.1,7.1,11803.0,11803.0,0.0
SF01-PE-00LN-LAVAGE-PC111A,200000002652.0,350.0,Mécanique,Graissage,69,7.1,730.0,observée,7.1,0.9,14,7,0.1,Adéquat,7.1,7.1,16381.0,16381.0,0.0
SF01-PE-00LN-LAVAGE-PC111B,200000002653.0,350.0,Mécanique,Graissage,69,7.1,730.0,observée,7.1,0.9,13,10,0.15,Adéquat,7.1,7.1,22103.0,22103.0,0.0
SF01-PE-00LN-REACTI-0CA207,54425.0,310.0,Mécanique,Inspection,4,151.0,730.0,observée,151.0,104.0,37,2,0.67,Insuffisant,151.0,105.7,3838.0,2907.0,931.0
SF01-PE-00LN-REACTI-0CA207,54426.0,310.0,Mécanique,Inspection,4,151.7,730.0,observée,151.7,63.1,37,3,1.0,Insuffisant,151.7,106.2,5588.0,4156.0,1431.0
SF01-PE-00LN-REACTI-0CA207,54431.0,350.0,Mécanique,Graissage,111,7.0,730.0,observée,7.0,1.2,37,21,0.19,Insuffisant,7.0,4.9,27062.0,22906.0,4156.0
SF01-PE-00LN-REACTI-0CA207-SURV-FIC209,216069.0,360.0,Régulation/Instrumentation,Systématique,19,26.7,,observée,26.7,11.3,1,1,0.06,Adéquat,26.7,26.7,3139.0,3139.0,0.0
SF01-PE-00LN-REACTI-0CA207-SURV-FIC222,216073.0,360.0,Régulation/Instrumentation,Systématique,7,91.0,,observée,91.0,33.2,0,0,0.0,Adéquat,91.0,91.0,385.0,385.0,0.0
SF01-PE-00LN-REACTI-0CA207-SURV-FV209,216187.0,360.0,Régulation/Instrumentation,Systématique,11,53.7,,observée,53.7,16.5,3,2,0.2,Insuffisant,53.7,37.6,3679.0,3094.0,585.0
SF01-PE-00LN-REACTI-0CA207-SURV-PI201,216162.0,360.0,Régulation/Instrumentation,Systématique,3,167.5,,observée,167.5,14.5,0,0,0.0,Adéquat,167.5,167.5,209.0,209.0,0.0
SF01-PE-00LN-REACTI-0CA207-SURV-PI201,216443.0,360.0,Régulation/Instrumentation,Systématique,3,167.5,,observée,167.5,14.5,0,0,0.0,Adéquat,167.5,167.5,209.0,209.0,0.0
SF01-PE-00LN-REACTI-0CA207-SURV-PI2071,216163.0,360.0,Régulation/Instrumentation,Systématique,3,167.5,,observée,167.5,14.5,0,0,0.0,Adéquat,167.5,167.5,209.0,209.0,0.0
SF01-PE-00LN-REACTI-0CA207-SURV-PI2072,216164.0,360.0,Régulation/Instrumentation,Systématique,3,167.5,,observée,167.5,14.5,0,0,0.0,Adéquat,167.5,167.5,209.0,209.0,0.0
SF01-PE-00LN-REACTI-0CA207-SURV-PI2073,216165.0,360.0,Régulation/Instrumentation,Systématique,4,156.0,,observée,156.0,20.1,0,0,0.0,Adéquat,156.0,156.0,225.0,225.0,0.0
SF01-PE-00LN-REACTI-0CA207-SURV-PI2074,216166.0,360.0,Régulation/Instrumentation,Systématique,3,167.5,,observée,167.5,14.5,0,0,0.0,Adéquat,167.5,167.5,209.0,209.0,0.0
SF01-PE-00LN-REACTI-0CA207-SURV-PT201,216129.0,360.0,Régulation/Instrumentation,Systématique,7,91.0,,observée,91.0,33.2,0,0,0.0,Adéquat,91.0,91.0,385.0,385.0,0.0
SF01-PE-00LN-REACTI-0CA207-SURV-TI205,216054.0,360.0,Régulation/Instrumentation,Systématique,7,91.0,,observée,91.0,32.7,0,0,0.0,Adéquat,91.0,91.0,385.0,385.0,0.0
SF01-PE-00LN-REACTI-0CA207-SURV-TI207,216055.0,360.0,Régulation/Instrumentation,Systématique,4,176.0,,observée,176.0,41.0,0,0,0.0,Adéquat,176.0,176.0,199.0,199.0,0.0
SF01-PE-00LN-REACTI-0HA041,54748.0,360.0,Mécanique,Systématique,3,228.5,730.0,observée,228.5,104.5,52,2,1.0,Insuffisant,228.5,159.9,3710.0,2759.0,950.0
SF01-PE-00LN-REACTI-0HA041,54756.0,360.0,Mécanique,Systématique,13,38.5,730.0,observée,38.5,35.5,52,7,0.58,Insuffisant,38.5,26.9,13152.0,10044.0,3107.0
SF01-PE-00LN-REACTI-0HA041,54757.0,290.0,Mécanique,Inspection,4,120.0,730.0,observée,120.0,84.1,52,2,0.67,Insuffisant,120.0,84.0,4829.0,3658.0,1171.0
SF01-PE-00LN-REACTI-0HA041,54758.0,350.0,Mécanique,Graissage,111,7.0,730.0,observée,7.0,1.2,52,32,0.29,Insuffisant,7.0,4.9,38671.0,31198.0,7473.0
SF01-PE-00LN-REACTI-0HA041,55500.0,310.0,Mécanique,Inspection,3,183.5,730.0,observée,183.5,149.5,52,2,1.0,Insuffisant,183.5,128.4,4619.0,3436.0,1183.0
SF01-PE-00LN-REACTI-0HA041,55504.0,310.0,Mécanique,Inspection,4,152.0,730.0,observée,152.0,107.2,52,2,0.67,Insuffisant,152.0,106.4,3812.0,2888.0,925.0
SF01-PE-00LN-REACTI-0HA041,55507.0,360.0,Mécanique,Systématique,84,7.2,730.0,observée,7.2,1.9,52,33,0.4,Insuffisant,7.2,5.0,50011.0,39199.0,10812.0
SF01-PE-00LN-REACTI-0HA041,55508.0,290.0,Mécanique,Inspection,12,49.0,730.0,observée,49.0,17.3,52,10,0.91,Insuffisant,49.0,34.3,15806.0,11801.0,4005.0
SF01-PE-00LN-REACTI-0HA041,55509.0,360.0,Mécanique,Systématique,12,49.1,730.0,observée,49.1,23.0,52,10,0.91,Insuffisant,49.1,34.4,15774.0,11777.0,3997.0
SF01-PE-00LN-REACTI-0HA041-ARDS,216415.0,360.0,Régulation/Instrumentation,Systématique,14,29.5,90.0,observée,29.5,14.0,1,1,0.08,Adéquat,29.5,29.5,3392.0,3392.0,0.0
SF01-PE-00LN-REACTI-0HA041-ARDS,216422.0,360.0,Régulation/Instrumentation,Systématique,5,85.0,365.0,observée,85.0,31.8,1,1,0.25,Insuffisant,85.0,59.5,2802.0,2296.0,506.0
SF01-PE-00LN-REACTI-0HA041-SURV,216010.0,310.0,Régulation/Instrumentation,Inspection,49,7.5,,observée,7.5,7.3,1,1,0.02,Adéquat,7.5,7.5,6840.0,6840.0,0.0
SF01-PE-00LN-REACTI-0HA041-SURV,216012.0,360.0,Régulation/Instrumentation,Systématique,19,26.7,,observée,26.7,9.9,1,1,0.06,Adéquat,26.7,26.7,3139.0,3139.0,0.0
SF01-PE-00LN-REACTI-0HA041-SURV,216030.0,290.0,Régulation/Instrumentation,Inspection,49,7.1,30.0,observée,7.1,7.3,1,1,0.02,Adéquat,7.1,7.1,7225.0,7225.0,0.0
SF01-PE-00LN-SACPHO-0VT101-SURV-FI220,216070.0,360.0,Régulation/Instrumentation,Systématique,7,91.0,,observée,91.0,22.4,0,0,0.0,Adéquat,91.0,91.0,385.0,385.0,0.0
SF01-PE-00LN-SACPHO-0VT101-SURV-FT2910,216083.0,360.0,Régulation/Instrumentation,Systématique,7,91.0,,observée,91.0,33.6,0,0,0.0,Adéquat,91.0,91.0,385.0,385.0,0.0
SF01-PE-00LN-SACPHO-0VT101-SURV-FV1231,216185.0,360.0,Régulation/Instrumentation,Systématique,11,53.7,,observée,53.7,18.7,1,1,0.1,Adéquat,53.7,53.7,2166.0,2166.0,0.0
SF01-PE-00LN-SACPHO-0VT101-SURV-LIC225,216095.0,360.0,Régulation/Instrumentation,Systématique,19,26.7,,observée,26.7,10.2,0,0,0.0,Adéquat,26.7,26.7,1313.0,1313.0,0.0
SF01-PE-00LN-SACPHO-0VT101-SURV-LV225,216190.0,360.0,Régulation/Instrumentation,Systématique,11,53.7,,observée,53.7,19.3,2,1,0.1,Adéquat,53.7,53.7,2166.0,2166.0,0.0
SF01-PE-00LN-SACPHO-PC101C,200000002586.0,350.0,Mécanique,Graissage,69,7.1,730.0,observée,7.1,0.9,32,17,0.25,Insuffisant,7.1,5.0,33548.0,27489.0,6059.0
SF01-PE-00LN-SACPHO-PC101D,200000002587.0,350.0,Mécanique,Graissage,69,7.1,730.0,observée,7.1,0.9,18,9,0.13,Adéquat,7.1,7.1,19814.0,19814.0,0.0
SF01-PE-00LN-SACPHO-PC104D,200000002647.0,350.0,Mécanique,Graissage,69,7.0,730.0,observée,7.0,0.5,33,18,0.26,Insuffisant,7.0,4.9,35188.0,28710.0,6478.0
SF01-PE-00LN-SECHAG-0HB141,54957.0,360.0,Mécanique,Systématique,3,228.5,730.0,observée,228.5,104.5,113,2,1.0,Insuffisant,228.5,159.9,3710.0,2759.0,950.0
SF01-PE-00LN-SECHAG-0HB141,54962.0,360.0,Mécanique,Systématique,4,151.7,730.0,observée,151.7,106.3,113,3,1.0,Insuffisant,151.7,106.2,5588.0,4156.0,1431.0
SF01-PE-00LN-SECHAG-0HB141,54963.0,360.0,Mécanique,Systématique,3,228.5,730.0,observée,228.5,104.5,113,2,1.0,Insuffisant,228.5,159.9,3710.0,2759.0,950.0
SF01-PE-00LN-SECHAG-0HB141,54964.0,360.0,Mécanique,Systématique,3,181.5,730.0,observée,181.5,57.5,113,2,1.0,Insuffisant,181.5,127.0,4670.0,3474.0,1196.0
SF01-PE-00LN-SECHAG-0HB141,54965.0,360.0,Mécanique,Systématique,3,181.5,730.0,observée,181.5,57.5,113,2,1.0,Insuffisant,181.5,127.0,4670.0,3474.0,1196.0
SF01-PE-00LN-SECHAG-0HB141,54979.0,360.0,Mécanique,Systématique,3,181.5,730.0,observée,181.5,57.5,113,2,1.0,Insuffisant,181.5,127.0,4670.0,3474.0,1196.0
SF01-PE-00LN-SECHAG-0HB141,54986.0,360.0,Mécanique,Systématique,4,120.0,730.0,observée,120.0,89.3,113,2,0.67,Insuffisant,120.0,84.0,4829.0,3658.0,1171.0
SF01-PE-00LN-SECHAG-0HB141,54988.0,350.0,Mécanique,Graissage,362,2.1,730.0,observée,2.1,1.7,113,59,0.16,Insuffisant,2.1,1.5,78599.0,68063.0,10537.0
SF01-PE-00LN-SECHAG-0HB141,54989.0,350.0,Mécanique,Graissage,106,7.3,730.0,observée,7.3,4.3,113,43,0.41,Insuffisant,7.3,5.1,50439.0,39457.0,10982.0
SF01-PE-00LN-SECHAG-0HB141,54990.0,350.0,Mécanique,Graissage,50,15.3,730.0,observée,15.3,5.1,113,30,0.61,Insuffisant,15.3,10.7,34688.0,26413.0,8275.0
SF01-PE-00LN-SECHAG-0HB141,54991.0,350.0,Mécanique,Graissage,14,50.7,730.0,observée,50.7,18.0,113,10,0.77,Insuffisant,50.7,35.5,13032.0,9802.0,3230.0
SF01-PE-00LN-SECHAG-0HB141,54992.0,350.0,Mécanique,Graissage,14,53.3,730.0,observée,53.3,12.1,113,11,0.85,Insuffisant,53.3,37.3,13616.0,10195.0,3421.0
SF01-PE-00LN-SECHAG-0HB141,54993.0,350.0,Mécanique,Graissage,14,53.3,730.0,observée,53.3,12.1,113,11,0.85,Insuffisant,53.3,37.3,13616.0,10195.0,3421.0
SF01-PE-00LN-SECHAG-0HB141,54994.0,350.0,Mécanique,Graissage,361,2.1,730.0,observée,2.1,1.4,113,61,0.17,Insuffisant,2.1,1.5,82469.0,70827.0,11642.0
SF01-PE-00LN-SECHAG-0HB141,54995.0,310.0,Mécanique,Inspection,3,228.5,730.0,observée,228.5,104.5,113,2,1.0,Insuffisant,228.5,159.9,3710.0,2759.0,950.0
SF01-PE-00LN-SECHAG-0HB141,54996.0,350.0,Mécanique,Graissage,3,228.5,730.0,observée,228.5,104.5,113,2,1.0,Insuffisant,228.5,159.9,3710.0,2759.0,950.0
SF01-PE-00LN-SECHAG-0HB141-SURV-TI141,216053.0,360.0,Régulation/Instrumentation,Systématique,7,91.0,,observée,91.0,32.7,0,0,0.0,Adéquat,91.0,91.0,385.0,385.0,0.0
SF01-PE-00LN-SECHAG-0HC237,55247.0,310.0,Mécanique,Inspection,3,228.5,730.0,observée,228.5,104.5,19,1,0.5,Insuffisant,228.5,159.9,1931.0,1489.0,442.0
SF01-PE-00LN-SECHAG-0HC237,55249.0,290.0,Mécanique,Inspection,4,124.7,730.0,observée,124.7,88.1,19,2,0.67,Insuffisant,124.7,87.3,4647.0,3520.0,1127.0
SF01-PE-00LN-SECHAG-0HC237,55250.0,290.0,Mécanique,Inspection,3,274.5,730.0,observée,274.5,58.5,19,2,1.0,Insuffisant,274.5,192.1,3088.0,2297.0,791.0
SF01-PE-00LN-SECHAG-0HC237,55251.0,290.0,Mécanique,Inspection,4,120.0,730.0,observée,120.0,89.3,19,2,0.67,Insuffisant,120.0,84.0,4829.0,3658.0,1171.0
SF01-PE-00LN-SECHAG-0HC237,55252.0,310.0,Mécanique,Inspection,8,33.6,730.0,observée,33.6,10.9,19,4,0.57,Insuffisant,33.6,23.5,14828.0,11336.0,3492.0
SF01-PE-00LN-SECHAG-0HC237,55252.0,350.0,Mécanique,Graissage,14,36.5,730.0,observée,36.5,26.9,19,5,0.38,Insuffisant,36.5,25.5,9420.0,7414.0,2006.0
SF01-PE-00LN-SECHAG-0HC237,55253.0,350.0,Mécanique,Graissage,107,7.3,730.0,observée,7.3,3.7,19,13,0.12,Adéquat,7.3,7.3,18158.0,18158.0,0.0
SF01-PE-00LN-SECHAG-0HC237-SURV-EDV1305,216175.0,360.0,Régulation/Instrumentation,Systématique,19,26.7,,observée,26.7,10.1,0,0,0.0,Adéquat,26.7,26.7,1313.0,1313.0,0.0
SF01-PE-00LN-SECHAG-0HC237-SURV-FI1305,216091.0,360.0,Régulation/Instrumentation,Systématique,6,109.2,,observée,109.2,100.9,0,0,0.0,Adéquat,109.2,109.2,321.0,321.0,0.0
SF01-PE-00LN-SECHAG-0HC237-SURV-PSL1305,216134.0,360.0,Régulation/Instrumentation,Systématique,7,91.0,,observée,91.0,32.7,0,0,0.0,Adéquat,91.0,91.0,385.0,385.0,0.0
SF01-PE-00LN-TRANPF-0HA031,54585.0,360.0,Mécanique,Systématique,3,274.5,730.0,observée,274.5,58.5,87,2,1.0,Insuffisant,274.5,192.1,3088.0,2297.0,791.0
SF01-PE-00LN-TRANPF-0HA031,54587.0,360.0,Mécanique,Systématique,3,274.5,730.0,observée,274.5,58.5,87,2,1.0,Insuffisant,274.5,192.1,3088.0,2297.0,791.0
SF01-PE-00LN-TRANPF-0HA031,54589.0,350.0,Mécanique,Graissage,27,27.8,730.0,observée,27.8,6.9,87,21,0.81,Insuffisant,27.8,19.5,24937.0,18712.0,6224.0
SF01-PE-00LN-TRANPF-0HA031,54590.0,350.0,Mécanique,Graissage,27,27.8,730.0,observée,27.8,6.9,87,21,0.81,Insuffisant,27.8,19.5,24937.0,18712.0,6224.0
SF01-PE-00LN-TRANPF-0HA031,54591.0,350.0,Mécanique,Graissage,27,27.8,730.0,observée,27.8,6.9,87,21,0.81,Insuffisant,27.8,19.5,24937.0,18712.0,6224.0
SF01-PE-00LN-TRANPF-0HA031,54592.0,350.0,Mécanique,Graissage,27,27.8,730.0,observée,27.8,6.8,87,21,0.81,Insuffisant,27.8,19.5,24937.0,18712.0,6224.0
SF01-PE-00LN-TRANPF-0HA031,54593.0,360.0,Mécanique,Systématique,9,75.8,730.0,observée,75.8,68.2,87,8,1.0,Insuffisant,75.8,53.1,11182.0,8318.0,2865.0
SF01-PE-00LN-TRANPF-0HA031,55495.0,360.0,Mécanique,Systématique,110,7.1,730.0,observée,7.1,1.6,87,43,0.39,Insuffisant,7.1,5.0,49571.0,38933.0,10637.0
SF01-PE-00LN-TRANPF-0HA031-SURV-ARRETURG,56967.0,290.0,Électrique,Inspection,9,45.5,90.0,observée,45.5,51.1,0,0,0.0,Adéquat,45.5,45.5,770.0,770.0,0.0
SF01-PE-00LN-TRANPF-0IA029,55330.0,360.0,Mécanique,Systématique,3,228.5,730.0,observée,228.5,104.5,80,2,1.0,Insuffisant,228.5,159.9,3710.0,2759.0,950.0
SF01-PE-00LN-TRANPF-0IA029,55341.0,310.0,Mécanique,Inspection,3,181.5,730.0,observée,181.5,57.5,80,2,1.0,Insuffisant,181.5,127.0,4670.0,3474.0,1196.0
SF01-PE-00LN-TRANPF-0IA029,55344.0,350.0,Mécanique,Graissage,27,27.8,730.0,observée,27.8,6.8,80,18,0.69,Insuffisant,27.8,19.5,21429.0,16207.0,5222.0
SF01-PE-00LN-TRANPF-0IA029,55345.0,350.0,Mécanique,Graissage,27,27.8,730.0,observée,27.8,6.8,80,18,0.69,Insuffisant,27.8,19.5,21429.0,16207.0,5222.0
SF01-PE-00LN-TRANPF-0IA029,55346.0,350.0,Mécanique,Graissage,27,27.8,730.0,observée,27.8,6.8,80,18,0.69,Insuffisant,27.8,19.5,21429.0,16207.0,5222.0
SF01-PE-00LN-TRANPF-0IA029,55523.0,360.0,Mécanique,Systématique,85,7.1,730.0,observée,7.1,1.7,80,35,0.42,Insuffisant,7.1,5.0,53004.0,41386.0,11618.0
SF01-PE-00LN-TRANPF-0IA029-SURV-ARRETURG,56979.0,360.0,Électrique,Systématique,9,45.5,90.0,observée,45.5,51.5,0,0,0.0,Adéquat,45.5,45.5,770.0,770.0,0.0
SF01-PE-00LN-TRANPF-0IA029-SURV-EDV3135,216178.0,360.0,Régulation/Instrumentation,Systématique,19,26.7,,observée,26.7,12.6,0,0,0.0,Adéquat,26.7,26.7,1313.0,1313.0,0.0
SF01-PE-00LN-TRANPF-0IA029-W207,216247.0,360.0,Régulation/Instrumentation,Systématique,49,8.0,30.0,observée,8.0,8.3,0,0,0.0,Trop fréquent,8.0,16.0,4381.0,2190.0,2190.0
SF01-PE-00LN-TRANPF-0IA070,200000002551.0,350.0,Mécanique,Graissage,17,28.0,730.0,observée,28.0,0.0,39,13,0.81,Insuffisant,28.0,19.6,24759.0,18579.0,6180.0
SF01-PE-00LN-TRANPF-0IA070,200000004306.0,290.0,Mécanique,Inspection,46,7.0,730.0,observée,7.0,0.9,39,14,0.31,Insuffisant,7.0,4.9,40992.0,32856.0,8136.0
SF01-PE-00LN-TRANPF-0IA070,200000004306.0,310.0,Mécanique,Inspection,11,7.0,730.0,observée,7.0,0.8,39,4,0.4,Insuffisant,7.0,4.9,51440.0,40319.0,11121.0
SF01-PE-00LN-TRRECY-0HA033,54611.0,360.0,Mécanique,Systématique,4,175.0,730.0,observée,175.0,47.8,185,3,1.0,Insuffisant,175.0,122.5,4844.0,3603.0,1241.0
SF01-PE-00LN-TRRECY-0HA033,54612.0,360.0,Mécanique,Systématique,3,166.5,730.0,observée,166.5,5.5,185,2,1.0,Insuffisant,166.5,116.5,5091.0,3787.0,1304.0
SF01-PE-00LN-TRRECY-0HA033,54618.0,360.0,Mécanique,Systématique,3,181.5,730.0,observée,181.5,57.5,185,2,1.0,Insuffisant,181.5,127.0,4670.0,3474.0,1196.0
SF01-PE-00LN-TRRECY-0HA033,54619.0,360.0,Mécanique,Systématique,3,181.5,730.0,observée,181.5,57.5,185,2,1.0,Insuffisant,181.5,127.0,4670.0,3474.0,1196.0
SF01-PE-00LN-TRRECY-0HA033,54620.0,350.0,Mécanique,Graissage,106,7.1,730.0,observée,7.1,2.8,185,62,0.59,Insuffisant,7.1,5.0,72461.0,55283.0,17177.0
SF01-PE-00LN-TRRECY-0HA033,54621.0,350.0,Mécanique,Graissage,26,29.0,730.0,observée,29.0,9.4,185,19,0.76,Insuffisant,29.0,20.3,22504.0,16937.0,5566.0
SF01-PE-00LN-TRRECY-0HA033,54622.0,350.0,Mécanique,Graissage,106,7.1,730.0,observée,7.1,2.4,185,62,0.59,Insuffisant,7.1,5.0,72461.0,55283.0,17177.0
SF01-PE-00LN-TRRECY-0HA033,54623.0,350.0,Mécanique,Graissage,27,27.8,730.0,observée,27.8,6.9,185,20,0.77,Insuffisant,27.8,19.5,23767.0,17877.0,5890.0
SF01-PE-00LN-TRRECY-0HA033,55497.0,360.0,Mécanique,Systématique,109,7.1,730.0,observée,7.1,1.5,185,63,0.58,Insuffisant,7.1,5.0,71316.0,54466.0,16850.0
SF01-PE-00LN-TRRECY-0HA033-BASC,216246.0,360.0,Régulation/Instrumentation,Systématique,47,8.3,30.0,observée,8.3,8.4,1,1,0.02,Adéquat,8.3,8.3,6180.0,6180.0,0.0
SF01-PE-00LN-TRRECY-0HA033-BASC,216356.0,360.0,Régulation/Instrumentation,Systématique,58,7.8,90.0,observée,7.8,9.3,1,1,0.02,Adéquat,7.8,7.8,6577.0,6577.0,0.0
SF01-PE-00LN-TRRECY-0HA033-SURV-ARRETURG,56969.0,290.0,Électrique,Inspection,9,45.5,90.0,observée,45.5,51.1,0,0,0.0,Adéquat,45.5,45.5,770.0,770.0,0.0
SF01-PE-00LN-TRRECY-0HA035,54637.0,310.0,Mécanique,Inspection,6,91.0,730.0,observée,91.0,84.3,180,5,1.0,Insuffisant,91.0,63.7,9315.0,6928.0,2386.0
SF01-PE-00LN-TRRECY-0HA035,54643.0,310.0,Mécanique,Inspection,4,123.3,730.0,observée,123.3,24.5,180,3,1.0,Insuffisant,123.3,86.3,6875.0,5113.0,1761.0
SF01-PE-00LN-TRRECY-0HA035,54644.0,360.0,Mécanique,Systématique,3,274.5,730.0,observée,274.5,58.5,180,2,1.0,Insuffisant,274.5,192.1,3088.0,2297.0,791.0
SF01-PE-00LN-TRRECY-0HA035,54651.0,310.0,Mécanique,Inspection,4,151.7,730.0,observée,151.7,63.1,180,3,1.0,Insuffisant,151.7,106.2,5588.0,4156.0,1431.0
SF01-PE-00LN-TRRECY-0HA035,54653.0,310.0,Mécanique,Inspection,3,274.5,730.0,observée,274.5,58.5,180,2,1.0,Insuffisant,274.5,192.1,3088.0,2297.0,791.0
SF01-PE-00LN-TRRECY-0HA035,54655.0,360.0,Mécanique,Systématique,4,120.0,730.0,observée,120.0,89.3,180,2,0.67,Insuffisant,120.0,84.0,4829.0,3658.0,1171.0
SF01-PE-00LN-TRRECY-0HA035,54656.0,290.0,Mécanique,Inspection,4,120.0,730.0,observée,120.0,84.1,180,2,0.67,Insuffisant,120.0,84.0,4829.0,3658.0,1171.0
SF01-PE-00LN-TRRECY-0HA035,54657.0,360.0,Mécanique,Systématique,4,120.0,730.0,observée,120.0,84.1,180,2,0.67,Insuffisant,120.0,84.0,4829.0,3658.0,1171.0
SF01-PE-00LN-TRRECY-0HA035,54658.0,360.0,Mécanique,Systématique,4,120.0,730.0,observée,120.0,89.3,180,2,0.67,Insuffisant,120.0,84.0,4829.0,3658.0,1171.0
SF01-PE-00LN-TRRECY-0HA035,54659.0,350.0,Mécanique,Graissage,107,7.3,730.0,observée,7.3,3.6,180,64,0.6,Insuffisant,7.3,5.1,71588.0,54564.0,17025.0
SF01-PE-00LN-TRRECY-0HA035,54660.0,350.0,Mécanique,Graissage,27,27.8,730.0,observée,27.8,6.8,180,20,0.77,Insuffisant,27.8,19.5,23767.0,17877.0,5890.0
SF01-PE-00LN-TRRECY-0HA035,54661.0,350.0,Mécanique,Graissage,27,27.8,730.0,observée,27.8,6.8,180,20,0.77,Insuffisant,27.8,19.5,23767.0,17877.0,5890.0
SF01-PE-00LN-TRRECY-0HA035,54663.0,350.0,Mécanique,Graissage,3,228.5,730.0,observée,228.5,104.5,180,2,1.0,Insuffisant,228.5,159.9,3710.0,2759.0,950.0
SF01-PE-00LN-TRRECY-0HA035,54664.0,310.0,Mécanique,Inspection,3,274.5,730.0,observée,274.5,58.5,180,2,1.0,Insuffisant,274.5,192.1,3088.0,2297.0,791.0
SF01-PE-00LN-TRRECY-0HA035,56971.0,290.0,Mécanique,Inspection,400,1.5,730.0,observée,1.5,2.0,180,103,0.26,Insuffisant,1.5,1.0,164211.0,133982.0,30229.0
SF01-PE-00LN-TRRECY-0HA037,54693.0,310.0,Mécanique,Inspection,6,91.0,730.0,observée,91.0,84.3,133,5,1.0,Insuffisant,91.0,63.7,9315.0,6928.0,2386.0
SF01-PE-00LN-TRRECY-0HA037,54700.0,310.0,Mécanique,Inspection,4,151.7,730.0,observée,151.7,63.1,133,3,1.0,Insuffisant,151.7,106.2,5588.0,4156.0,1431.0
SF01-PE-00LN-TRRECY-0HA037,54701.0,310.0,Mécanique,Inspection,4,123.3,730.0,observée,123.3,24.5,133,3,1.0,Insuffisant,123.3,86.3,6875.0,5113.0,1761.0
SF01-PE-00LN-TRRECY-0HA037,54702.0,360.0,Mécanique,Systématique,3,274.5,730.0,observée,274.5,58.5,133,2,1.0,Insuffisant,274.5,192.1,3088.0,2297.0,791.0
SF01-PE-00LN-TRRECY-0HA037,54708.0,310.0,Mécanique,Inspection,3,274.5,730.0,observée,274.5,58.5,133,2,1.0,Insuffisant,274.5,192.1,3088.0,2297.0,791.0
SF01-PE-00LN-TRRECY-0HA037,54711.0,360.0,Mécanique,Systématique,4,124.7,730.0,observée,124.7,88.1,133,3,1.0,Insuffisant,124.7,87.3,6797.0,5056.0,1741.0
SF01-PE-00LN-TRRECY-0HA037,54712.0,360.0,Mécanique,Systématique,4,120.0,730.0,observée,120.0,84.1,133,2,0.67,Insuffisant,120.0,84.0,4829.0,3658.0,1171.0
SF01-PE-00LN-TRRECY-0HA037,54713.0,360.0,Mécanique,Systématique,4,120.0,730.0,observée,120.0,89.3,133,2,0.67,Insuffisant,120.0,84.0,4829.0,3658.0,1171.0
SF01-PE-00LN-TRRECY-0HA037,54714.0,350.0,Mécanique,Graissage,107,7.3,730.0,observée,7.3,3.6,133,53,0.5,Insuffisant,7.3,5.1,60457.0,46613.0,13844.0
SF01-PE-00LN-TRRECY-0HA037,54715.0,350.0,Mécanique,Graissage,27,27.8,730.0,observée,27.8,6.8,133,19,0.73,Insuffisant,27.8,19.5,22598.0,17042.0,5556.0
SF01-PE-00LN-TRRECY-0HA037,54716.0,350.0,Mécanique,Graissage,27,27.8,730.0,observée,27.8,6.8,133,19,0.73,Insuffisant,27.8,19.5,22598.0,17042.0,5556.0
SF01-PE-00LN-TRRECY-0HA037,54719.0,350.0,Mécanique,Graissage,3,228.5,730.0,observée,228.5,104.5,133,2,1.0,Insuffisant,228.5,159.9,3710.0,2759.0,950.0
SF01-PE-00LN-TRRECY-0HA037,56973.0,290.0,Mécanique,Inspection,400,1.5,730.0,observée,1.5,2.2,133,83,0.21,Insuffisant,1.5,1.0,137125.0,114635.0,22490.0
SF01-PE-00LN-TRRECY-0HA045,54771.0,350.0,Mécanique,Graissage,27,27.8,730.0,observée,27.8,6.8,5,3,0.12,Adéquat,27.8,27.8,4768.0,4768.0,0.0
SF01-PE-00LN-TRRECY-0HA045,54772.0,360.0,Mécanique,Systématique,110,7.1,730.0,observée,7.1,1.6,5,5,0.05,Adéquat,7.1,7.1,10658.0,10658.0,0.0
SF01-PE-00LN-TRRECY-0HA045-SURV-ARRETURG,56975.0,290.0,Électrique,Inspection,8,52.0,90.0,observée,52.0,66.7,0,0,0.0,Adéquat,52.0,52.0,674.0,674.0,0.0
SF01-PE-00LN-TRRECY-0HA047,54773.0,360.0,Mécanique,Systématique,3,274.5,730.0,observée,274.5,58.5,49,2,1.0,Insuffisant,274.5,192.1,3088.0,2297.0,791.0
SF01-PE-00LN-TRRECY-0HA047,54775.0,310.0,Mécanique,Inspection,4,151.7,730.0,observée,151.7,63.1,49,3,1.0,Insuffisant,151.7,106.2,5588.0,4156.0,1431.0
SF01-PE-00LN-TRRECY-0HA047,54777.0,360.0,Mécanique,Systématique,3,274.5,730.0,observée,274.5,58.5,49,2,1.0,Insuffisant,274.5,192.1,3088.0,2297.0,791.0
SF01-PE-00LN-TRRECY-0HA047,54778.0,360.0,Mécanique,Systématique,3,274.5,730.0,observée,274.5,58.5,49,2,1.0,Insuffisant,274.5,192.1,3088.0,2297.0,791.0
SF01-PE-00LN-TRRECY-0HA047,54785.0,310.0,Mécanique,Inspection,3,274.5,730.0,observée,274.5,58.5,49,2,1.0,Insuffisant,274.5,192.1,3088.0,2297.0,791.0
SF01-PE-00LN-TRRECY-0HA047,54786.0,360.0,Mécanique,Systématique,3,181.5,730.0,observée,181.5,57.5,49,2,1.0,Insuffisant,181.5,127.0,4670.0,3474.0,1196.0
SF01-PE-00LN-TRRECY-0HA047,54787.0,360.0,Mécanique,Systématique,4,266.0,730.0,observée,266.0,128.4,49,3,1.0,Insuffisant,266.0,186.2,3187.0,2370.0,816.0
SF01-PE-00LN-TRRECY-0HA047,54789.0,360.0,Mécanique,Systématique,7,75.0,730.0,observée,75.0,30.3,49,6,1.0,Insuffisant,75.0,52.5,11302.0,8406.0,2895.0
SF01-PE-00LN-TRRECY-0HA047,54790.0,350.0,Mécanique,Graissage,27,27.8,730.0,observée,27.8,6.8,49,16,0.62,Insuffisant,27.8,19.5,19383.0,14745.0,4638.0
SF01-PE-00LN-TRRECY-0HA047,54791.0,350.0,Mécanique,Graissage,27,27.8,730.0,observée,27.8,6.8,49,16,0.62,Insuffisant,27.8,19.5,19383.0,14745.0,4638.0
SF01-PE-00LN-TRRECY-0HA047,54792.0,350.0,Mécanique,Graissage,27,27.8,730.0,observée,27.8,6.8,49,16,0.62,Insuffisant,27.8,19.5,19383.0,14745.0,4638.0
SF01-PE-00LN-TRRECY-0HA047,54793.0,350.0,Mécanique,Graissage,3,274.5,730.0,observée,274.5,58.5,49,2,1.0,Insuffisant,274.5,192.1,3088.0,2297.0,791.0
SF01-PE-00LN-TRRECY-0HA047,55521.0,360.0,Mécanique,Systématique,110,7.1,730.0,observée,7.1,1.5,49,25,0.23,Insuffisant,7.1,5.0,31259.0,25854.0,5405.0
SF01-PE-00LN-TRRECY-0HA047-SURV-ARRETURG,56976.0,370.0,Électrique,Autre,6,72.8,90.0,observée,72.8,80.5,1,1,0.2,Insuffisant,72.8,51.0,2714.0,2282.0,432.0
SF01-PE-00LS,52518.0,360.0,Mécanique,Systématique,40,15.0,730.0,observée,15.0,0.6,36,18,0.46,Insuffisant,15.0,10.5,27256.0,21137.0,6118.0
SF01-PE-00LS,55439.0,360.0,Mécanique,Systématique,31,19.2,730.0,observée,19.2,11.6,36,16,0.53,Insuffisant,19.2,13.4,24256.0,18629.0,5627.0
SF01-PE-00LS,55440.0,360.0,Mécanique,Systématique,31,19.2,730.0,observée,19.2,11.6,36,16,0.53,Insuffisant,19.2,13.4,24256.0,18629.0,5627.0
SF01-PE-00LS,55441.0,360.0,Mécanique,Systématique,31,19.2,730.0,observée,19.2,11.6,36,16,0.53,Insuffisant,19.2,13.4,24256.0,18629.0,5627.0
SF01-PE-00LS,55442.0,360.0,Mécanique,Systématique,31,19.2,730.0,observée,19.2,11.6,36,16,0.53,Insuffisant,19.2,13.4,24256.0,18629.0,5627.0
SF01-PE-00LS,55672.0,360.0,Mécanique,Systématique,33,19.0,,observée,19.0,34.3,36,15,0.47,Insuffisant,19.0,13.3,21945.0,16993.0,4953.0
SF01-PE-00LS,55673.0,310.0,Mécanique,Inspection,5,32.8,730.0,observée,32.8,5.1,36,2,0.5,Insuffisant,32.8,23.0,13455.0,10374.0,3081.0
SF01-PE-00LS,55673.0,350.0,Mécanique,Graissage,15,29.9,730.0,observée,29.9,1.7,36,8,0.57,Insuffisant,29.9,20.9,16663.0,12739.0,3924.0
SF01-PE-00LS,216352.0,290.0,Régulation/Instrumentation,Inspection,26,14.0,,observée,14.0,9.3,36,8,0.32,Insuffisant,14.0,9.8,21077.0,16843.0,4234.0
SF01-PE-00LS,216352.0,310.0,Régulation/Instrumentation,Inspection,5,11.8,,observée,11.8,3.9,36,3,0.75,Insuffisant,11.8,8.3,54617.0,41134.0,13484.0
SF01-PE-00LS-ASSAIN-0HC146,55210.0,310.0,Mécanique,Inspection,3,124.5,730.0,observée,124.5,30.5,7,1,0.5,Insuffisant,124.5,87.1,3545.0,2733.0,812.0
SF01-PE-00LS-ASSAIN-0HC146,55214.0,360.0,Mécanique,Systématique,3,271.5,730.0,observée,271.5,177.5,7,1,0.5,Insuffisant,271.5,190.0,1626.0,1253.0,372.0
SF01-PE-00LS-ASSAIN-0HC146,55216.0,360.0,Mécanique,Systématique,4,149.7,730.0,observée,149.7,70.7,7,2,0.67,Insuffisant,149.7,104.8,3871.0,2932.0,939.0
SF01-PE-00LS-ASSAIN-0HC146,55217.0,350.0,Mécanique,Graissage,108,7.2,730.0,observée,7.2,3.0,7,5,0.05,Adéquat,7.2,7.2,10510.0,10510.0,0.0
SF01-PE-00LS-ASSAIN-0HC228,55220.0,360.0,Mécanique,Systématique,3,124.5,730.0,observée,124.5,30.5,6,1,0.5,Insuffisant,124.5,87.1,3545.0,2733.0,812.0
SF01-PE-00LS-ASSAIN-0HC228,55225.0,360.0,Mécanique,Systématique,7,75.0,730.0,observée,75.0,55.3,6,2,0.33,Insuffisant,75.0,52.5,4043.0,3221.0,821.0
SF01-PE-00LS-ASSAIN-0HC228,55226.0,350.0,Mécanique,Graissage,108,7.2,730.0,observée,7.2,3.0,6,5,0.05,Adéquat,7.2,7.2,10510.0,10510.0,0.0
SF01-PE-00LS-BROYAG-0HB154,55119.0,360.0,Mécanique,Systématique,3,224.5,730.0,observée,224.5,139.5,17,2,1.0,Insuffisant,224.5,157.1,3776.0,2808.0,967.0
SF01-PE-00LS-BROYAG-0HB154,55121.0,360.0,Mécanique,Systématique,3,271.5,730.0,observée,271.5,177.5,17,1,0.5,Insuffisant,271.5,190.0,1626.0,1253.0,372.0
SF01-PE-00LS-BROYAG-0HB154,55127.0,360.0,Mécanique,Systématique,12,49.1,730.0,observée,49.1,19.1,17,6,0.55,Insuffisant,49.1,34.4,9816.0,7521.0,2295.0
SF01-PE-00LS-BROYAG-0HB154,55128.0,350.0,Mécanique,Graissage,107,7.3,730.0,observée,7.3,3.7,17,15,0.14,Adéquat,7.3,7.3,20385.0,20385.0,0.0
SF01-PE-00LS-BROYAG-0HB156,55143.0,310.0,Mécanique,Inspection,3,224.5,730.0,observée,224.5,139.5,20,2,1.0,Insuffisant,224.5,157.1,3776.0,2808.0,967.0
SF01-PE-00LS-BROYAG-0HB156,55145.0,360.0,Mécanique,Systématique,3,124.5,730.0,observée,124.5,30.5,20,1,0.5,Insuffisant,124.5,87.1,3545.0,2733.0,812.0
SF01-PE-00LS-BROYAG-0HB156,55150.0,360.0,Mécanique,Systématique,3,124.5,730.0,observée,124.5,30.5,20,1,0.5,Insuffisant,124.5,87.1,3545.0,2733.0,812.0
SF01-PE-00LS-BROYAG-0HB156,55151.0,350.0,Mécanique,Graissage,107,7.3,730.0,observée,7.3,3.7,20,15,0.14,Adéquat,7.3,7.3,20385.0,20385.0,0.0
SF01-PE-00LS-BROYAG-0HB158,55165.0,360.0,Mécanique,Systématique,4,149.7,730.0,observée,149.7,92.9,19,3,1.0,Insuffisant,149.7,104.8,5662.0,4212.0,1451.0
SF01-PE-00LS-BROYAG-0HB158,55167.0,360.0,Mécanique,Systématique,3,124.5,730.0,observée,124.5,30.5,19,1,0.5,Insuffisant,124.5,87.1,3545.0,2733.0,812.0
SF01-PE-00LS-BROYAG-0HB158,55172.0,360.0,Mécanique,Systématique,3,124.5,730.0,observée,124.5,30.5,19,1,0.5,Insuffisant,124.5,87.1,3545.0,2733.0,812.0
SF01-PE-00LS-BROYAG-0HB158,55173.0,350.0,Mécanique,Graissage,107,7.3,730.0,observée,7.3,3.6,19,15,0.14,Adéquat,7.3,7.3,20385.0,20385.0,0.0
SF01-PE-00LS-BROYAG-0HB160,55188.0,360.0,Mécanique,Systématique,3,224.5,730.0,observée,224.5,139.5,12,2,1.0,Insuffisant,224.5,157.1,3776.0,2808.0,967.0
SF01-PE-00LS-BROYAG-0HB160,55190.0,360.0,Mécanique,Systématique,3,124.5,730.0,observée,124.5,30.5,12,1,0.5,Insuffisant,124.5,87.1,3545.0,2733.0,812.0
SF01-PE-00LS-BROYAG-0HB160,55195.0,310.0,Mécanique,Inspection,3,124.5,730.0,observée,124.5,30.5,12,1,0.5,Insuffisant,124.5,87.1,3545.0,2733.0,812.0
SF01-PE-00LS-BROYAG-0HB160,55196.0,290.0,Mécanique,Inspection,12,49.0,730.0,observée,49.0,18.0,12,3,0.27,Insuffisant,49.0,34.3,5193.0,4220.0,973.0
SF01-PE-00LS-BROYAG-0HB160,55197.0,350.0,Mécanique,Graissage,107,7.3,730.0,observée,7.3,3.7,12,7,0.07,Adéquat,7.3,7.3,12593.0,12593.0,0.0
SF01-PE-00LS-CLASSI-0HB146,55006.0,360.0,Mécanique,Systématique,3,133.0,730.0,observée,133.0,126.0,56,2,1.0,Insuffisant,133.0,93.1,6373.0,4740.0,1633.0
SF01-PE-00LS-CLASSI-0HB146,55007.0,360.0,Mécanique,Systématique,3,133.0,730.0,observée,133.0,129.0,56,2,1.0,Insuffisant,133.0,93.1,6373.0,4740.0,1633.0
SF01-PE-00LS-CLASSI-0HB146,55011.0,360.0,Mécanique,Systématique,3,224.5,730.0,observée,224.5,59.5,56,2,1.0,Insuffisant,224.5,157.1,3776.0,2808.0,967.0
SF01-PE-00LS-CLASSI-0HB146,55013.0,310.0,Mécanique,Inspection,3,129.5,730.0,observée,129.5,112.5,56,2,1.0,Insuffisant,129.5,90.6,6545.0,4869.0,1677.0
SF01-PE-00LS-CLASSI-0HB146,55016.0,290.0,Mécanique,Inspection,78,7.7,730.0,observée,7.7,5.9,56,30,0.39,Insuffisant,7.7,5.4,45708.0,35900.0,9809.0
SF01-PE-00LS-CLASSI-0HB146,55017.0,360.0,Mécanique,Systématique,4,120.0,730.0,observée,120.0,80.0,56,3,1.0,Insuffisant,120.0,84.0,7064.0,5254.0,1810.0
SF01-PE-00LS-CLASSI-0HB146,55018.0,350.0,Mécanique,Graissage,107,7.3,730.0,observée,7.3,3.6,56,30,0.28,Insuffisant,7.3,5.1,35968.0,29121.0,6848.0
SF01-PE-00LS-CLASSI-0HB148,55035.0,360.0,Mécanique,Systématique,3,124.5,730.0,observée,124.5,30.5,56,1,0.5,Insuffisant,124.5,87.1,3545.0,2733.0,812.0
SF01-PE-00LS-CLASSI-0HB148,55044.0,360.0,Mécanique,Systématique,84,7.2,730.0,observée,7.2,2.1,56,36,0.43,Insuffisant,7.2,5.0,53397.0,41617.0,11779.0
SF01-PE-00LS-CLASSI-0HB148,55045.0,360.0,Mécanique,Systématique,4,120.0,730.0,observée,120.0,80.0,56,3,1.0,Insuffisant,120.0,84.0,7064.0,5254.0,1810.0
SF01-PE-00LS-CLASSI-0HB148,55046.0,350.0,Mécanique,Graissage,107,7.3,730.0,observée,7.3,3.6,56,33,0.31,Insuffisant,7.3,5.1,39308.0,31506.0,7802.0
SF01-PE-00LS-CLASSI-0HB150,55064.0,360.0,Mécanique,Systématique,3,140.0,730.0,observée,140.0,46.0,74,1,0.5,Insuffisant,140.0,98.0,3152.0,2431.0,722.0
SF01-PE-00LS-CLASSI-0HB150,55069.0,360.0,Mécanique,Systématique,3,124.5,730.0,observée,124.5,30.5,74,1,0.5,Insuffisant,124.5,87.1,3545.0,2733.0,812.0
SF01-PE-00LS-CLASSI-0HB150,55071.0,360.0,Mécanique,Systématique,3,271.5,730.0,observée,271.5,177.5,74,1,0.5,Insuffisant,271.5,190.0,1626.0,1253.0,372.0
SF01-PE-00LS-CLASSI-0HB150,55072.0,290.0,Mécanique,Inspection,79,7.6,730.0,observée,7.6,5.9,74,37,0.47,Insuffisant,7.6,5.3,54863.0,42482.0,12381.0
SF01-PE-00LS-CLASSI-0HB150,55073.0,290.0,Mécanique,Inspection,4,120.0,730.0,observée,120.0,80.0,74,2,0.67,Insuffisant,120.0,84.0,4829.0,3658.0,1171.0
SF01-PE-00LS-CLASSI-0HB150,55074.0,350.0,Mécanique,Graissage,107,7.3,730.0,observée,7.3,3.6,74,40,0.38,Insuffisant,7.3,5.1,47100.0,37072.0,10028.0
SF01-PE-00LS-CLASSI-0HB152,55091.0,360.0,Mécanique,Systématique,3,124.5,730.0,observée,124.5,30.5,53,1,0.5,Insuffisant,124.5,87.1,3545.0,2733.0,812.0
SF01-PE-00LS-CLASSI-0HB152,55099.0,310.0,Mécanique,Inspection,3,271.5,730.0,observée,271.5,177.5,53,1,0.5,Insuffisant,271.5,190.0,1626.0,1253.0,372.0
SF01-PE-00LS-CLASSI-0HB152,55100.0,290.0,Mécanique,Inspection,78,7.7,730.0,observée,7.7,5.9,53,36,0.47,Insuffisant,7.7,5.4,54151.0,41930.0,12221.0
SF01-PE-00LS-CLASSI-0HB152,55101.0,290.0,Mécanique,Inspection,4,120.0,730.0,observée,120.0,80.0,53,3,1.0,Insuffisant,120.0,84.0,7064.0,5254.0,1810.0
SF01-PE-00LS-CLASSI-0HB152,55102.0,350.0,Mécanique,Graissage,107,7.3,730.0,observée,7.3,3.6,53,38,0.36,Insuffisant,7.3,5.1,44873.0,35481.0,9392.0
SF01-PE-00LS-CLASSI-HA30T1,54541.0,360.0,Mécanique,Systématique,3,129.5,730.0,observée,129.5,25.5,14,1,0.5,Insuffisant,129.5,90.6,3408.0,2628.0,780.0
SF01-PE-00LS-CLASSI-HA30T1,54542.0,360.0,Mécanique,Systématique,12,49.1,730.0,observée,49.1,23.0,14,6,0.55,Insuffisant,49.1,34.4,9816.0,7521.0,2295.0
SF01-PE-00LS-CLASSI-HA30T1,54543.0,290.0,Mécanique,Inspection,22,27.3,730.0,observée,27.3,7.0,14,8,0.38,Insuffisant,27.3,19.1,12594.0,9913.0,2681.0
SF01-PE-00LS-CLASSI-HA30T1,54544.0,290.0,Mécanique,Inspection,22,27.3,730.0,observée,27.3,7.0,14,8,0.38,Insuffisant,27.3,19.1,12594.0,9913.0,2681.0
SF01-PE-00LS-CLASSI-HA30T1,54545.0,360.0,Mécanique,Systématique,22,27.3,730.0,observée,27.3,7.5,14,8,0.38,Insuffisant,27.3,19.1,12594.0,9913.0,2681.0
SF01-PE-00LS-CLASSI-HA30T1,200000002556.0,350.0,Mécanique,Graissage,17,28.0,730.0,observée,28.0,0.0,14,6,0.38,Insuffisant,28.0,19.6,12280.0,9665.0,2614.0
SF01-PE-00LS-CLASSI-HA30T2,54551.0,360.0,Mécanique,Systématique,3,129.5,730.0,observée,129.5,25.5,13,1,0.5,Insuffisant,129.5,90.6,3408.0,2628.0,780.0
SF01-PE-00LS-CLASSI-HA30T2,54552.0,360.0,Mécanique,Systématique,12,49.1,730.0,observée,49.1,23.0,13,6,0.55,Insuffisant,49.1,34.4,9816.0,7521.0,2295.0
SF01-PE-00LS-CLASSI-HA30T2,54553.0,360.0,Mécanique,Systématique,22,27.3,730.0,observée,27.3,7.9,13,8,0.38,Insuffisant,27.3,19.1,12594.0,9913.0,2681.0
SF01-PE-00LS-CLASSI-HA30T2,54554.0,290.0,Mécanique,Inspection,22,27.3,730.0,observée,27.3,7.0,13,8,0.38,Insuffisant,27.3,19.1,12594.0,9913.0,2681.0
SF01-PE-00LS-CLASSI-HA30T2,54555.0,290.0,Mécanique,Inspection,22,27.3,730.0,observée,27.3,7.0,13,8,0.38,Insuffisant,27.3,19.1,12594.0,9913.0,2681.0
SF01-PE-00LS-CLASSI-HA30T2,200000002557.0,350.0,Mécanique,Graissage,17,28.0,730.0,observée,28.0,0.0,13,7,0.44,Insuffisant,28.0,19.6,14021.0,10909.0,3112.0
SF01-PE-00LS-CLASSI-HA30T3,54556.0,310.0,Mécanique,Inspection,3,224.5,730.0,observée,224.5,108.5,6,1,0.5,Insuffisant,224.5,157.1,1966.0,1516.0,450.0
SF01-PE-00LS-CLASSI-HA30T3,54561.0,360.0,Mécanique,Systématique,3,129.5,730.0,observée,129.5,25.5,6,0,0.0,Adéquat,129.5,129.5,271.0,271.0,0.0
SF01-PE-00LS-CLASSI-HA30T3,54562.0,360.0,Mécanique,Systématique,12,49.1,730.0,observée,49.1,23.0,6,5,0.45,Insuffisant,49.1,34.4,8161.0,6339.0,1822.0
SF01-PE-00LS-CLASSI-HA30T3,54563.0,290.0,Mécanique,Inspection,22,27.3,730.0,observée,27.3,7.0,6,6,0.29,Insuffisant,27.3,19.1,9916.0,7999.0,1916.0
SF01-PE-00LS-CLASSI-HA30T3,54564.0,290.0,Mécanique,Inspection,22,27.3,730.0,observée,27.3,7.0,6,6,0.29,Insuffisant,27.3,19.1,9916.0,7999.0,1916.0
SF01-PE-00LS-CLASSI-HA30T3,54565.0,360.0,Mécanique,Systématique,22,27.3,730.0,observée,27.3,7.5,6,6,0.29,Insuffisant,27.3,19.1,9916.0,7999.0,1916.0
SF01-PE-00LS-CLASSI-HA30T3,200000002558.0,350.0,Mécanique,Graissage,17,28.0,730.0,observée,28.0,0.0,6,4,0.25,Insuffisant,28.0,19.6,8507.0,6970.0,1537.0
SF01-PE-00LS-CLASSI-HA30T4,54566.0,360.0,Mécanique,Systématique,3,224.5,730.0,observée,224.5,108.5,6,2,1.0,Insuffisant,224.5,157.1,3776.0,2808.0,967.0
SF01-PE-00LS-CLASSI-HA30T4,54571.0,360.0,Mécanique,Systématique,3,129.5,730.0,observée,129.5,25.5,6,1,0.5,Insuffisant,129.5,90.6,3408.0,2628.0,780.0
SF01-PE-00LS-CLASSI-HA30T4,54572.0,360.0,Mécanique,Systématique,12,49.1,730.0,observée,49.1,23.0,6,4,0.36,Insuffisant,49.1,34.4,6672.0,5275.0,1396.0
SF01-PE-00LS-CLASSI-HA30T4,54573.0,360.0,Mécanique,Systématique,22,27.3,730.0,observée,27.3,7.5,6,5,0.24,Insuffisant,27.3,19.1,8427.0,6936.0,1491.0
SF01-PE-00LS-CLASSI-HA30T4,54574.0,290.0,Mécanique,Inspection,22,27.3,730.0,observée,27.3,7.0,6,5,0.24,Insuffisant,27.3,19.1,8427.0,6936.0,1491.0
SF01-PE-00LS-CLASSI-HA30T4,54575.0,290.0,Mécanique,Inspection,22,27.3,730.0,observée,27.3,7.0,6,5,0.24,Insuffisant,27.3,19.1,8427.0,6936.0,1491.0
SF01-PE-00LS-CLASSI-HA30T4,200000002639.0,350.0,Mécanique,Graissage,17,28.0,730.0,observée,28.0,0.0,6,5,0.31,Insuffisant,28.0,19.6,10248.0,8214.0,2034.0
SF01-PE-00LS-COMBUS-0HD302,52254.0,360.0,Régulation/Instrumentation,Systématique,3,182.5,,observée,182.5,3.5,225,2,1.0,Insuffisant,182.5,127.7,4645.0,3455.0,1190.0
SF01-PE-00LS-COMBUS-0HD302,52256.0,360.0,Régulation/Instrumentation,Systématique,16,36.5,,observée,36.5,47.0,225,14,0.93,Insuffisant,36.5,25.5,21664.0,16160.0,5504.0
SF01-PE-00LS-COMBUS-0HD302,52262.0,360.0,Régulation/Instrumentation,Systématique,7,100.0,,observée,100.0,75.4,225,5,0.83,Insuffisant,100.0,70.0,7095.0,5318.0,1777.0
SF01-PE-00LS-COMBUS-0HD302,52268.0,360.0,Régulation/Instrumentation,Systématique,5,135.0,,observée,135.0,113.3,225,4,1.0,Insuffisant,135.0,94.5,6279.0,4670.0,1608.0
SF01-PE-00LS-COMBUS-0HD302,55293.0,310.0,Mécanique,Inspection,3,124.5,730.0,observée,124.5,30.5,225,1,0.5,Insuffisant,124.5,87.1,3545.0,2733.0,812.0
SF01-PE-00LS-COMBUS-0HD302,55294.0,310.0,Mécanique,Inspection,3,124.5,730.0,observée,124.5,30.5,225,1,0.5,Insuffisant,124.5,87.1,3545.0,2733.0,812.0
SF01-PE-00LS-COMBUS-0HD302,55295.0,360.0,Mécanique,Systématique,3,124.5,730.0,observée,124.5,30.5,225,1,0.5,Insuffisant,124.5,87.1,3545.0,2733.0,812.0
SF01-PE-00LS-COMBUS-0HD302,55299.0,360.0,Mécanique,Systématique,3,224.5,730.0,observée,224.5,108.5,225,2,1.0,Insuffisant,224.5,157.1,3776.0,2808.0,967.0
SF01-PE-00LS-COMBUS-0HD302,55304.0,360.0,Mécanique,Systématique,7,75.0,730.0,observée,75.0,50.3,225,6,1.0,Insuffisant,75.0,52.5,11302.0,8406.0,2895.0
SF01-PE-00LS-COMBUS-0HD302,55305.0,290.0,Mécanique,Inspection,78,7.7,730.0,observée,7.7,5.6,225,59,0.77,Insuffisant,7.7,5.4,85810.0,64544.0,21266.0
SF01-PE-00LS-COMBUS-0HD302,55306.0,290.0,Mécanique,Inspection,79,7.6,730.0,observée,7.6,5.6,225,60,0.77,Insuffisant,7.6,5.3,86939.0,65393.0,21546.0
SF01-PE-00LS-COMBUS-0HD302,55307.0,360.0,Mécanique,Systématique,84,7.2,730.0,observée,7.2,2.6,225,65,0.78,Insuffisant,7.2,5.0,92897.0,69832.0,23065.0
SF01-PE-00LS-COMBUS-0HD302,55308.0,360.0,Mécanique,Systématique,12,49.1,730.0,observée,49.1,19.1,225,10,0.91,Insuffisant,49.1,34.4,15774.0,11777.0,3997.0
SF01-PE-00LS-COMBUS-0HD302,55309.0,290.0,Mécanique,Inspection,7,75.0,730.0,observée,75.0,22.0,225,6,1.0,Insuffisant,75.0,52.5,11302.0,8406.0,2895.0
SF01-PE-00LS-COMBUS-0HD302,55310.0,360.0,Mécanique,Systématique,97,8.0,730.0,observée,8.0,7.4,225,53,0.55,Insuffisant,8.0,5.6,60246.0,46162.0,14084.0
SF01-PE-00LS-COMBUS-0HD302,55311.0,350.0,Mécanique,Graissage,27,27.8,730.0,observée,27.8,6.8,225,20,0.77,Insuffisant,27.8,19.5,23767.0,17877.0,5890.0
SF01-PE-00LS-COMBUS-0HD302,216276.0,360.0,Régulation/Instrumentation,Systématique,54,7.2,30.0,observée,7.2,6.7,225,36,0.68,Insuffisant,7.2,5.0,81611.0,61771.0,19841.0
SF01-PE-00LS-COMBUS-0HD302,216279.0,360.0,Régulation/Instrumentation,Systématique,19,26.7,,observée,26.7,10.6,225,14,0.78,Insuffisant,26.7,18.7,25051.0,18831.0,6220.0
SF01-PE-00LS-COMBUS-0HD302,216282.0,360.0,Régulation/Instrumentation,Systématique,5,120.0,,observée,120.0,22.3,225,3,0.75,Insuffisant,120.0,84.0,5371.0,4045.0,1326.0
SF01-PE-00LS-COMBUS-0HD302,216285.0,360.0,Régulation/Instrumentation,Systématique,4,180.0,,observée,180.0,26.9,225,2,0.67,Insuffisant,180.0,126.0,3219.0,2439.0,781.0
SF01-PE-00LS-COMBUS-0HD302,200000004278.0,300.0,Mécanique,Inspection,5,89.5,730.0,observée,89.5,0.9,225,4,1.0,Insuffisant,89.5,62.6,9471.0,7044.0,2426.0
SF01-PE-00LS-COMBUS-0HD302-ARAU,216308.0,360.0,Régulation/Instrumentation,Systématique,56,7.0,30.0,observée,7.0,6.5,0,0,0.0,Trop fréquent,7.0,14.0,5006.0,2503.0,2503.0
SF01-PE-00LS-COMBUS-0HD302-ARAU,216311.0,360.0,Régulation/Instrumentation,Systématique,19,26.7,,observée,26.7,10.9,0,0,0.0,Adéquat,26.7,26.7,1313.0,1313.0,0.0
SF01-PE-00LS-COMBUS-0HD302-SURV,52273.0,360.0,Régulation/Instrumentation,Systématique,54,11.2,30.0,observée,11.2,25.1,5,1,0.02,Adéquat,11.2,11.2,4580.0,4580.0,0.0
SF01-PE-00LS-COMBUS-0HD302-SURV-DPSL7013,216374.0,310.0,Régulation/Instrumentation,Inspection,50,7.4,,observée,7.4,7.0,0,0,0.0,Trop fréquent,7.4,14.8,4736.0,2368.0,2368.0
SF01-PE-00LS-COMBUS-0HD302-SURV-EV7701,216370.0,360.0,Régulation/Instrumentation,Systématique,19,26.7,,observée,26.7,12.1,1,1,0.06,Adéquat,26.7,26.7,3139.0,3139.0,0.0
SF01-PE-00LS-COMBUS-0HD302-SURV-EV7702,216428.0,360.0,Régulation/Instrumentation,Systématique,19,26.7,,observée,26.7,13.9,1,1,0.06,Adéquat,26.7,26.7,3139.0,3139.0,0.0
SF01-PE-00LS-COMBUS-0HD302-SURV-EV7708,216429.0,360.0,Régulation/Instrumentation,Systématique,19,26.7,,observée,26.7,14.0,1,1,0.06,Adéquat,26.7,26.7,3139.0,3139.0,0.0
SF01-PE-00LS-COMBUS-0HD302-SURV-EV7713,216430.0,360.0,Régulation/Instrumentation,Systématique,10,57.9,,observée,57.9,34.5,1,1,0.11,Adéquat,57.9,57.9,2149.0,2149.0,0.0
SF01-PE-00LS-COMBUS-0HD302-SURV-EV7714,216431.0,360.0,Régulation/Instrumentation,Systématique,10,57.9,,observée,57.9,21.9,0,0,0.0,Adéquat,57.9,57.9,605.0,605.0,0.0
SF01-PE-00LS-COMBUS-0HD302-SURV-FE7405,216434.0,360.0,Régulation/Instrumentation,Systématique,4,187.3,,observée,187.3,63.8,0,0,0.0,Adéquat,187.3,187.3,187.0,187.0,0.0
SF01-PE-00LS-COMBUS-0HD302-SURV-FE7612,216435.0,360.0,Régulation/Instrumentation,Systématique,4,187.3,,observée,187.3,27.2,0,0,0.0,Adéquat,187.3,187.3,187.0,187.0,0.0
SF01-PE-00LS-COMBUS-0HD302-SURV-JY7704,216365.0,360.0,Régulation/Instrumentation,Systématique,19,26.7,,observée,26.7,11.5,1,1,0.06,Adéquat,26.7,26.7,3139.0,3139.0,0.0
SF01-PE-00LS-COMBUS-0HD302-SURV-PG7008,216150.0,360.0,Régulation/Instrumentation,Systématique,11,53.7,,observée,53.7,17.9,2,1,0.1,Adéquat,53.7,53.7,2166.0,2166.0,0.0
SF01-PE-00LS-COMBUS-0HD302-SURV-PG7009,216151.0,360.0,Régulation/Instrumentation,Systématique,11,53.7,,observée,53.7,17.9,0,0,0.0,Adéquat,53.7,53.7,653.0,653.0,0.0
SF01-PE-00LS-COMBUS-0HD302-SURV-PG7017,216152.0,360.0,Régulation/Instrumentation,Systématique,11,53.7,,observée,53.7,17.9,3,2,0.2,Insuffisant,53.7,37.6,3679.0,3094.0,585.0
SF01-PE-00LS-COMBUS-0HD302-SURV-PS7020,216378.0,360.0,Régulation/Instrumentation,Systématique,30,14.2,,observée,14.2,9.5,0,0,0.0,Trop fréquent,14.2,28.4,2468.0,1234.0,1234.0
SF01-PE-00LS-COMBUS-0HD302-SURV-PSL7010,216388.0,360.0,Régulation/Instrumentation,Systématique,19,26.7,,observée,26.7,11.5,2,1,0.06,Adéquat,26.7,26.7,3139.0,3139.0,0.0
SF01-PE-00LS-COMBUS-0HD302-SURV-PSL7015,216448.0,360.0,Régulation/Instrumentation,Systématique,31,13.7,,observée,13.7,8.8,2,1,0.03,Adéquat,13.7,13.7,4337.0,4337.0,0.0
SF01-PE-00LS-COMBUS-0HD302-SURV-TIC7104,216450.0,360.0,Régulation/Instrumentation,Systématique,4,187.7,,observée,187.7,26.0,0,0,0.0,Adéquat,187.7,187.7,187.0,187.0,0.0
SF01-PE-00LS-COMBUS-0HD302-SURV-TSH7108,216407.0,360.0,Régulation/Instrumentation,Systématique,19,26.7,,observée,26.7,11.8,0,0,0.0,Adéquat,26.7,26.7,1313.0,1313.0,0.0
SF01-PE-00LS-COMBUS-0HD302-SURV-TSH7111,216452.0,360.0,Régulation/Instrumentation,Systématique,4,187.7,,observée,187.7,26.0,1,1,0.33,Insuffisant,187.7,131.4,1615.0,1287.0,328.0
SF01-PE-00LS-COMBUS-0HD302-SURV-TSH7118,216408.0,360.0,Régulation/Instrumentation,Systématique,19,26.7,,observée,26.7,18.8,0,0,0.0,Adéquat,26.7,26.7,1313.0,1313.0,0.0
SF01-PE-00LS-COMBUS-0HD302-SURV-TSL7019,216411.0,360.0,Régulation/Instrumentation,Systématique,11,53.7,,observée,53.7,15.0,0,0,0.0,Adéquat,53.7,53.7,653.0,653.0,0.0
SF01-PE-00LS-COMBUS-0HD302-SURV-TSL7111,216399.0,360.0,Régulation/Instrumentation,Systématique,19,26.7,,observée,26.7,12.5,0,0,0.0,Adéquat,26.7,26.7,1313.0,1313.0,0.0
SF01-PE-00LS-COMBUS-0HD302-SURV-TT7117,216391.0,360.0,Régulation/Instrumentation,Systématique,19,26.7,,observée,26.7,11.5,0,0,0.0,Adéquat,26.7,26.7,1313.0,1313.0,0.0
SF01-PE-00LS-COMBUS-0HD302-SURV-XY7705,216367.0,310.0,Régulation/Instrumentation,Inspection,55,7.1,30.0,observée,7.1,6.5,3,2,0.04,Adéquat,7.1,7.1,9514.0,9514.0,0.0
SF01-PE-00LS-COMBUS-0HD302-SURV-ZS7706,216402.0,360.0,Régulation/Instrumentation,Systématique,30,14.2,,observée,14.2,8.8,0,0,0.0,Trop fréquent,14.2,28.4,2468.0,1234.0,1234.0
SF01-PE-00LS-COMBUS-0HD302-SURV-ZT7403,216396.0,360.0,Régulation/Instrumentation,Systématique,6,107.2,,observée,107.2,64.2,1,1,0.2,Insuffisant,107.2,75.0,1843.0,1550.0,293.0
SF01-PE-00LS-COMBUS-0HD302-SURV-ZT7404,216394.0,360.0,Régulation/Instrumentation,Systématique,7,89.7,,observée,89.7,38.0,1,1,0.17,Insuffisant,89.7,62.8,1931.0,1658.0,273.0
SF01-PE-00LS-FILTRA-00F300,54457.0,360.0,Mécanique,Systématique,22,27.3,730.0,observée,27.3,7.5,2,1,0.05,Adéquat,27.3,27.3,2772.0,2772.0,0.0
SF01-PE-00LS-FILTRA-00F300,54458.0,360.0,Mécanique,Systématique,22,27.3,730.0,observée,27.3,7.5,2,1,0.05,Adéquat,27.3,27.3,2772.0,2772.0,0.0
SF01-PE-00LS-FILTRA-00F300-SURV,54459.0,360.0,Régulation/Instrumentation,Systématique,13,28.4,90.0,observée,28.4,19.7,0,0,0.0,Adéquat,28.4,28.4,1234.0,1234.0,0.0
SF01-PE-00LS-FILTRA-00F300-SURV-EV,216263.0,360.0,Régulation/Instrumentation,Systématique,19,26.7,,observée,26.7,10.8,1,1,0.06,Adéquat,26.7,26.7,3139.0,3139.0,0.0
SF01-PE-00LS-FILTRA-00F300-SURV-PI,216141.0,360.0,Régulation/Instrumentation,Systématique,4,182.0,,observée,182.0,32.7,0,0,0.0,Adéquat,182.0,182.0,193.0,193.0,0.0
SF01-PE-00LS-FILTRA-00F300-SURV-SQ,216268.0,360.0,Régulation/Instrumentation,Systématique,19,26.7,,observée,26.7,10.2,0,0,0.0,Adéquat,26.7,26.7,1313.0,1313.0,0.0
SF01-PE-00LS-GRANUL-0HB138,54816.0,360.0,Mécanique,Systématique,3,208.5,730.0,observée,208.5,124.5,145,1,0.5,Insuffisant,208.5,145.9,2117.0,1632.0,485.0
SF01-PE-00LS-GRANUL-0HB138,54820.0,360.0,Mécanique,Systématique,3,166.5,730.0,observée,166.5,81.5,145,2,1.0,Insuffisant,166.5,116.5,5091.0,3787.0,1304.0
SF01-PE-00LS-GRANUL-0HB138,54823.0,310.0,Mécanique,Inspection,3,266.5,730.0,observée,266.5,182.5,145,1,0.5,Insuffisant,266.5,186.5,1656.0,1277.0,379.0
SF01-PE-00LS-GRANUL-0HB138,54827.0,310.0,Mécanique,Inspection,3,119.5,730.0,observée,119.5,35.5,145,1,0.5,Insuffisant,119.5,83.6,3693.0,2847.0,846.0
SF01-PE-00LS-GRANUL-0HB138,54840.0,360.0,Mécanique,Systématique,3,119.5,730.0,observée,119.5,35.5,145,1,0.5,Insuffisant,119.5,83.6,3693.0,2847.0,846.0
SF01-PE-00LS-GRANUL-0HB138,54842.0,360.0,Mécanique,Systématique,3,266.5,730.0,observée,266.5,182.5,145,1,0.5,Insuffisant,266.5,186.5,1656.0,1277.0,379.0
SF01-PE-00LS-GRANUL-0HB138,54852.0,290.0,Mécanique,Inspection,4,120.0,730.0,observée,120.0,108.3,145,2,0.67,Insuffisant,120.0,84.0,4829.0,3658.0,1171.0
SF01-PE-00LS-GRANUL-0HB138,54853.0,360.0,Mécanique,Systématique,4,120.0,730.0,observée,120.0,80.0,145,2,0.67,Insuffisant,120.0,84.0,4829.0,3658.0,1171.0
SF01-PE-00LS-GRANUL-0HB138,54854.0,350.0,Mécanique,Graissage,375,2.1,730.0,observée,2.1,0.5,145,76,0.2,Insuffisant,2.1,1.5,94077.0,79118.0,14959.0
SF01-PE-00LS-GRANUL-0HB138,54855.0,350.0,Mécanique,Graissage,111,7.0,730.0,observée,7.0,1.1,145,51,0.46,Insuffisant,7.0,4.9,58405.0,45294.0,13111.0
SF01-PE-00LS-GRANUL-0HB138,54856.0,350.0,Mécanique,Graissage,14,53.3,730.0,observée,53.3,12.1,145,11,0.85,Insuffisant,53.3,37.3,13616.0,10195.0,3421.0
SF01-PE-00LS-GRANUL-0HB138,54857.0,350.0,Mécanique,Graissage,14,53.3,730.0,observée,53.3,12.1,145,11,0.85,Insuffisant,53.3,37.3,13616.0,10195.0,3421.0
SF01-PE-00LS-GRANUL-0HB138,54858.0,350.0,Mécanique,Graissage,14,53.3,730.0,observée,53.3,12.1,145,11,0.85,Insuffisant,53.3,37.3,13616.0,10195.0,3421.0
SF01-PE-00LS-GRANUL-0HB138,54859.0,350.0,Mécanique,Graissage,361,2.1,730.0,observée,2.1,1.7,145,74,0.21,Insuffisant,2.1,1.5,97947.0,81882.0,16065.0
SF01-PE-00LS-GRANUL-0HB138,54860.0,350.0,Mécanique,Graissage,3,214.5,730.0,observée,214.5,118.5,145,2,1.0,Insuffisant,214.5,150.1,3952.0,2939.0,1012.0
SF01-PE-00LS-GRANUL-0HB138,54861.0,350.0,Mécanique,Graissage,3,214.0,730.0,observée,214.0,119.0,145,2,1.0,Insuffisant,214.0,149.8,3961.0,2946.0,1015.0
SF01-PE-00LS-GRANUL-0HB138-SURV-B138,216228.0,360.0,Régulation/Instrumentation,Systématique,4,181.0,,observée,181.0,25.3,1,1,0.33,Insuffisant,181.0,126.7,1675.0,1335.0,340.0
SF01-PE-00LS-GRANUL-0HB138-SURV-PG138,216161.0,360.0,Régulation/Instrumentation,Systématique,4,182.0,,observée,182.0,23.7,0,0,0.0,Adéquat,182.0,182.0,193.0,193.0,0.0
SF01-PE-00LS-LAVAGE-0AG104,216033.0,360.0,Régulation/Instrumentation,Systématique,31,13.7,,observée,13.7,9.2,0,0,0.0,Trop fréquent,13.7,27.4,2558.0,1279.0,1279.0
SF01-PE-00LS-LAVAGE-0AG108,216035.0,360.0,Régulation/Instrumentation,Systématique,30,14.2,,observée,14.2,14.1,2,1,0.03,Adéquat,14.2,14.2,4185.0,4185.0,0.0
SF01-PE-00LS-LAVAGE-0TS104-SURV-FT199,216081.0,360.0,Régulation/Instrumentation,Systématique,5,121.0,,observée,121.0,21.2,0,0,0.0,Adéquat,121.0,121.0,290.0,290.0,0.0
SF01-PE-00LS-LAVAGE-0TS104-SURV-LT2790,216109.0,360.0,Régulation/Instrumentation,Systématique,4,182.0,,observée,182.0,23.7,1,1,0.33,Insuffisant,182.0,127.4,1666.0,1327.0,338.0
SF01-PE-00LS-LAVAGE-0TS104-SURV-PI2710,216174.0,360.0,Régulation/Instrumentation,Systématique,3,167.5,,observée,167.5,14.5,0,0,0.0,Adéquat,167.5,167.5,209.0,209.0,0.0
SF01-PE-00LS-LAVAGE-0TS104-SURV-PI2710,216447.0,360.0,Régulation/Instrumentation,Systématique,3,167.5,,observée,167.5,14.5,0,0,0.0,Adéquat,167.5,167.5,209.0,209.0,0.0
SF01-PE-00LS-LAVAGE-0TS104-SURV-PT2710,216133.0,360.0,Régulation/Instrumentation,Systématique,7,91.8,,observée,91.8,32.3,0,0,0.0,Adéquat,91.8,91.8,382.0,382.0,0.0
SF01-PE-00LS-LAVAGE-0TS106-SURV-FT200,216082.0,360.0,Régulation/Instrumentation,Systématique,4,187.3,,observée,187.3,97.2,0,0,0.0,Adéquat,187.3,187.3,187.0,187.0,0.0
SF01-PE-00LS-LAVAGE-0TS106-SURV-LT2690,216108.0,360.0,Régulation/Instrumentation,Systématique,3,167.5,,observée,167.5,14.5,0,0,0.0,Adéquat,167.5,167.5,209.0,209.0,0.0
SF01-PE-00LS-LAVAGE-0TS106-SURV-PI2610,216173.0,360.0,Régulation/Instrumentation,Systématique,3,167.5,,observée,167.5,14.5,0,0,0.0,Adéquat,167.5,167.5,209.0,209.0,0.0
SF01-PE-00LS-LAVAGE-0TS106-SURV-PI2610,216446.0,360.0,Régulation/Instrumentation,Systématique,3,167.5,,observée,167.5,14.5,0,0,0.0,Adéquat,167.5,167.5,209.0,209.0,0.0
SF01-PE-00LS-LAVAGE-0TS106-SURV-PT2610,216132.0,360.0,Régulation/Instrumentation,Systématique,7,91.0,,observée,91.0,32.7,0,0,0.0,Adéquat,91.0,91.0,385.0,385.0,0.0
SF01-PE-00LS-LAVAGE-0TS108-SURV-FT108,216076.0,360.0,Régulation/Instrumentation,Systématique,4,161.3,,observée,161.3,60.6,2,1,0.33,Insuffisant,161.3,112.9,1880.0,1498.0,382.0
SF01-PE-00LS-LAVAGE-0TS108-SURV-LT2590,216107.0,360.0,Régulation/Instrumentation,Systématique,4,134.0,,observée,134.0,48.8,0,0,0.0,Adéquat,134.0,134.0,262.0,262.0,0.0
SF01-PE-00LS-LAVAGE-0TS108-SURV-PI2510,216172.0,360.0,Régulation/Instrumentation,Systématique,3,167.5,,observée,167.5,14.5,0,0,0.0,Adéquat,167.5,167.5,209.0,209.0,0.0
SF01-PE-00LS-LAVAGE-0TS108-SURV-PI2510,216445.0,360.0,Régulation/Instrumentation,Systématique,3,167.5,,observée,167.5,14.5,0,0,0.0,Adéquat,167.5,167.5,209.0,209.0,0.0
SF01-PE-00LS-LAVAGE-0TS108-SURV-PT2510,216131.0,360.0,Régulation/Instrumentation,Systématique,7,91.0,,observée,91.0,23.2,0,0,0.0,Adéquat,91.0,91.0,385.0,385.0,0.0
SF01-PE-00LS-LAVAGE-0TS112-SURV-LT2490,216106.0,360.0,Régulation/Instrumentation,Systématique,3,167.5,,observée,167.5,14.5,0,0,0.0,Adéquat,167.5,167.5,209.0,209.0,0.0
SF01-PE-00LS-LAVAGE-0TS112-SURV-PI2410,216171.0,360.0,Régulation/Instrumentation,Systématique,3,167.5,,observée,167.5,14.5,0,0,0.0,Adéquat,167.5,167.5,209.0,209.0,0.0
SF01-PE-00LS-LAVAGE-0TS112-SURV-PI2410,216444.0,360.0,Régulation/Instrumentation,Systématique,3,167.5,,observée,167.5,14.5,0,0,0.0,Adéquat,167.5,167.5,209.0,209.0,0.0
SF01-PE-00LS-LAVAGE-0TS112-SURV-PT2410,216130.0,360.0,Régulation/Instrumentation,Systématique,7,91.0,,observée,91.0,25.5,0,0,0.0,Adéquat,91.0,91.0,385.0,385.0,0.0
SF01-PE-00LS-LAVAGE-PC104A,200000002644.0,350.0,Mécanique,Graissage,69,7.0,730.0,observée,7.0,0.5,14,7,0.1,Adéquat,7.0,7.0,16615.0,16615.0,0.0
SF01-PE-00LS-LAVAGE-PC104B,200000002645.0,350.0,Mécanique,Graissage,69,7.0,730.0,observée,7.0,0.5,13,3,0.04,Adéquat,7.0,7.0,9650.0,9650.0,0.0
SF01-PE-00LS-LAVAGE-PC106A,200000002648.0,350.0,Mécanique,Graissage,69,7.0,730.0,observée,7.0,0.5,32,19,0.28,Insuffisant,7.0,4.9,37510.0,30369.0,7141.0
SF01-PE-00LS-LAVAGE-PC106B,200000002669.0,350.0,Mécanique,Graissage,69,7.0,730.0,observée,7.0,0.5,20,12,0.18,Insuffisant,7.0,4.9,25901.0,22077.0,3824.0
SF01-PE-00LS-LAVAGE-PC108A,200000002670.0,350.0,Mécanique,Graissage,69,7.0,730.0,observée,7.0,0.5,30,11,0.16,Insuffisant,7.0,4.9,23580.0,20419.0,3161.0
SF01-PE-00LS-LAVAGE-PC108B,200000002671.0,350.0,Mécanique,Graissage,69,7.0,730.0,observée,7.0,0.5,8,2,0.03,Adéquat,7.0,7.0,8489.0,8489.0,0.0
SF01-PE-00LS-LAVAGE-PC112A,200000002672.0,350.0,Mécanique,Graissage,69,7.0,730.0,observée,7.0,0.5,3,3,0.04,Adéquat,7.0,7.0,9650.0,9650.0,0.0
SF01-PE-00LS-LAVAGE-PC112B,200000002673.0,350.0,Mécanique,Graissage,69,7.0,730.0,observée,7.0,0.5,6,3,0.04,Adéquat,7.0,7.0,9650.0,9650.0,0.0
SF01-PE-00LS-REACTI-0CA208,54432.0,360.0,Mécanique,Systématique,3,272.0,730.0,observée,272.0,168.0,43,1,0.5,Insuffisant,272.0,190.4,1623.0,1251.0,372.0
SF01-PE-00LS-REACTI-0CA208,54437.0,360.0,Mécanique,Systématique,3,224.5,730.0,observée,224.5,108.5,43,2,1.0,Insuffisant,224.5,157.1,3776.0,2808.0,967.0
SF01-PE-00LS-REACTI-0CA208,54443.0,350.0,Mécanique,Graissage,111,7.0,730.0,observée,7.0,1.2,43,26,0.24,Insuffisant,7.0,4.9,32866.0,27052.0,5814.0
SF01-PE-00LS-REACTI-0CA208-SURV-FIC109,216068.0,360.0,Régulation/Instrumentation,Systématique,19,26.7,,observée,26.7,11.4,0,0,0.0,Adéquat,26.7,26.7,1313.0,1313.0,0.0
SF01-PE-00LS-REACTI-0CA208-SURV-FIC122,216072.0,360.0,Régulation/Instrumentation,Systématique,7,91.0,,observée,91.0,32.7,0,0,0.0,Adéquat,91.0,91.0,385.0,385.0,0.0
SF01-PE-00LS-REACTI-0CA208-SURV-FV109,216184.0,360.0,Régulation/Instrumentation,Systématique,14,34.8,80.0,observée,34.8,18.1,0,0,0.0,Adéquat,34.8,34.8,1007.0,1007.0,0.0
SF01-PE-00LS-REACTI-0CA208-SURV-PI101,216156.0,360.0,Régulation/Instrumentation,Systématique,3,167.5,,observée,167.5,14.5,0,0,0.0,Adéquat,167.5,167.5,209.0,209.0,0.0
SF01-PE-00LS-REACTI-0CA208-SURV-PI101,216438.0,360.0,Régulation/Instrumentation,Systématique,4,182.0,,observée,182.0,30.2,0,0,0.0,Adéquat,182.0,182.0,193.0,193.0,0.0
SF01-PE-00LS-REACTI-0CA208-SURV-PI2081,216167.0,360.0,Régulation/Instrumentation,Systématique,3,167.5,,observée,167.5,14.5,2,0,0.0,Adéquat,167.5,167.5,209.0,209.0,0.0
SF01-PE-00LS-REACTI-0CA208-SURV-PI2082,216168.0,360.0,Régulation/Instrumentation,Systématique,4,111.7,,observée,111.7,71.3,1,0,0.0,Adéquat,111.7,111.7,314.0,314.0,0.0
SF01-PE-00LS-REACTI-0CA208-SURV-PI2083,216169.0,360.0,Régulation/Instrumentation,Systématique,3,167.5,,observée,167.5,14.5,1,0,0.0,Adéquat,167.5,167.5,209.0,209.0,0.0
SF01-PE-00LS-REACTI-0CA208-SURV-PI2084,216170.0,360.0,Régulation/Instrumentation,Systématique,4,111.7,,observée,111.7,71.3,1,0,0.0,Adéquat,111.7,111.7,314.0,314.0,0.0
SF01-PE-00LS-REACTI-0CA208-SURV-PT101,216113.0,360.0,Régulation/Instrumentation,Systématique,7,91.0,,observée,91.0,33.2,1,1,0.17,Insuffisant,91.0,63.7,1903.0,1634.0,269.0
SF01-PE-00LS-REACTI-0CA208-SURV-TI105,216050.0,360.0,Régulation/Instrumentation,Systématique,7,91.0,,observée,91.0,33.6,2,1,0.17,Insuffisant,91.0,63.7,1903.0,1634.0,269.0
SF01-PE-00LS-REACTI-0CA208-SURV-TI107,216051.0,360.0,Régulation/Instrumentation,Systématique,4,182.0,,observée,182.0,102.9,1,1,0.33,Insuffisant,182.0,127.4,1666.0,1327.0,338.0
SF01-PE-00LS-REACTI-0HA042,54768.0,310.0,Mécanique,Inspection,11,46.2,730.0,observée,46.2,49.3,57,8,0.8,Insuffisant,46.2,32.3,14829.0,11134.0,3695.0
SF01-PE-00LS-REACTI-0HA042,54769.0,360.0,Mécanique,Systématique,4,120.0,730.0,observée,120.0,84.1,57,2,0.67,Insuffisant,120.0,84.0,4829.0,3658.0,1171.0
SF01-PE-00LS-REACTI-0HA042,54770.0,350.0,Mécanique,Graissage,111,7.0,730.0,observée,7.0,1.2,57,30,0.27,Insuffisant,7.0,4.9,36349.0,29540.0,6809.0
SF01-PE-00LS-REACTI-0HA042,55510.0,360.0,Mécanique,Systématique,3,266.5,730.0,observée,266.5,172.5,57,1,0.5,Insuffisant,266.5,186.5,1656.0,1277.0,379.0
SF01-PE-00LS-REACTI-0HA042,55511.0,360.0,Mécanique,Systématique,3,151.0,730.0,observée,151.0,57.0,57,1,0.5,Insuffisant,151.0,105.7,2923.0,2253.0,669.0
SF01-PE-00LS-REACTI-0HA042,55515.0,360.0,Mécanique,Systématique,3,225.0,730.0,observée,225.0,224.0,57,1,0.5,Insuffisant,225.0,157.5,1961.0,1512.0,449.0
SF01-PE-00LS-REACTI-0HA042,55518.0,290.0,Mécanique,Inspection,78,7.7,730.0,observée,7.7,5.5,57,30,0.39,Insuffisant,7.7,5.4,45708.0,35900.0,9809.0
SF01-PE-00LS-REACTI-0HA042,55519.0,290.0,Mécanique,Inspection,12,48.7,730.0,observée,48.7,18.0,57,11,1.0,Insuffisant,48.7,34.1,17405.0,12946.0,4459.0
SF01-PE-00LS-REACTI-0HA042,55520.0,360.0,Mécanique,Systématique,12,49.1,730.0,observée,49.1,23.0,57,10,0.91,Insuffisant,49.1,34.4,15774.0,11777.0,3997.0
SF01-PE-00LS-REACTI-0HA042-ARDS,216416.0,360.0,Régulation/Instrumentation,Systématique,14,29.5,90.0,observée,29.5,18.2,1,1,0.08,Adéquat,29.5,29.5,3392.0,3392.0,0.0
SF01-PE-00LS-REACTI-0HA042-ARDS,216422.0,310.0,Régulation/Instrumentation,Inspection,5,85.0,365.0,observée,85.0,31.8,1,0,0.0,Adéquat,85.0,85.0,412.0,412.0,0.0
SF01-PE-00LS-REACTI-0HA042-SURV,216011.0,310.0,Régulation/Instrumentation,Inspection,57,6.8,30.0,observée,6.8,6.5,0,0,0.0,Trop fréquent,6.8,13.6,5154.0,2577.0,2577.0
SF01-PE-00LS-REACTI-0HA042-SURV,216013.0,360.0,Régulation/Instrumentation,Systématique,19,26.7,,observée,26.7,11.1,0,0,0.0,Adéquat,26.7,26.7,1313.0,1313.0,0.0
SF01-PE-00LS-REACTI-0HA042-SURV,216030.0,290.0,Régulation/Instrumentation,Inspection,49,7.1,30.0,observée,7.1,7.2,0,0,0.0,Trop fréquent,7.1,14.2,4936.0,2468.0,2468.0
SF01-PE-00LS-REACTI-0HB136,54815.0,360.0,Mécanique,Systématique,4,123.3,730.0,observée,123.3,108.8,12,2,0.67,Insuffisant,123.3,86.3,4700.0,3560.0,1140.0
SF01-PE-00LS-SACPHO-0VT104-SURV-FT121,216080.0,360.0,Régulation/Instrumentation,Systématique,7,91.0,,observée,91.0,33.2,0,0,0.0,Adéquat,91.0,91.0,385.0,385.0,0.0
SF01-PE-00LS-SACPHO-0VT104-SURV-FT700,216084.0,360.0,Régulation/Instrumentation,Systématique,7,91.0,,observée,91.0,32.7,1,1,0.17,Insuffisant,91.0,63.7,1903.0,1634.0,269.0
SF01-PE-00LS-SACPHO-0VT104-SURV-FV125,216186.0,360.0,Régulation/Instrumentation,Systématique,11,53.7,,observée,53.7,19.7,3,3,0.3,Insuffisant,53.7,37.6,5192.0,4175.0,1017.0
SF01-PE-00LS-SACPHO-0VT104-SURV-LIC2803,216096.0,360.0,Régulation/Instrumentation,Systématique,19,26.7,,observée,26.7,10.2,1,1,0.06,Adéquat,26.7,26.7,3139.0,3139.0,0.0
SF01-PE-00LS-SACPHO-0VT104-SURV-LV2803,216191.0,360.0,Régulation/Instrumentation,Systématique,11,53.7,,observée,53.7,20.0,1,1,0.1,Adéquat,53.7,53.7,2166.0,2166.0,0.0
SF01-PE-00LS-SACPHO-PC104C,200000002646.0,350.0,Mécanique,Graissage,69,7.0,730.0,observée,7.0,0.5,47,21,0.31,Insuffisant,7.0,4.9,40992.0,32856.0,8136.0
SF01-PE-00LS-SECHAG-0HB140,54913.0,310.0,Mécanique,Inspection,3,124.5,730.0,observée,124.5,30.5,144,1,0.5,Insuffisant,124.5,87.1,3545.0,2733.0,812.0
SF01-PE-00LS-SECHAG-0HB140,54941.0,360.0,Mécanique,Systématique,63,9.5,730.0,observée,9.5,15.1,144,29,0.47,Insuffisant,9.5,6.6,43891.0,33985.0,9905.0
SF01-PE-00LS-SECHAG-0HB140,54942.0,360.0,Mécanique,Systématique,4,120.0,730.0,observée,120.0,108.3,144,3,1.0,Insuffisant,120.0,84.0,7064.0,5254.0,1810.0
SF01-PE-00LS-SECHAG-0HB140,54944.0,350.0,Mécanique,Graissage,372,2.1,730.0,observée,2.1,1.6,144,80,0.22,Insuffisant,2.1,1.5,101816.0,84646.0,17170.0
SF01-PE-00LS-SECHAG-0HB140,54945.0,350.0,Mécanique,Graissage,107,7.3,730.0,observée,7.3,3.6,144,49,0.46,Insuffisant,7.3,5.1,56005.0,43432.0,12572.0
SF01-PE-00LS-SECHAG-0HB140,54946.0,350.0,Mécanique,Graissage,51,15.0,730.0,observée,15.0,1.1,144,36,0.72,Insuffisant,15.0,10.5,41340.0,31198.0,10143.0
SF01-PE-00LS-SECHAG-0HB140,54947.0,350.0,Mécanique,Graissage,14,53.3,730.0,observée,53.3,12.1,144,11,0.85,Insuffisant,53.3,37.3,13616.0,10195.0,3421.0
SF01-PE-00LS-SECHAG-0HB140,54948.0,350.0,Mécanique,Graissage,14,53.3,730.0,observée,53.3,12.1,144,11,0.85,Insuffisant,53.3,37.3,13616.0,10195.0,3421.0
SF01-PE-00LS-SECHAG-0HB140,54949.0,350.0,Mécanique,Graissage,14,53.3,730.0,observée,53.3,12.2,144,11,0.85,Insuffisant,53.3,37.3,13616.0,10195.0,3421.0
SF01-PE-00LS-SECHAG-0HB140,54950.0,350.0,Mécanique,Graissage,363,2.1,730.0,observée,2.1,1.7,144,80,0.22,Insuffisant,2.1,1.5,101816.0,84646.0,17170.0
SF01-PE-00LS-SECHAG-0HB140,54951.0,310.0,Mécanique,Inspection,3,213.5,730.0,observée,213.5,119.5,144,2,1.0,Insuffisant,213.5,149.4,3970.0,2953.0,1017.0
SF01-PE-00LS-SECHAG-0HB140,54952.0,310.0,Mécanique,Inspection,3,213.5,730.0,observée,213.5,119.5,144,2,1.0,Insuffisant,213.5,149.4,3970.0,2953.0,1017.0
SF01-PE-00LS-SECHAG-0HB140-SURV-TI140,216052.0,360.0,Régulation/Instrumentation,Systématique,7,91.0,,observée,91.0,33.6,0,0,0.0,Adéquat,91.0,91.0,385.0,385.0,0.0
SF01-PE-00LS-SECHAG-0HC238,55258.0,360.0,Mécanique,Systématique,3,124.5,730.0,observée,124.5,30.5,8,1,0.5,Insuffisant,124.5,87.1,3545.0,2733.0,812.0
SF01-PE-00LS-SECHAG-0HC238,55265.0,310.0,Mécanique,Inspection,3,124.5,730.0,observée,124.5,30.5,8,1,0.5,Insuffisant,124.5,87.1,3545.0,2733.0,812.0
SF01-PE-00LS-SECHAG-0HC238,55269.0,360.0,Mécanique,Systématique,4,120.0,730.0,observée,120.0,108.3,8,2,0.67,Insuffisant,120.0,84.0,4829.0,3658.0,1171.0
SF01-PE-00LS-SECHAG-0HC238,55270.0,310.0,Mécanique,Inspection,10,26.1,730.0,observée,26.1,18.7,8,0,0.0,Adéquat,26.1,26.1,1343.0,1343.0,0.0
SF01-PE-00LS-SECHAG-0HC238,55270.0,350.0,Mécanique,Graissage,14,36.5,730.0,observée,36.5,26.7,8,3,0.23,Insuffisant,36.5,25.5,6081.0,5029.0,1051.0
SF01-PE-00LS-SECHAG-0HC238,55271.0,350.0,Mécanique,Graissage,107,7.3,730.0,observée,7.3,3.7,8,5,0.05,Adéquat,7.3,7.3,10366.0,10366.0,0.0
SF01-PE-00LS-SECHAG-0HC238-SURV-EDV2844,216177.0,360.0,Régulation/Instrumentation,Systématique,19,26.7,,observée,26.7,10.9,1,1,0.06,Adéquat,26.7,26.7,3139.0,3139.0,0.0
SF01-PE-00LS-TRANPF-0HA032,52250.0,290.0,Mécanique,Inspection,10,66.6,730.0,observée,66.6,68.8,84,7,0.78,Insuffisant,66.6,46.6,10043.0,7549.0,2494.0
SF01-PE-00LS-TRANPF-0HA032,54594.0,360.0,Mécanique,Systématique,3,271.5,730.0,observée,271.5,177.5,84,1,0.5,Insuffisant,271.5,190.0,1626.0,1253.0,372.0
SF01-PE-00LS-TRANPF-0HA032,54595.0,360.0,Mécanique,Systématique,3,271.5,730.0,observée,271.5,177.5,84,1,0.5,Insuffisant,271.5,190.0,1626.0,1253.0,372.0
SF01-PE-00LS-TRANPF-0HA032,54603.0,360.0,Mécanique,Systématique,3,271.5,730.0,observée,271.5,177.5,84,1,0.5,Insuffisant,271.5,190.0,1626.0,1253.0,372.0
SF01-PE-00LS-TRANPF-0HA032,54607.0,350.0,Mécanique,Graissage,27,27.8,730.0,observée,27.8,6.9,84,20,0.77,Insuffisant,27.8,19.5,23767.0,17877.0,5890.0
SF01-PE-00LS-TRANPF-0HA032,54608.0,350.0,Mécanique,Graissage,27,27.8,730.0,observée,27.8,6.9,84,20,0.77,Insuffisant,27.8,19.5,23767.0,17877.0,5890.0
SF01-PE-00LS-TRANPF-0HA032,54609.0,350.0,Mécanique,Graissage,27,27.8,730.0,observée,27.8,6.9,84,20,0.77,Insuffisant,27.8,19.5,23767.0,17877.0,5890.0
SF01-PE-00LS-TRANPF-0HA032,54610.0,350.0,Mécanique,Graissage,3,272.0,730.0,observée,272.0,61.0,84,2,1.0,Insuffisant,272.0,190.4,3116.0,2318.0,798.0
SF01-PE-00LS-TRANPF-0HA032,55496.0,360.0,Mécanique,Systématique,107,7.3,730.0,observée,7.3,2.0,84,47,0.44,Insuffisant,7.3,5.1,53778.0,41842.0,11936.0
SF01-PE-00LS-TRANPF-0HA032-SURV-ARRETURG,56968.0,290.0,Électrique,Inspection,9,45.5,90.0,observée,45.5,51.1,0,0,0.0,Adéquat,45.5,45.5,770.0,770.0,0.0
SF01-PE-00LS-TRANPF-0IA067,55422.0,310.0,Mécanique,Inspection,3,124.5,730.0,observée,124.5,30.5,60,1,0.5,Insuffisant,124.5,87.1,3545.0,2733.0,812.0
SF01-PE-00LS-TRANPF-0IA067,55426.0,310.0,Mécanique,Inspection,3,266.5,730.0,observée,266.5,172.5,60,1,0.5,Insuffisant,266.5,186.5,1656.0,1277.0,379.0
SF01-PE-00LS-TRANPF-0IA067,55427.0,310.0,Mécanique,Inspection,3,266.5,730.0,observée,266.5,172.5,60,1,0.5,Insuffisant,266.5,186.5,1656.0,1277.0,379.0
SF01-PE-00LS-TRANPF-0IA067,55429.0,360.0,Mécanique,Systématique,3,124.5,730.0,observée,124.5,30.5,60,1,0.5,Insuffisant,124.5,87.1,3545.0,2733.0,812.0
SF01-PE-00LS-TRANPF-0IA067,55430.0,360.0,Mécanique,Systématique,3,224.5,730.0,observée,224.5,128.5,60,2,1.0,Insuffisant,224.5,157.1,3776.0,2808.0,967.0
SF01-PE-00LS-TRANPF-0IA067,55431.0,350.0,Mécanique,Graissage,27,27.8,730.0,observée,27.8,6.9,60,17,0.65,Insuffisant,27.8,19.5,20260.0,15372.0,4888.0
SF01-PE-00LS-TRANPF-0IA067,55432.0,350.0,Mécanique,Graissage,27,27.8,730.0,observée,27.8,6.9,60,17,0.65,Insuffisant,27.8,19.5,20260.0,15372.0,4888.0
SF01-PE-00LS-TRANPF-0IA067,55433.0,350.0,Mécanique,Graissage,27,27.8,730.0,observée,27.8,6.9,60,17,0.65,Insuffisant,27.8,19.5,20260.0,15372.0,4888.0
SF01-PE-00LS-TRANPF-0IA067,55524.0,290.0,Mécanique,Inspection,78,7.7,730.0,observée,7.7,5.4,60,30,0.39,Insuffisant,7.7,5.4,45708.0,35900.0,9809.0
SF01-PE-00LS-TRANPF-0IA067-SURV-ARRETURG,56992.0,360.0,Électrique,Systématique,11,36.4,90.0,observée,36.4,39.2,0,0,0.0,Adéquat,36.4,36.4,963.0,963.0,0.0
SF01-PE-00LS-TRANPF-0IA067-SURV-EDV2840,216176.0,360.0,Régulation/Instrumentation,Systématique,19,26.7,,observée,26.7,10.3,1,1,0.06,Adéquat,26.7,26.7,3139.0,3139.0,0.0
SF01-PE-00LS-TRANPF-0IA067-W107,216245.0,360.0,Régulation/Instrumentation,Systématique,49,8.0,30.0,observée,8.0,7.0,2,1,0.02,Adéquat,8.0,8.0,6412.0,6412.0,0.0
SF01-PE-00LS-TRANPF-0IA067-W107,216356.0,360.0,Régulation/Instrumentation,Systématique,48,8.6,90.0,observée,8.6,8.8,2,1,0.02,Adéquat,8.6,8.6,5965.0,5965.0,0.0
SF01-PE-00LS-TRRECY-0HA034,54625.0,360.0,Mécanique,Systématique,3,266.5,730.0,observée,266.5,172.5,200,1,0.5,Insuffisant,266.5,186.5,1656.0,1277.0,379.0
SF01-PE-00LS-TRRECY-0HA034,54630.0,360.0,Mécanique,Systématique,3,124.5,730.0,observée,124.5,30.5,200,1,0.5,Insuffisant,124.5,87.1,3545.0,2733.0,812.0
SF01-PE-00LS-TRRECY-0HA034,54633.0,350.0,Mécanique,Graissage,106,7.1,730.0,observée,7.1,2.7,200,60,0.57,Insuffisant,7.1,5.0,70172.0,53648.0,16523.0
SF01-PE-00LS-TRRECY-0HA034,54634.0,350.0,Mécanique,Graissage,27,27.8,730.0,observée,27.8,6.8,200,20,0.77,Insuffisant,27.8,19.5,23767.0,17877.0,5890.0
SF01-PE-00LS-TRRECY-0HA034,54635.0,350.0,Mécanique,Graissage,106,7.1,730.0,observée,7.1,2.4,200,61,0.58,Insuffisant,7.1,5.0,71316.0,54466.0,16850.0
SF01-PE-00LS-TRRECY-0HA034,55498.0,360.0,Mécanique,Systématique,107,7.3,730.0,observée,7.3,1.9,200,64,0.6,Insuffisant,7.3,5.1,71588.0,54564.0,17025.0
SF01-PE-00LS-TRRECY-0HA034-SURV-ARRETURG,56970.0,290.0,Électrique,Inspection,9,45.5,90.0,observée,45.5,51.5,0,0,0.0,Adéquat,45.5,45.5,770.0,770.0,0.0
SF01-PE-00LS-TRRECY-0HA034-W106,216244.0,360.0,Régulation/Instrumentation,Systématique,50,7.8,30.0,observée,7.8,8.2,2,1,0.02,Adéquat,7.8,7.8,6577.0,6577.0,0.0
SF01-PE-00LS-TRRECY-0HA036,54665.0,360.0,Mécanique,Systématique,6,97.8,730.0,observée,97.8,71.9,161,5,1.0,Insuffisant,97.8,68.5,8667.0,6447.0,2220.0
SF01-PE-00LS-TRRECY-0HA036,54670.0,310.0,Mécanique,Inspection,3,224.5,730.0,observée,224.5,139.5,161,2,1.0,Insuffisant,224.5,157.1,3776.0,2808.0,967.0
SF01-PE-00LS-TRRECY-0HA036,54671.0,310.0,Mécanique,Inspection,3,124.5,730.0,observée,124.5,30.5,161,1,0.5,Insuffisant,124.5,87.1,3545.0,2733.0,812.0
SF01-PE-00LS-TRRECY-0HA036,54681.0,360.0,Mécanique,Systématique,3,271.5,730.0,observée,271.5,177.5,161,1,0.5,Insuffisant,271.5,190.0,1626.0,1253.0,372.0
SF01-PE-00LS-TRRECY-0HA036,54683.0,360.0,Mécanique,Systématique,4,123.3,730.0,observée,123.3,124.2,161,2,0.67,Insuffisant,123.3,86.3,4700.0,3560.0,1140.0
SF01-PE-00LS-TRRECY-0HA036,54684.0,290.0,Mécanique,Inspection,4,120.0,730.0,observée,120.0,80.0,161,3,1.0,Insuffisant,120.0,84.0,7064.0,5254.0,1810.0
SF01-PE-00LS-TRRECY-0HA036,54685.0,360.0,Mécanique,Systématique,4,120.0,730.0,observée,120.0,80.0,161,3,1.0,Insuffisant,120.0,84.0,7064.0,5254.0,1810.0
SF01-PE-00LS-TRRECY-0HA036,54686.0,360.0,Mécanique,Systématique,4,120.0,730.0,observée,120.0,108.3,161,3,1.0,Insuffisant,120.0,84.0,7064.0,5254.0,1810.0
SF01-PE-00LS-TRRECY-0HA036,54687.0,350.0,Mécanique,Graissage,107,7.3,730.0,observée,7.3,3.7,161,56,0.53,Insuffisant,7.3,5.1,63797.0,48998.0,14798.0
SF01-PE-00LS-TRRECY-0HA036,54688.0,350.0,Mécanique,Graissage,27,27.8,730.0,observée,27.8,6.8,161,20,0.77,Insuffisant,27.8,19.5,23767.0,17877.0,5890.0
SF01-PE-00LS-TRRECY-0HA036,54689.0,350.0,Mécanique,Graissage,27,27.8,730.0,observée,27.8,6.8,161,20,0.77,Insuffisant,27.8,19.5,23767.0,17877.0,5890.0
SF01-PE-00LS-TRRECY-0HA036,54692.0,350.0,Mécanique,Graissage,3,214.5,730.0,observée,214.5,118.5,161,2,1.0,Insuffisant,214.5,150.1,3952.0,2939.0,1012.0
SF01-PE-00LS-TRRECY-0HA036,56972.0,290.0,Mécanique,Inspection,401,1.5,730.0,observée,1.5,2.1,161,91,0.23,Insuffisant,1.5,1.0,147960.0,122374.0,25586.0
SF01-PE-00LS-TRRECY-0HA038,54720.0,360.0,Mécanique,Systématique,4,149.7,730.0,observée,149.7,149.5,124,3,1.0,Insuffisant,149.7,104.8,5662.0,4212.0,1451.0
SF01-PE-00LS-TRRECY-0HA038,54728.0,310.0,Mécanique,Inspection,3,224.5,730.0,observée,224.5,108.5,124,2,1.0,Insuffisant,224.5,157.1,3776.0,2808.0,967.0
SF01-PE-00LS-TRRECY-0HA038,54729.0,310.0,Mécanique,Inspection,3,166.5,730.0,observée,166.5,81.5,124,2,1.0,Insuffisant,166.5,116.5,5091.0,3787.0,1304.0
SF01-PE-00LS-TRRECY-0HA038,54730.0,310.0,Mécanique,Inspection,3,124.5,730.0,observée,124.5,30.5,124,1,0.5,Insuffisant,124.5,87.1,3545.0,2733.0,812.0
SF01-PE-00LS-TRRECY-0HA038,54735.0,360.0,Mécanique,Systématique,3,124.5,730.0,observée,124.5,30.5,124,1,0.5,Insuffisant,124.5,87.1,3545.0,2733.0,812.0
SF01-PE-00LS-TRRECY-0HA038,54738.0,360.0,Mécanique,Systématique,4,120.0,730.0,observée,120.0,124.9,124,3,1.0,Insuffisant,120.0,84.0,7064.0,5254.0,1810.0
SF01-PE-00LS-TRRECY-0HA038,54739.0,290.0,Mécanique,Inspection,4,120.0,730.0,observée,120.0,80.0,124,3,1.0,Insuffisant,120.0,84.0,7064.0,5254.0,1810.0
SF01-PE-00LS-TRRECY-0HA038,54740.0,290.0,Mécanique,Inspection,4,120.0,730.0,observée,120.0,108.3,124,3,1.0,Insuffisant,120.0,84.0,7064.0,5254.0,1810.0
SF01-PE-00LS-TRRECY-0HA038,54741.0,350.0,Mécanique,Graissage,107,7.3,730.0,observée,7.3,3.7,124,54,0.51,Insuffisant,7.3,5.1,61570.0,47408.0,14162.0
SF01-PE-00LS-TRRECY-0HA038,54742.0,350.0,Mécanique,Graissage,27,27.8,730.0,observée,27.8,6.8,124,20,0.77,Insuffisant,27.8,19.5,23767.0,17877.0,5890.0
SF01-PE-00LS-TRRECY-0HA038,54743.0,350.0,Mécanique,Graissage,27,27.8,730.0,observée,27.8,6.8,124,20,0.77,Insuffisant,27.8,19.5,23767.0,17877.0,5890.0
SF01-PE-00LS-TRRECY-0HA038,54745.0,310.0,Mécanique,Inspection,3,213.5,730.0,observée,213.5,119.5,124,2,1.0,Insuffisant,213.5,149.4,3970.0,2953.0,1017.0
SF01-PE-00LS-TRRECY-0HA038,56974.0,360.0,Mécanique,Systématique,443,1.4,730.0,observée,1.4,1.4,124,82,0.19,Insuffisant,1.4,1.0,135312.0,114531.0,20780.0
SF01-PE-00LS-TRRECY-0HA048,54794.0,360.0,Mécanique,Systématique,3,271.5,730.0,observée,271.5,177.5,36,1,0.5,Insuffisant,271.5,190.0,1626.0,1253.0,372.0
SF01-PE-00LS-TRRECY-0HA048,54798.0,360.0,Mécanique,Systématique,3,266.5,730.0,observée,266.5,172.5,36,1,0.5,Insuffisant,266.5,186.5,1656.0,1277.0,379.0
SF01-PE-00LS-TRRECY-0HA048,54799.0,310.0,Mécanique,Inspection,3,271.5,730.0,observée,271.5,177.5,36,1,0.5,Insuffisant,271.5,190.0,1626.0,1253.0,372.0
SF01-PE-00LS-TRRECY-0HA048,54803.0,310.0,Mécanique,Inspection,3,124.5,730.0,observée,124.5,30.5,36,1,0.5,Insuffisant,124.5,87.1,3545.0,2733.0,812.0
SF01-PE-00LS-TRRECY-0HA048,54806.0,360.0,Mécanique,Systématique,3,124.5,730.0,observée,124.5,30.5,36,1,0.5,Insuffisant,124.5,87.1,3545.0,2733.0,812.0
SF01-PE-00LS-TRRECY-0HA048,54810.0,360.0,Mécanique,Systématique,7,75.0,730.0,observée,75.0,50.3,36,6,1.0,Insuffisant,75.0,52.5,11302.0,8406.0,2895.0
SF01-PE-00LS-TRRECY-0HA048,54811.0,350.0,Mécanique,Graissage,27,27.8,730.0,observée,27.8,6.9,36,14,0.54,Insuffisant,27.8,19.5,17045.0,13075.0,3969.0
SF01-PE-00LS-TRRECY-0HA048,54812.0,350.0,Mécanique,Graissage,27,27.8,730.0,observée,27.8,6.9,36,14,0.54,Insuffisant,27.8,19.5,17045.0,13075.0,3969.0
SF01-PE-00LS-TRRECY-0HA048,54813.0,350.0,Mécanique,Graissage,27,27.8,730.0,observée,27.8,6.9,36,14,0.54,Insuffisant,27.8,19.5,17045.0,13075.0,3969.0
SF01-PE-00LS-TRRECY-0HA048,55522.0,360.0,Mécanique,Systématique,107,7.3,730.0,observée,7.3,2.0,36,26,0.25,Insuffisant,7.3,5.1,32629.0,26735.0,5893.0
SF01-PE-00LS-TRRECY-0HA048-SURV-ARRETURG,56977.0,290.0,Électrique,Inspection,9,45.5,90.0,observée,45.5,51.9,1,1,0.12,Adéquat,45.5,45.5,2913.0,2913.0,0.0
SF01-PE-BATI-SLAGHF,216048.0,290.0,Régulation/Instrumentation,Inspection,48,7.3,30.0,observée,7.3,7.2,1,1,0.02,Adéquat,7.3,7.3,7027.0,7027.0,0.0
SF01-PE-BATI-SLAGHF,216414.0,360.0,Régulation/Instrumentation,Systématique,51,7.2,,observée,7.2,6.5,1,1,0.02,Adéquat,7.2,7.2,7125.0,7125.0,0.0
SF01-PE-BATI-SLTECH,216413.0,360.0,Régulation/Instrumentation,Systématique,50,7.4,,observée,7.4,6.9,0,0,0.0,Trop fréquent,7.4,14.8,4736.0,2368.0,2368.0
SF01-PE-BATI-SLTECH-DCSTSP,215987.0,290.0,Régulation/Instrumentation,Inspection,48,7.3,30.0,observée,7.3,7.2,5,1,0.02,Adéquat,7.3,7.3,7027.0,7027.0,0.0
SF01-PE-BATI-SLTECH-DCSTSP,215987.0,310.0,Régulation/Instrumentation,Inspection,6,6.6,30.0,observée,6.6,1.0,5,0,0.0,Trop fréquent,6.6,13.2,5310.0,2655.0,2655.0
SF01-PE-BATI-SLTECH-DCSTSP,215988.0,360.0,Régulation/Instrumentation,Systématique,19,26.7,,observée,26.7,10.4,5,1,0.06,Adéquat,26.7,26.7,3139.0,3139.0,0.0
SF01-PE-COMM-TRANPF-0IA025,200000002633.0,350.0,Mécanique,Graissage,17,28.0,730.0,observée,28.0,0.0,39,13,0.81,Insuffisant,28.0,19.6,24759.0,18579.0,6180.0
SF01-PE-COMM-TRANPF-0IA025,200000004305.0,290.0,Mécanique,Inspection,46,7.0,730.0,observée,7.0,0.7,39,14,0.31,Insuffisant,7.0,4.9,40992.0,32856.0,8136.0
SF01-PE-COMM-TRANPF-0IA025,200000004305.0,310.0,Mécanique,Inspection,11,7.0,730.0,observée,7.0,0.6,39,3,0.3,Insuffisant,7.0,4.9,39832.0,32027.0,7804.0
SF01-PE-COMM-TRANPF-0IA026,200000002634.0,350.0,Mécanique,Graissage,17,28.0,730.0,observée,28.0,0.0,25,10,0.62,Insuffisant,28.0,19.6,19245.0,14640.0,4604.0
SF01-PE-COMM-TRANPF-0IA026,200000004304.0,290.0,Mécanique,Inspection,46,7.0,730.0,observée,7.0,0.7,25,7,0.16,Insuffisant,7.0,4.9,23580.0,20419.0,3161.0
SF01-PE-COMM-TRANPF-0IA026,200000004304.0,310.0,Mécanique,Inspection,10,7.8,730.0,observée,7.8,5.4,25,3,0.33,Insuffisant,7.8,5.5,38872.0,30975.0,7897.0
SF01-PE-COMM-TRANPF-0IA027,200000002635.0,350.0,Mécanique,Graissage,13,28.0,730.0,observée,28.0,0.0,29,9,0.75,Insuffisant,28.0,19.6,23017.0,17335.0,5682.0
SF01-PE-COMM-TRANPF-0IA027,200000004275.0,290.0,Mécanique,Inspection,46,7.0,730.0,observée,7.0,0.9,29,12,0.27,Insuffisant,7.0,4.9,36349.0,29540.0,6809.0
SF01-PE-COMM-TRANPF-0IA027,200000004275.0,310.0,Mécanique,Inspection,11,7.1,730.0,observée,7.1,0.7,29,6,0.6,Insuffisant,7.1,5.0,73605.0,56101.0,17504.0
SF01-PE-COMM-TRANPF-0IA028,200000002636.0,350.0,Mécanique,Graissage,13,28.0,730.0,observée,28.0,0.0,22,7,0.58,Insuffisant,28.0,19.6,18084.0,13811.0,4273.0
SF01-PE-COMM-TRANPF-0IA028,200000004276.0,290.0,Mécanique,Inspection,46,7.0,730.0,observée,7.0,0.9,22,11,0.24,Insuffisant,7.0,4.9,32866.0,27052.0,5814.0
SF01-PE-COMM-TRANPF-0IA028,200000004276.0,310.0,Mécanique,Inspection,10,7.9,730.0,observée,7.9,5.1,22,4,0.44,Insuffisant,7.9,5.5,49694.0,38664.0,11030.0
SF01-PE-COMM-TRANPF-0IA030,200000002552.0,350.0,Mécanique,Graissage,17,28.0,730.0,observée,28.0,0.0,34,9,0.56,Insuffisant,28.0,19.6,17503.0,13396.0,4107.0
SF01-PE-COMM-TRANPF-0IA030,200000004307.0,310.0,Mécanique,Inspection,56,7.1,730.0,observée,7.1,2.3,34,16,0.29,Insuffisant,7.1,5.0,38126.0,30759.0,7367.0
SF01-PE-COMM-TRANPF-0IA031,200000002553.0,350.0,Mécanique,Graissage,17,28.0,730.0,observée,28.0,0.0,21,8,0.5,Insuffisant,28.0,19.6,15762.0,12153.0,3609.0
SF01-PE-COMM-TRANPF-0IA031,200000004308.0,290.0,Mécanique,Inspection,46,7.0,730.0,observée,7.0,0.9,21,9,0.2,Insuffisant,7.0,4.9,28223.0,23735.0,4488.0
SF01-PE-COMM-TRANPF-0IA031,200000004308.0,310.0,Mécanique,Inspection,11,7.0,730.0,observée,7.0,0.8,21,2,0.2,Insuffisant,7.0,4.9,28223.0,23735.0,4488.0
SF01-PE-COMM-TRANPF-0IA032,200000002554.0,350.0,Mécanique,Graissage,17,28.0,730.0,observée,28.0,0.0,21,9,0.56,Insuffisant,28.0,19.6,17503.0,13396.0,4107.0
SF01-PE-COMM-TRANPF-0IA032,200000004277.0,290.0,Mécanique,Inspection,46,7.0,730.0,observée,7.0,0.7,21,9,0.2,Insuffisant,7.0,4.9,28223.0,23735.0,4488.0
SF01-PE-COMM-TRANPF-0IA032,200000004277.0,310.0,Mécanique,Inspection,10,7.9,730.0,observée,7.9,5.0,21,5,0.56,Insuffisant,7.9,5.5,62037.0,47481.0,14556.0
SF01-PE-COMM-TRANPF-0IA033,200000002555.0,350.0,Mécanique,Graissage,17,28.0,730.0,observée,28.0,0.0,37,14,0.88,Insuffisant,28.0,19.6,26790.0,20030.0,6760.0
SF01-PE-COMM-TRANPF-0IA033,200000004339.0,310.0,Mécanique,Inspection,57,7.0,730.0,observée,7.0,0.7,37,22,0.39,Insuffisant,7.0,4.9,50279.0,39490.0,10789.0
SF01-PE-COMM-TRANPF-0IA051,200000000590.0,350.0,Mécanique,Graissage,79,7.0,730.0,observée,7.0,2.0,39,27,0.35,Insuffisant,7.0,4.9,45636.0,36173.0,9463.0
SF01-PE-COMM-TRANPF-0IA051,200000004348.0,290.0,Mécanique,Inspection,57,7.0,730.0,observée,7.0,0.8,39,20,0.36,Insuffisant,7.0,4.9,46797.0,37002.0,9794.0
SF01-PE-COMM-TRANPF-0IA054,200000000574.0,350.0,Mécanique,Graissage,37,15.0,730.0,observée,15.0,3.3,19,14,0.39,Insuffisant,15.0,10.5,23464.0,18428.0,5035.0
SF01-PE-COMM-TRANPF-0IA054,200000004335.0,290.0,Mécanique,Inspection,57,7.0,730.0,observée,7.0,0.8,19,9,0.16,Insuffisant,7.0,4.9,23580.0,20419.0,3161.0
SF01-PE-COMM-TRANPF-0IA055,200000000583.0,350.0,Mécanique,Graissage,37,15.0,730.0,observée,15.0,3.2,11,8,0.22,Insuffisant,15.0,10.5,14254.0,11850.0,2404.0
SF01-PE-COMM-TRANPF-0IA055,200000004347.0,290.0,Mécanique,Inspection,57,7.0,730.0,observée,7.0,0.8,11,4,0.07,Adéquat,7.0,7.0,13132.0,13132.0,0.0
SF01-PE-COMM-TRP2O5-0000E7,54452.0,290.0,Mécanique,Inspection,79,7.6,730.0,observée,7.6,5.9,31,18,0.23,Insuffisant,7.6,5.3,29203.0,24153.0,5050.0
SF01-PE-COMM-TRP2O5-0000E7,54453.0,350.0,Mécanique,Graissage,51,15.0,730.0,observée,15.0,0.7,31,16,0.32,Insuffisant,15.0,10.5,19671.0,15720.0,3952.0
SF01-PE-COMM-TRP2O5-0000E7,55446.0,360.0,Mécanique,Systématique,4,152.0,730.0,observée,152.0,99.7,31,2,0.67,Insuffisant,152.0,106.4,3812.0,2888.0,925.0
SF01-PE-COMM-TRP2O5-0000E7,55449.0,310.0,Mécanique,Inspection,3,124.5,730.0,observée,124.5,30.5,31,1,0.5,Insuffisant,124.5,87.1,3545.0,2733.0,812.0
SF01-PE-COMM-TRP2O5-0000E7,55453.0,360.0,Mécanique,Systématique,3,124.5,730.0,observée,124.5,30.5,31,1,0.5,Insuffisant,124.5,87.1,3545.0,2733.0,812.0
SF01-PE-COMM-TRP2O5-0000E7,55454.0,360.0,Mécanique,Systématique,21,28.7,730.0,observée,28.7,10.5,31,12,0.6,Insuffisant,28.7,20.1,18209.0,13879.0,4330.0
SF01-PE-COMM-TRP2O5-0000R6,55479.0,360.0,Mécanique,Systématique,3,228.0,730.0,observée,228.0,216.0,7,1,0.5,Insuffisant,228.0,159.6,1936.0,1492.0,443.0
SF01-PE-COMM-TRP2O5-0000R6,55483.0,360.0,Mécanique,Systématique,3,166.5,730.0,observée,166.5,165.5,7,1,0.5,Insuffisant,166.5,116.5,2651.0,2044.0,607.0
SF01-PE-COMM-TRP2O5-0000R6,55490.0,360.0,Mécanique,Systématique,3,124.5,730.0,observée,124.5,30.5,7,1,0.5,Insuffisant,124.5,87.1,3545.0,2733.0,812.0
SF01-PE-COMM-TRP2O5-0000R6,55493.0,350.0,Mécanique,Graissage,51,15.0,730.0,observée,15.0,2.7,7,4,0.08,Adéquat,15.0,15.0,6670.0,6670.0,0.0
SF01-PE-COMM-TRP2O5-0000R6-SURV-VD300T,216179.0,360.0,Régulation/Instrumentation,Systématique,19,26.7,,observée,26.7,11.9,0,0,0.0,Adéquat,26.7,26.7,1313.0,1313.0,0.0
SF01-PE-COMM-TRP2O5-0000R8,55460.0,310.0,Mécanique,Inspection,3,124.5,730.0,observée,124.5,30.5,7,1,0.5,Insuffisant,124.5,87.1,3545.0,2733.0,812.0
SF01-PE-COMM-TRP2O5-0000R8,55465.0,360.0,Mécanique,Systématique,3,228.0,730.0,observée,228.0,216.0,7,1,0.5,Insuffisant,228.0,159.6,1936.0,1492.0,443.0
SF01-PE-COMM-TRP2O5-0000R8,55466.0,310.0,Mécanique,Inspection,3,228.0,730.0,observée,228.0,105.0,7,2,1.0,Insuffisant,228.0,159.6,3718.0,2765.0,952.0
SF01-PE-COMM-TRP2O5-0000R8,55473.0,360.0,Mécanique,Systématique,3,180.0,730.0,observée,180.0,121.0,7,2,1.0,Insuffisant,180.0,126.0,4709.0,3503.0,1206.0
SF01-PE-COMM-TRP2O5-0000R8,55474.0,360.0,Mécanique,Systématique,4,180.0,730.0,observée,180.0,0.0,7,2,0.67,Insuffisant,180.0,126.0,3219.0,2439.0,781.0
SF01-PE-COMM-TRP2O5-0000R8,55494.0,350.0,Mécanique,Graissage,51,15.0,730.0,observée,15.0,2.7,7,5,0.1,Adéquat,15.0,15.0,7754.0,7754.0,0.0
SF01-PE-COMM-TRP2O5-HA026A,54406.0,360.0,Mécanique,Systématique,3,228.0,730.0,observée,228.0,216.0,9,1,0.5,Insuffisant,228.0,159.6,1936.0,1492.0,443.0
SF01-PE-COMM-TRP2O5-HA026A,54415.0,360.0,Mécanique,Systématique,3,180.0,730.0,observée,180.0,153.0,9,1,0.5,Insuffisant,180.0,126.0,2452.0,1890.0,561.0
SF01-PE-COMM-TRP2O5-HA026A,54417.0,310.0,Mécanique,Inspection,3,124.5,730.0,observée,124.5,30.5,9,1,0.5,Insuffisant,124.5,87.1,3545.0,2733.0,812.0
SF01-PE-COMM-TRP2O5-HA026A,54481.0,350.0,Mécanique,Graissage,51,15.0,730.0,observée,15.0,0.7,9,7,0.14,Adéquat,15.0,15.0,9920.0,9920.0,0.0
SF01-PE-COMM-TRP2O5-HA026B,54484.0,360.0,Mécanique,Systématique,4,122.0,730.0,observée,122.0,84.5,13,3,1.0,Insuffisant,122.0,85.4,6948.0,5168.0,1780.0
SF01-PE-COMM-TRP2O5-HA026B,54490.0,310.0,Mécanique,Inspection,3,124.5,730.0,observée,124.5,30.5,13,1,0.5,Insuffisant,124.5,87.1,3545.0,2733.0,812.0
SF01-PE-COMM-TRP2O5-HA026B,54494.0,290.0,Mécanique,Inspection,77,7.7,730.0,observée,7.7,6.0,13,12,0.16,Insuffisant,7.7,5.4,21436.0,18563.0,2874.0
SF01-PE-COMM-TRP2O5-HA026B,54495.0,350.0,Mécanique,Graissage,51,15.0,730.0,observée,15.0,0.6,13,11,0.22,Insuffisant,15.0,10.5,14254.0,11850.0,2404.0
SF01-PE-EXPF,52516.0,360.0,Mécanique,Systématique,21,28.5,730.0,observée,28.5,8.6,12,7,0.35,Insuffisant,28.5,19.9,11209.0,8885.0,2324.0
SF01-PE-EXPF,55686.0,310.0,Mécanique,Inspection,6,23.8,730.0,observée,23.8,9.5,12,1,0.2,Insuffisant,23.8,16.7,8301.0,6981.0,1320.0
SF01-PE-EXPF,55686.0,350.0,Mécanique,Graissage,16,27.9,730.0,observée,27.9,6.3,12,5,0.33,Insuffisant,27.9,19.5,10867.0,8660.0,2208.0
SF01-PE-EXPF,216354.0,310.0,Régulation/Instrumentation,Inspection,5,11.8,60.0,observée,11.8,3.9,12,1,0.25,Insuffisant,11.8,8.3,20186.0,16540.0,3646.0
SF01-PE-EXPF,200000012452.0,360.0,Mécanique,Systématique,10,9.6,730.0,observée,9.6,7.5,12,2,0.22,Insuffisant,9.6,6.7,22272.0,18516.0,3756.0
SF01-PE-EXPF,200000012453.0,360.0,Mécanique,Systématique,13,7.1,730.0,observée,7.1,2.1,12,2,0.17,Insuffisant,7.1,5.0,24392.0,20949.0,3444.0
SF01-PE-EXPF,200000012454.0,360.0,Mécanique,Systématique,9,9.9,730.0,observée,9.9,7.8,12,2,0.25,Insuffisant,9.9,6.9,24060.0,19714.0,4346.0
SF01-PE-EXPF,200000012455.0,360.0,Mécanique,Systématique,9,9.9,730.0,observée,9.9,7.8,12,2,0.25,Insuffisant,9.9,6.9,24060.0,19714.0,4346.0
SF01-PE-EXPF,200000012459.0,360.0,Mécanique,Systématique,10,9.6,730.0,observée,9.6,7.5,12,2,0.22,Insuffisant,9.6,6.7,22272.0,18516.0,3756.0
SF01-PE-EXPF,200000012460.0,360.0,Mécanique,Systématique,13,7.1,730.0,observée,7.1,2.1,12,2,0.17,Insuffisant,7.1,5.0,24392.0,20949.0,3444.0
SF01-PE-EXPF,200000012461.0,360.0,Mécanique,Systématique,9,9.9,730.0,observée,9.9,7.8,12,2,0.25,Insuffisant,9.9,6.9,24060.0,19714.0,4346.0
SF01-PE-EXPF,200000012462.0,360.0,Mécanique,Systématique,9,9.9,730.0,observée,9.9,7.8,12,2,0.25,Insuffisant,9.9,6.9,24060.0,19714.0,4346.0
SF01-PE-EXPF,200000012470.0,360.0,Mécanique,Systématique,10,9.6,730.0,observée,9.6,7.5,12,2,0.22,Insuffisant,9.6,6.7,22272.0,18516.0,3756.0
SF01-PE-EXPF,200000012471.0,360.0,Mécanique,Systématique,13,7.1,730.0,observée,7.1,2.1,12,2,0.17,Insuffisant,7.1,5.0,24392.0,20949.0,3444.0
SF01-PE-EXPF,200000012472.0,360.0,Mécanique,Systématique,9,9.9,730.0,observée,9.9,7.8,12,2,0.25,Insuffisant,9.9,6.9,24060.0,19714.0,4346.0
SF01-PE-EXPF,200000012473.0,360.0,Mécanique,Systématique,9,9.9,730.0,observée,9.9,7.8,12,2,0.25,Insuffisant,9.9,6.9,24060.0,19714.0,4346.0
SF01-PE-EXPF,200000012485.0,360.0,Mécanique,Systématique,10,9.6,730.0,observée,9.6,7.5,12,2,0.22,Insuffisant,9.6,6.7,22272.0,18516.0,3756.0
SF01-PE-EXPF,200000012487.0,360.0,Mécanique,Systématique,9,9.9,730.0,observée,9.9,7.8,12,2,0.25,Insuffisant,9.9,6.9,24060.0,19714.0,4346.0
SF01-PE-EXPF,200000012488.0,360.0,Mécanique,Systématique,9,9.9,730.0,observée,9.9,7.8,12,2,0.25,Insuffisant,9.9,6.9,24060.0,19714.0,4346.0
SF01-PE-EXPF-00REXI-0IA038,55369.0,360.0,Mécanique,Systématique,91,8.5,730.0,observée,8.5,6.9,31,19,0.21,Insuffisant,8.5,5.9,24199.0,20230.0,3969.0
SF01-PE-EXPF-00REXI-0IA038,55370.0,350.0,Mécanique,Graissage,26,30.0,730.0,observée,30.0,7.6,31,15,0.6,Insuffisant,30.0,21.0,17420.0,13277.0,4143.0
SF01-PE-EXPF-00REXI-0IA038,200000000558.0,350.0,Mécanique,Graissage,37,15.1,730.0,observée,15.1,3.2,31,16,0.44,Insuffisant,15.1,10.6,25999.0,20228.0,5770.0
SF01-PE-EXPF-00REXI-0IA038-SURV-ARRETUR,56980.0,290.0,Électrique,Inspection,12,33.1,90.0,observée,33.1,25.7,0,0,0.0,Adéquat,33.1,33.1,1059.0,1059.0,0.0
SF01-PE-EXPF-00REXI-0IA039,55371.0,350.0,Mécanique,Graissage,26,30.0,730.0,observée,30.0,7.6,54,13,0.52,Insuffisant,30.0,21.0,15253.0,11729.0,3524.0
SF01-PE-EXPF-00REXI-0IA039,55372.0,360.0,Mécanique,Systématique,91,8.5,730.0,observée,8.5,6.8,54,21,0.23,Insuffisant,8.5,5.9,26111.0,21595.0,4515.0
SF01-PE-EXPF-00REXI-0IA039,200000000548.0,350.0,Mécanique,Graissage,37,15.1,730.0,observée,15.1,3.1,54,17,0.47,Insuffisant,15.1,10.6,27613.0,21382.0,6232.0
SF01-PE-EXPF-00REXI-0IA039-SURV-ARRETUR,56981.0,360.0,Électrique,Systématique,12,33.1,90.0,observée,33.1,25.6,0,0,0.0,Adéquat,33.1,33.1,1059.0,1059.0,0.0
SF01-PE-EXPF-00REXI-0IA040,55373.0,360.0,Mécanique,Systématique,91,8.5,730.0,observée,8.5,6.9,30,23,0.26,Insuffisant,8.5,5.9,28978.0,23644.0,5335.0
SF01-PE-EXPF-00REXI-0IA040,55374.0,350.0,Mécanique,Graissage,26,30.0,730.0,observée,30.0,7.5,30,15,0.6,Insuffisant,30.0,21.0,17420.0,13277.0,4143.0
SF01-PE-EXPF-00REXI-0IA040,200000000579.0,350.0,Mécanique,Graissage,37,15.1,730.0,observée,15.1,3.2,30,20,0.56,Insuffisant,15.1,10.6,32456.0,24841.0,7615.0
SF01-PE-EXPF-00REXI-0IA040-SURV-ARRETUR,56982.0,290.0,Électrique,Inspection,12,33.1,90.0,observée,33.1,25.7,0,0,0.0,Adéquat,33.1,33.1,1059.0,1059.0,0.0
SF01-PE-EXPF-00REXI-0IA040-W040,216241.0,360.0,Régulation/Instrumentation,Systématique,20,19.6,60.0,observée,19.6,20.1,0,0,0.0,Trop fréquent,19.6,39.2,1788.0,894.0,894.0
SF01-PE-EXPF-00REXI-0IA041,55375.0,350.0,Mécanique,Graissage,26,30.0,730.0,observée,30.0,7.5,25,14,0.56,Insuffisant,30.0,21.0,16336.0,12503.0,3833.0
SF01-PE-EXPF-00REXI-0IA041,56983.0,360.0,Mécanique,Systématique,149,4.0,730.0,observée,4.0,4.8,25,21,0.14,Adéquat,4.0,4.0,37202.0,37202.0,0.0
SF01-PE-EXPF-00REXI-0IA041,200000000527.0,290.0,Mécanique,Inspection,101,3.5,730.0,observée,3.5,3.1,25,11,0.11,Adéquat,3.5,3.5,35551.0,35551.0,0.0
SF01-PE-EXPF-00REXI-0IA041,200000000527.0,310.0,Mécanique,Inspection,69,3.4,730.0,observée,3.4,2.1,25,10,0.15,Adéquat,3.4,3.4,46157.0,46157.0,0.0
SF01-PE-EXPF-00REXI-0IA041,200000000580.0,350.0,Mécanique,Graissage,79,7.0,730.0,observée,7.0,1.7,25,17,0.22,Insuffisant,7.0,4.9,30545.0,25394.0,5151.0
SF01-PE-EXPF-00REXI-0IA042,55376.0,360.0,Mécanique,Systématique,24,24.8,730.0,observée,24.8,14.2,8,5,0.22,Insuffisant,24.8,17.4,8622.0,7168.0,1454.0
SF01-PE-EXPF-00REXI-0IA042,55377.0,350.0,Mécanique,Graissage,29,27.0,730.0,observée,27.0,11.1,8,4,0.14,Adéquat,27.0,27.0,5511.0,5511.0,0.0
SF01-PE-EXPF-00REXI-0IA042,200000000601.0,350.0,Mécanique,Graissage,79,7.0,730.0,observée,7.0,1.7,8,5,0.06,Adéquat,7.0,7.0,11971.0,11971.0,0.0
SF01-PE-EXPF-00REXI-0IA043,200000000586.0,350.0,Mécanique,Graissage,79,7.0,730.0,observée,7.0,1.7,8,6,0.08,Adéquat,7.0,7.0,14293.0,14293.0,0.0
SF01-PE-EXPF-00REXI-0IA046,55379.0,360.0,Mécanique,Systématique,7,94.3,730.0,observée,94.3,60.2,27,5,0.83,Insuffisant,94.3,66.0,7524.0,5640.0,1884.0
SF01-PE-EXPF-00REXI-0IA046,55384.0,360.0,Mécanique,Systématique,3,124.5,730.0,observée,124.5,30.5,27,1,0.5,Insuffisant,124.5,87.1,3545.0,2733.0,812.0
SF01-PE-EXPF-00REXI-0IA046,55393.0,350.0,Mécanique,Graissage,26,30.0,730.0,observée,30.0,7.5,27,11,0.44,Insuffisant,30.0,21.0,13086.0,10182.0,2904.0
SF01-PE-EXPF-00REXI-0IA046,56984.0,360.0,Mécanique,Systématique,150,4.0,730.0,observée,4.0,4.7,27,16,0.11,Adéquat,4.0,4.0,31107.0,31107.0,0.0
SF01-PE-EXPF-00REXI-0IA046,200000000534.0,290.0,Mécanique,Inspection,101,3.5,730.0,observée,3.5,3.1,27,8,0.08,Adéquat,3.5,3.5,28586.0,28586.0,0.0
SF01-PE-EXPF-00REXI-0IA046,200000000534.0,310.0,Mécanique,Inspection,69,3.4,730.0,observée,3.4,2.1,27,9,0.13,Adéquat,3.4,3.4,41377.0,41377.0,0.0
SF01-PE-EXPF-00REXI-0IA046,200000000589.0,350.0,Mécanique,Graissage,79,7.0,730.0,observée,7.0,1.7,27,16,0.21,Insuffisant,7.0,4.9,29384.0,24565.0,4819.0
SF01-PE-EXPF-00REXI-0IA052,55394.0,360.0,Mécanique,Systématique,91,8.5,730.0,observée,8.5,6.8,25,16,0.18,Insuffisant,8.5,5.9,21331.0,18181.0,3149.0
SF01-PE-EXPF-00REXI-0IA052,55395.0,350.0,Mécanique,Graissage,27,29.1,730.0,observée,29.1,8.5,25,13,0.5,Insuffisant,29.1,20.4,15166.0,11693.0,3473.0
SF01-PE-EXPF-00REXI-0IA052,200000000582.0,350.0,Mécanique,Graissage,79,7.0,730.0,observée,7.0,1.7,25,16,0.21,Insuffisant,7.0,4.9,29384.0,24565.0,4819.0
SF01-PE-EXPF-00REXI-0IA053,55396.0,290.0,Mécanique,Inspection,67,9.0,730.0,observée,9.0,8.0,19,10,0.15,Adéquat,9.0,9.0,17437.0,17437.0,0.0
SF01-PE-EXPF-00REXI-0IA053,55397.0,350.0,Mécanique,Graissage,27,29.1,730.0,observée,29.1,8.5,19,10,0.38,Insuffisant,29.1,20.4,11815.0,9300.0,2516.0
SF01-PE-EXPF-00REXI-0IA053,200000000573.0,350.0,Mécanique,Graissage,79,7.0,730.0,observée,7.0,1.7,19,11,0.14,Adéquat,7.0,7.0,21258.0,21258.0,0.0
SF01-PE-EXPF-00REXI-0IA053-SURV-ARRETUR,56986.0,290.0,Électrique,Inspection,12,33.1,90.0,observée,33.1,25.7,0,0,0.0,Adéquat,33.1,33.1,1059.0,1059.0,0.0
SF01-PE-EXPF-00REXI-0IA053-W053,216242.0,360.0,Régulation/Instrumentation,Systématique,28,16.1,90.0,observée,16.1,14.9,0,0,0.0,Trop fréquent,16.1,32.2,2177.0,1088.0,1088.0
SF01-PE-EXPF-00REXI-0IA065,55404.0,360.0,Mécanique,Systématique,3,224.5,730.0,observée,224.5,139.5,0,0,0.0,Adéquat,224.5,224.5,156.0,156.0,0.0
SF01-PE-EXPF-00REXI-0IA065,55406.0,360.0,Mécanique,Systématique,3,489.5,730.0,observée,489.5,240.5,0,0,0.0,Adéquat,489.5,489.5,72.0,72.0,0.0
SF01-PE-EXPF-00REXI-0IA065,55407.0,310.0,Mécanique,Inspection,3,489.5,730.0,observée,489.5,240.5,0,0,0.0,Adéquat,489.5,489.5,72.0,72.0,0.0
SF01-PE-EXPF-00REXI-0IA065,55408.0,360.0,Mécanique,Systématique,3,124.5,730.0,observée,124.5,30.5,0,0,0.0,Adéquat,124.5,124.5,281.0,281.0,0.0
SF01-PE-EXPF-00REXI-0IA065,55409.0,350.0,Mécanique,Graissage,27,29.1,730.0,observée,29.1,8.5,0,0,0.0,Adéquat,29.1,29.1,1204.0,1204.0,0.0
SF01-PE-EXPF-00REXI-0IA065,55410.0,360.0,Mécanique,Systématique,23,32.7,730.0,observée,32.7,11.5,0,0,0.0,Adéquat,32.7,32.7,1072.0,1072.0,0.0
SF01-PE-EXPF-00REXI-0IA065,200000000581.0,350.0,Mécanique,Graissage,79,7.0,730.0,observée,7.0,1.7,0,0,0.0,Trop fréquent,7.0,14.0,5006.0,2503.0,2503.0
SF01-PE-EXPF-00REXI-0IA066,200000004334.0,290.0,Mécanique,Inspection,56,7.0,730.0,observée,7.0,1.7,18,7,0.13,Adéquat,7.0,7.0,20097.0,20097.0,0.0
SF01-PE-EXPF-00REXI-IA036A,55356.0,360.0,Mécanique,Systématique,24,24.8,730.0,observée,24.8,14.2,13,7,0.3,Insuffisant,24.8,17.4,11243.0,9040.0,2203.0
SF01-PE-EXPF-00REXI-IA036A,55357.0,350.0,Mécanique,Graissage,14,53.3,730.0,observée,53.3,12.2,13,8,0.62,Insuffisant,53.3,37.3,10110.0,7691.0,2419.0
SF01-PE-EXPF-00REXI-IA037A,55367.0,360.0,Mécanique,Systématique,24,24.8,730.0,observée,24.8,14.2,21,12,0.52,Insuffisant,24.8,17.4,18451.0,14189.0,4262.0
SF01-PE-EXPF-00REXI-IA037A,55368.0,350.0,Mécanique,Graissage,14,53.3,730.0,observée,53.3,12.2,21,7,0.54,Insuffisant,53.3,37.3,8890.0,6820.0,2070.0
SF01-PE-EXPF-0REXII,52517.0,360.0,Mécanique,Systématique,21,28.5,730.0,observée,28.5,9.0,11,6,0.3,Insuffisant,28.5,19.9,9783.0,7866.0,1917.0
SF01-PE-EXPF-0REXII,55687.0,350.0,Mécanique,Graissage,21,28.5,730.0,observée,28.5,7.6,11,6,0.3,Insuffisant,28.5,19.9,9783.0,7866.0,1917.0
SF01-PE-EXPF-0REXII-0GA101,54478.0,360.0,Mécanique,Systématique,22,27.3,730.0,observée,27.3,7.9,50,14,0.67,Insuffisant,27.3,19.1,21226.0,16079.0,5148.0
SF01-PE-EXPF-0REXII-0GA101,54479.0,350.0,Mécanique,Graissage,14,53.3,730.0,observée,53.3,12.4,50,10,0.77,Insuffisant,53.3,37.3,12397.0,9324.0,3072.0
SF01-PE-EXPF-0REXII-0HA123,54814.0,350.0,Mécanique,Graissage,26,30.0,730.0,observée,30.0,7.5,30,14,0.56,Insuffisant,30.0,21.0,16336.0,12503.0,3833.0
SF01-PE-EXPF-0REXII-0HA123,56978.0,290.0,Mécanique,Inspection,149,4.0,730.0,observée,4.0,4.8,30,22,0.15,Adéquat,4.0,4.0,39233.0,39233.0,0.0
SF01-PE-EXPF-0REXII-0HA123,200000000549.0,290.0,Mécanique,Inspection,100,3.6,730.0,observée,3.6,3.1,30,17,0.17,Insuffisant,3.6,2.5,48107.0,41315.0,6791.0
SF01-PE-EXPF-0REXII-0HA123,200000000549.0,310.0,Mécanique,Inspection,69,3.4,730.0,observée,3.4,2.1,30,7,0.1,Adéquat,3.4,3.4,34207.0,34207.0,0.0
SF01-PE-EXPF-0REXII-0HA123,200000000572.0,350.0,Mécanique,Graissage,79,7.0,730.0,observée,7.0,1.7,30,18,0.23,Insuffisant,7.0,4.9,31706.0,26223.0,5483.0
SF01-PE-EXPF-0REXII-0HA123,200000012486.0,360.0,Mécanique,Systématique,13,7.1,730.0,observée,7.1,2.1,30,5,0.42,Insuffisant,7.1,5.0,53004.0,41386.0,11618.0
SF01-PE-EXPF-0REXII-0HA124,200000000591.0,350.0,Mécanique,Graissage,79,7.0,730.0,observée,7.0,1.7,12,6,0.08,Adéquat,7.0,7.0,14293.0,14293.0,0.0
SF01-PE-EXPF-0REXII-0HA125,200000000592.0,350.0,Mécanique,Graissage,79,7.0,730.0,observée,7.0,1.7,8,6,0.08,Adéquat,7.0,7.0,14293.0,14293.0,0.0
SF01-PE-EXPF-0REXII-0IA057,55398.0,290.0,Mécanique,Inspection,91,8.5,730.0,observée,8.5,6.8,13,7,0.08,Adéquat,8.5,8.5,11771.0,11771.0,0.0
SF01-PE-EXPF-0REXII-0IA057,55399.0,350.0,Mécanique,Graissage,26,30.0,730.0,observée,30.0,7.5,13,5,0.2,Insuffisant,30.0,21.0,6585.0,5538.0,1047.0
SF01-PE-EXPF-0REXII-0IA057,200000000575.0,350.0,Mécanique,Graissage,37,15.0,730.0,observée,15.0,3.2,13,5,0.14,Adéquat,15.0,15.0,9920.0,9920.0,0.0
SF01-PE-EXPF-0REXII-0IA057-SURV-ARRETUR,56987.0,290.0,Électrique,Inspection,12,33.1,90.0,observée,33.1,25.7,1,1,0.09,Adéquat,33.1,33.1,3268.0,3268.0,0.0
SF01-PE-EXPF-0REXII-0IA063,55400.0,360.0,Mécanique,Systématique,187,5.0,730.0,observée,5.0,5.5,14,8,0.04,Adéquat,5.0,5.0,13510.0,13510.0,0.0
SF01-PE-EXPF-0REXII-0IA063,55401.0,350.0,Mécanique,Graissage,26,30.0,730.0,observée,30.0,7.5,14,7,0.28,Insuffisant,30.0,21.0,8752.0,7086.0,1666.0
SF01-PE-EXPF-0REXII-0IA063,200000000599.0,350.0,Mécanique,Graissage,37,15.0,730.0,observée,15.0,3.1,14,7,0.19,Insuffisant,15.0,10.5,12629.0,10690.0,1939.0
SF01-PE-EXPF-0REXII-0IA063-W063,216243.0,360.0,Régulation/Instrumentation,Systématique,29,15.7,90.0,observée,15.7,15.6,0,0,0.0,Trop fréquent,15.7,31.4,2232.0,1116.0,1116.0
SF01-PE-EXPF-0REXII-0IA064,55402.0,290.0,Mécanique,Inspection,92,8.4,730.0,observée,8.4,6.7,10,7,0.08,Adéquat,8.4,8.4,11911.0,11911.0,0.0
SF01-PE-EXPF-0REXII-0IA064,55403.0,350.0,Mécanique,Graissage,26,30.0,730.0,observée,30.0,7.5,10,7,0.28,Insuffisant,30.0,21.0,8752.0,7086.0,1666.0
SF01-PE-EXPF-0REXII-0IA064,200000000600.0,350.0,Mécanique,Graissage,37,15.0,730.0,observée,15.0,3.1,10,6,0.17,Insuffisant,15.0,10.5,11546.0,9916.0,1630.0
SF01-PE-EXPF-0REXII-0IA064-SURV-ARRETUR,56989.0,290.0,Électrique,Inspection,13,30.3,90.0,observée,30.3,24.6,2,1,0.08,Adéquat,30.3,30.3,3302.0,3302.0,0.0
SF01-PE-EXPF-0REXII-IA065A,55411.0,290.0,Mécanique,Inspection,91,8.5,730.0,observée,8.5,6.9,16,10,0.11,Adéquat,8.5,8.5,14639.0,14639.0,0.0
SF01-PE-EXPF-0REXII-IA065A,55412.0,350.0,Mécanique,Graissage,26,30.0,730.0,observée,30.0,8.1,16,9,0.36,Insuffisant,30.0,21.0,10919.0,8634.0,2285.0
SF01-PE-EXPF-0REXII-IA065A,200000000584.0,350.0,Mécanique,Graissage,37,15.0,730.0,observée,15.0,3.2,16,9,0.25,Insuffisant,15.0,10.5,15879.0,13011.0,2868.0
SF01-PE-EXPF-0REXII-IA065A-SURV-ARRETUR,56990.0,360.0,Électrique,Systématique,11,30.8,30.0,observée,30.8,27.7,0,0,0.0,Adéquat,30.8,30.8,1138.0,1138.0,0.0
SF01-PE-EXPF-0REXII-IA065B,55413.0,360.0,Mécanique,Systématique,78,9.9,730.0,observée,9.9,8.7,10,7,0.09,Adéquat,9.9,9.9,10927.0,10927.0,0.0
SF01-PE-EXPF-0REXII-IA065B,55414.0,350.0,Mécanique,Graissage,26,30.0,730.0,observée,30.0,7.5,10,6,0.24,Insuffisant,30.0,21.0,7669.0,6312.0,1357.0
SF01-PE-EXPF-0REXII-IA065B,200000000585.0,350.0,Mécanique,Graissage,64,8.5,730.0,observée,8.5,3.4,10,7,0.11,Adéquat,8.5,8.5,14639.0,14639.0,0.0
SF01-PE-EXPF-0REXII-IA065B-SURV-ARRETUR,56991.0,360.0,Électrique,Systématique,13,30.3,90.0,observée,30.3,23.2,0,0,0.0,Adéquat,30.3,30.3,1157.0,1157.0,0.0
SF01-PE-FUEL-00SURV-FT2731,216090.0,360.0,Régulation/Instrumentation,Systématique,4,182.0,,observée,182.0,102.9,1,0,0.0,Adéquat,182.0,182.0,193.0,193.0,0.0
SF01-PE-FUEL-00SURV-LT3001,216110.0,360.0,Régulation/Instrumentation,Systématique,7,91.0,,observée,91.0,26.1,0,0,0.0,Adéquat,91.0,91.0,385.0,385.0,0.0
SF01-PE-FUEL-00SURV-LT3001,216436.0,360.0,Régulation/Instrumentation,Systématique,4,182.0,,observée,182.0,33.5,0,0,0.0,Adéquat,182.0,182.0,193.0,193.0,0.0
SF01-PE-FUEL-00SURV-LT3002,216111.0,360.0,Régulation/Instrumentation,Systématique,7,91.0,,observée,91.0,26.1,0,0,0.0,Adéquat,91.0,91.0,385.0,385.0,0.0
SF01-PE-FUEL-00SURV-LT3002,216437.0,360.0,Régulation/Instrumentation,Systématique,4,182.0,,observée,182.0,33.5,0,0,0.0,Adéquat,182.0,182.0,193.0,193.0,0.0
SF01-PE-FUEL-00SURV-PG7001,216372.0,360.0,Régulation/Instrumentation,Systématique,19,26.7,,observée,26.7,15.7,1,1,0.06,Adéquat,26.7,26.7,3139.0,3139.0,0.0
SF01-PE-FUEL-00SURV-PG7002,216149.0,360.0,Régulation/Instrumentation,Systématique,11,53.7,,observée,53.7,12.6,0,0,0.0,Adéquat,53.7,53.7,653.0,653.0,0.0
SF01-PE-FUEL-00SURV-PG7806,216153.0,360.0,Régulation/Instrumentation,Systématique,11,53.7,,observée,53.7,18.0,0,0,0.0,Adéquat,53.7,53.7,653.0,653.0,0.0
SF01-PE-FUEL-00SURV-PG7807,216154.0,360.0,Régulation/Instrumentation,Systématique,11,53.7,,observée,53.7,17.6,0,0,0.0,Adéquat,53.7,53.7,653.0,653.0,0.0
SF01-PE-FUEL-00SURV-PG7808,216155.0,360.0,Régulation/Instrumentation,Systématique,11,53.7,,observée,53.7,18.7,0,0,0.0,Adéquat,53.7,53.7,653.0,653.0,0.0
SF01-PE-FUEL-00SURV-PH3026,216379.0,360.0,Régulation/Instrumentation,Systématique,19,26.7,,observée,26.7,9.5,0,0,0.0,Adéquat,26.7,26.7,1313.0,1313.0,0.0
SF01-PE-FUEL-00SURV-PH7026,216381.0,360.0,Régulation/Instrumentation,Systématique,19,26.7,,observée,26.7,11.3,0,0,0.0,Adéquat,26.7,26.7,1313.0,1313.0,0.0
SF01-PE-FUEL-00SURV-PL3005,216382.0,360.0,Régulation/Instrumentation,Systématique,19,26.7,,observée,26.7,9.3,0,0,0.0,Adéquat,26.7,26.7,1313.0,1313.0,0.0
SF01-PE-FUEL-00SURV-PL7005,216387.0,360.0,Régulation/Instrumentation,Systématique,19,26.7,,observée,26.7,11.7,0,0,0.0,Adéquat,26.7,26.7,1313.0,1313.0,0.0
SF01-PE-FUEL-00SURV-TG7105,216390.0,360.0,Régulation/Instrumentation,Systématique,19,26.7,,observée,26.7,11.8,1,1,0.06,Adéquat,26.7,26.7,3139.0,3139.0,0.0
SF01-PP-CUPP-CCAPPP-CTAPN1,210336.0,290.0,Mécanique,Inspection,4,175.3,,observée,175.3,10.8,1,1,0.33,Insuffisant,175.3,122.7,1730.0,1378.0,351.0
SF01-PP-CUPP-CCAPPP-CTAPN2,210337.0,290.0,Mécanique,Inspection,4,175.3,,observée,175.3,10.8,0,0,0.0,Adéquat,175.3,175.3,200.0,200.0,0.0
SF01-PP-CUPP-CCAPPP-CTAPN3,210338.0,290.0,Mécanique,Inspection,4,175.3,,observée,175.3,10.8,0,0,0.0,Adéquat,175.3,175.3,200.0,200.0,0.0
SF01-PP-PP01,210757.0,290.0,Mécanique,Inspection,58,7.2,,observée,7.2,2.4,130,31,0.54,Insuffisant,7.2,5.0,65811.0,50485.0,15326.0
SF01-PP-PP01,210758.0,290.0,Mécanique,Inspection,59,7.1,,observée,7.1,2.6,130,31,0.53,Insuffisant,7.1,5.0,65594.0,50378.0,15215.0
SF01-PP-PP01,210759.0,290.0,Mécanique,Inspection,59,7.1,,observée,7.1,2.7,130,31,0.53,Insuffisant,7.1,5.0,65594.0,50378.0,15215.0
SF01-PP-PP01,211733.0,310.0,Électrique,Inspection,22,19.6,,observée,19.6,22.2,130,17,0.81,Insuffisant,19.6,13.7,35369.0,26541.0,8828.0
SF01-PP-PP01,211734.0,310.0,Électrique,Inspection,43,11.5,,observée,11.5,19.9,130,23,0.55,Insuffisant,11.5,8.0,41910.0,32113.0,9798.0
SF01-PP-PP01,211735.0,310.0,Électrique,Inspection,43,11.6,,observée,11.6,21.5,130,23,0.55,Insuffisant,11.6,8.1,41549.0,31836.0,9713.0
SF01-PP-PP01,211736.0,290.0,Électrique,Inspection,4,117.3,,observée,117.3,38.1,130,3,1.0,Insuffisant,117.3,82.1,7226.0,5375.0,1851.0
SF01-PP-PP01,211737.0,290.0,Électrique,Inspection,4,117.0,,observée,117.0,37.5,130,3,1.0,Insuffisant,117.0,81.9,7245.0,5389.0,1856.0
SF01-PP-PP01,211738.0,290.0,Électrique,Inspection,4,115.0,,observée,115.0,79.4,130,2,0.67,Insuffisant,115.0,80.5,5039.0,3817.0,1222.0
SF01-PP-PP01,211739.0,290.0,Électrique,Inspection,4,118.7,,observée,118.7,77.3,130,2,0.67,Insuffisant,118.7,83.1,4882.0,3698.0,1184.0
SF01-PP-PP01,211740.0,290.0,Électrique,Inspection,4,116.3,,observée,116.3,37.3,130,3,1.0,Insuffisant,116.3,81.4,7288.0,5421.0,1867.0
SF01-PP-PP01,200000000480.0,330.0,Mécanique,Autre,5,11.8,,observée,11.8,4.7,130,3,0.75,Insuffisant,11.8,8.3,54617.0,41134.0,13484.0
SF01-PP-PP01,200000000480.0,350.0,Mécanique,Graissage,17,6.8,,observée,6.8,3.2,130,4,0.25,Insuffisant,6.8,4.8,35028.0,28701.0,6327.0
SF01-PP-PP01,200000000489.0,290.0,Mécanique,Inspection,4,16.7,30.0,observée,16.7,5.2,130,3,1.0,Insuffisant,16.7,11.7,50756.0,37753.0,13003.0
SF01-PP-PP01,200000000489.0,350.0,Mécanique,Graissage,60,7.1,30.0,observée,7.1,3.1,130,33,0.56,Insuffisant,7.1,5.0,69027.0,52831.0,16196.0
SF01-PP-PP01,200000001646.0,290.0,Mécanique,Inspection,28,141.4,,observée,141.4,678.1,130,7,0.26,Insuffisant,141.4,99.0,1742.0,1421.0,321.0
SF01-PP-PP01-000NUB-000903,210182.0,290.0,Mécanique,Inspection,4,175.3,,observée,175.3,10.8,18,3,1.0,Insuffisant,175.3,122.7,4835.0,3597.0,1239.0
SF01-PP-PP01-000NUB-000903,200000001719.0,300.0,Mécanique,Inspection,13,44.6,91.0,observée,44.6,11.0,18,9,0.75,Insuffisant,44.6,31.2,14450.0,10883.0,3567.0
SF01-PP-PP01-000NUB-000903-GMOT-DEPARTM,211819.0,310.0,Électrique,Inspection,11,68.5,,observée,68.5,73.2,0,0,0.0,Adéquat,68.5,68.5,512.0,512.0,0.0
SF01-PP-PP01-000NUB-000903-GMOT-DEPARTM,211820.0,360.0,Électrique,Systématique,4,145.3,,observée,145.3,98.2,0,0,0.0,Adéquat,145.3,145.3,241.0,241.0,0.0
SF01-PP-PP01-000NUB-000903-GMOT-DEPARTM,381726.0,310.0,Électrique,Inspection,4,37.7,,observée,37.7,13.7,0,0,0.0,Adéquat,37.7,37.7,930.0,930.0,0.0
SF01-PP-PP01-000NUB-000903-GMOT-DEPARTM,382249.0,360.0,Électrique,Systématique,4,74.3,,observée,74.3,25.9,0,0,0.0,Adéquat,74.3,74.3,472.0,472.0,0.0
SF01-PP-PP01-000NUB-000906,210183.0,290.0,Mécanique,Inspection,4,175.3,,observée,175.3,18.4,13,2,0.67,Insuffisant,175.3,122.7,3306.0,2504.0,802.0
SF01-PP-PP01-000NUB-000906,200000000458.0,290.0,Mécanique,Inspection,4,25.0,30.0,observée,25.0,23.6,13,1,0.33,Insuffisant,25.0,17.5,12128.0,9664.0,2464.0
SF01-PP-PP01-000NUB-000906,200000001719.0,300.0,Mécanique,Inspection,13,44.6,91.0,observée,44.6,11.0,13,4,0.33,Insuffisant,44.6,31.2,6798.0,5417.0,1381.0
SF01-PP-PP01-000NUB-000906,200000004559.0,290.0,Mécanique,Inspection,26,16.2,90.0,observée,16.2,5.6,13,4,0.16,Insuffisant,16.2,11.3,10189.0,8823.0,1366.0
SF01-PP-PP01-000NUB-000906-GMOT-0MOTEUR,211822.0,360.0,Électrique,Systématique,4,177.7,,observée,177.7,61.7,0,0,0.0,Adéquat,177.7,177.7,197.0,197.0,0.0
SF01-PP-PP01-000NUB-000906-GMOT-0MOTEUR,381490.0,310.0,Électrique,Inspection,6,16.8,,observée,16.8,5.6,0,0,0.0,Trop fréquent,16.8,33.6,2086.0,1043.0,1043.0
SF01-PP-PP01-000NUB-000906-GMOT-DEPARTM,211821.0,310.0,Électrique,Inspection,12,62.9,,observée,62.9,70.8,0,0,0.0,Adéquat,62.9,62.9,557.0,557.0,0.0
SF01-PP-PP01-000NUB-000906-GMOT-DEPARTM,211823.0,360.0,Électrique,Systématique,4,177.7,,observée,177.7,64.2,0,0,0.0,Adéquat,177.7,177.7,197.0,197.0,0.0
SF01-PP-PP01-000NUB-000906-GMOT-DEPARTM,381727.0,310.0,Électrique,Inspection,4,37.3,,observée,37.3,13.3,0,0,0.0,Adéquat,37.3,37.3,940.0,940.0,0.0
SF01-PP-PP01-000NUB-000906-GMOT-DEPARTM,382250.0,360.0,Électrique,Systématique,4,75.7,,observée,75.7,27.8,0,0,0.0,Adéquat,75.7,75.7,463.0,463.0,0.0
SF01-PP-PP01-000NUB-000906-MOAC,210184.0,290.0,Mécanique,Inspection,4,175.3,,observée,175.3,10.8,0,0,0.0,Adéquat,175.3,175.3,200.0,200.0,0.0
SF01-PP-PP01-000NUB-000906-MOAC,210185.0,290.0,Mécanique,Inspection,18,29.4,,observée,29.4,2.9,0,0,0.0,Adéquat,29.4,29.4,1192.0,1192.0,0.0
SF01-PP-PP01-000NUB-000908,210186.0,290.0,Mécanique,Inspection,4,175.3,,observée,175.3,10.8,1,1,0.33,Insuffisant,175.3,122.7,1730.0,1378.0,351.0
SF01-PP-PP01-000NUB-000908,200000000458.0,290.0,Mécanique,Inspection,4,25.0,30.0,observée,25.0,23.6,1,0,0.0,Adéquat,25.0,25.0,1402.0,1402.0,0.0
SF01-PP-PP01-000NUB-000908-GMOT-0MOTEUR,211824.0,360.0,Électrique,Systématique,4,216.0,,observée,216.0,155.0,0,0,0.0,Adéquat,216.0,216.0,162.0,162.0,0.0
SF01-PP-PP01-000NUB-000908-GMOT-0MOTEUR,381491.0,310.0,Électrique,Inspection,6,16.8,,observée,16.8,5.6,0,0,0.0,Trop fréquent,16.8,33.6,2086.0,1043.0,1043.0
SF01-PP-PP01-000NUB-000908-GMOT-DEPARTM,211825.0,360.0,Électrique,Systématique,4,177.7,,observée,177.7,62.5,0,0,0.0,Adéquat,177.7,177.7,197.0,197.0,0.0
SF01-PP-PP01-000NUB-000908-MOAC,210187.0,290.0,Mécanique,Inspection,4,175.3,,observée,175.3,10.8,0,0,0.0,Adéquat,175.3,175.3,200.0,200.0,0.0
SF01-PP-PP01-000NUB-000908-MOAC,210188.0,290.0,Mécanique,Inspection,18,29.4,,observée,29.4,2.9,0,0,0.0,Adéquat,29.4,29.4,1192.0,1192.0,0.0
SF01-PP-PP01-000NUB-000909,210189.0,290.0,Mécanique,Inspection,18,29.4,,observée,29.4,5.4,1,1,0.06,Adéquat,29.4,29.4,2850.0,2850.0,0.0
SF01-PP-PP01-000NUB-000909,210190.0,290.0,Mécanique,Inspection,4,175.3,,observée,175.3,10.8,1,1,0.33,Insuffisant,175.3,122.7,1730.0,1378.0,351.0
SF01-PP-PP01-000NUB-000909,210191.0,290.0,Mécanique,Inspection,4,175.3,,observée,175.3,10.8,1,1,0.33,Insuffisant,175.3,122.7,1730.0,1378.0,351.0
SF01-PP-PP01-000NUB-000909,200000000458.0,290.0,Mécanique,Inspection,4,19.0,30.0,observée,19.0,25.5,1,0,0.0,Trop fréquent,19.0,38.0,1844.0,922.0,922.0
SF01-PP-PP01-000NUB-000909-GMOT-0MOTEUR,211828.0,360.0,Électrique,Systématique,4,177.7,,observée,177.7,61.7,0,0,0.0,Adéquat,177.7,177.7,197.0,197.0,0.0
SF01-PP-PP01-000NUB-000909-GMOT-0MOTEUR,381492.0,310.0,Électrique,Inspection,6,16.8,,observée,16.8,5.6,0,0,0.0,Trop fréquent,16.8,33.6,2086.0,1043.0,1043.0
SF01-PP-PP01-000NUB-000909-GMOT-DEPARTM,211829.0,360.0,Électrique,Systématique,4,177.7,,observée,177.7,65.0,0,0,0.0,Adéquat,177.7,177.7,197.0,197.0,0.0
SF01-PP-PP01-000NUB-000909-MOAC,210196.0,290.0,Mécanique,Inspection,4,175.3,,observée,175.3,10.8,0,0,0.0,Adéquat,175.3,175.3,200.0,200.0,0.0
SF01-PP-PP01-000NUB-000909-MOAC,210197.0,290.0,Mécanique,Inspection,18,29.4,,observée,29.4,2.9,0,0,0.0,Adéquat,29.4,29.4,1192.0,1192.0,0.0
SF01-PP-PP01-000NUB-000910,210198.0,290.0,Mécanique,Inspection,4,175.3,,observée,175.3,10.8,0,0,0.0,Adéquat,175.3,175.3,200.0,200.0,0.0
SF01-PP-PP01-000NUB-000910-GMOT-0MOTEUR,211830.0,360.0,Électrique,Systématique,4,188.0,,observée,188.0,177.4,0,0,0.0,Adéquat,188.0,188.0,186.0,186.0,0.0
SF01-PP-PP01-000NUB-000910-GMOT-0MOTEUR,381493.0,310.0,Électrique,Inspection,6,16.8,,observée,16.8,5.6,0,0,0.0,Trop fréquent,16.8,33.6,2086.0,1043.0,1043.0
SF01-PP-PP01-000NUB-000910-GMOT-DEPARTM,211831.0,360.0,Électrique,Systématique,4,190.3,,observée,190.3,174.7,0,0,0.0,Adéquat,190.3,190.3,184.0,184.0,0.0
SF01-PP-PP01-000NUB-000912,210213.0,290.0,Mécanique,Inspection,4,175.3,,observée,175.3,10.8,0,0,0.0,Adéquat,175.3,175.3,200.0,200.0,0.0
SF01-PP-PP01-000NUB-000912,200000001719.0,300.0,Mécanique,Inspection,13,44.6,91.0,observée,44.6,11.0,0,0,0.0,Adéquat,44.6,44.6,786.0,786.0,0.0
SF01-PP-PP01-000NUB-000912-GMOT-0MOTEUR,211832.0,360.0,Électrique,Systématique,4,199.3,,observée,199.3,38.0,0,0,0.0,Adéquat,199.3,199.3,176.0,176.0,0.0
SF01-PP-PP01-000NUB-000912-GMOT-0MOTEUR,381494.0,310.0,Électrique,Inspection,6,16.8,,observée,16.8,5.1,0,0,0.0,Trop fréquent,16.8,33.6,2086.0,1043.0,1043.0
SF01-PP-PP01-000NUB-000912-GMOT-DEPARTM,211833.0,360.0,Électrique,Systématique,4,144.3,,observée,144.3,86.6,0,0,0.0,Adéquat,144.3,144.3,243.0,243.0,0.0
SF01-PP-PP01-000NUB-000916,210218.0,290.0,Mécanique,Inspection,4,175.3,,observée,175.3,10.8,5,3,1.0,Insuffisant,175.3,122.7,4835.0,3597.0,1239.0
SF01-PP-PP01-000NUB-000916,200000000458.0,290.0,Mécanique,Inspection,4,25.0,30.0,observée,25.0,33.9,5,0,0.0,Adéquat,25.0,25.0,1402.0,1402.0,0.0
SF01-PP-PP01-000NUB-000916-GMOT-0MOTEUR,211835.0,360.0,Électrique,Systématique,4,202.0,,observée,202.0,36.3,0,0,0.0,Adéquat,202.0,202.0,173.0,173.0,0.0
SF01-PP-PP01-000NUB-000916-GMOT-0MOTEUR,381495.0,310.0,Électrique,Inspection,6,16.8,,observée,16.8,6.2,0,0,0.0,Trop fréquent,16.8,33.6,2086.0,1043.0,1043.0
SF01-PP-PP01-000NUB-000916-GMOT-DEPARTM,211834.0,310.0,Électrique,Inspection,12,55.9,,observée,55.9,63.8,0,0,0.0,Adéquat,55.9,55.9,627.0,627.0,0.0
SF01-PP-PP01-000NUB-000916-GMOT-DEPARTM,381728.0,310.0,Électrique,Inspection,4,37.0,,observée,37.0,12.7,0,0,0.0,Adéquat,37.0,37.0,947.0,947.0,0.0
SF01-PP-PP01-000NUB-000916-GMOT-DEPARTM,382251.0,360.0,Électrique,Systématique,4,74.7,,observée,74.7,26.4,0,0,0.0,Adéquat,74.7,74.7,469.0,469.0,0.0
SF01-PP-PP01-000NUB-000916-MOAC,210219.0,290.0,Mécanique,Inspection,4,175.3,,observée,175.3,10.8,0,0,0.0,Adéquat,175.3,175.3,200.0,200.0,0.0
SF01-PP-PP01-000NUB-000916-MOAC,210220.0,290.0,Mécanique,Inspection,18,29.4,,observée,29.4,2.9,0,0,0.0,Adéquat,29.4,29.4,1192.0,1192.0,0.0
SF01-PP-PP01-000NUB-000917,210221.0,290.0,Mécanique,Inspection,4,175.3,,observée,175.3,10.8,7,3,1.0,Insuffisant,175.3,122.7,4835.0,3597.0,1239.0
SF01-PP-PP01-000NUB-000917,200000000458.0,290.0,Mécanique,Inspection,4,25.0,30.0,observée,25.0,33.9,7,0,0.0,Adéquat,25.0,25.0,1402.0,1402.0,0.0
SF01-PP-PP01-000NUB-000917,200000001719.0,300.0,Mécanique,Inspection,13,44.6,91.0,observée,44.6,10.9,7,5,0.42,Insuffisant,44.6,31.2,8438.0,6588.0,1850.0
SF01-PP-PP01-000NUB-000917-GMOT-0MOTEUR,211837.0,360.0,Électrique,Systématique,4,166.3,,observée,166.3,190.1,0,0,0.0,Adéquat,166.3,166.3,211.0,211.0,0.0
SF01-PP-PP01-000NUB-000917-GMOT-0MOTEUR,381496.0,310.0,Électrique,Inspection,6,16.8,,observée,16.8,5.6,0,0,0.0,Trop fréquent,16.8,33.6,2086.0,1043.0,1043.0
SF01-PP-PP01-000NUB-000917-GMOT-DEPARTM,211836.0,310.0,Électrique,Inspection,12,64.2,,observée,64.2,75.4,0,0,0.0,Adéquat,64.2,64.2,546.0,546.0,0.0
SF01-PP-PP01-000NUB-000917-GMOT-DEPARTM,381729.0,310.0,Électrique,Inspection,4,38.3,,observée,38.3,14.6,0,0,0.0,Adéquat,38.3,38.3,915.0,915.0,0.0
SF01-PP-PP01-000NUB-000917-GMOT-DEPARTM,382252.0,360.0,Électrique,Systématique,4,75.7,,observée,75.7,27.8,0,0,0.0,Adéquat,75.7,75.7,463.0,463.0,0.0
SF01-PP-PP01-000NUB-000917-MOAC,210222.0,290.0,Mécanique,Inspection,4,175.3,,observée,175.3,10.8,1,1,0.33,Insuffisant,175.3,122.7,1730.0,1378.0,351.0
SF01-PP-PP01-000NUB-000917-MOAC,210223.0,290.0,Mécanique,Inspection,18,29.4,,observée,29.4,2.9,1,1,0.06,Adéquat,29.4,29.4,2850.0,2850.0,0.0
SF01-PP-PP01-000NUB-000919,210224.0,290.0,Mécanique,Inspection,4,175.3,,observée,175.3,10.8,2,1,0.33,Insuffisant,175.3,122.7,1730.0,1378.0,351.0
SF01-PP-PP01-000NUB-000919-GMOT-0MOTEUR,211585.0,360.0,Électrique,Systématique,4,145.3,,observée,145.3,100.9,0,0,0.0,Adéquat,145.3,145.3,241.0,241.0,0.0
SF01-PP-PP01-000NUB-000919-GMOT-0MOTEUR,381497.0,310.0,Électrique,Inspection,6,16.8,,observée,16.8,5.6,0,0,0.0,Trop fréquent,16.8,33.6,2086.0,1043.0,1043.0
SF01-PP-PP01-000NUB-000919-GMOT-DEPARTM,211586.0,360.0,Électrique,Systématique,4,144.7,,observée,144.7,93.1,0,0,0.0,Adéquat,144.7,144.7,242.0,242.0,0.0
SF01-PP-PP01-000NUB-000919-MOAC,210225.0,290.0,Mécanique,Inspection,4,175.3,,observée,175.3,10.8,0,0,0.0,Adéquat,175.3,175.3,200.0,200.0,0.0
SF01-PP-PP01-000NUB-000919-MOAC,210226.0,290.0,Mécanique,Inspection,18,29.4,,observée,29.4,2.9,0,0,0.0,Adéquat,29.4,29.4,1192.0,1192.0,0.0
SF01-PP-PP01-000NUB-000920,210227.0,290.0,Mécanique,Inspection,4,175.3,,observée,175.3,10.8,5,2,0.67,Insuffisant,175.3,122.7,3306.0,2504.0,802.0
SF01-PP-PP01-000NUB-000920,200000000458.0,290.0,Mécanique,Inspection,4,25.0,30.0,observée,25.0,33.9,5,1,0.33,Insuffisant,25.0,17.5,12128.0,9664.0,2464.0
SF01-PP-PP01-000NUB-000920,200000001719.0,300.0,Mécanique,Inspection,13,44.6,91.0,observée,44.6,10.9,5,3,0.25,Insuffisant,44.6,31.2,5341.0,4376.0,965.0
SF01-PP-PP01-000NUB-000920-GMOT-0MOTEUR,211838.0,360.0,Électrique,Systématique,4,168.7,,observée,168.7,159.9,0,0,0.0,Adéquat,168.7,168.7,208.0,208.0,0.0
SF01-PP-PP01-000NUB-000920-GMOT-0MOTEUR,381498.0,310.0,Électrique,Inspection,6,16.8,,observée,16.8,5.9,0,0,0.0,Trop fréquent,16.8,33.6,2086.0,1043.0,1043.0
SF01-PP-PP01-000NUB-000920-GMOT-DEPARTM,211587.0,360.0,Électrique,Systématique,4,184.0,,observée,184.0,57.2,1,0,0.0,Adéquat,184.0,184.0,190.0,190.0,0.0
SF01-PP-PP01-000NUB-000921,210240.0,290.0,Mécanique,Inspection,59,7.1,,observée,7.1,2.5,27,17,0.29,Insuffisant,7.1,5.0,38126.0,30759.0,7367.0
SF01-PP-PP01-000NUB-000921,210241.0,290.0,Mécanique,Inspection,4,175.3,,observée,175.3,10.8,27,3,1.0,Insuffisant,175.3,122.7,4835.0,3597.0,1239.0
SF01-PP-PP01-000NUB-000921,210242.0,290.0,Mécanique,Inspection,4,175.3,,observée,175.3,10.8,27,3,1.0,Insuffisant,175.3,122.7,4835.0,3597.0,1239.0
SF01-PP-PP01-000NUB-000921,200000000458.0,290.0,Mécanique,Inspection,4,25.0,30.0,observée,25.0,33.9,27,1,0.33,Insuffisant,25.0,17.5,12128.0,9664.0,2464.0
SF01-PP-PP01-000NUB-000921,200000000618.0,290.0,Mécanique,Inspection,8,14.9,30.0,observée,14.9,16.5,27,3,0.43,Insuffisant,14.9,10.4,25802.0,20110.0,5692.0
SF01-PP-PP01-000NUB-000921,200000000618.0,300.0,Mécanique,Inspection,23,17.2,30.0,observée,17.2,7.5,27,10,0.45,Insuffisant,17.2,12.0,23297.0,18096.0,5201.0
SF01-PP-PP01-000NUB-000921,200000001646.0,290.0,Mécanique,Inspection,21,189.4,,observée,189.4,782.1,27,6,0.3,Insuffisant,189.4,132.6,1472.0,1184.0,288.0
SF01-PP-PP01-000NUB-000921-GMOT-0MOTEUR,211842.0,360.0,Électrique,Systématique,12,68.0,,observée,68.0,66.3,2,2,0.18,Insuffisant,68.0,47.6,2666.0,2273.0,394.0
SF01-PP-PP01-000NUB-000921-GMOT-0MOTEUR,211843.0,360.0,Électrique,Systématique,7,138.7,,observée,138.7,110.6,2,1,0.17,Insuffisant,138.7,97.1,1249.0,1072.0,176.0
SF01-PP-PP01-000NUB-000921-GMOT-0MOTEUR,211844.0,360.0,Électrique,Systématique,4,210.7,,observée,210.7,56.4,2,1,0.33,Insuffisant,210.7,147.5,1439.0,1147.0,292.0
SF01-PP-PP01-000NUB-000921-GMOT-0MOTEUR,211845.0,360.0,Électrique,Systématique,3,453.0,,observée,453.0,117.0,2,1,0.5,Insuffisant,453.0,317.1,974.0,751.0,223.0
SF01-PP-PP01-000NUB-000921-GMOT-DEMARER,211840.0,360.0,Électrique,Systématique,4,209.0,,observée,209.0,56.6,0,0,0.0,Adéquat,209.0,209.0,168.0,168.0,0.0
SF01-PP-PP01-000NUB-000921-GMOT-DEMARER,211841.0,360.0,Électrique,Systématique,3,358.0,,observée,358.0,22.0,0,0,0.0,Adéquat,358.0,358.0,98.0,98.0,0.0
SF01-PP-PP01-000NUB-000921-GMOT-DEPARTM,211839.0,360.0,Électrique,Systématique,4,90.7,,observée,90.7,10.7,0,0,0.0,Adéquat,90.7,90.7,386.0,386.0,0.0
SF01-PP-PP01-000NUB-000921-MOAC,210247.0,290.0,Mécanique,Inspection,4,175.3,,observée,175.3,10.8,0,0,0.0,Adéquat,175.3,175.3,200.0,200.0,0.0
SF01-PP-PP01-000NUB-000921-MOAC,210248.0,290.0,Mécanique,Inspection,18,29.4,,observée,29.4,2.9,0,0,0.0,Adéquat,29.4,29.4,1192.0,1192.0,0.0
SF01-PP-PP01-000NUB-000922,210250.0,290.0,Mécanique,Inspection,4,175.3,,observée,175.3,10.8,0,0,0.0,Adéquat,175.3,175.3,200.0,200.0,0.0
SF01-PP-PP01-000NUB-000922-GMOT-0MOTEUR,211846.0,360.0,Électrique,Systématique,4,144.7,,observée,144.7,103.1,0,0,0.0,Adéquat,144.7,144.7,242.0,242.0,0.0
SF01-PP-PP01-000NUB-000922-GMOT-0MOTEUR,381499.0,310.0,Électrique,Inspection,6,16.8,,observée,16.8,5.2,0,0,0.0,Trop fréquent,16.8,33.6,2086.0,1043.0,1043.0
SF01-PP-PP01-000NUB-000922-GMOT-DEPARTM,211847.0,360.0,Électrique,Systématique,4,171.0,,observée,171.0,187.7,0,0,0.0,Adéquat,171.0,171.0,205.0,205.0,0.0
SF01-PP-PP01-000NUB-000923,210255.0,290.0,Mécanique,Inspection,4,175.3,,observée,175.3,10.8,19,3,1.0,Insuffisant,175.3,122.7,4835.0,3597.0,1239.0
SF01-PP-PP01-000NUB-000923,200000000458.0,290.0,Mécanique,Inspection,4,25.0,30.0,observée,25.0,33.9,19,1,0.33,Insuffisant,25.0,17.5,12128.0,9664.0,2464.0
SF01-PP-PP01-000NUB-000923,200000001719.0,300.0,Mécanique,Inspection,13,44.6,91.0,observée,44.6,10.9,19,8,0.67,Insuffisant,44.6,31.2,12993.0,9842.0,3151.0
SF01-PP-PP01-000NUB-000923,200000004559.0,290.0,Mécanique,Inspection,26,16.2,90.0,observée,16.2,4.8,19,8,0.32,Insuffisant,16.2,11.3,18214.0,14555.0,3659.0
SF01-PP-PP01-000NUB-000923-GMOT-0MOTEUR,211849.0,360.0,Électrique,Systématique,4,202.0,,observée,202.0,171.1,0,0,0.0,Adéquat,202.0,202.0,173.0,173.0,0.0
SF01-PP-PP01-000NUB-000923-GMOT-0MOTEUR,381500.0,310.0,Électrique,Inspection,6,16.8,,observée,16.8,5.7,0,0,0.0,Trop fréquent,16.8,33.6,2086.0,1043.0,1043.0
SF01-PP-PP01-000NUB-000923-GMOT-DEPARTM,211848.0,310.0,Électrique,Inspection,12,49.5,,observée,49.5,43.5,0,0,0.0,Adéquat,49.5,49.5,708.0,708.0,0.0
SF01-PP-PP01-000NUB-000923-GMOT-DEPARTM,211850.0,360.0,Électrique,Systématique,4,190.3,,observée,190.3,176.0,0,0,0.0,Adéquat,190.3,190.3,184.0,184.0,0.0
SF01-PP-PP01-000NUB-000923-GMOT-DEPARTM,381730.0,310.0,Électrique,Inspection,4,38.0,,observée,38.0,14.1,0,0,0.0,Adéquat,38.0,38.0,922.0,922.0,0.0
SF01-PP-PP01-000NUB-000923-GMOT-DEPARTM,382253.0,360.0,Électrique,Systématique,4,75.3,,observée,75.3,27.3,0,0,0.0,Adéquat,75.3,75.3,465.0,465.0,0.0
SF01-PP-PP01-000NUB-000923-MOAC,210256.0,290.0,Mécanique,Inspection,4,175.3,,observée,175.3,10.8,0,0,0.0,Adéquat,175.3,175.3,200.0,200.0,0.0
SF01-PP-PP01-000NUB-000923-MOAC,210257.0,290.0,Mécanique,Inspection,18,29.4,,observée,29.4,2.9,0,0,0.0,Adéquat,29.4,29.4,1192.0,1192.0,0.0
SF01-PP-PP01-000NUB-000924,210258.0,290.0,Mécanique,Inspection,4,175.3,,observée,175.3,10.8,0,0,0.0,Adéquat,175.3,175.3,200.0,200.0,0.0
SF01-PP-PP01-000NUB-000924-GMOT-0MOTEUR,211851.0,360.0,Électrique,Systématique,4,211.3,,observée,211.3,162.2,0,0,0.0,Adéquat,211.3,211.3,166.0,166.0,0.0
SF01-PP-PP01-000NUB-000924-GMOT-0MOTEUR,381501.0,310.0,Électrique,Inspection,6,16.8,,observée,16.8,5.7,0,0,0.0,Trop fréquent,16.8,33.6,2086.0,1043.0,1043.0
SF01-PP-PP01-000NUB-000924-GMOT-DEPARTM,211852.0,360.0,Électrique,Systématique,4,202.0,,observée,202.0,165.1,0,0,0.0,Adéquat,202.0,202.0,173.0,173.0,0.0
SF01-PP-PP01-000NUB-000925,210259.0,290.0,Mécanique,Inspection,18,29.4,,observée,29.4,3.2,17,7,0.41,Insuffisant,29.4,20.6,12524.0,9797.0,2727.0
SF01-PP-PP01-000NUB-000925,210260.0,290.0,Mécanique,Inspection,4,175.3,,observée,175.3,10.8,17,3,1.0,Insuffisant,175.3,122.7,4835.0,3597.0,1239.0
SF01-PP-PP01-000NUB-000925,210261.0,290.0,Mécanique,Inspection,4,175.3,,observée,175.3,10.8,17,3,1.0,Insuffisant,175.3,122.7,4835.0,3597.0,1239.0
SF01-PP-PP01-000NUB-000925,200000000458.0,290.0,Mécanique,Inspection,5,18.8,30.0,observée,18.8,20.9,17,1,0.25,Insuffisant,18.8,13.2,12670.0,10381.0,2288.0
SF01-PP-PP01-000NUB-000925,200000000618.0,300.0,Mécanique,Inspection,30,16.9,30.0,observée,16.9,9.8,17,8,0.28,Insuffisant,16.9,11.8,15537.0,12579.0,2958.0
SF01-PP-PP01-000NUB-000925-GMOT-0MOTEUR,211855.0,360.0,Électrique,Systématique,4,209.0,,observée,209.0,159.1,1,1,0.33,Insuffisant,209.0,146.3,1451.0,1156.0,295.0
SF01-PP-PP01-000NUB-000925-GMOT-0MOTEUR,381502.0,310.0,Électrique,Inspection,6,16.8,,observée,16.8,6.2,1,0,0.0,Trop fréquent,16.8,33.6,2086.0,1043.0,1043.0
SF01-PP-PP01-000NUB-000925-GMOT-DEPARTM,211856.0,360.0,Électrique,Systématique,4,213.7,,observée,213.7,157.3,0,0,0.0,Adéquat,213.7,213.7,164.0,164.0,0.0
SF01-PP-PP01-000NUB-000925-GMOT-VARIATE,211857.0,360.0,Électrique,Systématique,4,183.3,,observée,183.3,181.0,0,0,0.0,Adéquat,183.3,183.3,191.0,191.0,0.0
SF01-PP-PP01-000NUB-000925-MOAC,210266.0,290.0,Mécanique,Inspection,4,175.3,,observée,175.3,10.8,0,0,0.0,Adéquat,175.3,175.3,200.0,200.0,0.0
SF01-PP-PP01-000NUB-000925-MOAC,210267.0,290.0,Mécanique,Inspection,18,29.4,,observée,29.4,2.9,0,0,0.0,Adéquat,29.4,29.4,1192.0,1192.0,0.0
SF01-PP-PP01-000NUB-000926,210268.0,290.0,Mécanique,Inspection,4,175.3,,observée,175.3,10.8,0,0,0.0,Adéquat,175.3,175.3,200.0,200.0,0.0
SF01-PP-PP01-000NUB-000926-GMOT-0MOTEUR,211858.0,360.0,Électrique,Systématique,4,188.0,,observée,188.0,176.1,0,0,0.0,Adéquat,188.0,188.0,186.0,186.0,0.0
SF01-PP-PP01-000NUB-000926-GMOT-0MOTEUR,381503.0,310.0,Électrique,Inspection,6,16.8,,observée,16.8,5.3,0,0,0.0,Trop fréquent,16.8,33.6,2086.0,1043.0,1043.0
SF01-PP-PP01-000NUB-000926-GMOT-DEPARTM,211859.0,360.0,Électrique,Systématique,4,192.7,,observée,192.7,171.4,0,0,0.0,Adéquat,192.7,192.7,182.0,182.0,0.0
SF01-PP-PP01-000NUB-000929,210275.0,290.0,Mécanique,Inspection,4,175.3,,observée,175.3,10.8,0,0,0.0,Adéquat,175.3,175.3,200.0,200.0,0.0
SF01-PP-PP01-000NUB-000929-GMOT-0MOTEUR,211860.0,360.0,Électrique,Systématique,4,187.0,,observée,187.0,53.6,0,0,0.0,Adéquat,187.0,187.0,187.0,187.0,0.0
SF01-PP-PP01-000NUB-000929-GMOT-0MOTEUR,381504.0,310.0,Électrique,Inspection,6,16.8,,observée,16.8,5.3,0,0,0.0,Trop fréquent,16.8,33.6,2086.0,1043.0,1043.0
SF01-PP-PP01-000NUB-000929-GMOT-DEPARTM,211861.0,360.0,Électrique,Systématique,4,202.0,,observée,202.0,165.8,0,0,0.0,Adéquat,202.0,202.0,173.0,173.0,0.0
SF01-PP-PP01-000NUB-000931,210276.0,290.0,Mécanique,Inspection,4,175.3,,observée,175.3,10.8,3,0,0.0,Adéquat,175.3,175.3,200.0,200.0,0.0
SF01-PP-PP01-000NUB-000931,200000001719.0,300.0,Mécanique,Inspection,13,44.6,91.0,observée,44.6,10.9,3,0,0.0,Adéquat,44.6,44.6,786.0,786.0,0.0
SF01-PP-PP01-000NUB-000931-GMOT-0MOTEUR,211862.0,360.0,Électrique,Systématique,4,206.7,,observée,206.7,161.5,0,0,0.0,Adéquat,206.7,206.7,170.0,170.0,0.0
SF01-PP-PP01-000NUB-000931-GMOT-0MOTEUR,381505.0,310.0,Électrique,Inspection,6,16.8,,observée,16.8,5.9,0,0,0.0,Trop fréquent,16.8,33.6,2086.0,1043.0,1043.0
SF01-PP-PP01-000NUB-000931-GMOT-DEPARTM,211863.0,360.0,Électrique,Systématique,4,211.3,,observée,211.3,157.5,0,0,0.0,Adéquat,211.3,211.3,166.0,166.0,0.0
SF01-PP-PP01-000NUB-000933,210277.0,290.0,Mécanique,Inspection,4,175.3,,observée,175.3,10.8,18,2,0.67,Insuffisant,175.3,122.7,3306.0,2504.0,802.0
SF01-PP-PP01-000NUB-000933,210278.0,290.0,Mécanique,Inspection,4,175.3,,observée,175.3,10.8,18,2,0.67,Insuffisant,175.3,122.7,3306.0,2504.0,802.0
SF01-PP-PP01-000NUB-000933,200000000458.0,290.0,Mécanique,Inspection,5,18.8,30.0,observée,18.8,22.5,18,0,0.0,Trop fréquent,18.8,37.6,1864.0,932.0,932.0
SF01-PP-PP01-000NUB-000933-GMOT-0MOTEUR,211878.0,360.0,Électrique,Systématique,8,115.9,,observée,115.9,108.3,0,0,0.0,Adéquat,115.9,115.9,302.0,302.0,0.0
SF01-PP-PP01-000NUB-000933-GMOT-0MOTEUR,381506.0,310.0,Électrique,Inspection,6,16.8,,observée,16.8,5.6,0,0,0.0,Trop fréquent,16.8,33.6,2086.0,1043.0,1043.0
SF01-PP-PP01-000NUB-000933-GMOT-DEPARTM,211592.0,360.0,Électrique,Systématique,4,203.0,,observée,203.0,165.0,0,0,0.0,Adéquat,203.0,203.0,173.0,173.0,0.0
SF01-PP-PP01-000NUB-000933-MOAC,210279.0,290.0,Mécanique,Inspection,4,177.0,,observée,177.0,8.5,0,0,0.0,Adéquat,177.0,177.0,198.0,198.0,0.0
SF01-PP-PP01-000NUB-000933-MOAC,210282.0,290.0,Mécanique,Inspection,18,29.6,,observée,29.6,1.9,0,0,0.0,Adéquat,29.6,29.6,1184.0,1184.0,0.0
SF01-PP-PP01-000NUB-009271,210270.0,290.0,Mécanique,Inspection,4,177.0,,observée,177.0,8.5,1,1,0.33,Insuffisant,177.0,123.9,1713.0,1365.0,348.0
SF01-PP-PP01-000NUB-009271,211588.0,360.0,Électrique,Systématique,6,91.0,,observée,91.0,51.2,1,1,0.2,Insuffisant,91.0,63.7,2171.0,1826.0,345.0
SF01-PP-PP01-000NUB-009271-GMOT-DDPALAN,211589.0,360.0,Électrique,Systématique,4,177.7,,observée,177.7,65.0,0,0,0.0,Adéquat,177.7,177.7,197.0,197.0,0.0
SF01-PP-PP01-000NUB-009271-MOAC,210271.0,290.0,Mécanique,Inspection,4,177.0,,observée,177.0,8.5,0,0,0.0,Adéquat,177.0,177.0,198.0,198.0,0.0
SF01-PP-PP01-000NUB-009271-MOAC,210272.0,290.0,Mécanique,Inspection,18,29.6,,observée,29.6,1.9,0,0,0.0,Adéquat,29.6,29.6,1184.0,1184.0,0.0
SF01-PP-PP01-000NUB-009272,210274.0,290.0,Mécanique,Inspection,4,177.0,,observée,177.0,8.5,0,0,0.0,Adéquat,177.0,177.0,198.0,198.0,0.0
SF01-PP-PP01-000NUB-009272,211590.0,360.0,Électrique,Systématique,6,91.0,,observée,91.0,50.6,0,0,0.0,Adéquat,91.0,91.0,385.0,385.0,0.0
SF01-PP-PP01-000NUB-009272-GMOT-DDPALAN,211591.0,360.0,Électrique,Systématique,4,177.7,,observée,177.7,64.2,0,0,0.0,Adéquat,177.7,177.7,197.0,197.0,0.0
SF01-PP-PP01-000NUB-090101,210176.0,290.0,Mécanique,Inspection,4,177.0,,observée,177.0,8.5,0,0,0.0,Adéquat,177.0,177.0,198.0,198.0,0.0
SF01-PP-PP01-000NUB-090102,210178.0,290.0,Mécanique,Inspection,4,177.0,,observée,177.0,8.5,0,0,0.0,Adéquat,177.0,177.0,198.0,198.0,0.0
SF01-PP-PP01-000NUB-090103,210180.0,290.0,Mécanique,Inspection,4,177.0,,observée,177.0,8.5,4,2,0.67,Insuffisant,177.0,123.9,3274.0,2480.0,794.0
SF01-PP-PP01-000NUB-0901M1,209323.0,290.0,Mécanique,Inspection,4,177.0,,observée,177.0,8.5,0,0,0.0,Adéquat,177.0,177.0,198.0,198.0,0.0
SF01-PP-PP01-000NUB-0901M1-GMOT-0MOTEUR,210943.0,360.0,Électrique,Systématique,4,201.7,,observée,201.7,165.9,0,0,0.0,Adéquat,201.7,201.7,174.0,174.0,0.0
SF01-PP-PP01-000NUB-0901M1-GMOT-0MOTEUR,381507.0,310.0,Électrique,Inspection,6,16.8,,observée,16.8,5.6,0,0,0.0,Trop fréquent,16.8,33.6,2086.0,1043.0,1043.0
SF01-PP-PP01-000NUB-0901M1-GMOT-DEPARTM,211815.0,360.0,Électrique,Systématique,4,179.7,,observée,179.7,183.2,0,0,0.0,Adéquat,179.7,179.7,195.0,195.0,0.0
SF01-PP-PP01-000NUB-0901M2,209324.0,290.0,Mécanique,Inspection,4,177.0,,observée,177.0,8.5,0,0,0.0,Adéquat,177.0,177.0,198.0,198.0,0.0
SF01-PP-PP01-000NUB-0901M2-GMOT-0MOTEUR,210944.0,360.0,Électrique,Systématique,4,201.3,,observée,201.3,165.4,0,0,0.0,Adéquat,201.3,201.3,174.0,174.0,0.0
SF01-PP-PP01-000NUB-0901M2-GMOT-0MOTEUR,381508.0,310.0,Électrique,Inspection,6,16.8,,observée,16.8,5.6,0,0,0.0,Trop fréquent,16.8,33.6,2086.0,1043.0,1043.0
SF01-PP-PP01-000NUB-0901M2-GMOT-DEPARTM,211816.0,360.0,Électrique,Systématique,4,179.3,,observée,179.3,185.9,0,0,0.0,Adéquat,179.3,179.3,195.0,195.0,0.0
SF01-PP-PP01-000NUB-0901M3,209325.0,290.0,Mécanique,Inspection,4,177.0,,observée,177.0,8.5,0,0,0.0,Adéquat,177.0,177.0,198.0,198.0,0.0
SF01-PP-PP01-000NUB-0901M3-GMOT-0MOTEUR,210945.0,360.0,Électrique,Systématique,4,223.0,,observée,223.0,149.2,0,0,0.0,Adéquat,223.0,223.0,157.0,157.0,0.0
SF01-PP-PP01-000NUB-0901M3-GMOT-0MOTEUR,381509.0,310.0,Électrique,Inspection,6,16.8,,observée,16.8,5.6,0,0,0.0,Trop fréquent,16.8,33.6,2086.0,1043.0,1043.0
SF01-PP-PP01-000NUB-0901M3-GMOT-DEPARTM,211817.0,360.0,Électrique,Systématique,4,177.0,,observée,177.0,62.6,0,0,0.0,Adéquat,177.0,177.0,198.0,198.0,0.0
SF01-PP-PP01-000NUB-0901M3-GMOT-VARIATE,211818.0,360.0,Électrique,Systématique,4,178.3,,observée,178.3,63.3,0,0,0.0,Adéquat,178.3,178.3,197.0,197.0,0.0
SF01-PP-PP01-000NUB-090901,210192.0,290.0,Mécanique,Inspection,4,177.0,,observée,177.0,8.5,0,0,0.0,Adéquat,177.0,177.0,198.0,198.0,0.0
SF01-PP-PP01-000NUB-090901,210193.0,290.0,Mécanique,Inspection,4,177.0,,observée,177.0,8.5,0,0,0.0,Adéquat,177.0,177.0,198.0,198.0,0.0
SF01-PP-PP01-000NUB-090902,210194.0,290.0,Mécanique,Inspection,4,177.0,,observée,177.0,8.5,0,0,0.0,Adéquat,177.0,177.0,198.0,198.0,0.0
SF01-PP-PP01-000NUB-090902,210195.0,290.0,Mécanique,Inspection,4,177.0,,observée,177.0,8.5,0,0,0.0,Adéquat,177.0,177.0,198.0,198.0,0.0
SF01-PP-PP01-000NUB-091203,210214.0,290.0,Mécanique,Inspection,7,88.8,,observée,88.8,7.1,0,0,0.0,Adéquat,88.8,88.8,395.0,395.0,0.0
SF01-PP-PP01-000NUB-091203,210215.0,290.0,Mécanique,Inspection,4,177.0,,observée,177.0,8.5,0,0,0.0,Adéquat,177.0,177.0,198.0,198.0,0.0
SF01-PP-PP01-000NUB-091203-GMOT-0MOTEUR,211581.0,360.0,Électrique,Systématique,4,174.7,,observée,174.7,66.3,0,0,0.0,Adéquat,174.7,174.7,201.0,201.0,0.0
SF01-PP-PP01-000NUB-091203-GMOT-0MOTEUR,381510.0,310.0,Électrique,Inspection,6,16.8,,observée,16.8,6.6,0,0,0.0,Trop fréquent,16.8,33.6,2086.0,1043.0,1043.0
SF01-PP-PP01-000NUB-091203-GMOT-DEPARTM,211582.0,360.0,Électrique,Systématique,4,176.0,,observée,176.0,67.1,0,0,0.0,Adéquat,176.0,176.0,199.0,199.0,0.0
SF01-PP-PP01-000NUB-091204,210216.0,290.0,Mécanique,Inspection,7,88.8,,observée,88.8,7.1,0,0,0.0,Adéquat,88.8,88.8,395.0,395.0,0.0
SF01-PP-PP01-000NUB-091204,210217.0,290.0,Mécanique,Inspection,4,177.0,,observée,177.0,8.5,0,0,0.0,Adéquat,177.0,177.0,198.0,198.0,0.0
SF01-PP-PP01-000NUB-091204-GMOT-0MOTEUR,211583.0,360.0,Électrique,Systématique,4,172.7,,observée,172.7,69.7,0,0,0.0,Adéquat,172.7,172.7,203.0,203.0,0.0
SF01-PP-PP01-000NUB-091204-GMOT-0MOTEUR,381511.0,310.0,Électrique,Inspection,6,16.8,,observée,16.8,5.6,0,0,0.0,Trop fréquent,16.8,33.6,2086.0,1043.0,1043.0
SF01-PP-PP01-000NUB-091204-GMOT-DEPARTM,211584.0,360.0,Électrique,Systématique,4,172.3,,observée,172.3,68.5,0,0,0.0,Adéquat,172.3,172.3,203.0,203.0,0.0
SF01-PP-PP01-000NUB-092100,210244.0,290.0,Mécanique,Inspection,4,177.0,,observée,177.0,8.5,0,0,0.0,Adéquat,177.0,177.0,198.0,198.0,0.0
SF01-PP-PP01-000NUB-092100,210245.0,290.0,Mécanique,Inspection,4,177.0,,observée,177.0,8.5,0,0,0.0,Adéquat,177.0,177.0,198.0,198.0,0.0
SF01-PP-PP01-000NUB-092501,210262.0,290.0,Mécanique,Inspection,4,177.0,,observée,177.0,8.5,0,0,0.0,Adéquat,177.0,177.0,198.0,198.0,0.0
SF01-PP-PP01-000NUB-092501,210263.0,290.0,Mécanique,Inspection,4,177.0,,observée,177.0,8.5,0,0,0.0,Adéquat,177.0,177.0,198.0,198.0,0.0
SF01-PP-PP01-000NUB-092502,210264.0,290.0,Mécanique,Inspection,4,175.3,,observée,175.3,10.8,0,0,0.0,Adéquat,175.3,175.3,200.0,200.0,0.0
SF01-PP-PP01-000NUB-092502,210265.0,290.0,Mécanique,Inspection,4,177.0,,observée,177.0,8.5,0,0,0.0,Adéquat,177.0,177.0,198.0,198.0,0.0
SF01-PP-PP01-000NUB-09H001,209327.0,290.0,Mécanique,Inspection,4,177.0,,observée,177.0,8.5,1,1,0.33,Insuffisant,177.0,123.9,1713.0,1365.0,348.0
SF01-PP-PP01-000NUB-09H001,210946.0,360.0,Électrique,Systématique,6,91.0,,observée,91.0,50.0,1,1,0.2,Insuffisant,91.0,63.7,2171.0,1826.0,345.0
SF01-PP-PP01-000NUB-09H001-GMOT-DDPALAN,210947.0,360.0,Électrique,Systématique,4,171.3,,observée,171.3,73.1,0,0,0.0,Adéquat,171.3,171.3,205.0,205.0,0.0
SF01-PP-PP01-000NUB-09H001-MOAC,210283.0,290.0,Mécanique,Inspection,4,177.0,,observée,177.0,8.5,0,0,0.0,Adéquat,177.0,177.0,198.0,198.0,0.0
SF01-PP-PP01-000NUB-09H001-MOAC,210284.0,290.0,Mécanique,Inspection,18,29.6,,observée,29.6,1.9,0,0,0.0,Adéquat,29.6,29.6,1184.0,1184.0,0.0
SF01-PP-PP01-000NUB-09H002,209329.0,290.0,Mécanique,Inspection,4,177.0,,observée,177.0,8.5,0,0,0.0,Adéquat,177.0,177.0,198.0,198.0,0.0
SF01-PP-PP01-000NUB-09H002,210948.0,360.0,Électrique,Systématique,6,91.0,,observée,91.0,49.3,0,0,0.0,Adéquat,91.0,91.0,385.0,385.0,0.0
SF01-PP-PP01-000NUB-09H002-GMOT-DDPALAN,210949.0,360.0,Électrique,Systématique,4,221.0,,observée,221.0,154.9,0,0,0.0,Adéquat,221.0,221.0,159.0,159.0,0.0
SF01-PP-PP01-000NUB-09H002-MOAC,210285.0,290.0,Mécanique,Inspection,4,177.0,,observée,177.0,8.5,0,0,0.0,Adéquat,177.0,177.0,198.0,198.0,0.0
SF01-PP-PP01-000NUB-09H002-MOAC,210286.0,290.0,Mécanique,Inspection,18,29.6,,observée,29.6,1.9,0,0,0.0,Adéquat,29.6,29.6,1184.0,1184.0,0.0
SF01-PP-PP01-000NUB-09H003,209331.0,290.0,Mécanique,Inspection,4,177.0,,observée,177.0,8.5,0,0,0.0,Adéquat,177.0,177.0,198.0,198.0,0.0
SF01-PP-PP01-000NUB-09H003,210950.0,360.0,Électrique,Systématique,6,91.0,,observée,91.0,48.7,0,0,0.0,Adéquat,91.0,91.0,385.0,385.0,0.0
SF01-PP-PP01-000NUB-09H003-GMOT-DDPALAN,210951.0,360.0,Électrique,Systématique,4,223.0,,observée,223.0,153.4,0,0,0.0,Adéquat,223.0,223.0,157.0,157.0,0.0
SF01-PP-PP01-000NUB-09H003-MOAC,210287.0,290.0,Mécanique,Inspection,4,177.0,,observée,177.0,8.5,0,0,0.0,Adéquat,177.0,177.0,198.0,198.0,0.0
SF01-PP-PP01-000NUB-09H003-MOAC,210288.0,290.0,Mécanique,Inspection,18,29.6,,observée,29.6,1.9,0,0,0.0,Adéquat,29.6,29.6,1184.0,1184.0,0.0
SF01-PP-PP01-000NUB-09H004,209333.0,290.0,Mécanique,Inspection,4,177.0,,observée,177.0,8.5,0,0,0.0,Adéquat,177.0,177.0,198.0,198.0,0.0
SF01-PP-PP01-000NUB-09H004,210952.0,360.0,Électrique,Systématique,6,91.0,,observée,91.0,49.7,0,0,0.0,Adéquat,91.0,91.0,385.0,385.0,0.0
SF01-PP-PP01-000NUB-09H004-GMOT-DDPALAN,210953.0,360.0,Électrique,Systématique,4,170.0,,observée,170.0,71.5,0,0,0.0,Adéquat,170.0,170.0,206.0,206.0,0.0
SF01-PP-PP01-000NUB-09H004-MOAC,210289.0,290.0,Mécanique,Inspection,4,177.0,,observée,177.0,8.5,0,0,0.0,Adéquat,177.0,177.0,198.0,198.0,0.0
SF01-PP-PP01-000NUB-09H004-MOAC,210290.0,290.0,Mécanique,Inspection,18,29.6,,observée,29.6,1.9,0,0,0.0,Adéquat,29.6,29.6,1184.0,1184.0,0.0
SF01-PP-PP01-000NUB-0FA036,209350.0,290.0,Mécanique,Inspection,4,177.0,,observée,177.0,8.5,30,3,1.0,Insuffisant,177.0,123.9,4789.0,3562.0,1227.0
SF01-PP-PP01-000NUB-0FA036,200000000458.0,290.0,Mécanique,Inspection,4,25.0,30.0,observée,25.0,33.9,30,0,0.0,Adéquat,25.0,25.0,1402.0,1402.0,0.0
SF01-PP-PP01-000NUB-0FA036,200000000618.0,300.0,Mécanique,Inspection,30,16.9,30.0,observée,16.9,9.8,30,11,0.38,Insuffisant,16.9,11.8,20345.0,16013.0,4332.0
SF01-PP-PP01-000NUB-0FA036,200000001719.0,300.0,Mécanique,Inspection,13,44.6,91.0,observée,44.6,10.9,30,8,0.67,Insuffisant,44.6,31.2,12993.0,9842.0,3151.0
SF01-PP-PP01-000NUB-0FA036-GMOT-0MOTEUR,212272.0,360.0,Électrique,Systématique,4,232.3,,observée,232.3,153.3,0,0,0.0,Adéquat,232.3,232.3,151.0,151.0,0.0
SF01-PP-PP01-000NUB-0FA036-GMOT-0MOTEUR,381512.0,310.0,Électrique,Inspection,6,16.8,,observée,16.8,5.6,0,0,0.0,Trop fréquent,16.8,33.6,2086.0,1043.0,1043.0
SF01-PP-PP01-000NUB-0FA036-GMOT-DEPARTM,212271.0,310.0,Électrique,Inspection,11,45.4,,observée,45.4,43.8,1,1,0.1,Adéquat,45.4,45.4,2562.0,2562.0,0.0
SF01-PP-PP01-000NUB-0FA036-GMOT-DEPARTM,381731.0,310.0,Électrique,Inspection,4,28.3,,observée,28.3,0.9,1,0,0.0,Adéquat,28.3,28.3,1238.0,1238.0,0.0
SF01-PP-PP01-000NUB-0FA036-GMOT-DEPARTM,382254.0,360.0,Électrique,Systématique,4,75.3,,observée,75.3,27.3,1,0,0.0,Adéquat,75.3,75.3,465.0,465.0,0.0
SF01-PP-PP01-000NUB-0FA038,209351.0,290.0,Mécanique,Inspection,4,175.3,,observée,175.3,10.8,10,2,0.67,Insuffisant,175.3,122.7,3306.0,2504.0,802.0
SF01-PP-PP01-000NUB-0FA038,200000000458.0,290.0,Mécanique,Inspection,4,25.0,30.0,observée,25.0,33.9,10,1,0.33,Insuffisant,25.0,17.5,12128.0,9664.0,2464.0
SF01-PP-PP01-000NUB-0FA038,200000001719.0,300.0,Mécanique,Inspection,13,44.6,91.0,observée,44.6,11.0,10,6,0.5,Insuffisant,44.6,31.2,9895.0,7629.0,2266.0
SF01-PP-PP01-000NUB-0FA038-GMOT-0MOTEUR,212277.0,360.0,Électrique,Systématique,4,185.3,,observée,185.3,168.5,0,0,0.0,Adéquat,185.3,185.3,189.0,189.0,0.0
SF01-PP-PP01-000NUB-0FA038-GMOT-0MOTEUR,381513.0,310.0,Électrique,Inspection,6,16.8,,observée,16.8,5.6,0,0,0.0,Trop fréquent,16.8,33.6,2086.0,1043.0,1043.0
SF01-PP-PP01-000NUB-0FA038-GMOT-DEPARTM,212278.0,360.0,Électrique,Systématique,4,213.7,,observée,213.7,157.3,0,0,0.0,Adéquat,213.7,213.7,164.0,164.0,0.0
SF01-PP-PP01-000NUB-0FA038-MOAC,210517.0,290.0,Mécanique,Inspection,4,177.0,,observée,177.0,8.5,0,0,0.0,Adéquat,177.0,177.0,198.0,198.0,0.0
SF01-PP-PP01-000NUB-0FA038-MOAC,210518.0,290.0,Mécanique,Inspection,18,29.6,,observée,29.6,1.9,0,0,0.0,Adéquat,29.6,29.6,1184.0,1184.0,0.0
SF01-PP-PP01-000NUB-0FA039,209352.0,290.0,Mécanique,Inspection,4,177.0,,observée,177.0,8.5,19,3,1.0,Insuffisant,177.0,123.9,4789.0,3562.0,1227.0
SF01-PP-PP01-000NUB-0FA039,200000000458.0,290.0,Mécanique,Inspection,4,25.0,30.0,observée,25.0,33.9,19,1,0.33,Insuffisant,25.0,17.5,12128.0,9664.0,2464.0
SF01-PP-PP01-000NUB-0FA039,200000001719.0,300.0,Mécanique,Inspection,13,44.6,91.0,observée,44.6,10.9,19,7,0.58,Insuffisant,44.6,31.2,11353.0,8671.0,2682.0
SF01-PP-PP01-000NUB-0FA039-GMOT-0MOTEUR,212279.0,360.0,Électrique,Systématique,4,166.7,,observée,166.7,79.1,0,0,0.0,Adéquat,166.7,166.7,210.0,210.0,0.0
SF01-PP-PP01-000NUB-0FA039-GMOT-0MOTEUR,381514.0,310.0,Électrique,Inspection,6,16.8,,observée,16.8,5.1,0,0,0.0,Trop fréquent,16.8,33.6,2086.0,1043.0,1043.0
SF01-PP-PP01-000NUB-0FA039-GMOT-DEPARTM,212280.0,360.0,Électrique,Systématique,4,223.3,,observée,223.3,157.5,0,0,0.0,Adéquat,223.3,223.3,157.0,157.0,0.0
SF01-PP-PP01-000NUB-0FA039-MOAC,210519.0,290.0,Mécanique,Inspection,4,177.0,,observée,177.0,8.5,0,0,0.0,Adéquat,177.0,177.0,198.0,198.0,0.0
SF01-PP-PP01-000NUB-0FA039-MOAC,210520.0,290.0,Mécanique,Inspection,18,29.6,,observée,29.6,1.9,0,0,0.0,Adéquat,29.6,29.6,1184.0,1184.0,0.0
SF01-PP-PP01-000NUB-0FA044,209353.0,290.0,Mécanique,Inspection,4,177.0,,observée,177.0,8.5,23,3,1.0,Insuffisant,177.0,123.9,4789.0,3562.0,1227.0
SF01-PP-PP01-000NUB-0FA044,200000000458.0,290.0,Mécanique,Inspection,4,25.0,30.0,observée,25.0,33.9,23,1,0.33,Insuffisant,25.0,17.5,12128.0,9664.0,2464.0
SF01-PP-PP01-000NUB-0FA044,200000000618.0,300.0,Mécanique,Inspection,30,16.9,30.0,observée,16.9,9.7,23,15,0.52,Insuffisant,16.9,11.8,27076.0,20821.0,6255.0
SF01-PP-PP01-000NUB-0FA044-GMOT-0MOTEUR,212282.0,360.0,Électrique,Systématique,4,228.3,,observée,228.3,156.8,0,0,0.0,Adéquat,228.3,228.3,154.0,154.0,0.0
SF01-PP-PP01-000NUB-0FA044-GMOT-0MOTEUR,381515.0,310.0,Électrique,Inspection,6,16.8,,observée,16.8,5.1,0,0,0.0,Trop fréquent,16.8,33.6,2086.0,1043.0,1043.0
SF01-PP-PP01-000NUB-0FA044-GMOT-DEPARTM,212281.0,310.0,Électrique,Inspection,12,50.2,,observée,50.2,68.6,0,0,0.0,Adéquat,50.2,50.2,698.0,698.0,0.0
SF01-PP-PP01-000NUB-0FA044-GMOT-DEPARTM,381732.0,310.0,Électrique,Inspection,4,28.3,,observée,28.3,0.9,0,0,0.0,Adéquat,28.3,28.3,1238.0,1238.0,0.0
SF01-PP-PP01-000NUB-0FA044-GMOT-DEPARTM,382255.0,360.0,Électrique,Systématique,4,75.0,,observée,75.0,26.9,0,0,0.0,Adéquat,75.0,75.0,467.0,467.0,0.0
SF01-PP-PP01-000NUB-0FA044-MOAC,210521.0,290.0,Mécanique,Inspection,4,177.0,,observée,177.0,8.5,0,0,0.0,Adéquat,177.0,177.0,198.0,198.0,0.0
SF01-PP-PP01-000NUB-0FA044-MOAC,210522.0,290.0,Mécanique,Inspection,18,29.6,,observée,29.6,1.9,0,0,0.0,Adéquat,29.6,29.6,1184.0,1184.0,0.0
SF01-PP-PP01-000NUB-0FA045,209354.0,290.0,Mécanique,Inspection,4,177.0,,observée,177.0,8.5,17,3,1.0,Insuffisant,177.0,123.9,4789.0,3562.0,1227.0
SF01-PP-PP01-000NUB-0FA045,200000000458.0,290.0,Mécanique,Inspection,4,25.0,30.0,observée,25.0,33.9,17,1,0.33,Insuffisant,25.0,17.5,12128.0,9664.0,2464.0
SF01-PP-PP01-000NUB-0FA045,200000000618.0,300.0,Mécanique,Inspection,30,16.9,30.0,observée,16.9,9.8,17,9,0.31,Insuffisant,16.9,11.8,16979.0,13609.0,3370.0
SF01-PP-PP01-000NUB-0FA045-GMOT-0MOTEUR,212284.0,360.0,Électrique,Systématique,4,164.0,,observée,164.0,159.2,0,0,0.0,Adéquat,164.0,164.0,214.0,214.0,0.0
SF01-PP-PP01-000NUB-0FA045-GMOT-0MOTEUR,381516.0,310.0,Électrique,Inspection,6,16.8,,observée,16.8,5.6,0,0,0.0,Trop fréquent,16.8,33.6,2086.0,1043.0,1043.0
SF01-PP-PP01-000NUB-0FA045-GMOT-DEPARTM,212283.0,310.0,Électrique,Inspection,12,50.8,,observée,50.8,70.3,0,0,0.0,Adéquat,50.8,50.8,690.0,690.0,0.0
SF01-PP-PP01-000NUB-0FA045-GMOT-DEPARTM,381733.0,310.0,Électrique,Inspection,4,26.7,,observée,26.7,3.1,0,0,0.0,Adéquat,26.7,26.7,1313.0,1313.0,0.0
SF01-PP-PP01-000NUB-0FA045-GMOT-DEPARTM,382256.0,360.0,Électrique,Systématique,4,56.0,,observée,56.0,0.0,0,0,0.0,Adéquat,56.0,56.0,626.0,626.0,0.0
SF01-PP-PP01-000NUB-0FA045-MOAC,210523.0,290.0,Mécanique,Inspection,4,177.0,,observée,177.0,8.5,0,0,0.0,Adéquat,177.0,177.0,198.0,198.0,0.0
SF01-PP-PP01-000NUB-0FA045-MOAC,210524.0,290.0,Mécanique,Inspection,18,29.6,,observée,29.6,1.9,0,0,0.0,Adéquat,29.6,29.6,1184.0,1184.0,0.0
SF01-PP-PP01-000NUB-0FA046,209355.0,290.0,Mécanique,Inspection,4,177.0,,observée,177.0,8.5,4,2,0.67,Insuffisant,177.0,123.9,3274.0,2480.0,794.0
SF01-PP-PP01-000NUB-0FA046,200000000458.0,290.0,Mécanique,Inspection,4,25.0,30.0,observée,25.0,33.9,4,1,0.33,Insuffisant,25.0,17.5,12128.0,9664.0,2464.0
SF01-PP-PP01-000NUB-0FA046-GMOT-0MOTEUR,210956.0,360.0,Électrique,Systématique,4,227.0,,observée,227.0,160.4,0,0,0.0,Adéquat,227.0,227.0,154.0,154.0,0.0
SF01-PP-PP01-000NUB-0FA046-GMOT-0MOTEUR,381517.0,310.0,Électrique,Inspection,6,16.8,,observée,16.8,5.6,0,0,0.0,Trop fréquent,16.8,33.6,2086.0,1043.0,1043.0
SF01-PP-PP01-000NUB-0FA046-GMOT-DEPARTM,210957.0,360.0,Électrique,Systématique,4,162.0,,observée,162.0,83.7,0,0,0.0,Adéquat,162.0,162.0,216.0,216.0,0.0
SF01-PP-PP01-000NUB-0FA046-MOAC,210525.0,290.0,Mécanique,Inspection,4,177.0,,observée,177.0,8.5,0,0,0.0,Adéquat,177.0,177.0,198.0,198.0,0.0
SF01-PP-PP01-000NUB-0FA046-MOAC,210526.0,290.0,Mécanique,Inspection,18,29.6,,observée,29.6,1.9,0,0,0.0,Adéquat,29.6,29.6,1184.0,1184.0,0.0
SF01-PP-PP01-000NUB-0H9270,209388.0,290.0,Mécanique,Inspection,4,177.0,,observée,177.0,8.5,0,0,0.0,Adéquat,177.0,177.0,198.0,198.0,0.0
SF01-PP-PP01-000NUB-0H9270,210966.0,360.0,Électrique,Systématique,6,91.0,,observée,91.0,52.6,0,0,0.0,Adéquat,91.0,91.0,385.0,385.0,0.0
SF01-PP-PP01-000NUB-0H9270-GMOT-DDPALAN,210967.0,360.0,Électrique,Systématique,4,159.3,,observée,159.3,86.4,0,0,0.0,Adéquat,159.3,159.3,220.0,220.0,0.0
SF01-PP-PP01-000NUB-0H9270-MOAC,210557.0,290.0,Mécanique,Inspection,4,177.0,,observée,177.0,8.5,0,0,0.0,Adéquat,177.0,177.0,198.0,198.0,0.0
SF01-PP-PP01-000NUB-0H9270-MOAC,210558.0,290.0,Mécanique,Inspection,18,29.6,,observée,29.6,1.9,0,0,0.0,Adéquat,29.6,29.6,1184.0,1184.0,0.0
SF01-PP-PP01-000NUB-933M03,210280.0,290.0,Mécanique,Inspection,4,177.0,,observée,177.0,8.5,0,0,0.0,Adéquat,177.0,177.0,198.0,198.0,0.0
SF01-PP-PP01-000NUB-933M03-GMOT-0MOTEUR,211864.0,360.0,Électrique,Systématique,4,197.3,,observée,197.3,169.1,0,0,0.0,Adéquat,197.3,197.3,178.0,178.0,0.0
SF01-PP-PP01-000NUB-933M03-GMOT-0MOTEUR,381518.0,310.0,Électrique,Inspection,6,16.8,,observée,16.8,5.9,0,0,0.0,Trop fréquent,16.8,33.6,2086.0,1043.0,1043.0
SF01-PP-PP01-000NUB-933M03-GMOT-DEPARTM,211865.0,360.0,Électrique,Systématique,4,202.7,,observée,202.7,169.5,0,0,0.0,Adéquat,202.7,202.7,173.0,173.0,0.0
SF01-PP-PP01-000NUB-933M05,210281.0,290.0,Mécanique,Inspection,4,177.0,,observée,177.0,8.5,1,1,0.33,Insuffisant,177.0,123.9,1713.0,1365.0,348.0
SF01-PP-PP01-000NUB-933M05-GMOT-0MOTEUR,211866.0,360.0,Électrique,Systématique,4,209.7,,observée,209.7,167.5,0,0,0.0,Adéquat,209.7,209.7,167.0,167.0,0.0
SF01-PP-PP01-000NUB-933M05-GMOT-0MOTEUR,381519.0,310.0,Électrique,Inspection,6,16.8,,observée,16.8,6.3,0,0,0.0,Trop fréquent,16.8,33.6,2086.0,1043.0,1043.0
SF01-PP-PP01-000NUB-933M05-GMOT-DEPARTM,211867.0,360.0,Électrique,Systématique,4,157.0,,observée,157.0,90.3,0,0,0.0,Adéquat,157.0,157.0,223.0,223.0,0.0
SF01-PP-PP01-000NUB-9HVB07,210291.0,290.0,Mécanique,Inspection,7,88.8,,observée,88.8,7.1,3,3,0.5,Insuffisant,88.8,62.2,4970.0,3832.0,1138.0
SF01-PP-PP01-000NUB-9HVB07,210292.0,290.0,Mécanique,Inspection,4,177.0,,observée,177.0,8.5,3,2,0.67,Insuffisant,177.0,123.9,3274.0,2480.0,794.0
SF01-PP-PP01-000NUB-9HVB07,200000000452.0,290.0,Mécanique,Inspection,7,640.0,,observée,640.0,1324.4,3,2,0.33,Insuffisant,640.0,448.0,474.0,378.0,96.0
SF01-PP-PP01-000NUB-9HVB07,200000000452.0,310.0,Mécanique,Inspection,6,744.6,,observée,744.6,1428.0,3,2,0.4,Insuffisant,744.6,521.2,484.0,379.0,105.0
SF01-PP-PP01-000NUB-9HVB07,200000000458.0,290.0,Mécanique,Inspection,4,25.0,30.0,observée,25.0,33.9,3,0,0.0,Adéquat,25.0,25.0,1402.0,1402.0,0.0
SF01-PP-PP01-000NUB-9HVB07-GMOT-0MOTEUR,381682.0,310.0,Électrique,Inspection,6,16.8,,observée,16.8,5.6,0,0,0.0,Trop fréquent,16.8,33.6,2086.0,1043.0,1043.0
SF01-PP-PP01-000NUB-9HVB07-GMOT-0MOTEUR,382246.0,360.0,Électrique,Systématique,4,110.7,,observée,110.7,79.5,0,0,0.0,Adéquat,110.7,110.7,317.0,317.0,0.0
SF01-PP-PP01-000NUB-9HVB07-GMOT-DEMARER,211826.0,360.0,Électrique,Systématique,4,170.0,,observée,170.0,125.9,0,0,0.0,Adéquat,170.0,170.0,206.0,206.0,0.0
SF01-PP-PP01-000NUB-9HVB07-GMOT-DEMARER,211827.0,360.0,Électrique,Systématique,3,425.0,,observée,425.0,290.0,0,0,0.0,Adéquat,425.0,425.0,82.0,82.0,0.0
SF01-PP-PP01-000NUB-9HVB07-GMOT-DEPARTM,211868.0,360.0,Électrique,Systématique,4,159.0,,observée,159.0,133.8,0,0,0.0,Adéquat,159.0,159.0,220.0,220.0,0.0
SF01-PP-PP01-000NUB-9HVB08,210293.0,290.0,Mécanique,Inspection,7,88.8,,observée,88.8,4.6,17,4,0.67,Insuffisant,88.8,62.2,6526.0,4943.0,1583.0
SF01-PP-PP01-000NUB-9HVB08,210294.0,290.0,Mécanique,Inspection,4,177.0,,observée,177.0,8.5,17,2,0.67,Insuffisant,177.0,123.9,3274.0,2480.0,794.0
SF01-PP-PP01-000NUB-9HVB08,200000000618.0,300.0,Mécanique,Inspection,29,17.5,30.0,observée,17.5,10.9,17,7,0.25,Insuffisant,17.5,12.2,13611.0,11153.0,2458.0
SF01-PP-PP01-000NUB-9HVB08-GMOT-0MOTEUR,211870.0,360.0,Électrique,Systématique,11,72.7,,observée,72.7,50.3,1,1,0.1,Adéquat,72.7,72.7,1600.0,1600.0,0.0
SF01-PP-PP01-000NUB-9HVB08-GMOT-0MOTEUR,211871.0,360.0,Électrique,Systématique,7,139.8,,observée,139.8,68.1,1,1,0.17,Insuffisant,139.8,97.9,1239.0,1064.0,175.0
SF01-PP-PP01-000NUB-9HVB08-GMOT-0MOTEUR,381683.0,310.0,Électrique,Inspection,6,16.8,,observée,16.8,5.6,1,0,0.0,Trop fréquent,16.8,33.6,2086.0,1043.0,1043.0
SF01-PP-PP01-000NUB-9HVB08-GMOT-0MOTEUR,382247.0,360.0,Électrique,Systématique,4,159.3,,observée,159.3,71.3,1,0,0.0,Adéquat,159.3,159.3,220.0,220.0,0.0
SF01-PP-PP01-000NUB-9HVB08-GMOT-DEMARER,211853.0,360.0,Électrique,Systématique,4,249.3,,observée,249.3,223.1,0,0,0.0,Adéquat,249.3,249.3,141.0,141.0,0.0
SF01-PP-PP01-000NUB-9HVB08-GMOT-DEMARER,211854.0,360.0,Électrique,Systématique,3,357.5,,observée,357.5,21.5,0,0,0.0,Adéquat,357.5,357.5,98.0,98.0,0.0
SF01-PP-PP01-000NUB-9HVB08-GMOT-DEPARTM,211869.0,360.0,Électrique,Systématique,4,251.3,,observée,251.3,92.3,0,0,0.0,Adéquat,251.3,251.3,139.0,139.0,0.0
SF01-PP-PP01-000NUB-9HVB09,210295.0,290.0,Mécanique,Inspection,7,88.0,,observée,88.0,6.8,8,4,0.67,Insuffisant,88.0,61.6,6585.0,4988.0,1597.0
SF01-PP-PP01-000NUB-9HVB09,210296.0,290.0,Mécanique,Inspection,4,175.3,,observée,175.3,10.8,8,2,0.67,Insuffisant,175.3,122.7,3306.0,2504.0,802.0
SF01-PP-PP01-000NUB-9HVB09,200000000618.0,300.0,Mécanique,Inspection,29,17.5,30.0,observée,17.5,10.9,8,6,0.21,Insuffisant,17.5,12.2,11754.0,9826.0,1928.0
SF01-PP-PP01-000NUB-9HVB09-GMOT-0MOTEUR,212327.0,360.0,Électrique,Systématique,4,206.0,,observée,206.0,152.3,0,0,0.0,Adéquat,206.0,206.0,170.0,170.0,0.0
SF01-PP-PP01-000NUB-9HVB09-GMOT-0MOTEUR,381684.0,310.0,Électrique,Inspection,6,16.8,,observée,16.8,6.6,0,0,0.0,Trop fréquent,16.8,33.6,2086.0,1043.0,1043.0
SF01-PP-PP01-000NUB-9HVB09-GMOT-0MOTEUR,382248.0,360.0,Électrique,Systématique,4,123.3,,observée,123.3,94.2,0,0,0.0,Adéquat,123.3,123.3,284.0,284.0,0.0
SF01-PP-PP01-000NUB-9HVB09-GMOT-DEPARTM,211874.0,360.0,Électrique,Systématique,11,84.6,,observée,84.6,74.6,0,0,0.0,Adéquat,84.6,84.6,414.0,414.0,0.0
SF01-PP-PP01-000NUB-9HVB09-GMOT-DEPARTM,211875.0,360.0,Électrique,Systématique,7,141.0,,observée,141.0,59.8,0,0,0.0,Adéquat,141.0,141.0,249.0,249.0,0.0
SF01-PP-PP01-000NUB-9HVB09-GMOT-DEPARTM,211876.0,360.0,Électrique,Systématique,4,84.0,,observée,84.0,74.2,0,0,0.0,Adéquat,84.0,84.0,417.0,417.0,0.0
SF01-PP-PP01-000NUB-9HVB09-GMOT-DEPARTM,211877.0,360.0,Électrique,Systématique,3,357.0,,observée,357.0,21.0,0,0,0.0,Adéquat,357.0,357.0,98.0,98.0,0.0
SF01-PP-PP01-000NUB-AFA050,210300.0,290.0,Mécanique,Inspection,4,175.3,,observée,175.3,10.8,0,0,0.0,Adéquat,175.3,175.3,200.0,200.0,0.0
SF01-PP-PP01-000NUB-AFA050-GMOT-0MOTEUR,212285.0,360.0,Électrique,Systématique,4,156.7,,observée,156.7,179.2,0,0,0.0,Adéquat,156.7,156.7,224.0,224.0,0.0
SF01-PP-PP01-000NUB-AFA050-GMOT-0MOTEUR,381520.0,310.0,Électrique,Inspection,6,16.8,,observée,16.8,5.7,0,0,0.0,Trop fréquent,16.8,33.6,2086.0,1043.0,1043.0
SF01-PP-PP01-000NUB-AFA050-GMOT-DEPARTM,212286.0,360.0,Électrique,Systématique,4,156.3,,observée,156.3,188.1,0,0,0.0,Adéquat,156.3,156.3,224.0,224.0,0.0
SF01-PP-PP01-000NUB-BATNUB-MOAC,210314.0,290.0,Mécanique,Inspection,4,175.3,,observée,175.3,10.8,0,0,0.0,Adéquat,175.3,175.3,200.0,200.0,0.0
SF01-PP-PP01-000NUB-BATNUB-MOAC,210315.0,290.0,Mécanique,Inspection,18,29.4,,observée,29.4,2.9,0,0,0.0,Adéquat,29.4,29.4,1192.0,1192.0,0.0
SF01-PP-PP01-000NUB-FA037A,210511.0,290.0,Mécanique,Inspection,4,175.3,,observée,175.3,10.8,13,3,1.0,Insuffisant,175.3,122.7,4835.0,3597.0,1239.0
SF01-PP-PP01-000NUB-FA037A,200000001719.0,300.0,Mécanique,Inspection,13,44.6,91.0,observée,44.6,10.9,13,6,0.5,Insuffisant,44.6,31.2,9895.0,7629.0,2266.0
SF01-PP-PP01-000NUB-FA037A,200000004559.0,290.0,Mécanique,Inspection,26,16.3,90.0,observée,16.3,5.6,13,3,0.12,Adéquat,16.3,16.3,8132.0,8132.0,0.0
SF01-PP-PP01-000NUB-FA037A-GMOT-0MOTEUR,212274.0,360.0,Électrique,Systématique,4,223.0,,observée,223.0,167.4,0,0,0.0,Adéquat,223.0,223.0,157.0,157.0,0.0
SF01-PP-PP01-000NUB-FA037A-GMOT-0MOTEUR,381521.0,310.0,Électrique,Inspection,6,16.8,,observée,16.8,5.7,0,0,0.0,Trop fréquent,16.8,33.6,2086.0,1043.0,1043.0
SF01-PP-PP01-000NUB-FA037A-GMOT-DEPARTM,212273.0,310.0,Électrique,Inspection,11,58.7,,observée,58.7,84.9,0,0,0.0,Adéquat,58.7,58.7,597.0,597.0,0.0
SF01-PP-PP01-000NUB-FA037A-GMOT-DEPARTM,381734.0,310.0,Électrique,Inspection,4,37.7,,observée,37.7,14.5,0,0,0.0,Adéquat,37.7,37.7,930.0,930.0,0.0
SF01-PP-PP01-000NUB-FA037A-GMOT-DEPARTM,382257.0,360.0,Électrique,Systématique,4,75.0,,observée,75.0,26.9,0,0,0.0,Adéquat,75.0,75.0,467.0,467.0,0.0
SF01-PP-PP01-000NUB-FA037A-MOAC,210512.0,290.0,Mécanique,Inspection,4,175.3,,observée,175.3,10.8,0,0,0.0,Adéquat,175.3,175.3,200.0,200.0,0.0
SF01-PP-PP01-000NUB-FA037A-MOAC,210513.0,290.0,Mécanique,Inspection,18,29.4,,observée,29.4,2.9,0,0,0.0,Adéquat,29.4,29.4,1192.0,1192.0,0.0
SF01-PP-PP01-000NUB-FA037B,210514.0,290.0,Mécanique,Inspection,4,175.3,,observée,175.3,10.8,10,2,0.67,Insuffisant,175.3,122.7,3306.0,2504.0,802.0
SF01-PP-PP01-000NUB-FA037B,200000000458.0,290.0,Mécanique,Inspection,4,25.0,30.0,observée,25.0,33.9,10,1,0.33,Insuffisant,25.0,17.5,12128.0,9664.0,2464.0
SF01-PP-PP01-000NUB-FA037B,200000001719.0,300.0,Mécanique,Inspection,13,44.6,91.0,observée,44.6,10.9,10,4,0.33,Insuffisant,44.6,31.2,6798.0,5417.0,1381.0
SF01-PP-PP01-000NUB-FA037B,200000004559.0,290.0,Mécanique,Inspection,26,16.3,90.0,observée,16.3,6.1,10,2,0.08,Adéquat,16.3,16.3,6138.0,6138.0,0.0
SF01-PP-PP01-000NUB-FA037B-GMOT-0MOTEUR,212276.0,360.0,Électrique,Systématique,4,185.3,,observée,185.3,177.9,1,0,0.0,Adéquat,185.3,185.3,189.0,189.0,0.0
SF01-PP-PP01-000NUB-FA037B-GMOT-0MOTEUR,381522.0,310.0,Électrique,Inspection,6,16.8,,observée,16.8,5.7,1,0,0.0,Trop fréquent,16.8,33.6,2086.0,1043.0,1043.0
SF01-PP-PP01-000NUB-FA037B-GMOT-DEPARTM,212275.0,310.0,Électrique,Inspection,12,65.5,,observée,65.5,118.7,0,0,0.0,Adéquat,65.5,65.5,535.0,535.0,0.0
SF01-PP-PP01-000NUB-FA037B-GMOT-DEPARTM,381735.0,310.0,Électrique,Inspection,4,37.3,,observée,37.3,13.9,0,0,0.0,Adéquat,37.3,37.3,940.0,940.0,0.0
SF01-PP-PP01-000NUB-FA037B-GMOT-DEPARTM,382258.0,360.0,Électrique,Systématique,4,74.7,,observée,74.7,26.4,0,0,0.0,Adéquat,74.7,74.7,469.0,469.0,0.0
SF01-PP-PP01-000NUB-FA037B-MOAC,210515.0,290.0,Mécanique,Inspection,4,175.3,,observée,175.3,10.8,0,0,0.0,Adéquat,175.3,175.3,200.0,200.0,0.0
SF01-PP-PP01-000NUB-FA037B-MOAC,210516.0,290.0,Mécanique,Inspection,18,29.4,,observée,29.4,2.9,0,0,0.0,Adéquat,29.4,29.4,1192.0,1192.0,0.0
SF01-PP-PP01-000NUB-FACIEL,382305.0,310.0,Électrique,Inspection,3,138.0,,observée,138.0,48.0,1,0,0.0,Adéquat,138.0,138.0,254.0,254.0,0.0
SF01-PP-PP01-000NUB-FACIEL-BJ01,211617.0,360.0,Électrique,Systématique,6,91.0,,observée,91.0,44.9,0,0,0.0,Adéquat,91.0,91.0,385.0,385.0,0.0
SF01-PP-PP01-000NUB-FACIEL-BJ02,211618.0,360.0,Électrique,Systématique,6,91.0,,observée,91.0,46.2,0,0,0.0,Adéquat,91.0,91.0,385.0,385.0,0.0
SF01-PP-PP01-000NUB-FACIEL-BJ03,211619.0,360.0,Électrique,Systématique,6,91.0,,observée,91.0,45.6,0,0,0.0,Adéquat,91.0,91.0,385.0,385.0,0.0
SF01-PP-PP01-000NUB-FACIEL-BJ04,211620.0,360.0,Électrique,Systématique,6,91.0,,observée,91.0,45.0,0,0,0.0,Adéquat,91.0,91.0,385.0,385.0,0.0
SF01-PP-PP01-000NUB-FACIEL-BJ05,211621.0,360.0,Électrique,Systématique,6,91.0,,observée,91.0,44.6,0,0,0.0,Adéquat,91.0,91.0,385.0,385.0,0.0
SF01-PP-PP01-000NUB-FACIEL-BJ06,211622.0,360.0,Électrique,Systématique,6,91.0,,observée,91.0,43.7,0,0,0.0,Adéquat,91.0,91.0,385.0,385.0,0.0
SF01-PP-PP01-000NUB-FACIEL-PC01,212625.0,360.0,Électrique,Systématique,6,126.6,,observée,126.6,75.1,0,0,0.0,Adéquat,126.6,126.6,277.0,277.0,0.0
SF01-PP-PP01-000NUB-FACIEL-PC01,382544.0,300.0,Électrique,Inspection,3,136.5,,observée,136.5,43.5,0,0,0.0,Adéquat,136.5,136.5,257.0,257.0,0.0
SF01-PP-PP01-000NUB-FACIEL-PC02,212630.0,360.0,Électrique,Systématique,6,132.2,,observée,132.2,79.8,0,0,0.0,Adéquat,132.2,132.2,265.0,265.0,0.0
SF01-PP-PP01-000NUB-FACIEL-PC02,382545.0,300.0,Électrique,Inspection,3,136.0,,observée,136.0,43.0,0,0,0.0,Adéquat,136.0,136.0,258.0,258.0,0.0
SF01-PP-PP01-000NUB-FACIEL-PC03,212635.0,360.0,Électrique,Systématique,6,137.8,,observée,137.8,84.5,0,0,0.0,Adéquat,137.8,137.8,254.0,254.0,0.0
SF01-PP-PP01-000NUB-FACIEL-PC03,382546.0,300.0,Électrique,Inspection,3,135.5,,observée,135.5,42.5,0,0,0.0,Adéquat,135.5,135.5,259.0,259.0,0.0
SF01-PP-PP01-000NUB-FACIEL-PC04,212638.0,360.0,Électrique,Systématique,6,140.6,,observée,140.6,87.3,0,0,0.0,Adéquat,140.6,140.6,249.0,249.0,0.0
SF01-PP-PP01-000NUB-FACIEL-PC04,382547.0,300.0,Électrique,Inspection,3,135.0,,observée,135.0,47.0,0,0,0.0,Adéquat,135.0,135.0,260.0,260.0,0.0
SF01-PP-PP01-000NUB-FACIEL-PC05,212641.0,360.0,Électrique,Systématique,6,143.4,,observée,143.4,91.3,0,0,0.0,Adéquat,143.4,143.4,244.0,244.0,0.0
SF01-PP-PP01-000NUB-FACIEL-PC05,382548.0,300.0,Électrique,Inspection,3,134.5,,observée,134.5,46.5,0,0,0.0,Adéquat,134.5,134.5,261.0,261.0,0.0
SF01-PP-PP01-000NUB-FACIEL-PC06,212644.0,360.0,Électrique,Systématique,6,146.2,,observée,146.2,94.5,0,0,0.0,Adéquat,146.2,146.2,240.0,240.0,0.0
SF01-PP-PP01-000NUB-FACIEL-PC06,382549.0,300.0,Électrique,Inspection,3,136.5,,observée,136.5,43.5,0,0,0.0,Adéquat,136.5,136.5,257.0,257.0,0.0
SF01-PP-PP01-000NUB-FACIEL-VRSC,212933.0,360.0,Électrique,Systématique,6,153.2,,observée,153.2,103.3,0,0,0.0,Adéquat,153.2,153.2,229.0,229.0,0.0
SF01-PP-PP01-000NUB-FACIEL-VRSC,382550.0,300.0,Électrique,Inspection,3,134.5,,observée,134.5,43.5,0,0,0.0,Adéquat,134.5,134.5,261.0,261.0,0.0
SF01-PP-PP01-000NUB-FACIEL-VRSS,212934.0,360.0,Électrique,Systématique,6,154.6,,observée,154.6,104.8,0,0,0.0,Adéquat,154.6,154.6,227.0,227.0,0.0
SF01-PP-PP01-000NUB-FACIEL-VRSS,382551.0,300.0,Électrique,Inspection,3,136.5,,observée,136.5,45.5,0,0,0.0,Adéquat,136.5,136.5,257.0,257.0,0.0
SF01-PP-PP01-000NUB-POSTBT,212592.0,310.0,Électrique,Inspection,34,13.5,,observée,13.5,25.7,0,0,0.0,Trop fréquent,13.5,27.0,2596.0,1298.0,1298.0
SF01-PP-PP01-000NUB-POSTBT,212593.0,360.0,Électrique,Systématique,37,20.2,,observée,20.2,70.1,0,0,0.0,Adéquat,20.2,20.2,1735.0,1735.0,0.0
SF01-PP-PP01-000NUB-POSTBT,381484.0,310.0,Électrique,Inspection,11,7.7,,observée,7.7,1.6,0,0,0.0,Trop fréquent,7.7,15.4,4551.0,2276.0,2276.0
SF01-PP-PP01-000NUB-POSTBT,382264.0,360.0,Électrique,Systématique,4,36.3,,observée,36.3,12.0,0,0,0.0,Adéquat,36.3,36.3,965.0,965.0,0.0
SF01-PP-PP01-000NUB-POSTBT-TGBT,381762.0,310.0,Électrique,Inspection,6,16.6,,observée,16.6,8.1,0,0,0.0,Trop fréquent,16.6,33.2,2111.0,1056.0,1056.0
SF01-PP-PP01-000NUB-POSTBT-TGBT-00PCTBP,210928.0,360.0,Électrique,Systématique,4,145.3,,observée,145.3,186.0,0,0,0.0,Adéquat,145.3,145.3,241.0,241.0,0.0
SF01-PP-PP01-000NUB-POSTBT-TGBT-09TLV01,212888.0,360.0,Électrique,Systématique,4,144.3,,observée,144.3,77.9,0,0,0.0,Adéquat,144.3,144.3,243.0,243.0,0.0
SF01-PP-PP01-000NUB-POSTBT-TGBT-09TLV02,210954.0,360.0,Électrique,Systématique,4,205.0,,observée,205.0,58.3,0,0,0.0,Adéquat,205.0,205.0,171.0,171.0,0.0
SF01-PP-PP01-000NUB-POSTBT-TGBT-0PC380V,210987.0,360.0,Électrique,Systématique,4,166.7,,observée,166.7,76.7,0,0,0.0,Adéquat,166.7,166.7,210.0,210.0,0.0
SF01-PP-PP01-000NUB-POSTBT-TGBT-380DM25,211514.0,360.0,Électrique,Systématique,4,145.3,,observée,145.3,90.7,0,0,0.0,Adéquat,145.3,145.3,241.0,241.0,0.0
SF01-PP-PP01-000NUB-POSTBT-TGBT-380DMRS,211515.0,360.0,Électrique,Systématique,4,145.0,,observée,145.0,80.5,0,0,0.0,Adéquat,145.0,145.0,242.0,242.0,0.0
SF01-PP-PP01-000NUB-POSTBT-TGBT-ATLSCPC,212261.0,360.0,Électrique,Systématique,4,205.7,,observée,205.7,38.3,0,0,0.0,Adéquat,205.7,205.7,170.0,170.0,0.0
SF01-PP-PP01-000NUB-POSTBT-TGBT-CHARGER,212256.0,360.0,Électrique,Systématique,4,167.7,,observée,167.7,77.8,0,0,0.0,Adéquat,167.7,167.7,209.0,209.0,0.0
SF01-PP-PP01-000NUB-POSTBT-TGBT-CLIMATS,211630.0,360.0,Électrique,Systématique,4,184.0,,observée,184.0,106.9,0,0,0.0,Adéquat,184.0,184.0,190.0,190.0,0.0
SF01-PP-PP01-000NUB-POSTBT-TGBT-CMRSARP,211638.0,360.0,Électrique,Systématique,4,267.0,,observée,267.0,118.8,0,0,0.0,Adéquat,267.0,267.0,131.0,131.0,0.0
SF01-PP-PP01-000NUB-POSTBT-TGBT-FLTRCMP,211652.0,360.0,Électrique,Systématique,4,173.0,,observée,173.0,181.2,0,0,0.0,Adéquat,173.0,173.0,203.0,203.0,0.0
SF01-PP-PP01-000NUB-POSTBT-TGBT-FLTRSRP,211653.0,360.0,Électrique,Systématique,4,218.3,,observée,218.3,152.8,0,0,0.0,Adéquat,218.3,218.3,161.0,161.0,0.0
SF01-PP-PP01-000NUB-POSTBT-TGBT-TRONDLR,212889.0,360.0,Électrique,Systématique,4,144.7,,observée,144.7,87.0,0,0,0.0,Adéquat,144.7,144.7,242.0,242.0,0.0
SF01-PP-PP01-000NUB-POSTMT,212608.0,310.0,Électrique,Inspection,34,12.6,,observée,12.6,25.1,0,0,0.0,Trop fréquent,12.6,25.2,2781.0,1391.0,1391.0
SF01-PP-PP01-000NUB-POSTMT,212609.0,360.0,Électrique,Systématique,37,20.0,,observée,20.0,68.6,0,0,0.0,Adéquat,20.0,20.0,1752.0,1752.0,0.0
SF01-PP-PP01-000NUB-POSTMT,381485.0,310.0,Électrique,Inspection,11,7.7,,observée,7.7,1.6,0,0,0.0,Trop fréquent,7.7,15.4,4551.0,2276.0,2276.0
SF01-PP-PP01-000NUB-POSTMT,381780.0,310.0,Électrique,Inspection,3,137.0,,observée,137.0,49.0,0,0,0.0,Adéquat,137.0,137.0,256.0,256.0,0.0
SF01-PP-PP01-000NUB-POSTMT,382265.0,360.0,Électrique,Systématique,4,37.7,,observée,37.7,13.8,0,0,0.0,Adéquat,37.7,37.7,930.0,930.0,0.0
SF01-PP-PP01-000NUB-POSTMT-TGMT-000DTR1,212840.0,360.0,Électrique,Systématique,4,145.7,,observée,145.7,88.6,0,0,0.0,Adéquat,145.7,145.7,241.0,241.0,0.0
SF01-PP-PP01-000NUB-POSTMT-TGMT-000DTR2,212861.0,360.0,Électrique,Systématique,4,145.0,,observée,145.0,76.9,0,0,0.0,Adéquat,145.0,145.0,242.0,242.0,0.0
SF01-PP-PP01-000NUB-PSTTR1-DINC,381771.0,310.0,Électrique,Inspection,3,136.0,,observée,136.0,45.0,0,0,0.0,Adéquat,136.0,136.0,258.0,258.0,0.0
SF01-PP-PP01-000NUB-PSTTR1-TRSF,212838.0,310.0,Électrique,Inspection,10,32.1,,observée,32.1,22.3,0,0,0.0,Adéquat,32.1,32.1,1092.0,1092.0,0.0
SF01-PP-PP01-000NUB-PSTTR1-TRSF,382308.0,310.0,Électrique,Inspection,3,84.0,,observée,84.0,28.0,0,0,0.0,Adéquat,84.0,84.0,417.0,417.0,0.0
SF01-PP-PP01-000NUB-PSTTR1-TRSF,382514.0,300.0,Électrique,Inspection,3,83.0,,observée,83.0,27.0,0,0,0.0,Adéquat,83.0,83.0,422.0,422.0,0.0
SF01-PP-PP01-000NUB-PSTTR2-TRSF,212859.0,310.0,Électrique,Inspection,10,32.2,,observée,32.2,18.5,0,0,0.0,Adéquat,32.2,32.2,1088.0,1088.0,0.0
SF01-PP-PP01-000NUB-PSTTR2-TRSF,382309.0,310.0,Électrique,Inspection,3,84.0,,observée,84.0,28.0,0,0,0.0,Adéquat,84.0,84.0,417.0,417.0,0.0
SF01-PP-PP01-000NUB-PSTTR2-TRSF,382515.0,300.0,Électrique,Inspection,3,82.5,,observée,82.5,26.5,0,0,0.0,Adéquat,82.5,82.5,425.0,425.0,0.0
SF01-PP-PP01-000SPH-0000A1,209200.0,290.0,Mécanique,Inspection,4,177.0,,observée,177.0,8.5,1,1,0.33,Insuffisant,177.0,123.9,1713.0,1365.0,348.0
SF01-PP-PP01-000SPH-0000A1-MOAC,210297.0,290.0,Mécanique,Inspection,4,175.3,,observée,175.3,10.8,0,0,0.0,Adéquat,175.3,175.3,200.0,200.0,0.0
SF01-PP-PP01-000SPH-0000A1-MOAC,210298.0,290.0,Mécanique,Inspection,18,29.4,,observée,29.4,2.9,0,0,0.0,Adéquat,29.4,29.4,1192.0,1192.0,0.0
SF01-PP-PP01-000SPH-0000B1,209201.0,290.0,Mécanique,Inspection,4,177.0,,observée,177.0,8.5,3,1,0.33,Insuffisant,177.0,123.9,1713.0,1365.0,348.0
SF01-PP-PP01-000SPH-0000B1-MOAC,210301.0,290.0,Mécanique,Inspection,4,175.3,,observée,175.3,10.8,1,0,0.0,Adéquat,175.3,175.3,200.0,200.0,0.0
SF01-PP-PP01-000SPH-0000B1-MOAC,210302.0,290.0,Mécanique,Inspection,18,29.4,,observée,29.4,2.9,1,0,0.0,Adéquat,29.4,29.4,1192.0,1192.0,0.0
SF01-PP-PP01-000SPH-0000B2,209202.0,290.0,Mécanique,Inspection,4,177.0,,observée,177.0,8.5,11,1,0.33,Insuffisant,177.0,123.9,1713.0,1365.0,348.0
SF01-PP-PP01-000SPH-0000B2-MOAC,210304.0,290.0,Mécanique,Inspection,4,175.3,,observée,175.3,10.8,0,0,0.0,Adéquat,175.3,175.3,200.0,200.0,0.0
SF01-PP-PP01-000SPH-0000B2-MOAC,210305.0,290.0,Mécanique,Inspection,18,29.4,,observée,29.4,2.9,0,0,0.0,Adéquat,29.4,29.4,1192.0,1192.0,0.0
SF01-PP-PP01-000SPH-0000B3,209203.0,290.0,Mécanique,Inspection,4,177.0,,observée,177.0,8.5,5,2,0.67,Insuffisant,177.0,123.9,3274.0,2480.0,794.0
SF01-PP-PP01-000SPH-0000B3-MOAC,210307.0,290.0,Mécanique,Inspection,4,175.3,,observée,175.3,10.8,0,0,0.0,Adéquat,175.3,175.3,200.0,200.0,0.0
SF01-PP-PP01-000SPH-0000B3-MOAC,210308.0,290.0,Mécanique,Inspection,18,29.4,,observée,29.4,2.9,0,0,0.0,Adéquat,29.4,29.4,1192.0,1192.0,0.0
SF01-PP-PP01-000SPH-0000C1,209204.0,290.0,Mécanique,Inspection,4,175.3,,observée,175.3,10.8,3,2,0.67,Insuffisant,175.3,122.7,3306.0,2504.0,802.0
SF01-PP-PP01-000SPH-0000C1-MOAC,210318.0,290.0,Mécanique,Inspection,4,175.3,,observée,175.3,10.8,0,0,0.0,Adéquat,175.3,175.3,200.0,200.0,0.0
SF01-PP-PP01-000SPH-0000C1-MOAC,210319.0,290.0,Mécanique,Inspection,18,29.4,,observée,29.4,2.9,0,0,0.0,Adéquat,29.4,29.4,1192.0,1192.0,0.0
SF01-PP-PP01-000SPH-0000C2,209205.0,290.0,Mécanique,Inspection,4,175.3,,observée,175.3,10.8,8,3,1.0,Insuffisant,175.3,122.7,4835.0,3597.0,1239.0
SF01-PP-PP01-000SPH-0000C2-MOAC,210321.0,290.0,Mécanique,Inspection,4,175.3,,observée,175.3,10.8,1,0,0.0,Adéquat,175.3,175.3,200.0,200.0,0.0
SF01-PP-PP01-000SPH-0000C2-MOAC,210322.0,290.0,Mécanique,Inspection,18,29.4,,observée,29.4,2.9,1,0,0.0,Adéquat,29.4,29.4,1192.0,1192.0,0.0
SF01-PP-PP01-000SPH-0000C3,209206.0,290.0,Mécanique,Inspection,4,175.3,,observée,175.3,10.8,10,3,1.0,Insuffisant,175.3,122.7,4835.0,3597.0,1239.0
SF01-PP-PP01-000SPH-0000C3-MOAC,210324.0,290.0,Mécanique,Inspection,4,175.3,,observée,175.3,10.8,0,0,0.0,Adéquat,175.3,175.3,200.0,200.0,0.0
SF01-PP-PP01-000SPH-0000C3-MOAC,210325.0,290.0,Mécanique,Inspection,18,29.4,,observée,29.4,2.9,0,0,0.0,Adéquat,29.4,29.4,1192.0,1192.0,0.0
SF01-PP-PP01-000SPH-0000C4,209207.0,290.0,Mécanique,Inspection,4,175.3,,observée,175.3,10.8,3,1,0.33,Insuffisant,175.3,122.7,1730.0,1378.0,351.0
SF01-PP-PP01-000SPH-0000C4-MOAC,210327.0,290.0,Mécanique,Inspection,4,175.3,,observée,175.3,10.8,0,0,0.0,Adéquat,175.3,175.3,200.0,200.0,0.0
SF01-PP-PP01-000SPH-0000C4-MOAC,210328.0,290.0,Mécanique,Inspection,18,29.4,,observée,29.4,2.9,0,0,0.0,Adéquat,29.4,29.4,1192.0,1192.0,0.0
SF01-PP-PP01-000SPH-0000D1,209208.0,290.0,Mécanique,Inspection,4,175.3,,observée,175.3,10.8,7,3,1.0,Insuffisant,175.3,122.7,4835.0,3597.0,1239.0
SF01-PP-PP01-000SPH-0000D1-MOAC,210342.0,290.0,Mécanique,Inspection,4,175.3,,observée,175.3,10.8,0,0,0.0,Adéquat,175.3,175.3,200.0,200.0,0.0
SF01-PP-PP01-000SPH-0000D1-MOAC,210343.0,290.0,Mécanique,Inspection,18,29.4,,observée,29.4,2.9,0,0,0.0,Adéquat,29.4,29.4,1192.0,1192.0,0.0
SF01-PP-PP01-000SPH-0000D2,209209.0,290.0,Mécanique,Inspection,4,175.3,,observée,175.3,10.8,6,2,0.67,Insuffisant,175.3,122.7,3306.0,2504.0,802.0
SF01-PP-PP01-000SPH-0000D2-MOAC,210345.0,290.0,Mécanique,Inspection,4,175.3,,observée,175.3,10.8,0,0,0.0,Adéquat,175.3,175.3,200.0,200.0,0.0
SF01-PP-PP01-000SPH-0000D2-MOAC,210346.0,290.0,Mécanique,Inspection,18,29.4,,observée,29.4,2.9,0,0,0.0,Adéquat,29.4,29.4,1192.0,1192.0,0.0
SF01-PP-PP01-000SPH-0000D3,209210.0,290.0,Mécanique,Inspection,4,175.3,,observée,175.3,10.8,7,3,1.0,Insuffisant,175.3,122.7,4835.0,3597.0,1239.0
SF01-PP-PP01-000SPH-0000D3-MOAC,210348.0,290.0,Mécanique,Inspection,4,175.3,,observée,175.3,10.8,0,0,0.0,Adéquat,175.3,175.3,200.0,200.0,0.0
SF01-PP-PP01-000SPH-0000D3-MOAC,210349.0,290.0,Mécanique,Inspection,18,29.4,,observée,29.4,2.9,0,0,0.0,Adéquat,29.4,29.4,1192.0,1192.0,0.0
SF01-PP-PP01-000SPH-000M01,209215.0,290.0,Mécanique,Inspection,7,88.0,,observée,88.0,7.0,0,0,0.0,Adéquat,88.0,88.0,398.0,398.0,0.0
SF01-PP-PP01-000SPH-000M01-GMOT-0MOTEUR,381523.0,310.0,Électrique,Inspection,6,16.8,,observée,16.8,5.7,0,0,0.0,Trop fréquent,16.8,33.6,2086.0,1043.0,1043.0
SF01-PP-PP01-000SPH-000M01-GMOT-0MOTEUR,382351.0,300.0,Électrique,Inspection,3,91.0,,observée,91.0,90.0,0,0,0.0,Adéquat,91.0,91.0,385.0,385.0,0.0
SF01-PP-PP01-000SPH-000P01,209216.0,290.0,Mécanique,Inspection,4,175.3,,observée,175.3,10.8,0,0,0.0,Adéquat,175.3,175.3,200.0,200.0,0.0
SF01-PP-PP01-000SPH-000P01-GMOT-0MOTEUR,381524.0,310.0,Électrique,Inspection,6,16.8,,observée,16.8,4.8,0,0,0.0,Trop fréquent,16.8,33.6,2086.0,1043.0,1043.0
SF01-PP-PP01-000SPH-000P01-GMOT-0MOTEUR,382352.0,300.0,Électrique,Inspection,3,91.0,,observée,91.0,89.0,0,0,0.0,Adéquat,91.0,91.0,385.0,385.0,0.0
SF01-PP-PP01-000SPH-000S01,209217.0,290.0,Mécanique,Inspection,4,175.3,,observée,175.3,10.8,0,0,0.0,Adéquat,175.3,175.3,200.0,200.0,0.0
SF01-PP-PP01-000SPH-00B255,209224.0,290.0,Mécanique,Inspection,4,175.3,,observée,175.3,10.8,5,2,0.67,Insuffisant,175.3,122.7,3306.0,2504.0,802.0
SF01-PP-PP01-000SPH-00B255,200000001719.0,300.0,Mécanique,Inspection,13,44.4,91.0,observée,44.4,10.8,5,3,0.25,Insuffisant,44.4,31.1,5365.0,4396.0,969.0
SF01-PP-PP01-000SPH-00B255-GMOT-0MOTEUR,381525.0,310.0,Électrique,Inspection,6,16.8,,observée,16.8,5.3,0,0,0.0,Trop fréquent,16.8,33.6,2086.0,1043.0,1043.0
SF01-PP-PP01-000SPH-00B255-GMOT-0MOTEUR,382353.0,300.0,Électrique,Inspection,3,135.0,,observée,135.0,45.0,0,0,0.0,Adéquat,135.0,135.0,260.0,260.0,0.0
SF01-PP-PP01-000SPH-00B256,209225.0,290.0,Mécanique,Inspection,4,175.3,,observée,175.3,10.8,3,2,0.67,Insuffisant,175.3,122.7,3306.0,2504.0,802.0
SF01-PP-PP01-000SPH-00B256,200000001719.0,300.0,Mécanique,Inspection,13,44.4,91.0,observée,44.4,10.9,3,2,0.17,Insuffisant,44.4,31.1,3901.0,3350.0,551.0
SF01-PP-PP01-000SPH-00B256-GMOT-0MOTEUR,381526.0,310.0,Électrique,Inspection,6,16.8,,observée,16.8,6.6,2,0,0.0,Trop fréquent,16.8,33.6,2086.0,1043.0,1043.0
SF01-PP-PP01-000SPH-00B256-GMOT-0MOTEUR,382354.0,300.0,Électrique,Inspection,3,137.0,,observée,137.0,42.0,2,0,0.0,Adéquat,137.0,137.0,256.0,256.0,0.0
SF01-PP-PP01-000SPH-00B257,209226.0,290.0,Mécanique,Inspection,4,175.3,,observée,175.3,10.8,2,2,0.67,Insuffisant,175.3,122.7,3306.0,2504.0,802.0
SF01-PP-PP01-000SPH-00B257,200000001719.0,300.0,Mécanique,Inspection,13,44.4,91.0,observée,44.4,10.8,2,2,0.17,Insuffisant,44.4,31.1,3901.0,3350.0,551.0
SF01-PP-PP01-000SPH-00B257-GMOT-0MOTEUR,381527.0,310.0,Électrique,Inspection,6,16.8,,observée,16.8,5.6,0,0,0.0,Trop fréquent,16.8,33.6,2086.0,1043.0,1043.0
SF01-PP-PP01-000SPH-00B257-GMOT-0MOTEUR,382355.0,300.0,Électrique,Inspection,3,136.5,,observée,136.5,46.5,0,0,0.0,Adéquat,136.5,136.5,257.0,257.0,0.0
SF01-PP-PP01-000SPH-00B260,209227.0,290.0,Mécanique,Inspection,4,175.3,,observée,175.3,10.8,0,0,0.0,Adéquat,175.3,175.3,200.0,200.0,0.0
SF01-PP-PP01-000SPH-00B260,200000001719.0,300.0,Mécanique,Inspection,13,44.4,91.0,observée,44.4,10.8,0,0,0.0,Adéquat,44.4,44.4,789.0,789.0,0.0
SF01-PP-PP01-000SPH-00B260-GMOT-0MOTEUR,381528.0,310.0,Électrique,Inspection,6,16.8,,observée,16.8,5.6,0,0,0.0,Trop fréquent,16.8,33.6,2086.0,1043.0,1043.0
SF01-PP-PP01-000SPH-00B260-GMOT-0MOTEUR,382356.0,300.0,Électrique,Inspection,3,136.5,,observée,136.5,46.5,0,0,0.0,Adéquat,136.5,136.5,257.0,257.0,0.0
SF01-PP-PP01-000SPH-00B261,209228.0,290.0,Mécanique,Inspection,4,175.3,,observée,175.3,10.8,0,0,0.0,Adéquat,175.3,175.3,200.0,200.0,0.0
SF01-PP-PP01-000SPH-00B261,200000001719.0,300.0,Mécanique,Inspection,13,44.4,91.0,observée,44.4,10.8,0,0,0.0,Adéquat,44.4,44.4,789.0,789.0,0.0
SF01-PP-PP01-000SPH-00B261-GMOT-0MOTEUR,381529.0,310.0,Électrique,Inspection,6,16.8,,observée,16.8,5.0,0,0,0.0,Trop fréquent,16.8,33.6,2086.0,1043.0,1043.0
SF01-PP-PP01-000SPH-00B261-GMOT-0MOTEUR,382357.0,300.0,Électrique,Inspection,3,136.0,,observée,136.0,46.0,0,0,0.0,Adéquat,136.0,136.0,258.0,258.0,0.0
SF01-PP-PP01-000SPH-00B262,209229.0,290.0,Mécanique,Inspection,4,175.3,,observée,175.3,10.8,0,0,0.0,Adéquat,175.3,175.3,200.0,200.0,0.0
SF01-PP-PP01-000SPH-00B262,200000001719.0,300.0,Mécanique,Inspection,13,44.4,91.0,observée,44.4,10.8,0,0,0.0,Adéquat,44.4,44.4,789.0,789.0,0.0
SF01-PP-PP01-000SPH-00B262-GMOT-0MOTEUR,381530.0,310.0,Électrique,Inspection,6,16.8,,observée,16.8,5.6,0,0,0.0,Trop fréquent,16.8,33.6,2086.0,1043.0,1043.0
SF01-PP-PP01-000SPH-00B262-GMOT-0MOTEUR,382358.0,300.0,Électrique,Inspection,3,135.5,,observée,135.5,45.5,0,0,0.0,Adéquat,135.5,135.5,259.0,259.0,0.0
SF01-PP-PP01-000SPH-00H255,209231.0,290.0,Mécanique,Inspection,4,175.3,,observée,175.3,10.8,1,1,0.33,Insuffisant,175.3,122.7,1730.0,1378.0,351.0
SF01-PP-PP01-000SPH-00H255-MOAC,210539.0,290.0,Mécanique,Inspection,4,175.3,,observée,175.3,10.8,0,0,0.0,Adéquat,175.3,175.3,200.0,200.0,0.0
SF01-PP-PP01-000SPH-00H255-MOAC,210540.0,290.0,Mécanique,Inspection,18,29.4,,observée,29.4,2.9,0,0,0.0,Adéquat,29.4,29.4,1192.0,1192.0,0.0
SF01-PP-PP01-000SPH-00H256,209233.0,290.0,Mécanique,Inspection,4,175.3,,observée,175.3,10.8,1,0,0.0,Adéquat,175.3,175.3,200.0,200.0,0.0
SF01-PP-PP01-000SPH-00H256-MOAC,210541.0,290.0,Mécanique,Inspection,4,175.3,,observée,175.3,10.8,0,0,0.0,Adéquat,175.3,175.3,200.0,200.0,0.0
SF01-PP-PP01-000SPH-00H256-MOAC,210542.0,290.0,Mécanique,Inspection,18,29.4,,observée,29.4,2.9,0,0,0.0,Adéquat,29.4,29.4,1192.0,1192.0,0.0
SF01-PP-PP01-000SPH-0GD251,209357.0,290.0,Mécanique,Inspection,7,88.0,,observée,88.0,7.0,0,0,0.0,Adéquat,88.0,88.0,398.0,398.0,0.0
SF01-PP-PP01-000SPH-0GD251,200000001719.0,300.0,Mécanique,Inspection,13,44.6,91.0,observée,44.6,14.1,0,0,0.0,Adéquat,44.6,44.6,786.0,786.0,0.0
SF01-PP-PP01-000SPH-0GD251-GMOT-0MOTEUR,381531.0,310.0,Électrique,Inspection,6,16.8,,observée,16.8,6.1,0,0,0.0,Trop fréquent,16.8,33.6,2086.0,1043.0,1043.0
SF01-PP-PP01-000SPH-0GD251-GMOT-0MOTEUR,382359.0,300.0,Électrique,Inspection,3,138.0,,observée,138.0,43.0,0,0,0.0,Adéquat,138.0,138.0,254.0,254.0,0.0
SF01-PP-PP01-000SPH-0GD252,209359.0,290.0,Mécanique,Inspection,7,88.0,,observée,88.0,7.0,0,0,0.0,Adéquat,88.0,88.0,398.0,398.0,0.0
SF01-PP-PP01-000SPH-0GD252,200000001719.0,300.0,Mécanique,Inspection,13,44.6,91.0,observée,44.6,14.1,0,0,0.0,Adéquat,44.6,44.6,786.0,786.0,0.0
SF01-PP-PP01-000SPH-0GD252-GMOT-0MOTEUR,381532.0,310.0,Électrique,Inspection,6,16.8,,observée,16.8,5.6,0,0,0.0,Trop fréquent,16.8,33.6,2086.0,1043.0,1043.0
SF01-PP-PP01-000SPH-0GD252-GMOT-0MOTEUR,382360.0,300.0,Électrique,Inspection,3,137.5,,observée,137.5,47.5,0,0,0.0,Adéquat,137.5,137.5,255.0,255.0,0.0
SF01-PP-PP01-000SPH-0GD253,209361.0,290.0,Mécanique,Inspection,7,88.0,,observée,88.0,7.0,0,0,0.0,Adéquat,88.0,88.0,398.0,398.0,0.0
SF01-PP-PP01-000SPH-0GD253,200000001719.0,300.0,Mécanique,Inspection,13,44.6,91.0,observée,44.6,14.1,0,0,0.0,Adéquat,44.6,44.6,786.0,786.0,0.0
SF01-PP-PP01-000SPH-0GD253-GMOT-0MOTEUR,381533.0,310.0,Électrique,Inspection,6,16.8,,observée,16.8,5.6,0,0,0.0,Trop fréquent,16.8,33.6,2086.0,1043.0,1043.0
SF01-PP-PP01-000SPH-0GD253-GMOT-0MOTEUR,382361.0,300.0,Électrique,Inspection,3,137.0,,observée,137.0,47.0,0,0,0.0,Adéquat,137.0,137.0,256.0,256.0,0.0
SF01-PP-PP01-000SPH-0GD254,209363.0,290.0,Mécanique,Inspection,7,88.0,,observée,88.0,7.0,0,0,0.0,Adéquat,88.0,88.0,398.0,398.0,0.0
SF01-PP-PP01-000SPH-0GD254,200000001719.0,300.0,Mécanique,Inspection,13,44.6,91.0,observée,44.6,13.5,0,0,0.0,Adéquat,44.6,44.6,786.0,786.0,0.0
SF01-PP-PP01-000SPH-0GD254-GMOT-0MOTEUR,381534.0,310.0,Électrique,Inspection,6,16.8,,observée,16.8,4.6,0,0,0.0,Trop fréquent,16.8,33.6,2086.0,1043.0,1043.0
SF01-PP-PP01-000SPH-0GD254-GMOT-0MOTEUR,382362.0,300.0,Électrique,Inspection,3,137.0,,observée,137.0,47.0,0,0,0.0,Adéquat,137.0,137.0,256.0,256.0,0.0
SF01-PP-PP01-000SPH-0GD451,209365.0,290.0,Mécanique,Inspection,7,88.0,,observée,88.0,7.0,0,0,0.0,Adéquat,88.0,88.0,398.0,398.0,0.0
SF01-PP-PP01-000SPH-0GD451,200000001719.0,300.0,Mécanique,Inspection,13,44.6,91.0,observée,44.6,14.8,0,0,0.0,Adéquat,44.6,44.6,786.0,786.0,0.0
SF01-PP-PP01-000SPH-0GD451-GMOT-0MOTEUR,381535.0,310.0,Électrique,Inspection,6,16.8,,observée,16.8,5.6,0,0,0.0,Trop fréquent,16.8,33.6,2086.0,1043.0,1043.0
SF01-PP-PP01-000SPH-0GD451-GMOT-0MOTEUR,382363.0,300.0,Électrique,Inspection,3,136.5,,observée,136.5,46.5,0,0,0.0,Adéquat,136.5,136.5,257.0,257.0,0.0
SF01-PP-PP01-000SPH-0GD452,209367.0,290.0,Mécanique,Inspection,7,88.0,,observée,88.0,6.6,1,1,0.17,Insuffisant,88.0,61.6,1968.0,1690.0,278.0
SF01-PP-PP01-000SPH-0GD452,200000001719.0,300.0,Mécanique,Inspection,13,44.6,91.0,observée,44.6,14.8,1,1,0.08,Adéquat,44.6,44.6,2243.0,2243.0,0.0
SF01-PP-PP01-000SPH-0GD452-GMOT-0MOTEUR,381536.0,310.0,Électrique,Inspection,6,16.8,,observée,16.8,5.6,0,0,0.0,Trop fréquent,16.8,33.6,2086.0,1043.0,1043.0
SF01-PP-PP01-000SPH-0GD452-GMOT-0MOTEUR,382364.0,300.0,Électrique,Inspection,3,134.5,,observée,134.5,43.5,0,0,0.0,Adéquat,134.5,134.5,261.0,261.0,0.0
SF01-PP-PP01-000SPH-0GD453,209369.0,290.0,Mécanique,Inspection,7,88.0,,observée,88.0,6.6,0,0,0.0,Adéquat,88.0,88.0,398.0,398.0,0.0
SF01-PP-PP01-000SPH-0GD453,200000001719.0,300.0,Mécanique,Inspection,13,44.6,91.0,observée,44.6,14.8,0,0,0.0,Adéquat,44.6,44.6,786.0,786.0,0.0
SF01-PP-PP01-000SPH-0GD453-GMOT-0MOTEUR,381537.0,310.0,Électrique,Inspection,6,16.8,,observée,16.8,5.6,0,0,0.0,Trop fréquent,16.8,33.6,2086.0,1043.0,1043.0
SF01-PP-PP01-000SPH-0GD453-GMOT-0MOTEUR,382365.0,300.0,Électrique,Inspection,3,136.5,,observée,136.5,45.5,0,0,0.0,Adéquat,136.5,136.5,257.0,257.0,0.0
SF01-PP-PP01-000SPH-0GD454,209371.0,290.0,Mécanique,Inspection,7,88.0,,observée,88.0,6.6,0,0,0.0,Adéquat,88.0,88.0,398.0,398.0,0.0
SF01-PP-PP01-000SPH-0GD454-GMOT-0MOTEUR,381538.0,310.0,Électrique,Inspection,6,16.8,,observée,16.8,5.9,0,0,0.0,Trop fréquent,16.8,33.6,2086.0,1043.0,1043.0
SF01-PP-PP01-000SPH-0GD454-GMOT-0MOTEUR,382366.0,300.0,Électrique,Inspection,3,136.0,,observée,136.0,45.0,0,0,0.0,Adéquat,136.0,136.0,258.0,258.0,0.0
SF01-PP-PP01-000SPH-0GD455,209373.0,290.0,Mécanique,Inspection,7,88.0,,observée,88.0,6.6,1,0,0.0,Adéquat,88.0,88.0,398.0,398.0,0.0
SF01-PP-PP01-000SPH-0GD455,200000001719.0,300.0,Mécanique,Inspection,13,44.6,91.0,observée,44.6,12.0,1,0,0.0,Adéquat,44.6,44.6,786.0,786.0,0.0
SF01-PP-PP01-000SPH-0GD455-GMOT-0MOTEUR,381539.0,310.0,Électrique,Inspection,6,16.8,,observée,16.8,4.7,0,0,0.0,Trop fréquent,16.8,33.6,2086.0,1043.0,1043.0
SF01-PP-PP01-000SPH-0GD455-GMOT-0MOTEUR,382367.0,300.0,Électrique,Inspection,3,136.0,,observée,136.0,45.0,0,0,0.0,Adéquat,136.0,136.0,258.0,258.0,0.0
SF01-PP-PP01-000SPH-0GD456,209375.0,290.0,Mécanique,Inspection,7,88.0,,observée,88.0,6.6,3,3,0.5,Insuffisant,88.0,61.6,5015.0,3867.0,1148.0
SF01-PP-PP01-000SPH-0GD456,200000001719.0,300.0,Mécanique,Inspection,13,44.6,91.0,observée,44.6,10.9,3,3,0.25,Insuffisant,44.6,31.2,5341.0,4376.0,965.0
SF01-PP-PP01-000SPH-0GD456-GMOT-0MOTEUR,381540.0,310.0,Électrique,Inspection,6,16.8,,observée,16.8,5.7,0,0,0.0,Trop fréquent,16.8,33.6,2086.0,1043.0,1043.0
SF01-PP-PP01-000SPH-0GD456-GMOT-0MOTEUR,382368.0,300.0,Électrique,Inspection,3,135.5,,observée,135.5,44.5,0,0,0.0,Adéquat,135.5,135.5,259.0,259.0,0.0
SF01-PP-PP01-000SPH-0GD457,209376.0,290.0,Mécanique,Inspection,4,175.3,,observée,175.3,10.8,0,0,0.0,Adéquat,175.3,175.3,200.0,200.0,0.0
SF01-PP-PP01-000SPH-0GD457,200000001719.0,300.0,Mécanique,Inspection,13,44.6,91.0,observée,44.6,11.0,0,0,0.0,Adéquat,44.6,44.6,786.0,786.0,0.0
SF01-PP-PP01-000SPH-0GD460,209377.0,290.0,Mécanique,Inspection,4,175.3,,observée,175.3,10.8,0,0,0.0,Adéquat,175.3,175.3,200.0,200.0,0.0
SF01-PP-PP01-000SPH-0GD460,200000001719.0,300.0,Mécanique,Inspection,13,44.6,91.0,observée,44.6,11.0,0,0,0.0,Adéquat,44.6,44.6,786.0,786.0,0.0
SF01-PP-PP01-000SPH-0GD460-GMOT-0MOTEUR,381541.0,310.0,Électrique,Inspection,6,16.8,,observée,16.8,5.7,0,0,0.0,Trop fréquent,16.8,33.6,2086.0,1043.0,1043.0
SF01-PP-PP01-000SPH-0GD460-GMOT-0MOTEUR,382369.0,300.0,Électrique,Inspection,3,135.5,,observée,135.5,44.5,0,0,0.0,Adéquat,135.5,135.5,259.0,259.0,0.0
SF01-PP-PP01-000SPH-0GD462,209378.0,290.0,Mécanique,Inspection,4,175.3,,observée,175.3,10.8,0,0,0.0,Adéquat,175.3,175.3,200.0,200.0,0.0
SF01-PP-PP01-000SPH-0GD462,200000001719.0,300.0,Mécanique,Inspection,13,44.6,91.0,observée,44.6,10.5,0,0,0.0,Adéquat,44.6,44.6,786.0,786.0,0.0
SF01-PP-PP01-000SPH-0GD462-GMOT-0MOTEUR,381542.0,310.0,Électrique,Inspection,6,16.8,,observée,16.8,5.7,0,0,0.0,Trop fréquent,16.8,33.6,2086.0,1043.0,1043.0
SF01-PP-PP01-000SPH-0GD462-GMOT-0MOTEUR,382370.0,300.0,Électrique,Inspection,3,137.5,,observée,137.5,46.5,0,0,0.0,Adéquat,137.5,137.5,255.0,255.0,0.0
SF01-PP-PP01-000SPH-0GD463,209379.0,290.0,Mécanique,Inspection,4,175.3,,observée,175.3,10.8,5,2,0.67,Insuffisant,175.3,122.7,3306.0,2504.0,802.0
SF01-PP-PP01-000SPH-0GD463,200000001719.0,300.0,Mécanique,Inspection,13,44.6,91.0,observée,44.6,10.5,5,4,0.33,Insuffisant,44.6,31.2,6798.0,5417.0,1381.0
SF01-PP-PP01-000SPH-0GD463-GMOT-0MOTEUR,381543.0,310.0,Électrique,Inspection,6,16.8,,observée,16.8,5.7,0,0,0.0,Trop fréquent,16.8,33.6,2086.0,1043.0,1043.0
SF01-PP-PP01-000SPH-0GD465,209380.0,290.0,Mécanique,Inspection,4,175.3,,observée,175.3,10.8,0,0,0.0,Adéquat,175.3,175.3,200.0,200.0,0.0
SF01-PP-PP01-000SPH-0GD465,200000001719.0,300.0,Mécanique,Inspection,13,44.6,91.0,observée,44.6,10.5,0,0,0.0,Adéquat,44.6,44.6,786.0,786.0,0.0
SF01-PP-PP01-000SPH-0GD465-GMOT-0MOTEUR,381544.0,310.0,Électrique,Inspection,6,16.8,,observée,16.8,4.3,0,0,0.0,Trop fréquent,16.8,33.6,2086.0,1043.0,1043.0
SF01-PP-PP01-000SPH-0HMC2N,209390.0,290.0,Mécanique,Inspection,4,175.3,,observée,175.3,10.8,1,1,0.33,Insuffisant,175.3,122.7,1730.0,1378.0,351.0
SF01-PP-PP01-000SPH-0HMC2N-MOAC,210559.0,290.0,Mécanique,Inspection,4,175.3,,observée,175.3,10.8,0,0,0.0,Adéquat,175.3,175.3,200.0,200.0,0.0
SF01-PP-PP01-000SPH-0HMC2N-MOAC,210560.0,290.0,Mécanique,Inspection,18,29.4,,observée,29.4,2.9,0,0,0.0,Adéquat,29.4,29.4,1192.0,1192.0,0.0
SF01-PP-PP01-000SPH-0HMC2S,209392.0,290.0,Mécanique,Inspection,4,175.3,,observée,175.3,10.8,1,1,0.33,Insuffisant,175.3,122.7,1730.0,1378.0,351.0
SF01-PP-PP01-000SPH-0HMC2S-MOAC,210561.0,290.0,Mécanique,Inspection,4,175.3,,observée,175.3,10.8,0,0,0.0,Adéquat,175.3,175.3,200.0,200.0,0.0
SF01-PP-PP01-000SPH-0HMC2S-MOAC,210562.0,290.0,Mécanique,Inspection,18,29.4,,observée,29.4,2.9,0,0,0.0,Adéquat,29.4,29.4,1192.0,1192.0,0.0
SF01-PP-PP01-000SPH-0MCP1N,209427.0,290.0,Mécanique,Inspection,4,175.3,,observée,175.3,10.8,3,2,0.67,Insuffisant,175.3,122.7,3306.0,2504.0,802.0
SF01-PP-PP01-000SPH-0MCP1N-GMOT-0MOTEUR,381545.0,310.0,Électrique,Inspection,6,16.8,,observée,16.8,5.9,0,0,0.0,Trop fréquent,16.8,33.6,2086.0,1043.0,1043.0
SF01-PP-PP01-000SPH-0MCP2S,209428.0,290.0,Mécanique,Inspection,4,175.3,,observée,175.3,10.8,1,0,0.0,Adéquat,175.3,175.3,200.0,200.0,0.0
SF01-PP-PP01-000SPH-0MCP2S-GMOT-0MOTEUR,381546.0,310.0,Électrique,Inspection,6,16.8,,observée,16.8,6.6,0,0,0.0,Trop fréquent,16.8,33.6,2086.0,1043.0,1043.0
SF01-PP-PP01-000SPH-FACIEL-DCTR,212909.0,360.0,Électrique,Systématique,6,147.6,,observée,147.6,84.9,0,0,0.0,Adéquat,147.6,147.6,237.0,237.0,0.0
SF01-PP-PP01-000SPH-FACIEL-PC01,212910.0,360.0,Électrique,Systématique,6,149.0,,observée,149.0,92.9,0,0,0.0,Adéquat,149.0,149.0,235.0,235.0,0.0
SF01-PP-PP01-000SPH-FACIEL-PC02,212911.0,360.0,Électrique,Systématique,6,168.6,,observée,168.6,174.7,0,0,0.0,Adéquat,168.6,168.6,208.0,208.0,0.0
SF01-PP-PP01-000SPH-FACIEL-PC03,212912.0,360.0,Électrique,Systématique,6,151.8,,observée,151.8,95.4,0,0,0.0,Adéquat,151.8,151.8,231.0,231.0,0.0
SF01-PP-PP01-000SPH-FACIEL-PC04,212913.0,360.0,Électrique,Systématique,6,156.0,,observée,156.0,102.8,0,0,0.0,Adéquat,156.0,156.0,225.0,225.0,0.0
SF01-PP-PP01-000SPH-MC2NOR,210627.0,290.0,Mécanique,Inspection,4,175.3,,observée,175.3,10.8,16,3,1.0,Insuffisant,175.3,122.7,4835.0,3597.0,1239.0
SF01-PP-PP01-000SPH-MC2NOR-GMOT-0MOTEUR,381547.0,310.0,Électrique,Inspection,6,16.8,,observée,16.8,5.6,0,0,0.0,Trop fréquent,16.8,33.6,2086.0,1043.0,1043.0
SF01-PP-PP01-000SPH-MC2SUD,210628.0,290.0,Mécanique,Inspection,4,175.3,,observée,175.3,10.8,22,2,0.67,Insuffisant,175.3,122.7,3306.0,2504.0,802.0
SF01-PP-PP01-000SPH-MC2SUD-GMOT-0MOTEUR,381548.0,310.0,Électrique,Inspection,6,16.8,,observée,16.8,5.6,0,0,0.0,Trop fréquent,16.8,33.6,2086.0,1043.0,1043.0
SF01-PP-PP01-00AP12-01401A,209237.0,290.0,Mécanique,Inspection,59,7.1,,observée,7.1,2.5,68,25,0.43,Insuffisant,7.1,5.0,54149.0,42203.0,11945.0
SF01-PP-PP01-00AP12-01401A,209238.0,290.0,Mécanique,Inspection,31,14.7,,observée,14.7,2.7,68,19,0.63,Insuffisant,14.7,10.3,37209.0,28281.0,8928.0
SF01-PP-PP01-00AP12-01401A,209239.0,290.0,Mécanique,Inspection,4,175.3,,observée,175.3,13.0,68,3,1.0,Insuffisant,175.3,122.7,4835.0,3597.0,1239.0
SF01-PP-PP01-00AP12-01401A,209529.0,300.0,Mécanique,Inspection,3,337.5,,observée,337.5,27.5,68,2,1.0,Insuffisant,337.5,236.2,2511.0,1868.0,643.0
SF01-PP-PP01-00AP12-01401A,200000000458.0,290.0,Mécanique,Inspection,4,25.0,30.0,observée,25.0,33.9,68,1,0.33,Insuffisant,25.0,17.5,12128.0,9664.0,2464.0
SF01-PP-PP01-00AP12-01401A,200000001646.0,290.0,Mécanique,Inspection,21,189.4,,observée,189.4,782.1,68,7,0.35,Insuffisant,189.4,132.6,1687.0,1337.0,350.0
SF01-PP-PP01-00AP12-01401A,200000001719.0,300.0,Mécanique,Inspection,13,44.6,91.0,observée,44.6,11.0,68,11,0.92,Insuffisant,44.6,31.2,17548.0,13095.0,4452.0
SF01-PP-PP01-00AP12-01401A-CIRC,209530.0,290.0,Mécanique,Inspection,4,175.3,,observée,175.3,9.5,0,0,0.0,Adéquat,175.3,175.3,200.0,200.0,0.0
SF01-PP-PP01-00AP12-01401A-CIRC,200000005459.0,310.0,Mécanique,Inspection,29,14.9,90.0,observée,14.9,4.4,0,0,0.0,Trop fréquent,14.9,29.8,2352.0,1176.0,1176.0
SF01-PP-PP01-00AP12-01401A-CIRC-CIRCVERS,200000005459.0,310.0,Mécanique,Inspection,29,15.5,90.0,observée,15.5,5.5,0,0,0.0,Trop fréquent,15.5,31.0,2261.0,1130.0,1130.0
SF01-PP-PP01-00AP12-01401A-GMOT-0MOTEUR,381549.0,310.0,Électrique,Inspection,6,16.8,,observée,16.8,4.4,0,0,0.0,Trop fréquent,16.8,33.6,2086.0,1043.0,1043.0
SF01-PP-PP01-00AP12-01401A-GMOT-0MOTEUR,382111.0,360.0,Électrique,Systématique,3,56.0,,observée,56.0,0.0,0,0,0.0,Adéquat,56.0,56.0,626.0,626.0,0.0
SF01-PP-PP01-00AP12-01401A-GMOT-DEPARTM,212064.0,360.0,Électrique,Systématique,8,136.9,,observée,136.9,158.3,0,0,0.0,Adéquat,136.9,136.9,256.0,256.0,0.0
SF01-PP-PP01-00AP12-01401A-GMOT-DEPARTM,381889.0,360.0,Électrique,Systématique,3,56.0,,observée,56.0,0.0,0,0,0.0,Adéquat,56.0,56.0,626.0,626.0,0.0
SF01-PP-PP01-00AP12-01401A-GMOT-VARIATE,212065.0,360.0,Électrique,Systématique,8,137.9,,observée,137.9,119.4,0,0,0.0,Adéquat,137.9,137.9,254.0,254.0,0.0
SF01-PP-PP01-00AP12-01401A-GMOT-VARIATE,382272.0,360.0,Électrique,Systématique,3,56.0,,observée,56.0,0.0,0,0,0.0,Adéquat,56.0,56.0,626.0,626.0,0.0
SF01-PP-PP01-00AP12-01401B,209240.0,290.0,Mécanique,Inspection,59,7.1,,observée,7.1,2.4,104,26,0.45,Insuffisant,7.1,5.0,56438.0,43838.0,12599.0
SF01-PP-PP01-00AP12-01401B,209241.0,290.0,Mécanique,Inspection,31,14.7,,observée,14.7,2.9,104,20,0.67,Insuffisant,14.7,10.3,39420.0,29860.0,9560.0
SF01-PP-PP01-00AP12-01401B,209242.0,290.0,Mécanique,Inspection,4,175.3,,observée,175.3,13.0,104,3,1.0,Insuffisant,175.3,122.7,4835.0,3597.0,1239.0
SF01-PP-PP01-00AP12-01401B,209531.0,300.0,Mécanique,Inspection,3,337.5,,observée,337.5,27.5,104,2,1.0,Insuffisant,337.5,236.2,2511.0,1868.0,643.0
SF01-PP-PP01-00AP12-01401B,200000000458.0,290.0,Mécanique,Inspection,4,25.0,30.0,observée,25.0,33.9,104,1,0.33,Insuffisant,25.0,17.5,12128.0,9664.0,2464.0
SF01-PP-PP01-00AP12-01401B,200000001646.0,290.0,Mécanique,Inspection,21,189.4,,observée,189.4,782.1,104,10,0.5,Insuffisant,189.4,132.6,2330.0,1797.0,534.0
SF01-PP-PP01-00AP12-01401B,200000001719.0,300.0,Mécanique,Inspection,13,44.6,91.0,observée,44.6,15.3,104,11,0.92,Insuffisant,44.6,31.2,17548.0,13095.0,4452.0
SF01-PP-PP01-00AP12-01401B-CIRC,209532.0,290.0,Mécanique,Inspection,4,175.3,,observée,175.3,10.8,4,1,0.33,Insuffisant,175.3,122.7,1730.0,1378.0,351.0
SF01-PP-PP01-00AP12-01401B-CIRC,200000005459.0,310.0,Mécanique,Inspection,29,14.9,90.0,observée,14.9,4.5,4,3,0.11,Adéquat,14.9,14.9,8351.0,8351.0,0.0
SF01-PP-PP01-00AP12-01401B-CIRC-CIRCVERS,200000005459.0,310.0,Mécanique,Inspection,28,15.5,90.0,observée,15.5,5.6,0,0,0.0,Trop fréquent,15.5,31.0,2261.0,1130.0,1130.0
SF01-PP-PP01-00AP12-01401B-GMOT-0MOTEUR,381550.0,310.0,Électrique,Inspection,6,16.8,,observée,16.8,5.6,0,0,0.0,Trop fréquent,16.8,33.6,2086.0,1043.0,1043.0
SF01-PP-PP01-00AP12-01401B-GMOT-0MOTEUR,382112.0,360.0,Électrique,Systématique,4,74.7,,observée,74.7,26.4,0,0,0.0,Adéquat,74.7,74.7,469.0,469.0,0.0
SF01-PP-PP01-00AP12-01401B-GMOT-DEPARTM,212067.0,360.0,Électrique,Systématique,8,138.9,,observée,138.9,142.4,0,0,0.0,Adéquat,138.9,138.9,252.0,252.0,0.0
SF01-PP-PP01-00AP12-01401B-GMOT-DEPARTM,381890.0,360.0,Électrique,Systématique,4,74.7,,observée,74.7,26.4,0,0,0.0,Adéquat,74.7,74.7,469.0,469.0,0.0
SF01-PP-PP01-00AP12-01401B-GMOT-VARIATE,212068.0,360.0,Électrique,Systématique,8,139.9,,observée,139.9,95.4,0,0,0.0,Adéquat,139.9,139.9,251.0,251.0,0.0
SF01-PP-PP01-00AP12-01401B-GMOT-VARIATE,382273.0,360.0,Électrique,Systématique,4,74.7,,observée,74.7,26.4,0,0,0.0,Adéquat,74.7,74.7,469.0,469.0,0.0
SF01-PP-PP01-00AP12-1005AB,209485.0,360.0,Mécanique,Systématique,4,175.3,,observée,175.3,9.5,2,1,0.33,Insuffisant,175.3,122.7,1730.0,1378.0,351.0
SF01-PP-PP01-00AP12-1005AB,209486.0,290.0,Mécanique,Inspection,18,29.4,,observée,29.4,12.1,2,2,0.12,Adéquat,29.4,29.4,4509.0,4509.0,0.0
SF01-PP-PP01-00AP12-1005AB,209487.0,290.0,Mécanique,Inspection,4,175.3,,observée,175.3,10.8,2,2,0.67,Insuffisant,175.3,122.7,3306.0,2504.0,802.0
SF01-PP-PP01-00AP12-1005AB,200000000458.0,290.0,Mécanique,Inspection,4,25.0,30.0,observée,25.0,33.9,2,0,0.0,Adéquat,25.0,25.0,1402.0,1402.0,0.0
SF01-PP-PP01-00AP12-1005AB,200000000618.0,290.0,Mécanique,Inspection,8,14.9,30.0,observée,14.9,15.8,2,1,0.14,Adéquat,14.9,14.9,9987.0,9987.0,0.0
SF01-PP-PP01-00AP12-1005AB,200000000618.0,300.0,Mécanique,Inspection,22,18.0,30.0,observée,18.0,9.3,2,1,0.05,Adéquat,18.0,18.0,4204.0,4204.0,0.0
SF01-PP-PP01-00AP12-1005AB-GMOT-0MOTEUR,381551.0,310.0,Électrique,Inspection,6,16.8,,observée,16.8,5.6,0,0,0.0,Trop fréquent,16.8,33.6,2086.0,1043.0,1043.0
SF01-PP-PP01-00AP12-1101AB,209491.0,290.0,Mécanique,Inspection,4,175.3,,observée,175.3,10.8,17,2,0.67,Insuffisant,175.3,122.7,3306.0,2504.0,802.0
SF01-PP-PP01-00AP12-1101AB,200000000458.0,290.0,Mécanique,Inspection,4,25.0,30.0,observée,25.0,33.9,17,1,0.33,Insuffisant,25.0,17.5,12128.0,9664.0,2464.0
SF01-PP-PP01-00AP12-1101AB,200000000618.0,300.0,Mécanique,Inspection,30,16.9,30.0,observée,16.9,9.8,17,11,0.38,Insuffisant,16.9,11.8,20345.0,16013.0,4332.0
SF01-PP-PP01-00AP12-1101AB-CIRC,209494.0,300.0,Mécanique,Inspection,3,337.5,,observée,337.5,27.5,3,1,0.5,Insuffisant,337.5,236.2,1308.0,1008.0,299.0
SF01-PP-PP01-00AP12-1101AB-GMOT-0MOTEUR,211959.0,360.0,Électrique,Systématique,7,141.0,,observée,141.0,91.0,0,0,0.0,Adéquat,141.0,141.0,249.0,249.0,0.0
SF01-PP-PP01-00AP12-1101AB-GMOT-0MOTEUR,381552.0,310.0,Électrique,Inspection,6,16.8,,observée,16.8,5.6,0,0,0.0,Trop fréquent,16.8,33.6,2086.0,1043.0,1043.0
SF01-PP-PP01-00AP12-1101AB-GMOT-0MOTEUR,382114.0,360.0,Électrique,Systématique,4,72.3,,observée,72.3,23.1,0,0,0.0,Adéquat,72.3,72.3,485.0,485.0,0.0
SF01-PP-PP01-00AP12-1101AB-GMOT-DEPARTM,211960.0,360.0,Électrique,Systématique,7,142.2,,observée,142.2,90.7,0,0,0.0,Adéquat,142.2,142.2,246.0,246.0,0.0
SF01-PP-PP01-00AP12-1101AB-GMOT-DEPARTM,381892.0,360.0,Électrique,Systématique,4,72.3,,observée,72.3,23.1,0,0,0.0,Adéquat,72.3,72.3,485.0,485.0,0.0
SF01-PP-PP01-00AP12-1101AB-GMOT-VARIATE,211961.0,360.0,Électrique,Systématique,7,143.3,,observée,143.3,90.5,0,0,0.0,Adéquat,143.3,143.3,245.0,245.0,0.0
SF01-PP-PP01-00AP12-1101AB-GMOT-VARIATE,382274.0,360.0,Électrique,Systématique,4,72.3,,observée,72.3,23.1,0,0,0.0,Adéquat,72.3,72.3,485.0,485.0,0.0
SF01-PP-PP01-00AP12-1101AB-MOAC,209495.0,290.0,Mécanique,Inspection,4,175.3,,observée,175.3,10.8,0,0,0.0,Adéquat,175.3,175.3,200.0,200.0,0.0
SF01-PP-PP01-00AP12-1101AB-MOAC,209496.0,290.0,Mécanique,Inspection,18,29.4,,observée,29.4,2.7,0,0,0.0,Adéquat,29.4,29.4,1192.0,1192.0,0.0
SF01-PP-PP01-00AP12-1104AB,209503.0,290.0,Mécanique,Inspection,4,175.3,,observée,175.3,10.8,2,1,0.33,Insuffisant,175.3,122.7,1730.0,1378.0,351.0
SF01-PP-PP01-00AP12-1104AB-GMOT-0MOTEUR,381553.0,310.0,Électrique,Inspection,6,16.8,,observée,16.8,5.6,0,0,0.0,Trop fréquent,16.8,33.6,2086.0,1043.0,1043.0
SF01-PP-PP01-00AP12-1105AB,209505.0,290.0,Mécanique,Inspection,4,175.3,,observée,175.3,10.8,1,1,0.33,Insuffisant,175.3,122.7,1730.0,1378.0,351.0
SF01-PP-PP01-00AP12-1105AB,200000001719.0,300.0,Mécanique,Inspection,13,44.6,91.0,observée,44.6,11.0,1,1,0.08,Adéquat,44.6,44.6,2243.0,2243.0,0.0
SF01-PP-PP01-00AP12-1105AB-GMOT-0MOTEUR,381554.0,310.0,Électrique,Inspection,6,16.8,,observée,16.8,4.2,0,0,0.0,Trop fréquent,16.8,33.6,2086.0,1043.0,1043.0
SF01-PP-PP01-00AP12-1106AB,209507.0,290.0,Mécanique,Inspection,4,175.3,,observée,175.3,10.8,3,2,0.67,Insuffisant,175.3,122.7,3306.0,2504.0,802.0
SF01-PP-PP01-00AP12-1106AB,200000000618.0,300.0,Mécanique,Inspection,30,16.9,30.0,observée,16.9,9.8,3,3,0.1,Adéquat,16.9,16.9,6882.0,6882.0,0.0
SF01-PP-PP01-00AP12-1106AB,200000001719.0,300.0,Mécanique,Inspection,13,44.4,91.0,observée,44.4,15.2,3,3,0.25,Insuffisant,44.4,31.1,5365.0,4396.0,969.0
SF01-PP-PP01-00AP12-1106AB-GMOT-0MOTEUR,381555.0,310.0,Électrique,Inspection,6,16.8,,observée,16.8,5.6,0,0,0.0,Trop fréquent,16.8,33.6,2086.0,1043.0,1043.0
SF01-PP-PP01-00AP12-1109AB,209509.0,290.0,Mécanique,Inspection,4,175.3,,observée,175.3,10.8,6,3,1.0,Insuffisant,175.3,122.7,4835.0,3597.0,1239.0
SF01-PP-PP01-00AP12-1109AB,200000001719.0,300.0,Mécanique,Inspection,13,44.6,91.0,observée,44.6,11.0,6,3,0.25,Insuffisant,44.6,31.2,5341.0,4376.0,965.0
SF01-PP-PP01-00AP12-1109AB-GMOT-0MOTEUR,381556.0,310.0,Électrique,Inspection,6,16.8,,observée,16.8,5.6,0,0,0.0,Trop fréquent,16.8,33.6,2086.0,1043.0,1043.0
SF01-PP-PP01-00AP12-1125AB,209511.0,290.0,Mécanique,Inspection,4,175.3,,observée,175.3,10.8,6,3,1.0,Insuffisant,175.3,122.7,4835.0,3597.0,1239.0
SF01-PP-PP01-00AP12-1125AB,200000001719.0,300.0,Mécanique,Inspection,13,44.6,91.0,observée,44.6,15.3,6,5,0.42,Insuffisant,44.6,31.2,8438.0,6588.0,1850.0
SF01-PP-PP01-00AP12-1125AB-GMOT-0MOTEUR,381557.0,310.0,Électrique,Inspection,6,16.8,,observée,16.8,5.6,0,0,0.0,Trop fréquent,16.8,33.6,2086.0,1043.0,1043.0
SF01-PP-PP01-00AP12-1126AB,209513.0,290.0,Mécanique,Inspection,4,175.3,,observée,175.3,10.8,0,0,0.0,Adéquat,175.3,175.3,200.0,200.0,0.0
SF01-PP-PP01-00AP12-1126AB-GMOT-0MOTEUR,381558.0,310.0,Électrique,Inspection,6,16.8,,observée,16.8,5.9,0,0,0.0,Trop fréquent,16.8,33.6,2086.0,1043.0,1043.0
SF01-PP-PP01-00AP12-1170AB,209515.0,290.0,Mécanique,Inspection,4,175.3,,observée,175.3,10.8,0,0,0.0,Adéquat,175.3,175.3,200.0,200.0,0.0
SF01-PP-PP01-00AP12-1201AB,209517.0,290.0,Mécanique,Inspection,31,14.7,,observée,14.7,2.5,7,5,0.17,Insuffisant,14.7,10.3,11781.0,10118.0,1663.0
SF01-PP-PP01-00AP12-1201AB,209518.0,290.0,Mécanique,Inspection,4,175.3,,observée,175.3,13.0,7,3,1.0,Insuffisant,175.3,122.7,4835.0,3597.0,1239.0
SF01-PP-PP01-00AP12-1201AB,200000000458.0,290.0,Mécanique,Inspection,4,25.0,30.0,observée,25.0,33.9,7,1,0.33,Insuffisant,25.0,17.5,12128.0,9664.0,2464.0
SF01-PP-PP01-00AP12-1201AB,200000000618.0,300.0,Mécanique,Inspection,29,17.6,30.0,observée,17.6,11.0,7,6,0.21,Insuffisant,17.6,12.3,11687.0,9770.0,1917.0
SF01-PP-PP01-00AP12-1201AB-GMOT-0MOTEUR,381559.0,310.0,Électrique,Inspection,6,16.8,,observée,16.8,4.2,0,0,0.0,Trop fréquent,16.8,33.6,2086.0,1043.0,1043.0
SF01-PP-PP01-00AP12-1203AB,209521.0,290.0,Mécanique,Inspection,7,88.0,,observée,88.0,43.7,0,0,0.0,Adéquat,88.0,88.0,398.0,398.0,0.0
SF01-PP-PP01-00AP12-1203AB,209522.0,290.0,Mécanique,Inspection,4,175.3,,observée,175.3,10.8,0,0,0.0,Adéquat,175.3,175.3,200.0,200.0,0.0
SF01-PP-PP01-00AP12-1203AB,200000000458.0,290.0,Mécanique,Inspection,4,25.0,30.0,observée,25.0,33.9,0,0,0.0,Adéquat,25.0,25.0,1402.0,1402.0,0.0
SF01-PP-PP01-00AP12-1203AB-GMOT-0MOTEUR,381560.0,310.0,Électrique,Inspection,6,16.8,,observée,16.8,5.7,0,0,0.0,Trop fréquent,16.8,33.6,2086.0,1043.0,1043.0
SF01-PP-PP01-00AP12-1301AB,209525.0,290.0,Mécanique,Inspection,12,47.1,,observée,47.1,26.3,14,5,0.45,Insuffisant,47.1,33.0,8508.0,6608.0,1899.0
SF01-PP-PP01-00AP12-1301AB,209526.0,290.0,Mécanique,Inspection,4,175.3,,observée,175.3,10.8,14,2,0.67,Insuffisant,175.3,122.7,3306.0,2504.0,802.0
SF01-PP-PP01-00AP12-1301AB,200000000458.0,290.0,Mécanique,Inspection,4,25.0,30.0,observée,25.0,33.9,14,0,0.0,Adéquat,25.0,25.0,1402.0,1402.0,0.0
SF01-PP-PP01-00AP12-1301AB,200000000618.0,300.0,Mécanique,Inspection,30,16.9,30.0,observée,16.9,9.8,14,9,0.31,Insuffisant,16.9,11.8,16979.0,13609.0,3370.0
SF01-PP-PP01-00AP12-1301AB-CIRC-CIRENTEM,200000005459.0,310.0,Mécanique,Inspection,28,15.5,90.0,observée,15.5,4.7,0,0,0.0,Trop fréquent,15.5,31.0,2261.0,1130.0,1130.0
SF01-PP-PP01-00AP12-1301AB-CIRC-FILTREN1,200000005459.0,310.0,Mécanique,Inspection,28,15.5,90.0,observée,15.5,4.8,0,0,0.0,Trop fréquent,15.5,31.0,2261.0,1130.0,1130.0
SF01-PP-PP01-00AP12-1301AB-CIRC-FILTREN2,200000005459.0,310.0,Mécanique,Inspection,29,15.0,90.0,observée,15.0,6.6,0,0,0.0,Trop fréquent,15.0,30.0,2336.0,1168.0,1168.0
SF01-PP-PP01-00AP12-1301AB-GMOT-0MOTEUR,381561.0,310.0,Électrique,Inspection,6,16.8,,observée,16.8,5.7,0,0,0.0,Trop fréquent,16.8,33.6,2086.0,1043.0,1043.0
SF01-PP-PP01-00AP12-1702AB,209535.0,290.0,Mécanique,Inspection,4,175.3,,observée,175.3,10.8,9,2,0.67,Insuffisant,175.3,122.7,3306.0,2504.0,802.0
SF01-PP-PP01-00AP12-1702AB,200000001719.0,300.0,Mécanique,Inspection,13,44.6,91.0,observée,44.6,11.0,9,5,0.42,Insuffisant,44.6,31.2,8438.0,6588.0,1850.0
SF01-PP-PP01-00AP12-1702AB,200000004559.0,290.0,Mécanique,Inspection,27,16.5,90.0,observée,16.5,5.6,9,3,0.12,Adéquat,16.5,16.5,8034.0,8034.0,0.0
SF01-PP-PP01-00AP12-1702AB-GMOT-0MOTEUR,381562.0,310.0,Électrique,Inspection,6,16.8,,observée,16.8,5.7,0,0,0.0,Trop fréquent,16.8,33.6,2086.0,1043.0,1043.0
SF01-PP-PP01-00AP12-1703AB,209537.0,290.0,Mécanique,Inspection,4,175.3,,observée,175.3,10.8,13,3,1.0,Insuffisant,175.3,122.7,4835.0,3597.0,1239.0
SF01-PP-PP01-00AP12-1703AB,200000000458.0,290.0,Mécanique,Inspection,4,25.0,30.0,observée,25.0,33.9,13,1,0.33,Insuffisant,25.0,17.5,12128.0,9664.0,2464.0
SF01-PP-PP01-00AP12-1703AB,200000001719.0,300.0,Mécanique,Inspection,13,44.6,91.0,observée,44.6,15.3,13,7,0.58,Insuffisant,44.6,31.2,11353.0,8671.0,2682.0
SF01-PP-PP01-00AP12-1703AB,200000004559.0,290.0,Mécanique,Inspection,26,16.3,90.0,observée,16.3,6.0,13,5,0.2,Insuffisant,16.3,11.4,12120.0,10193.0,1927.0
SF01-PP-PP01-00AP12-1703AB-GMOT-0MOTEUR,381563.0,310.0,Électrique,Inspection,6,16.8,,observée,16.8,5.7,0,0,0.0,Trop fréquent,16.8,33.6,2086.0,1043.0,1043.0
SF01-PP-PP01-00AP12-1703AB-GMOT-DEPARTM,211883.0,310.0,Électrique,Inspection,11,29.8,,observée,29.8,23.4,0,0,0.0,Adéquat,29.8,29.8,1176.0,1176.0,0.0
SF01-PP-PP01-00AP12-1703AB-GMOT-DEPARTM,381736.0,310.0,Électrique,Inspection,4,28.0,,observée,28.0,1.6,0,0,0.0,Adéquat,28.0,28.0,1252.0,1252.0,0.0
SF01-PP-PP01-00AP12-1703AB-GMOT-DEPARTM,382259.0,360.0,Électrique,Systématique,4,75.7,,observée,75.7,27.8,0,0,0.0,Adéquat,75.7,75.7,463.0,463.0,0.0
SF01-PP-PP01-00AP12-1703AB-MOAC,209538.0,290.0,Mécanique,Inspection,4,175.3,,observée,175.3,10.8,0,0,0.0,Adéquat,175.3,175.3,200.0,200.0,0.0
SF01-PP-PP01-00AP12-1703AB-MOAC,209539.0,290.0,Mécanique,Inspection,18,29.4,,observée,29.4,4.4,0,0,0.0,Adéquat,29.4,29.4,1192.0,1192.0,0.0
SF01-PP-PP01-00AP12-1706AB,209543.0,290.0,Mécanique,Inspection,4,175.3,,observée,175.3,10.8,9,1,0.33,Insuffisant,175.3,122.7,1730.0,1378.0,351.0
SF01-PP-PP01-00AP12-1706AB,200000001719.0,300.0,Mécanique,Inspection,13,44.6,91.0,observée,44.6,15.1,9,3,0.25,Insuffisant,44.6,31.2,5341.0,4376.0,965.0
SF01-PP-PP01-00AP12-1706AB,200000004559.0,290.0,Mécanique,Inspection,27,16.5,90.0,observée,16.5,5.6,9,1,0.04,Adéquat,16.5,16.5,4094.0,4094.0,0.0
SF01-PP-PP01-00AP12-1706AB-GMOT-0MOTEUR,381564.0,310.0,Électrique,Inspection,6,16.8,,observée,16.8,4.3,0,0,0.0,Trop fréquent,16.8,33.6,2086.0,1043.0,1043.0
SF01-PP-PP01-00AP12-1801AB,209545.0,290.0,Mécanique,Inspection,4,175.3,,observée,175.3,10.8,12,2,0.67,Insuffisant,175.3,122.7,3306.0,2504.0,802.0
SF01-PP-PP01-00AP12-1801AB,200000000458.0,290.0,Mécanique,Inspection,4,25.0,30.0,observée,25.0,33.9,12,0,0.0,Adéquat,25.0,25.0,1402.0,1402.0,0.0
SF01-PP-PP01-00AP12-1801AB,200000001719.0,300.0,Mécanique,Inspection,13,44.6,91.0,observée,44.6,15.3,12,4,0.33,Insuffisant,44.6,31.2,6798.0,5417.0,1381.0
SF01-PP-PP01-00AP12-1801AB-GMOT-0MOTEUR,381565.0,310.0,Électrique,Inspection,6,16.8,,observée,16.8,5.9,0,0,0.0,Trop fréquent,16.8,33.6,2086.0,1043.0,1043.0
SF01-PP-PP01-00AP12-1801AB-GMOT-0MOTEUR,382127.0,360.0,Électrique,Systématique,4,72.3,,observée,72.3,23.1,0,0,0.0,Adéquat,72.3,72.3,485.0,485.0,0.0
SF01-PP-PP01-00AP12-1801AB-GMOT-DEPARTM,381905.0,360.0,Électrique,Systématique,4,72.3,,observée,72.3,23.1,0,0,0.0,Adéquat,72.3,72.3,485.0,485.0,0.0
SF01-PP-PP01-00AP12-1801AB-MOAC,209546.0,290.0,Mécanique,Inspection,4,175.3,,observée,175.3,10.8,0,0,0.0,Adéquat,175.3,175.3,200.0,200.0,0.0
SF01-PP-PP01-00AP12-1801AB-MOAC,209547.0,290.0,Mécanique,Inspection,18,29.4,,observée,29.4,2.7,0,0,0.0,Adéquat,29.4,29.4,1192.0,1192.0,0.0
SF01-PP-PP01-00AP12-2001AB,209551.0,290.0,Mécanique,Inspection,4,175.3,,observée,175.3,10.8,1,1,0.33,Insuffisant,175.3,122.7,1730.0,1378.0,351.0
SF01-PP-PP01-00AP12-21001A,209555.0,360.0,Mécanique,Systématique,4,175.3,,observée,175.3,13.0,2,1,0.33,Insuffisant,175.3,122.7,1730.0,1378.0,351.0
SF01-PP-PP01-00AP12-21001A,209556.0,290.0,Mécanique,Inspection,18,29.4,,observée,29.4,12.6,2,1,0.06,Adéquat,29.4,29.4,2850.0,2850.0,0.0
SF01-PP-PP01-00AP12-21001A,209557.0,290.0,Mécanique,Inspection,4,175.3,,observée,175.3,10.8,2,1,0.33,Insuffisant,175.3,122.7,1730.0,1378.0,351.0
SF01-PP-PP01-00AP12-21001A,200000000458.0,290.0,Mécanique,Inspection,5,18.8,30.0,observée,18.8,20.9,2,1,0.25,Insuffisant,18.8,13.2,12670.0,10381.0,2288.0
SF01-PP-PP01-00AP12-21001A,200000000618.0,290.0,Mécanique,Inspection,8,14.9,30.0,observée,14.9,16.5,2,0,0.0,Trop fréquent,14.9,29.8,2352.0,1176.0,1176.0
SF01-PP-PP01-00AP12-21001A,200000000618.0,300.0,Mécanique,Inspection,22,18.0,30.0,observée,18.0,9.3,2,1,0.05,Adéquat,18.0,18.0,4204.0,4204.0,0.0
SF01-PP-PP01-00AP12-21001A-GMOT-0MOTEUR,211899.0,360.0,Électrique,Systématique,7,151.5,,observée,151.5,109.0,0,0,0.0,Adéquat,151.5,151.5,231.0,231.0,0.0
SF01-PP-PP01-00AP12-21001A-GMOT-0MOTEUR,381566.0,310.0,Électrique,Inspection,6,16.8,,observée,16.8,5.6,0,0,0.0,Trop fréquent,16.8,33.6,2086.0,1043.0,1043.0
SF01-PP-PP01-00AP12-21001A-GMOT-DEPARTM,211900.0,360.0,Électrique,Systématique,7,152.7,,observée,152.7,81.0,0,0,0.0,Adéquat,152.7,152.7,230.0,230.0,0.0
SF01-PP-PP01-00AP12-21001A-SAGI,209558.0,300.0,Mécanique,Inspection,3,337.5,,observée,337.5,27.5,1,1,0.5,Insuffisant,337.5,236.2,1308.0,1008.0,299.0
SF01-PP-PP01-00AP12-21001B,209559.0,360.0,Mécanique,Systématique,4,175.3,,observée,175.3,13.0,1,1,0.33,Insuffisant,175.3,122.7,1730.0,1378.0,351.0
SF01-PP-PP01-00AP12-21001B,209560.0,290.0,Mécanique,Inspection,18,29.4,,observée,29.4,12.6,1,1,0.06,Adéquat,29.4,29.4,2850.0,2850.0,0.0
SF01-PP-PP01-00AP12-21001B,209561.0,290.0,Mécanique,Inspection,4,175.3,,observée,175.3,10.8,1,1,0.33,Insuffisant,175.3,122.7,1730.0,1378.0,351.0
SF01-PP-PP01-00AP12-21001B,200000000458.0,290.0,Mécanique,Inspection,5,18.8,30.0,observée,18.8,20.9,1,0,0.0,Trop fréquent,18.8,37.6,1864.0,932.0,932.0
SF01-PP-PP01-00AP12-21001B,200000000618.0,290.0,Mécanique,Inspection,8,14.9,30.0,observée,14.9,16.5,1,0,0.0,Trop fréquent,14.9,29.8,2352.0,1176.0,1176.0
SF01-PP-PP01-00AP12-21001B,200000000618.0,300.0,Mécanique,Inspection,22,18.0,30.0,observée,18.0,9.3,1,1,0.05,Adéquat,18.0,18.0,4204.0,4204.0,0.0
SF01-PP-PP01-00AP12-21001B-GMOT-0MOTEUR,211901.0,360.0,Électrique,Systématique,8,131.9,,observée,131.9,58.9,0,0,0.0,Adéquat,131.9,131.9,266.0,266.0,0.0
SF01-PP-PP01-00AP12-21001B-GMOT-0MOTEUR,381567.0,310.0,Électrique,Inspection,6,16.8,,observée,16.8,5.6,0,0,0.0,Trop fréquent,16.8,33.6,2086.0,1043.0,1043.0
SF01-PP-PP01-00AP12-21001B-GMOT-DEPARTM,211902.0,360.0,Électrique,Systématique,8,132.9,,observée,132.9,63.7,0,0,0.0,Adéquat,132.9,132.9,264.0,264.0,0.0
SF01-PP-PP01-00AP12-21001B-SAGI,209562.0,300.0,Mécanique,Inspection,3,337.5,,observée,337.5,27.5,0,0,0.0,Adéquat,337.5,337.5,104.0,104.0,0.0
SF01-PP-PP01-00AP12-21001C,209563.0,360.0,Mécanique,Systématique,4,175.3,,observée,175.3,87.7,4,3,1.0,Insuffisant,175.3,122.7,4835.0,3597.0,1239.0
SF01-PP-PP01-00AP12-21001C,209564.0,290.0,Mécanique,Inspection,18,29.4,,observée,29.4,12.6,4,2,0.12,Adéquat,29.4,29.4,4509.0,4509.0,0.0
SF01-PP-PP01-00AP12-21001C,209565.0,290.0,Mécanique,Inspection,4,175.3,,observée,175.3,10.8,4,2,0.67,Insuffisant,175.3,122.7,3306.0,2504.0,802.0
SF01-PP-PP01-00AP12-21001C,200000000458.0,290.0,Mécanique,Inspection,5,18.8,30.0,observée,18.8,20.9,4,0,0.0,Trop fréquent,18.8,37.6,1864.0,932.0,932.0
SF01-PP-PP01-00AP12-21001C,200000000618.0,290.0,Mécanique,Inspection,8,14.9,30.0,observée,14.9,15.8,4,0,0.0,Trop fréquent,14.9,29.8,2352.0,1176.0,1176.0
SF01-PP-PP01-00AP12-21001C,200000000618.0,300.0,Mécanique,Inspection,22,18.0,30.0,observée,18.0,9.3,4,3,0.14,Adéquat,18.0,18.0,8267.0,8267.0,0.0
SF01-PP-PP01-00AP12-21001C-GMOT-0MOTEUR,211903.0,360.0,Électrique,Systématique,8,133.9,,observée,133.9,91.7,0,0,0.0,Adéquat,133.9,133.9,262.0,262.0,0.0
SF01-PP-PP01-00AP12-21001C-GMOT-0MOTEUR,381568.0,310.0,Électrique,Inspection,6,16.8,,observée,16.8,5.6,0,0,0.0,Trop fréquent,16.8,33.6,2086.0,1043.0,1043.0
SF01-PP-PP01-00AP12-21001C-GMOT-DEPARTM,211904.0,360.0,Électrique,Systématique,8,134.9,,observée,134.9,124.2,0,0,0.0,Adéquat,134.9,134.9,260.0,260.0,0.0
SF01-PP-PP01-00AP12-21001C-SAGI,209566.0,300.0,Mécanique,Inspection,3,337.5,,observée,337.5,27.5,0,0,0.0,Adéquat,337.5,337.5,104.0,104.0,0.0
SF01-PP-PP01-00AP12-21001D,209567.0,360.0,Mécanique,Systématique,4,175.3,,observée,175.3,13.0,1,1,0.33,Insuffisant,175.3,122.7,1730.0,1378.0,351.0
SF01-PP-PP01-00AP12-21001D,209568.0,290.0,Mécanique,Inspection,18,29.4,,observée,29.4,13.8,1,1,0.06,Adéquat,29.4,29.4,2850.0,2850.0,0.0
SF01-PP-PP01-00AP12-21001D,209569.0,290.0,Mécanique,Inspection,4,175.3,,observée,175.3,10.8,1,1,0.33,Insuffisant,175.3,122.7,1730.0,1378.0,351.0
SF01-PP-PP01-00AP12-21001D,200000000458.0,290.0,Mécanique,Inspection,4,25.0,30.0,observée,25.0,33.9,1,0,0.0,Adéquat,25.0,25.0,1402.0,1402.0,0.0
SF01-PP-PP01-00AP12-21001D,200000000618.0,290.0,Mécanique,Inspection,8,14.9,30.0,observée,14.9,15.8,1,0,0.0,Trop fréquent,14.9,29.8,2352.0,1176.0,1176.0
SF01-PP-PP01-00AP12-21001D,200000000618.0,300.0,Mécanique,Inspection,22,18.0,30.0,observée,18.0,9.3,1,1,0.05,Adéquat,18.0,18.0,4204.0,4204.0,0.0
SF01-PP-PP01-00AP12-21001D-GMOT-0MOTEUR,211905.0,360.0,Électrique,Systématique,8,135.9,,observée,135.9,78.8,0,0,0.0,Adéquat,135.9,135.9,258.0,258.0,0.0
SF01-PP-PP01-00AP12-21001D-GMOT-0MOTEUR,381569.0,310.0,Électrique,Inspection,6,16.8,,observée,16.8,3.9,0,0,0.0,Trop fréquent,16.8,33.6,2086.0,1043.0,1043.0
SF01-PP-PP01-00AP12-21001D-GMOT-DEPARTM,211906.0,360.0,Électrique,Systématique,8,105.9,,observée,105.9,70.8,0,0,0.0,Adéquat,105.9,105.9,331.0,331.0,0.0
SF01-PP-PP01-00AP12-21001D-SAGI,209570.0,300.0,Mécanique,Inspection,3,337.5,,observée,337.5,27.5,0,0,0.0,Adéquat,337.5,337.5,104.0,104.0,0.0
SF01-PP-PP01-00AP12-21002A,209587.0,360.0,Mécanique,Systématique,4,175.3,,observée,175.3,13.0,6,3,1.0,Insuffisant,175.3,122.7,4835.0,3597.0,1239.0
SF01-PP-PP01-00AP12-21002A,209588.0,290.0,Mécanique,Inspection,18,29.4,,observée,29.4,11.7,6,5,0.29,Insuffisant,29.4,20.6,9207.0,7428.0,1779.0
SF01-PP-PP01-00AP12-21002A,209589.0,290.0,Mécanique,Inspection,4,175.3,,observée,175.3,10.8,6,3,1.0,Insuffisant,175.3,122.7,4835.0,3597.0,1239.0
SF01-PP-PP01-00AP12-21002A,200000000458.0,290.0,Mécanique,Inspection,5,18.8,30.0,observée,18.8,19.2,6,0,0.0,Trop fréquent,18.8,37.6,1864.0,932.0,932.0
SF01-PP-PP01-00AP12-21002A,200000000618.0,300.0,Mécanique,Inspection,29,17.5,30.0,observée,17.5,10.9,6,6,0.21,Insuffisant,17.5,12.2,11754.0,9826.0,1928.0
SF01-PP-PP01-00AP12-21002A-GMOT-0MOTEUR,211915.0,360.0,Électrique,Systématique,7,99.0,,observée,99.0,34.0,0,0,0.0,Adéquat,99.0,99.0,354.0,354.0,0.0
SF01-PP-PP01-00AP12-21002A-GMOT-0MOTEUR,381570.0,310.0,Électrique,Inspection,6,16.8,,observée,16.8,5.6,0,0,0.0,Trop fréquent,16.8,33.6,2086.0,1043.0,1043.0
SF01-PP-PP01-00AP12-21002A-GMOT-0MOTEUR,382132.0,360.0,Électrique,Systématique,4,74.0,,observée,74.0,25.5,0,0,0.0,Adéquat,74.0,74.0,474.0,474.0,0.0
SF01-PP-PP01-00AP12-21002A-GMOT-DEPARTM,211916.0,360.0,Électrique,Systématique,8,116.9,,observée,116.9,93.1,0,0,0.0,Adéquat,116.9,116.9,300.0,300.0,0.0
SF01-PP-PP01-00AP12-21002A-GMOT-DEPARTM,381910.0,360.0,Électrique,Systématique,4,76.3,,observée,76.3,28.8,0,0,0.0,Adéquat,76.3,76.3,459.0,459.0,0.0
SF01-PP-PP01-00AP12-21002A-SAGI,209590.0,300.0,Mécanique,Inspection,3,337.5,,observée,337.5,27.5,1,1,0.5,Insuffisant,337.5,236.2,1308.0,1008.0,299.0
SF01-PP-PP01-00AP12-21002B,209591.0,360.0,Mécanique,Systématique,4,175.3,,observée,175.3,13.0,13,3,1.0,Insuffisant,175.3,122.7,4835.0,3597.0,1239.0
SF01-PP-PP01-00AP12-21002B,209592.0,290.0,Mécanique,Inspection,18,29.4,,observée,29.4,11.2,13,9,0.53,Insuffisant,29.4,20.6,15841.0,12166.0,3674.0
SF01-PP-PP01-00AP12-21002B,209593.0,290.0,Mécanique,Inspection,4,175.3,,observée,175.3,10.8,13,3,1.0,Insuffisant,175.3,122.7,4835.0,3597.0,1239.0
SF01-PP-PP01-00AP12-21002B,200000000458.0,290.0,Mécanique,Inspection,5,18.8,30.0,observée,18.8,19.2,13,0,0.0,Trop fréquent,18.8,37.6,1864.0,932.0,932.0
SF01-PP-PP01-00AP12-21002B,200000000618.0,300.0,Mécanique,Inspection,29,17.5,30.0,observée,17.5,10.9,13,11,0.39,Insuffisant,17.5,12.2,20112.0,15796.0,4316.0
SF01-PP-PP01-00AP12-21002B-GMOT-0MOTEUR,211917.0,360.0,Électrique,Systématique,8,71.9,,observée,71.9,53.0,1,1,0.14,Adéquat,71.9,71.9,2070.0,2070.0,0.0
SF01-PP-PP01-00AP12-21002B-GMOT-0MOTEUR,381571.0,310.0,Électrique,Inspection,6,16.8,,observée,16.8,5.6,1,0,0.0,Trop fréquent,16.8,33.6,2086.0,1043.0,1043.0
SF01-PP-PP01-00AP12-21002B-GMOT-DEPARTM,211918.0,360.0,Électrique,Systématique,8,72.9,,observée,72.9,54.2,0,0,0.0,Adéquat,72.9,72.9,481.0,481.0,0.0
SF01-PP-PP01-00AP12-21002B-SAGI,209594.0,300.0,Mécanique,Inspection,3,337.5,,observée,337.5,27.5,0,0,0.0,Adéquat,337.5,337.5,104.0,104.0,0.0
SF01-PP-PP01-00AP12-21006A,209603.0,360.0,Mécanique,Systématique,4,175.3,,observée,175.3,13.0,7,2,0.67,Insuffisant,175.3,122.7,3306.0,2504.0,802.0
SF01-PP-PP01-00AP12-21006A,209604.0,290.0,Mécanique,Inspection,18,29.4,,observée,29.4,7.0,7,3,0.18,Insuffisant,29.4,20.6,6167.0,5256.0,911.0
SF01-PP-PP01-00AP12-21006A,209605.0,290.0,Mécanique,Inspection,4,175.3,,observée,175.3,10.8,7,2,0.67,Insuffisant,175.3,122.7,3306.0,2504.0,802.0
SF01-PP-PP01-00AP12-21006A-GMOT-0MOTEUR,381572.0,310.0,Électrique,Inspection,6,16.8,,observée,16.8,6.1,0,0,0.0,Trop fréquent,16.8,33.6,2086.0,1043.0,1043.0
SF01-PP-PP01-00AP12-21006B,209606.0,360.0,Mécanique,Systématique,4,175.3,,observée,175.3,13.0,3,2,0.67,Insuffisant,175.3,122.7,3306.0,2504.0,802.0
SF01-PP-PP01-00AP12-21006B,209607.0,290.0,Mécanique,Inspection,18,29.4,,observée,29.4,7.0,3,3,0.18,Insuffisant,29.4,20.6,6167.0,5256.0,911.0
SF01-PP-PP01-00AP12-21006B,209608.0,290.0,Mécanique,Inspection,4,175.3,,observée,175.3,10.8,3,2,0.67,Insuffisant,175.3,122.7,3306.0,2504.0,802.0
SF01-PP-PP01-00AP12-21006B-GMOT-0MOTEUR,381573.0,310.0,Électrique,Inspection,6,16.8,,observée,16.8,5.6,0,0,0.0,Trop fréquent,16.8,33.6,2086.0,1043.0,1043.0
SF01-PP-PP01-00AP12-21006C,209609.0,360.0,Mécanique,Systématique,4,175.3,,observée,175.3,13.0,12,3,1.0,Insuffisant,175.3,122.7,4835.0,3597.0,1239.0
SF01-PP-PP01-00AP12-21006C,209610.0,290.0,Mécanique,Inspection,18,29.4,,observée,29.4,3.8,12,8,0.47,Insuffisant,29.4,20.6,14182.0,10982.0,3201.0
SF01-PP-PP01-00AP12-21006C,209611.0,290.0,Mécanique,Inspection,4,175.3,,observée,175.3,10.8,12,3,1.0,Insuffisant,175.3,122.7,4835.0,3597.0,1239.0
SF01-PP-PP01-00AP12-21006C-GMOT-0MOTEUR,381574.0,310.0,Électrique,Inspection,6,16.8,,observée,16.8,3.8,0,0,0.0,Trop fréquent,16.8,33.6,2086.0,1043.0,1043.0
SF01-PP-PP01-00AP12-21006D,209612.0,360.0,Mécanique,Systématique,4,175.3,,observée,175.3,13.0,7,2,0.67,Insuffisant,175.3,122.7,3306.0,2504.0,802.0
SF01-PP-PP01-00AP12-21006D,209613.0,290.0,Mécanique,Inspection,18,29.4,,observée,29.4,3.6,7,3,0.18,Insuffisant,29.4,20.6,6167.0,5256.0,911.0
SF01-PP-PP01-00AP12-21006D,209614.0,290.0,Mécanique,Inspection,4,175.3,,observée,175.3,10.8,7,2,0.67,Insuffisant,175.3,122.7,3306.0,2504.0,802.0
SF01-PP-PP01-00AP12-21006D-GMOT-0MOTEUR,381575.0,310.0,Électrique,Inspection,6,16.8,,observée,16.8,5.6,0,0,0.0,Trop fréquent,16.8,33.6,2086.0,1043.0,1043.0
SF01-PP-PP01-00AP12-21006E,209615.0,360.0,Mécanique,Systématique,4,175.3,,observée,175.3,13.0,7,3,1.0,Insuffisant,175.3,122.7,4835.0,3597.0,1239.0
SF01-PP-PP01-00AP12-21006E,209616.0,290.0,Mécanique,Inspection,18,29.4,,observée,29.4,2.8,7,6,0.35,Insuffisant,29.4,20.6,10866.0,8613.0,2253.0
SF01-PP-PP01-00AP12-21006E,209617.0,290.0,Mécanique,Inspection,4,175.3,,observée,175.3,10.8,7,3,1.0,Insuffisant,175.3,122.7,4835.0,3597.0,1239.0
SF01-PP-PP01-00AP12-21006E-GMOT-0MOTEUR,381576.0,310.0,Électrique,Inspection,6,16.8,,observée,16.8,5.6,0,0,0.0,Trop fréquent,16.8,33.6,2086.0,1043.0,1043.0
SF01-PP-PP01-00AP12-21006F,209618.0,360.0,Mécanique,Systématique,4,175.3,,observée,175.3,52.9,1,1,0.33,Insuffisant,175.3,122.7,1730.0,1378.0,351.0
SF01-PP-PP01-00AP12-21006F,209619.0,290.0,Mécanique,Inspection,18,29.4,,observée,29.4,2.9,1,1,0.06,Adéquat,29.4,29.4,2850.0,2850.0,0.0
SF01-PP-PP01-00AP12-21006F,209620.0,290.0,Mécanique,Inspection,4,175.3,,observée,175.3,10.8,1,1,0.33,Insuffisant,175.3,122.7,1730.0,1378.0,351.0
SF01-PP-PP01-00AP12-21006F-GMOT-0MOTEUR,381577.0,310.0,Électrique,Inspection,6,16.8,,observée,16.8,5.6,0,0,0.0,Trop fréquent,16.8,33.6,2086.0,1043.0,1043.0
SF01-PP-PP01-00AP12-21006G,209621.0,360.0,Mécanique,Systématique,4,175.3,,observée,175.3,13.0,2,2,0.67,Insuffisant,175.3,122.7,3306.0,2504.0,802.0
SF01-PP-PP01-00AP12-21006G,209622.0,290.0,Mécanique,Inspection,18,29.4,,observée,29.4,3.7,2,2,0.12,Adéquat,29.4,29.4,4509.0,4509.0,0.0
SF01-PP-PP01-00AP12-21006G,209623.0,290.0,Mécanique,Inspection,4,175.3,,observée,175.3,10.8,2,2,0.67,Insuffisant,175.3,122.7,3306.0,2504.0,802.0
SF01-PP-PP01-00AP12-21006G-GMOT-0MOTEUR,381578.0,310.0,Électrique,Inspection,6,16.8,,observée,16.8,5.9,0,0,0.0,Trop fréquent,16.8,33.6,2086.0,1043.0,1043.0
SF01-PP-PP01-00AP12-21006H,209624.0,360.0,Mécanique,Systématique,4,175.3,,observée,175.3,13.0,2,1,0.33,Insuffisant,175.3,122.7,1730.0,1378.0,351.0
SF01-PP-PP01-00AP12-21006H,209625.0,290.0,Mécanique,Inspection,18,29.4,,observée,29.4,3.3,2,1,0.06,Adéquat,29.4,29.4,2850.0,2850.0,0.0
SF01-PP-PP01-00AP12-21006H,209626.0,290.0,Mécanique,Inspection,4,175.3,,observée,175.3,10.8,2,1,0.33,Insuffisant,175.3,122.7,1730.0,1378.0,351.0
SF01-PP-PP01-00AP12-21006H-GMOT-0MOTEUR,381579.0,310.0,Électrique,Inspection,6,16.8,,observée,16.8,3.7,0,0,0.0,Trop fréquent,16.8,33.6,2086.0,1043.0,1043.0
SF01-PP-PP01-00AP12-2101AB,209651.0,290.0,Mécanique,Inspection,4,175.3,,observée,175.3,10.8,1,1,0.33,Insuffisant,175.3,122.7,1730.0,1378.0,351.0
SF01-PP-PP01-00AP12-2101AB,209652.0,290.0,Mécanique,Inspection,4,175.3,,observée,175.3,13.0,1,1,0.33,Insuffisant,175.3,122.7,1730.0,1378.0,351.0
SF01-PP-PP01-00AP12-2102AB,209657.0,290.0,Mécanique,Inspection,4,175.3,,observée,175.3,10.8,0,0,0.0,Adéquat,175.3,175.3,200.0,200.0,0.0
SF01-PP-PP01-00AP12-2102AB,209658.0,290.0,Mécanique,Inspection,4,175.3,,observée,175.3,13.0,0,0,0.0,Adéquat,175.3,175.3,200.0,200.0,0.0
SF01-PP-PP01-00AP12-21103A,209663.0,360.0,Mécanique,Systématique,4,175.3,,observée,175.3,13.0,40,2,0.67,Insuffisant,175.3,122.7,3306.0,2504.0,802.0
SF01-PP-PP01-00AP12-21103A,209664.0,290.0,Mécanique,Inspection,4,175.3,,observée,175.3,10.8,40,2,0.67,Insuffisant,175.3,122.7,3306.0,2504.0,802.0
SF01-PP-PP01-00AP12-21103A,200000000618.0,300.0,Mécanique,Inspection,30,16.9,30.0,observée,16.9,9.8,40,16,0.55,Insuffisant,16.9,11.8,28519.0,21852.0,6667.0
SF01-PP-PP01-00AP12-21103A-GMOT-0MOTEUR,381580.0,310.0,Électrique,Inspection,6,16.8,,observée,16.8,5.7,0,0,0.0,Trop fréquent,16.8,33.6,2086.0,1043.0,1043.0
SF01-PP-PP01-00AP12-21103A-GMOT-VARIATE,381692.0,310.0,Électrique,Inspection,3,138.5,,observée,138.5,43.5,0,0,0.0,Adéquat,138.5,138.5,253.0,253.0,0.0
SF01-PP-PP01-00AP12-21103B,209665.0,360.0,Mécanique,Systématique,4,175.3,,observée,175.3,13.0,34,3,1.0,Insuffisant,175.3,122.7,4835.0,3597.0,1239.0
SF01-PP-PP01-00AP12-21103B,209666.0,290.0,Mécanique,Inspection,4,175.3,,observée,175.3,10.8,34,3,1.0,Insuffisant,175.3,122.7,4835.0,3597.0,1239.0
SF01-PP-PP01-00AP12-21103B,200000000618.0,300.0,Mécanique,Inspection,30,16.9,30.0,observée,16.9,9.8,34,13,0.45,Insuffisant,16.9,11.8,23711.0,18417.0,5293.0
SF01-PP-PP01-00AP12-21103B-GMOT-0MOTEUR,381581.0,310.0,Électrique,Inspection,6,16.8,,observée,16.8,5.7,1,0,0.0,Trop fréquent,16.8,33.6,2086.0,1043.0,1043.0
SF01-PP-PP01-00AP12-21103B-GMOT-VARIATE,381693.0,310.0,Électrique,Inspection,3,138.0,,observée,138.0,48.0,0,0,0.0,Adéquat,138.0,138.0,254.0,254.0,0.0
SF01-PP-PP01-00AP12-2201AB,209671.0,290.0,Mécanique,Inspection,4,175.3,,observée,175.3,10.8,11,2,0.67,Insuffisant,175.3,122.7,3306.0,2504.0,802.0
SF01-PP-PP01-00AP12-2201AB-MOAC,209672.0,290.0,Mécanique,Inspection,4,175.3,,observée,175.3,10.8,0,0,0.0,Adéquat,175.3,175.3,200.0,200.0,0.0
SF01-PP-PP01-00AP12-2201AB-MOAC,209673.0,290.0,Mécanique,Inspection,18,29.4,,observée,29.4,2.9,0,0,0.0,Adéquat,29.4,29.4,1192.0,1192.0,0.0
SF01-PP-PP01-00AP12-2201AB-STCU-RIGOL12,200000005459.0,310.0,Mécanique,Inspection,29,14.9,90.0,observée,14.9,3.4,1,1,0.04,Adéquat,14.9,14.9,4533.0,4533.0,0.0
SF01-PP-PP01-00AP12-2203AB,209677.0,290.0,Mécanique,Inspection,4,175.3,,observée,175.3,10.8,1,0,0.0,Adéquat,175.3,175.3,200.0,200.0,0.0
SF01-PP-PP01-00AP12-2203AB-MOAC,209678.0,290.0,Mécanique,Inspection,4,175.3,,observée,175.3,10.8,0,0,0.0,Adéquat,175.3,175.3,200.0,200.0,0.0
SF01-PP-PP01-00AP12-2203AB-MOAC,209679.0,290.0,Mécanique,Inspection,18,29.4,,observée,29.4,2.9,0,0,0.0,Adéquat,29.4,29.4,1192.0,1192.0,0.0
SF01-PP-PP01-00AP12-2204AB,209683.0,290.0,Mécanique,Inspection,4,175.3,,observée,175.3,10.8,17,2,0.67,Insuffisant,175.3,122.7,3306.0,2504.0,802.0
SF01-PP-PP01-00AP12-2204AB-MOAC,209684.0,290.0,Mécanique,Inspection,4,175.3,,observée,175.3,10.8,0,0,0.0,Adéquat,175.3,175.3,200.0,200.0,0.0
SF01-PP-PP01-00AP12-2204AB-MOAC,209685.0,290.0,Mécanique,Inspection,18,29.4,,observée,29.4,2.9,0,0,0.0,Adéquat,29.4,29.4,1192.0,1192.0,0.0
SF01-PP-PP01-00AP12-2205AB,209691.0,290.0,Mécanique,Inspection,4,175.3,,observée,175.3,10.8,9,2,0.67,Insuffisant,175.3,122.7,3306.0,2504.0,802.0
SF01-PP-PP01-00AP12-2205AB,209692.0,290.0,Mécanique,Inspection,4,175.3,,observée,175.3,13.0,9,2,0.67,Insuffisant,175.3,122.7,3306.0,2504.0,802.0
SF01-PP-PP01-00AP12-2205AB-CIRC-CIRSOTBO,200000005459.0,310.0,Mécanique,Inspection,29,14.9,90.0,observée,14.9,4.5,5,4,0.14,Adéquat,14.9,14.9,9987.0,9987.0,0.0
SF01-PP-PP01-00AP12-2205AB-MOAC,209695.0,290.0,Mécanique,Inspection,4,175.3,,observée,175.3,10.8,0,0,0.0,Adéquat,175.3,175.3,200.0,200.0,0.0
SF01-PP-PP01-00AP12-2205AB-MOAC,209696.0,290.0,Mécanique,Inspection,18,29.4,,observée,29.4,2.9,0,0,0.0,Adéquat,29.4,29.4,1192.0,1192.0,0.0
SF01-PP-PP01-00AP12-2205AB-STCU-PORTVISI,200000005459.0,310.0,Mécanique,Inspection,29,14.9,90.0,observée,14.9,3.2,0,0,0.0,Trop fréquent,14.9,29.8,2352.0,1176.0,1176.0
SF01-PP-PP01-00AP12-2206AB,209705.0,290.0,Mécanique,Inspection,4,175.3,,observée,175.3,10.8,0,0,0.0,Adéquat,175.3,175.3,200.0,200.0,0.0
SF01-PP-PP01-00AP12-2206AB,209706.0,290.0,Mécanique,Inspection,4,175.3,,observée,175.3,13.0,0,0,0.0,Adéquat,175.3,175.3,200.0,200.0,0.0
SF01-PP-PP01-00AP12-2206AB-MOAC,209707.0,290.0,Mécanique,Inspection,4,175.3,,observée,175.3,10.8,0,0,0.0,Adéquat,175.3,175.3,200.0,200.0,0.0
SF01-PP-PP01-00AP12-2206AB-MOAC,209708.0,290.0,Mécanique,Inspection,18,29.4,,observée,29.4,9.0,0,0,0.0,Adéquat,29.4,29.4,1192.0,1192.0,0.0
SF01-PP-PP01-00AP12-2207AB,209715.0,290.0,Mécanique,Inspection,4,175.3,,observée,175.3,10.8,2,1,0.33,Insuffisant,175.3,122.7,1730.0,1378.0,351.0
SF01-PP-PP01-00AP12-2207AB,209716.0,290.0,Mécanique,Inspection,4,175.3,,observée,175.3,13.0,2,1,0.33,Insuffisant,175.3,122.7,1730.0,1378.0,351.0
SF01-PP-PP01-00AP12-2207AB-MOAC,209718.0,290.0,Mécanique,Inspection,4,175.3,,observée,175.3,10.8,0,0,0.0,Adéquat,175.3,175.3,200.0,200.0,0.0
SF01-PP-PP01-00AP12-2207AB-MOAC,209719.0,290.0,Mécanique,Inspection,18,29.4,,observée,29.4,5.4,0,0,0.0,Adéquat,29.4,29.4,1192.0,1192.0,0.0
SF01-PP-PP01-00AP12-2208AB,209726.0,290.0,Mécanique,Inspection,4,175.3,,observée,175.3,10.8,1,1,0.33,Insuffisant,175.3,122.7,1730.0,1378.0,351.0
SF01-PP-PP01-00AP12-2211AB,209730.0,290.0,Mécanique,Inspection,4,175.3,,observée,175.3,10.8,0,0,0.0,Adéquat,175.3,175.3,200.0,200.0,0.0
SF01-PP-PP01-00AP12-2211AB-MOAC,209731.0,290.0,Mécanique,Inspection,4,175.3,,observée,175.3,10.8,0,0,0.0,Adéquat,175.3,175.3,200.0,200.0,0.0
SF01-PP-PP01-00AP12-2211AB-MOAC,209732.0,290.0,Mécanique,Inspection,18,29.4,,observée,29.4,4.7,0,0,0.0,Adéquat,29.4,29.4,1192.0,1192.0,0.0
SF01-PP-PP01-00AP12-2212AB,209738.0,290.0,Mécanique,Inspection,4,175.3,,observée,175.3,10.8,3,1,0.33,Insuffisant,175.3,122.7,1730.0,1378.0,351.0
SF01-PP-PP01-00AP12-2212AB-MOAC,209739.0,290.0,Mécanique,Inspection,4,175.3,,observée,175.3,10.8,0,0,0.0,Adéquat,175.3,175.3,200.0,200.0,0.0
SF01-PP-PP01-00AP12-2212AB-MOAC,209740.0,290.0,Mécanique,Inspection,18,29.4,,observée,29.4,4.7,0,0,0.0,Adéquat,29.4,29.4,1192.0,1192.0,0.0
SF01-PP-PP01-00AP12-2212AB-STCU-RIGOLE,200000005459.0,310.0,Mécanique,Inspection,30,14.4,90.0,observée,14.4,3.2,0,0,0.0,Trop fréquent,14.4,28.8,2434.0,1217.0,1217.0
SF01-PP-PP01-00AP12-2301AB,209746.0,290.0,Mécanique,Inspection,4,175.3,,observée,175.3,10.8,0,0,0.0,Adéquat,175.3,175.3,200.0,200.0,0.0
SF01-PP-PP01-00AP12-2301AB,209747.0,290.0,Mécanique,Inspection,4,175.3,,observée,175.3,13.0,0,0,0.0,Adéquat,175.3,175.3,200.0,200.0,0.0
SF01-PP-PP01-00AP12-2301AB-MOAC,209748.0,290.0,Mécanique,Inspection,4,175.3,,observée,175.3,10.8,0,0,0.0,Adéquat,175.3,175.3,200.0,200.0,0.0
SF01-PP-PP01-00AP12-2301AB-MOAC,209749.0,290.0,Mécanique,Inspection,18,29.4,,observée,29.4,2.9,0,0,0.0,Adéquat,29.4,29.4,1192.0,1192.0,0.0
SF01-PP-PP01-00AP12-3201AB,209754.0,290.0,Mécanique,Inspection,4,175.3,,observée,175.3,10.8,0,0,0.0,Adéquat,175.3,175.3,200.0,200.0,0.0
SF01-PP-PP01-00AP12-5001AB,209798.0,290.0,Mécanique,Inspection,4,177.0,,observée,177.0,8.5,2,1,0.33,Insuffisant,177.0,123.9,1713.0,1365.0,348.0
SF01-PP-PP01-00AP12-5001AB-MOAC,209799.0,290.0,Mécanique,Inspection,4,177.0,,observée,177.0,8.5,0,0,0.0,Adéquat,177.0,177.0,198.0,198.0,0.0
SF01-PP-PP01-00AP12-5001AB-MOAC,209800.0,290.0,Mécanique,Inspection,18,29.6,,observée,29.6,8.3,0,0,0.0,Adéquat,29.6,29.6,1184.0,1184.0,0.0
SF01-PP-PP01-00AP12-51002A,209805.0,290.0,Mécanique,Inspection,7,88.0,,observée,88.0,40.2,0,0,0.0,Adéquat,88.0,88.0,398.0,398.0,0.0
SF01-PP-PP01-00AP12-51002A-GMOT-0MOTEUR,381582.0,310.0,Électrique,Inspection,6,16.8,,observée,16.8,5.7,0,0,0.0,Trop fréquent,16.8,33.6,2086.0,1043.0,1043.0
SF01-PP-PP01-00AP12-51002B,209807.0,290.0,Mécanique,Inspection,7,88.0,,observée,88.0,6.4,0,0,0.0,Adéquat,88.0,88.0,398.0,398.0,0.0
SF01-PP-PP01-00AP12-51002B-GMOT-0MOTEUR,381583.0,310.0,Électrique,Inspection,6,16.8,,observée,16.8,5.7,0,0,0.0,Trop fréquent,16.8,33.6,2086.0,1043.0,1043.0
SF01-PP-PP01-00AP12-51101A,209814.0,290.0,Mécanique,Inspection,4,175.3,,observée,175.3,10.8,19,3,1.0,Insuffisant,175.3,122.7,4835.0,3597.0,1239.0
SF01-PP-PP01-00AP12-51101A,200000000618.0,300.0,Mécanique,Inspection,30,16.9,30.0,observée,16.9,9.8,19,10,0.34,Insuffisant,16.9,11.8,18422.0,14639.0,3782.0
SF01-PP-PP01-00AP12-51101A-GMOT-0MOTEUR,381584.0,310.0,Électrique,Inspection,6,16.8,,observée,16.8,6.5,0,0,0.0,Trop fréquent,16.8,33.6,2086.0,1043.0,1043.0
SF01-PP-PP01-00AP12-51101B,209815.0,290.0,Mécanique,Inspection,4,175.3,,observée,175.3,10.8,6,2,0.67,Insuffisant,175.3,122.7,3306.0,2504.0,802.0
SF01-PP-PP01-00AP12-51101B,200000000618.0,300.0,Mécanique,Inspection,30,16.9,30.0,observée,16.9,9.8,6,3,0.1,Adéquat,16.9,16.9,6882.0,6882.0,0.0
SF01-PP-PP01-00AP12-51101B-GMOT-0MOTEUR,381585.0,310.0,Électrique,Inspection,6,16.8,,observée,16.8,5.9,0,0,0.0,Trop fréquent,16.8,33.6,2086.0,1043.0,1043.0
SF01-PP-PP01-00AP12-51102A,209818.0,290.0,Mécanique,Inspection,4,175.3,,observée,175.3,10.8,5,3,1.0,Insuffisant,175.3,122.7,4835.0,3597.0,1239.0
SF01-PP-PP01-00AP12-51102A,200000000618.0,300.0,Mécanique,Inspection,30,16.9,30.0,observée,16.9,9.8,5,4,0.14,Adéquat,16.9,16.9,8805.0,8805.0,0.0
SF01-PP-PP01-00AP12-51102A-GMOT-0MOTEUR,381586.0,310.0,Électrique,Inspection,6,16.8,,observée,16.8,5.6,0,0,0.0,Trop fréquent,16.8,33.6,2086.0,1043.0,1043.0
SF01-PP-PP01-00AP12-51102B,209819.0,290.0,Mécanique,Inspection,4,175.3,,observée,175.3,10.8,6,2,0.67,Insuffisant,175.3,122.7,3306.0,2504.0,802.0
SF01-PP-PP01-00AP12-51102B,200000000618.0,300.0,Mécanique,Inspection,30,16.9,30.0,observée,16.9,9.8,6,3,0.1,Adéquat,16.9,16.9,6882.0,6882.0,0.0
SF01-PP-PP01-00AP12-51102B-GMOT-0MOTEUR,381587.0,310.0,Électrique,Inspection,6,16.8,,observée,16.8,5.6,0,0,0.0,Trop fréquent,16.8,33.6,2086.0,1043.0,1043.0
SF01-PP-PP01-00AP12-51103A,209822.0,360.0,Mécanique,Systématique,4,175.3,,observée,175.3,13.0,2,1,0.33,Insuffisant,175.3,122.7,1730.0,1378.0,351.0
SF01-PP-PP01-00AP12-51103A,209823.0,290.0,Mécanique,Inspection,4,175.3,,observée,175.3,10.8,2,1,0.33,Insuffisant,175.3,122.7,1730.0,1378.0,351.0
SF01-PP-PP01-00AP12-51103A,200000000618.0,300.0,Mécanique,Inspection,30,16.9,30.0,observée,16.9,9.8,2,2,0.07,Adéquat,16.9,16.9,5439.0,5439.0,0.0
SF01-PP-PP01-00AP12-51103A-GMOT-0MOTEUR,381588.0,310.0,Électrique,Inspection,6,16.8,,observée,16.8,5.6,0,0,0.0,Trop fréquent,16.8,33.6,2086.0,1043.0,1043.0
SF01-PP-PP01-00AP12-51103B,209824.0,360.0,Mécanique,Systématique,4,175.3,,observée,175.3,10.8,2,1,0.33,Insuffisant,175.3,122.7,1730.0,1378.0,351.0
SF01-PP-PP01-00AP12-51103B,209825.0,290.0,Mécanique,Inspection,4,175.3,,observée,175.3,10.8,2,1,0.33,Insuffisant,175.3,122.7,1730.0,1378.0,351.0
SF01-PP-PP01-00AP12-51103B,200000000618.0,300.0,Mécanique,Inspection,30,16.9,30.0,observée,16.9,9.8,2,2,0.07,Adéquat,16.9,16.9,5439.0,5439.0,0.0
SF01-PP-PP01-00AP12-51103B-GMOT-0MOTEUR,381589.0,310.0,Électrique,Inspection,6,16.8,,observée,16.8,3.9,0,0,0.0,Trop fréquent,16.8,33.6,2086.0,1043.0,1043.0
SF01-PP-PP01-00AP12-51105A,209830.0,290.0,Mécanique,Inspection,4,175.3,,observée,175.3,10.8,0,0,0.0,Adéquat,175.3,175.3,200.0,200.0,0.0
SF01-PP-PP01-00AP12-51105A-GMOT-0MOTEUR,381590.0,310.0,Électrique,Inspection,6,16.8,,observée,16.8,5.6,0,0,0.0,Trop fréquent,16.8,33.6,2086.0,1043.0,1043.0
SF01-PP-PP01-00AP12-51105B,209831.0,290.0,Mécanique,Inspection,4,175.3,,observée,175.3,10.8,0,0,0.0,Adéquat,175.3,175.3,200.0,200.0,0.0
SF01-PP-PP01-00AP12-51105B-GMOT-0MOTEUR,381591.0,310.0,Électrique,Inspection,6,16.8,,observée,16.8,5.6,0,0,0.0,Trop fréquent,16.8,33.6,2086.0,1043.0,1043.0
SF01-PP-PP01-00AP12-51108A,209834.0,290.0,Mécanique,Inspection,4,175.3,,observée,175.3,10.8,3,2,0.67,Insuffisant,175.3,122.7,3306.0,2504.0,802.0
SF01-PP-PP01-00AP12-51108A,200000001719.0,300.0,Mécanique,Inspection,13,44.4,91.0,observée,44.4,10.5,3,2,0.17,Insuffisant,44.4,31.1,3901.0,3350.0,551.0
SF01-PP-PP01-00AP12-51108A-GMOT-0MOTEUR,381592.0,310.0,Électrique,Inspection,6,16.8,,observée,16.8,5.6,0,0,0.0,Trop fréquent,16.8,33.6,2086.0,1043.0,1043.0
SF01-PP-PP01-00AP12-51108B,209835.0,290.0,Mécanique,Inspection,4,175.3,,observée,175.3,10.8,0,0,0.0,Adéquat,175.3,175.3,200.0,200.0,0.0
SF01-PP-PP01-00AP12-51108B,200000001719.0,300.0,Mécanique,Inspection,13,44.4,91.0,observée,44.4,10.5,0,0,0.0,Adéquat,44.4,44.4,789.0,789.0,0.0
SF01-PP-PP01-00AP12-51108B-GMOT-0MOTEUR,381593.0,310.0,Électrique,Inspection,6,16.8,,observée,16.8,5.6,1,0,0.0,Trop fréquent,16.8,33.6,2086.0,1043.0,1043.0
SF01-PP-PP01-00AP12-51201A,209838.0,290.0,Mécanique,Inspection,7,88.0,,observée,88.0,43.7,0,0,0.0,Adéquat,88.0,88.0,398.0,398.0,0.0
SF01-PP-PP01-00AP12-51201A,209839.0,290.0,Mécanique,Inspection,4,175.3,,observée,175.3,10.8,0,0,0.0,Adéquat,175.3,175.3,200.0,200.0,0.0
SF01-PP-PP01-00AP12-51201A-GMOT-0MOTEUR,381594.0,310.0,Électrique,Inspection,6,16.8,,observée,16.8,3.8,0,0,0.0,Trop fréquent,16.8,33.6,2086.0,1043.0,1043.0
SF01-PP-PP01-00AP12-51201B,209840.0,290.0,Mécanique,Inspection,7,88.0,,observée,88.0,35.1,0,0,0.0,Adéquat,88.0,88.0,398.0,398.0,0.0
SF01-PP-PP01-00AP12-51201B,209841.0,290.0,Mécanique,Inspection,4,175.3,,observée,175.3,10.8,0,0,0.0,Adéquat,175.3,175.3,200.0,200.0,0.0
SF01-PP-PP01-00AP12-51202A,209846.0,290.0,Mécanique,Inspection,7,88.0,,observée,88.0,23.8,0,0,0.0,Adéquat,88.0,88.0,398.0,398.0,0.0
SF01-PP-PP01-00AP12-51202A,209847.0,290.0,Mécanique,Inspection,4,175.3,,observée,175.3,10.8,0,0,0.0,Adéquat,175.3,175.3,200.0,200.0,0.0
SF01-PP-PP01-00AP12-51202A-GMOT-0MOTEUR,381595.0,310.0,Électrique,Inspection,6,16.8,,observée,16.8,5.6,0,0,0.0,Trop fréquent,16.8,33.6,2086.0,1043.0,1043.0
SF01-PP-PP01-00AP12-51202B,209848.0,290.0,Mécanique,Inspection,7,88.0,,observée,88.0,23.8,0,0,0.0,Adéquat,88.0,88.0,398.0,398.0,0.0
SF01-PP-PP01-00AP12-51202B,209849.0,290.0,Mécanique,Inspection,4,175.3,,observée,175.3,10.8,0,0,0.0,Adéquat,175.3,175.3,200.0,200.0,0.0
SF01-PP-PP01-00AP12-51302A,209854.0,290.0,Mécanique,Inspection,12,47.1,,observée,47.1,13.9,15,6,0.55,Insuffisant,47.1,33.0,10233.0,7841.0,2392.0
SF01-PP-PP01-00AP12-51302A,209855.0,290.0,Mécanique,Inspection,4,175.3,,observée,175.3,10.8,15,3,1.0,Insuffisant,175.3,122.7,4835.0,3597.0,1239.0
SF01-PP-PP01-00AP12-51302A,200000000618.0,300.0,Mécanique,Inspection,30,16.9,30.0,observée,16.9,9.9,15,10,0.34,Insuffisant,16.9,11.8,18422.0,14639.0,3782.0
SF01-PP-PP01-00AP12-51302A-CIRC-CIRENTEM,200000005459.0,310.0,Mécanique,Inspection,28,15.5,90.0,observée,15.5,4.7,0,0,0.0,Trop fréquent,15.5,31.0,2261.0,1130.0,1130.0
SF01-PP-PP01-00AP12-51302A-GMOT-0MOTEUR,381596.0,310.0,Électrique,Inspection,6,16.8,,observée,16.8,5.6,1,0,0.0,Trop fréquent,16.8,33.6,2086.0,1043.0,1043.0
SF01-PP-PP01-00AP12-51302B,209856.0,290.0,Mécanique,Inspection,12,47.1,,observée,47.1,13.9,14,5,0.45,Insuffisant,47.1,33.0,8508.0,6608.0,1899.0
SF01-PP-PP01-00AP12-51302B,209857.0,290.0,Mécanique,Inspection,4,175.3,,observée,175.3,10.8,14,3,1.0,Insuffisant,175.3,122.7,4835.0,3597.0,1239.0
SF01-PP-PP01-00AP12-51302B,200000000618.0,300.0,Mécanique,Inspection,30,16.9,30.0,observée,16.9,9.9,14,7,0.24,Insuffisant,16.9,11.8,13613.0,11205.0,2408.0
SF01-PP-PP01-00AP12-51302B-CIRC-CIRENTEM,200000005459.0,310.0,Mécanique,Inspection,28,15.5,90.0,observée,15.5,4.7,0,0,0.0,Trop fréquent,15.5,31.0,2261.0,1130.0,1130.0
SF01-PP-PP01-00AP12-51302B-GMOT-0MOTEUR,381597.0,310.0,Électrique,Inspection,6,16.8,,observée,16.8,5.6,0,0,0.0,Trop fréquent,16.8,33.6,2086.0,1043.0,1043.0
SF01-PP-PP01-00AP12-52201A,209862.0,290.0,Mécanique,Inspection,4,175.3,,observée,175.3,10.8,1,1,0.33,Insuffisant,175.3,122.7,1730.0,1378.0,351.0
SF01-PP-PP01-00AP12-52201B,209864.0,290.0,Mécanique,Inspection,4,175.3,,observée,175.3,10.8,0,0,0.0,Adéquat,175.3,175.3,200.0,200.0,0.0
SF01-PP-PP01-00AP12-52202A,209870.0,290.0,Mécanique,Inspection,4,175.3,,observée,175.3,10.8,2,1,0.33,Insuffisant,175.3,122.7,1730.0,1378.0,351.0
SF01-PP-PP01-00AP12-52202A,209871.0,290.0,Mécanique,Inspection,4,175.3,,observée,175.3,13.0,2,1,0.33,Insuffisant,175.3,122.7,1730.0,1378.0,351.0
SF01-PP-PP01-00AP12-52202A-MOAC,209872.0,290.0,Mécanique,Inspection,4,175.3,,observée,175.3,10.8,0,0,0.0,Adéquat,175.3,175.3,200.0,200.0,0.0
SF01-PP-PP01-00AP12-52202A-MOAC,209873.0,290.0,Mécanique,Inspection,18,29.4,,observée,29.4,2.9,0,0,0.0,Adéquat,29.4,29.4,1192.0,1192.0,0.0
SF01-PP-PP01-00AP12-52202B,209875.0,290.0,Mécanique,Inspection,4,175.3,,observée,175.3,10.8,1,1,0.33,Insuffisant,175.3,122.7,1730.0,1378.0,351.0
SF01-PP-PP01-00AP12-52202B,209876.0,290.0,Mécanique,Inspection,4,175.3,,observée,175.3,13.0,1,1,0.33,Insuffisant,175.3,122.7,1730.0,1378.0,351.0
SF01-PP-PP01-00AP12-52202B-MOAC,209877.0,290.0,Mécanique,Inspection,4,175.3,,observée,175.3,10.8,0,0,0.0,Adéquat,175.3,175.3,200.0,200.0,0.0
SF01-PP-PP01-00AP12-52202B-MOAC,209878.0,290.0,Mécanique,Inspection,18,29.4,,observée,29.4,2.9,0,0,0.0,Adéquat,29.4,29.4,1192.0,1192.0,0.0
SF01-PP-PP01-00AP12-52205A,209890.0,290.0,Mécanique,Inspection,4,175.3,,observée,175.3,10.8,0,0,0.0,Adéquat,175.3,175.3,200.0,200.0,0.0
SF01-PP-PP01-00AP12-52205B,209892.0,290.0,Mécanique,Inspection,4,175.3,,observée,175.3,10.8,0,0,0.0,Adéquat,175.3,175.3,200.0,200.0,0.0
SF01-PP-PP01-00AP12-52208A,209898.0,290.0,Mécanique,Inspection,4,177.0,,observée,177.0,8.5,11,2,0.67,Insuffisant,177.0,123.9,3274.0,2480.0,794.0
SF01-PP-PP01-00AP12-52208A,200000005459.0,310.0,Mécanique,Inspection,30,14.4,90.0,observée,14.4,3.2,11,4,0.14,Adéquat,14.4,14.4,10334.0,10334.0,0.0
SF01-PP-PP01-00AP12-52208B,209900.0,290.0,Mécanique,Inspection,4,177.0,,observée,177.0,8.5,6,2,0.67,Insuffisant,177.0,123.9,3274.0,2480.0,794.0
SF01-PP-PP01-00AP12-52208B,209901.0,290.0,Mécanique,Inspection,4,177.0,,observée,177.0,14.5,6,2,0.67,Insuffisant,177.0,123.9,3274.0,2480.0,794.0
SF01-PP-PP01-00AP12-52208B,200000005459.0,310.0,Mécanique,Inspection,30,14.4,90.0,observée,14.4,3.2,6,2,0.07,Adéquat,14.4,14.4,6384.0,6384.0,0.0
SF01-PP-PP01-00AP12-52215A,209908.0,290.0,Mécanique,Inspection,4,175.3,,observée,175.3,13.0,1,1,0.33,Insuffisant,175.3,122.7,1730.0,1378.0,351.0
SF01-PP-PP01-00AP12-52215A,209909.0,290.0,Mécanique,Inspection,4,175.3,,observée,175.3,10.8,1,1,0.33,Insuffisant,175.3,122.7,1730.0,1378.0,351.0
SF01-PP-PP01-00AP12-52215A,209910.0,290.0,Mécanique,Inspection,4,175.3,,observée,175.3,13.0,1,1,0.33,Insuffisant,175.3,122.7,1730.0,1378.0,351.0
SF01-PP-PP01-00AP12-52215A-MOAC,209912.0,290.0,Mécanique,Inspection,4,175.3,,observée,175.3,10.8,0,0,0.0,Adéquat,175.3,175.3,200.0,200.0,0.0
SF01-PP-PP01-00AP12-52215A-MOAC,209913.0,290.0,Mécanique,Inspection,18,29.4,,observée,29.4,5.0,0,0,0.0,Adéquat,29.4,29.4,1192.0,1192.0,0.0
SF01-PP-PP01-00AP12-52215B,209915.0,290.0,Mécanique,Inspection,4,175.3,,observée,175.3,13.0,0,0,0.0,Adéquat,175.3,175.3,200.0,200.0,0.0
SF01-PP-PP01-00AP12-52215B,209916.0,290.0,Mécanique,Inspection,4,175.3,,observée,175.3,10.8,0,0,0.0,Adéquat,175.3,175.3,200.0,200.0,0.0
SF01-PP-PP01-00AP12-52215B,209917.0,290.0,Mécanique,Inspection,4,175.3,,observée,175.3,13.0,0,0,0.0,Adéquat,175.3,175.3,200.0,200.0,0.0
SF01-PP-PP01-00AP12-52215B-MOAC,209919.0,290.0,Mécanique,Inspection,4,175.3,,observée,175.3,10.8,0,0,0.0,Adéquat,175.3,175.3,200.0,200.0,0.0
SF01-PP-PP01-00AP12-52215B-MOAC,209920.0,290.0,Mécanique,Inspection,18,29.4,,observée,29.4,5.0,0,0,0.0,Adéquat,29.4,29.4,1192.0,1192.0,0.0
SF01-PP-PP01-00AP12-9101AB,210200.0,290.0,Mécanique,Inspection,7,88.0,,observée,88.0,8.9,0,0,0.0,Adéquat,88.0,88.0,398.0,398.0,0.0
SF01-PP-PP01-00AP12-9101AB-GMOT-0MOTEUR,381598.0,310.0,Électrique,Inspection,6,16.8,,observée,16.8,5.9,0,0,0.0,Trop fréquent,16.8,33.6,2086.0,1043.0,1043.0
SF01-PP-PP01-00AP12-91105A,210203.0,290.0,Mécanique,Inspection,4,175.3,,observée,175.3,10.8,6,3,1.0,Insuffisant,175.3,122.7,4835.0,3597.0,1239.0
SF01-PP-PP01-00AP12-91105A,200000001719.0,300.0,Mécanique,Inspection,15,38.1,91.0,observée,38.1,10.9,6,5,0.36,Insuffisant,38.1,26.7,8598.0,6798.0,1799.0
SF01-PP-PP01-00AP12-91105A-GMOT-0MOTEUR,381599.0,310.0,Électrique,Inspection,6,16.8,,observée,16.8,3.7,3,1,0.2,Insuffisant,16.8,11.8,11760.0,9890.0,1870.0
SF01-PP-PP01-00AP12-91105B,210204.0,290.0,Mécanique,Inspection,4,175.3,,observée,175.3,10.8,5,1,0.33,Insuffisant,175.3,122.7,1730.0,1378.0,351.0
SF01-PP-PP01-00AP12-91105B,200000001719.0,300.0,Mécanique,Inspection,13,44.4,91.0,observée,44.4,11.4,5,2,0.17,Insuffisant,44.4,31.1,3901.0,3350.0,551.0
SF01-PP-PP01-00AP12-91105B-GMOT-0MOTEUR,381600.0,310.0,Électrique,Inspection,6,16.8,,observée,16.8,5.7,0,0,0.0,Trop fréquent,16.8,33.6,2086.0,1043.0,1043.0
SF01-PP-PP01-00AP12-91105C,210205.0,290.0,Mécanique,Inspection,4,175.3,,observée,175.3,10.8,0,0,0.0,Adéquat,175.3,175.3,200.0,200.0,0.0
SF01-PP-PP01-00AP12-91105C,200000001719.0,300.0,Mécanique,Inspection,13,44.4,91.0,observée,44.4,11.4,0,0,0.0,Adéquat,44.4,44.4,789.0,789.0,0.0
SF01-PP-PP01-00AP12-91105C-GMOT-0MOTEUR,381601.0,310.0,Électrique,Inspection,6,17.0,,observée,17.0,5.7,0,0,0.0,Trop fréquent,17.0,34.0,2061.0,1031.0,1031.0
SF01-PP-PP01-00AP12-91105D,210206.0,290.0,Mécanique,Inspection,4,175.3,,observée,175.3,10.8,2,0,0.0,Adéquat,175.3,175.3,200.0,200.0,0.0
SF01-PP-PP01-00AP12-91105D,200000001719.0,300.0,Mécanique,Inspection,13,44.4,91.0,observée,44.4,10.5,2,1,0.08,Adéquat,44.4,44.4,2253.0,2253.0,0.0
SF01-PP-PP01-00AP12-91105D-GMOT-0MOTEUR,381602.0,310.0,Électrique,Inspection,6,17.0,,observée,17.0,5.7,0,0,0.0,Trop fréquent,17.0,34.0,2061.0,1031.0,1031.0
SF01-PP-PP01-00AP12-9111AB,210211.0,290.0,Mécanique,Inspection,4,175.3,,observée,175.3,10.8,0,0,0.0,Adéquat,175.3,175.3,200.0,200.0,0.0
SF01-PP-PP01-00AP12-9111AB-GMOT-0MOTEUR,381603.0,310.0,Électrique,Inspection,6,16.8,,observée,16.8,5.7,0,0,0.0,Trop fréquent,16.8,33.6,2086.0,1043.0,1043.0
SF01-PP-PP01-00AP12-9201AB,210228.0,290.0,Mécanique,Inspection,4,175.3,,observée,175.3,10.8,2,2,0.67,Insuffisant,175.3,122.7,3306.0,2504.0,802.0
SF01-PP-PP01-00AP12-9201AB-MOAC,210231.0,290.0,Mécanique,Inspection,4,175.3,,observée,175.3,10.8,0,0,0.0,Adéquat,175.3,175.3,200.0,200.0,0.0
SF01-PP-PP01-00AP12-9201AB-MOAC,210232.0,290.0,Mécanique,Inspection,18,29.4,,observée,29.4,2.9,0,0,0.0,Adéquat,29.4,29.4,1192.0,1192.0,0.0
SF01-PP-PP01-00AP12-92202A,210251.0,290.0,Mécanique,Inspection,4,175.3,,observée,175.3,10.8,1,1,0.33,Insuffisant,175.3,122.7,1730.0,1378.0,351.0
SF01-PP-PP01-00AP12-BU1234-MOAC,210316.0,290.0,Mécanique,Inspection,4,175.3,,observée,175.3,10.8,0,0,0.0,Adéquat,175.3,175.3,200.0,200.0,0.0
SF01-PP-PP01-00AP12-BU1234-MOAC,210317.0,290.0,Mécanique,Inspection,18,29.4,,observée,29.4,2.9,0,0,0.0,Adéquat,29.4,29.4,1192.0,1192.0,0.0
SF01-PP-PP01-00AP12-FACIEL-PC01,212621.0,360.0,Électrique,Systématique,6,122.4,,observée,122.4,62.8,0,0,0.0,Adéquat,122.4,122.4,286.0,286.0,0.0
SF01-PP-PP01-00AP12-FACIEL-PC02,212626.0,360.0,Électrique,Systématique,6,128.0,,observée,128.0,65.3,0,0,0.0,Adéquat,128.0,128.0,274.0,274.0,0.0
SF01-PP-PP01-00AP12-FACIEL-PC03,212631.0,360.0,Électrique,Systématique,6,133.6,,observée,133.6,70.2,0,0,0.0,Adéquat,133.6,133.6,262.0,262.0,0.0
SF01-PP-PP01-00AP12-FACIEL-PC04,212636.0,360.0,Électrique,Systématique,6,139.2,,observée,139.2,76.3,0,0,0.0,Adéquat,139.2,139.2,252.0,252.0,0.0
SF01-PP-PP01-00AP12-FACIEL-PC05,212639.0,360.0,Électrique,Systématique,6,142.0,,observée,142.0,81.1,0,0,0.0,Adéquat,142.0,142.0,247.0,247.0,0.0
SF01-PP-PP01-00AP12-FACIEL-PC06,212642.0,360.0,Électrique,Systématique,6,144.8,,observée,144.8,84.7,0,0,0.0,Adéquat,144.8,144.8,242.0,242.0,0.0
SF01-PP-PP01-00AP12-FACIEL-STBX,211597.0,360.0,Électrique,Systématique,6,91.0,,observée,91.0,58.7,0,0,0.0,Adéquat,91.0,91.0,385.0,385.0,0.0
SF01-PP-PP01-00AP12-MPAO01-GMOT-0MOTEUR,381604.0,310.0,Électrique,Inspection,6,16.8,,observée,16.8,5.3,0,0,0.0,Trop fréquent,16.8,33.6,2086.0,1043.0,1043.0
SF01-PP-PP01-00AP12-MPAO02-GMOT-0MOTEUR,381605.0,310.0,Électrique,Inspection,6,16.8,,observée,16.8,5.9,0,0,0.0,Trop fréquent,16.8,33.6,2086.0,1043.0,1043.0
SF01-PP-PP01-00AP12-PMGCFA,210750.0,290.0,Mécanique,Inspection,4,175.3,,observée,175.3,10.8,0,0,0.0,Adéquat,175.3,175.3,200.0,200.0,0.0
SF01-PP-PP01-00AP12-PMGCFB,210752.0,290.0,Mécanique,Inspection,4,175.3,,observée,175.3,10.8,1,1,0.33,Insuffisant,175.3,122.7,1730.0,1378.0,351.0
SF01-PP-PP01-00AP12-PRAN01,210764.0,290.0,Mécanique,Inspection,4,175.3,,observée,175.3,10.8,3,1,0.33,Insuffisant,175.3,122.7,1730.0,1378.0,351.0
SF01-PP-PP01-00AP12-PRAN01,211595.0,360.0,Électrique,Systématique,6,118.2,,observée,118.2,72.5,3,2,0.4,Insuffisant,118.2,82.7,3046.0,2388.0,659.0
SF01-PP-PP01-00AP12-PRAN02,210766.0,290.0,Mécanique,Inspection,4,175.3,,observée,175.3,10.8,2,1,0.33,Insuffisant,175.3,122.7,1730.0,1378.0,351.0
SF01-PP-PP01-00AP12-PRAN02,211596.0,360.0,Électrique,Systématique,6,119.6,,observée,119.6,72.3,2,2,0.4,Insuffisant,119.6,83.7,3011.0,2360.0,651.0
SF01-PP-PP01-00AP12-PRFIBC,210768.0,290.0,Mécanique,Inspection,4,175.3,,observée,175.3,10.8,0,0,0.0,Adéquat,175.3,175.3,200.0,200.0,0.0
SF01-PP-PP01-00AP12-PRFIBC-GMOT-COFFRET,212253.0,360.0,Électrique,Systématique,4,205.7,,observée,205.7,52.9,0,0,0.0,Adéquat,205.7,205.7,170.0,170.0,0.0
SF01-PP-PP01-00AP34-01401C,209243.0,290.0,Mécanique,Inspection,59,7.1,,observée,7.1,2.4,53,17,0.29,Insuffisant,7.1,5.0,38126.0,30759.0,7367.0
SF01-PP-PP01-00AP34-01401C,209244.0,290.0,Mécanique,Inspection,31,14.7,,observée,14.7,2.1,53,14,0.47,Insuffisant,14.7,10.3,28365.0,21963.0,6401.0
SF01-PP-PP01-00AP34-01401C,209245.0,290.0,Mécanique,Inspection,4,175.3,,observée,175.3,10.8,53,3,1.0,Insuffisant,175.3,122.7,4835.0,3597.0,1239.0
SF01-PP-PP01-00AP34-01401C,200000000458.0,290.0,Mécanique,Inspection,4,25.0,30.0,observée,25.0,33.9,53,1,0.33,Insuffisant,25.0,17.5,12128.0,9664.0,2464.0
SF01-PP-PP01-00AP34-01401C,200000001646.0,290.0,Mécanique,Inspection,21,189.4,,observée,189.4,782.0,53,12,0.6,Insuffisant,189.4,132.6,2759.0,2103.0,656.0
SF01-PP-PP01-00AP34-01401C,200000001719.0,300.0,Mécanique,Inspection,13,44.6,91.0,observée,44.6,13.5,53,9,0.75,Insuffisant,44.6,31.2,14450.0,10883.0,3567.0
SF01-PP-PP01-00AP34-01401C-CIRC,209533.0,290.0,Mécanique,Inspection,4,175.3,,observée,175.3,10.8,1,1,0.33,Insuffisant,175.3,122.7,1730.0,1378.0,351.0
SF01-PP-PP01-00AP34-01401C-CIRC,200000005459.0,310.0,Mécanique,Inspection,29,15.2,90.0,observée,15.2,5.1,1,1,0.04,Adéquat,15.2,15.2,4444.0,4444.0,0.0
SF01-PP-PP01-00AP34-01401C-CIRC-CIRCVERS,200000005459.0,310.0,Mécanique,Inspection,28,15.8,90.0,observée,15.8,6.3,0,0,0.0,Trop fréquent,15.8,31.6,2218.0,1109.0,1109.0
SF01-PP-PP01-00AP34-01401C-GMOT-0MOTEUR,381606.0,310.0,Électrique,Inspection,6,16.8,,observée,16.8,5.6,0,0,0.0,Trop fréquent,16.8,33.6,2086.0,1043.0,1043.0
SF01-PP-PP01-00AP34-01401C-GMOT-0MOTEUR,382168.0,360.0,Électrique,Systématique,3,56.0,,observée,56.0,0.0,0,0,0.0,Adéquat,56.0,56.0,626.0,626.0,0.0
SF01-PP-PP01-00AP34-01401C-GMOT-DEPARTM,212070.0,360.0,Électrique,Systématique,8,140.9,,observée,140.9,106.6,0,0,0.0,Adéquat,140.9,140.9,249.0,249.0,0.0
SF01-PP-PP01-00AP34-01401C-GMOT-DEPARTM,381949.0,360.0,Électrique,Systématique,3,56.0,,observée,56.0,0.0,0,0,0.0,Adéquat,56.0,56.0,626.0,626.0,0.0
SF01-PP-PP01-00AP34-01401D,209246.0,290.0,Mécanique,Inspection,59,7.1,,observée,7.1,2.4,104,22,0.38,Insuffisant,7.1,5.0,48426.0,38116.0,10310.0
SF01-PP-PP01-00AP34-01401D,209247.0,290.0,Mécanique,Inspection,31,14.7,,observée,14.7,2.2,104,21,0.7,Insuffisant,14.7,10.3,41079.0,31045.0,10034.0
SF01-PP-PP01-00AP34-01401D,209248.0,290.0,Mécanique,Inspection,4,175.3,,observée,175.3,10.8,104,3,1.0,Insuffisant,175.3,122.7,4835.0,3597.0,1239.0
SF01-PP-PP01-00AP34-01401D,200000000458.0,290.0,Mécanique,Inspection,5,25.5,30.0,observée,25.5,29.4,104,2,0.5,Insuffisant,25.5,17.8,17307.0,13344.0,3963.0
SF01-PP-PP01-00AP34-01401D,200000001646.0,290.0,Mécanique,Inspection,19,210.4,,observée,210.4,821.8,104,9,0.5,Insuffisant,210.4,147.3,2098.0,1617.0,480.0
SF01-PP-PP01-00AP34-01401D,200000001719.0,300.0,Mécanique,Inspection,13,44.6,91.0,observée,44.6,14.1,104,10,0.83,Insuffisant,44.6,31.2,15908.0,11924.0,3984.0
SF01-PP-PP01-00AP34-01401D-CIRC,209534.0,290.0,Mécanique,Inspection,4,175.3,,observée,175.3,10.8,5,2,0.67,Insuffisant,175.3,122.7,3306.0,2504.0,802.0
SF01-PP-PP01-00AP34-01401D-CIRC,200000005459.0,310.0,Mécanique,Inspection,29,15.2,90.0,observée,15.2,5.0,5,4,0.14,Adéquat,15.2,15.2,9790.0,9790.0,0.0
SF01-PP-PP01-00AP34-01401D-CIRC-CIRCVERS,200000005459.0,310.0,Mécanique,Inspection,28,15.8,90.0,observée,15.8,6.3,1,1,0.04,Adéquat,15.8,15.8,4275.0,4275.0,0.0
SF01-PP-PP01-00AP34-01401D-GMOT-0MOTEUR,381607.0,310.0,Électrique,Inspection,6,16.8,,observée,16.8,5.6,0,0,0.0,Trop fréquent,16.8,33.6,2086.0,1043.0,1043.0
SF01-PP-PP01-00AP34-01401D-GMOT-0MOTEUR,382169.0,360.0,Électrique,Systématique,3,84.0,,observée,84.0,28.0,0,0,0.0,Adéquat,84.0,84.0,417.0,417.0,0.0
SF01-PP-PP01-00AP34-01401D-GMOT-DEPARTM,212072.0,360.0,Électrique,Systématique,8,141.9,,observée,141.9,83.3,1,1,0.14,Adéquat,141.9,141.9,1049.0,1049.0,0.0
SF01-PP-PP01-00AP34-01401D-GMOT-DEPARTM,381950.0,360.0,Électrique,Systématique,4,74.3,,observée,74.3,25.9,1,0,0.0,Adéquat,74.3,74.3,472.0,472.0,0.0
SF01-PP-PP01-00AP34-1005CD,209488.0,360.0,Mécanique,Systématique,4,175.3,,observée,175.3,10.8,2,2,0.67,Insuffisant,175.3,122.7,3306.0,2504.0,802.0
SF01-PP-PP01-00AP34-1005CD,209489.0,290.0,Mécanique,Inspection,18,29.4,,observée,29.4,5.6,2,2,0.12,Adéquat,29.4,29.4,4509.0,4509.0,0.0
SF01-PP-PP01-00AP34-1005CD,209490.0,290.0,Mécanique,Inspection,4,175.3,,observée,175.3,10.8,2,2,0.67,Insuffisant,175.3,122.7,3306.0,2504.0,802.0
SF01-PP-PP01-00AP34-1005CD,200000000458.0,290.0,Mécanique,Inspection,4,24.7,30.0,observée,24.7,18.8,2,0,0.0,Adéquat,24.7,24.7,1419.0,1419.0,0.0
SF01-PP-PP01-00AP34-1005CD,200000000618.0,290.0,Mécanique,Inspection,8,14.9,30.0,observée,14.9,15.9,2,0,0.0,Trop fréquent,14.9,29.8,2352.0,1176.0,1176.0
SF01-PP-PP01-00AP34-1005CD,200000000618.0,300.0,Mécanique,Inspection,22,18.0,30.0,observée,18.0,9.3,2,2,0.1,Adéquat,18.0,18.0,6461.0,6461.0,0.0
SF01-PP-PP01-00AP34-1005CD-GMOT-0MOTEUR,381608.0,310.0,Électrique,Inspection,6,16.8,,observée,16.8,5.6,0,0,0.0,Trop fréquent,16.8,33.6,2086.0,1043.0,1043.0
SF01-PP-PP01-00AP34-1101CD,209497.0,290.0,Mécanique,Inspection,4,175.3,,observée,175.3,10.8,19,3,1.0,Insuffisant,175.3,122.7,4835.0,3597.0,1239.0
SF01-PP-PP01-00AP34-1101CD,200000000458.0,290.0,Mécanique,Inspection,4,25.0,30.0,observée,25.0,33.9,19,1,0.33,Insuffisant,25.0,17.5,12128.0,9664.0,2464.0
SF01-PP-PP01-00AP34-1101CD,200000000618.0,300.0,Mécanique,Inspection,30,16.9,30.0,observée,16.9,9.8,19,12,0.41,Insuffisant,16.9,11.8,21787.0,17044.0,4744.0
SF01-PP-PP01-00AP34-1101CD-CIRC,209500.0,300.0,Mécanique,Inspection,3,339.0,,observée,339.0,26.0,2,1,0.5,Insuffisant,339.0,237.3,1302.0,1004.0,298.0
SF01-PP-PP01-00AP34-1101CD-GMOT-0MOTEUR,211962.0,360.0,Électrique,Systématique,8,123.9,,observée,123.9,86.2,0,0,0.0,Adéquat,123.9,123.9,283.0,283.0,0.0
SF01-PP-PP01-00AP34-1101CD-GMOT-0MOTEUR,381609.0,310.0,Électrique,Inspection,6,16.8,,observée,16.8,6.1,0,0,0.0,Trop fréquent,16.8,33.6,2086.0,1043.0,1043.0
SF01-PP-PP01-00AP34-1101CD-GMOT-0MOTEUR,382171.0,360.0,Électrique,Systématique,4,71.7,,observée,71.7,22.2,0,0,0.0,Adéquat,71.7,71.7,489.0,489.0,0.0
SF01-PP-PP01-00AP34-1101CD-GMOT-DEPARTM,211963.0,360.0,Électrique,Systématique,8,124.9,,observée,124.9,86.8,0,0,0.0,Adéquat,124.9,124.9,281.0,281.0,0.0
SF01-PP-PP01-00AP34-1101CD-GMOT-DEPARTM,381952.0,360.0,Électrique,Systématique,4,71.7,,observée,71.7,22.2,0,0,0.0,Adéquat,71.7,71.7,489.0,489.0,0.0
SF01-PP-PP01-00AP34-1101CD-GMOT-VARIATE,211964.0,360.0,Électrique,Systématique,8,128.9,,observée,128.9,110.0,0,0,0.0,Adéquat,128.9,128.9,272.0,272.0,0.0
SF01-PP-PP01-00AP34-1101CD-GMOT-VARIATE,382286.0,360.0,Électrique,Systématique,4,71.7,,observée,71.7,22.2,0,0,0.0,Adéquat,71.7,71.7,489.0,489.0,0.0
SF01-PP-PP01-00AP34-1101CD-MOAC,209501.0,290.0,Mécanique,Inspection,4,175.3,,observée,175.3,10.8,0,0,0.0,Adéquat,175.3,175.3,200.0,200.0,0.0
SF01-PP-PP01-00AP34-1101CD-MOAC,209502.0,290.0,Mécanique,Inspection,18,29.4,,observée,29.4,5.7,0,0,0.0,Adéquat,29.4,29.4,1192.0,1192.0,0.0
SF01-PP-PP01-00AP34-1104CD,209504.0,290.0,Mécanique,Inspection,4,175.3,,observée,175.3,10.8,6,2,0.67,Insuffisant,175.3,122.7,3306.0,2504.0,802.0
SF01-PP-PP01-00AP34-1104CD-GMOT-0MOTEUR,381610.0,310.0,Électrique,Inspection,6,16.8,,observée,16.8,5.7,0,0,0.0,Trop fréquent,16.8,33.6,2086.0,1043.0,1043.0
SF01-PP-PP01-00AP34-1105CD,209506.0,290.0,Mécanique,Inspection,4,175.3,,observée,175.3,10.8,1,1,0.33,Insuffisant,175.3,122.7,1730.0,1378.0,351.0
SF01-PP-PP01-00AP34-1105CD,200000001719.0,300.0,Mécanique,Inspection,13,44.4,91.0,observée,44.4,10.0,1,1,0.08,Adéquat,44.4,44.4,2253.0,2253.0,0.0
SF01-PP-PP01-00AP34-1105CD-GMOT-0MOTEUR,381611.0,310.0,Électrique,Inspection,6,16.8,,observée,16.8,5.6,0,0,0.0,Trop fréquent,16.8,33.6,2086.0,1043.0,1043.0
SF01-PP-PP01-00AP34-1106CD,209508.0,290.0,Mécanique,Inspection,4,175.3,,observée,175.3,10.8,3,1,0.33,Insuffisant,175.3,122.7,1730.0,1378.0,351.0
SF01-PP-PP01-00AP34-1106CD,200000000618.0,300.0,Mécanique,Inspection,30,16.9,30.0,observée,16.9,9.8,3,3,0.1,Adéquat,16.9,16.9,6882.0,6882.0,0.0
SF01-PP-PP01-00AP34-1106CD,200000001719.0,300.0,Mécanique,Inspection,13,44.4,91.0,observée,44.4,10.0,3,2,0.17,Insuffisant,44.4,31.1,3901.0,3350.0,551.0
SF01-PP-PP01-00AP34-1106CD-GMOT-0MOTEUR,381612.0,310.0,Électrique,Inspection,6,16.8,,observée,16.8,5.6,1,0,0.0,Trop fréquent,16.8,33.6,2086.0,1043.0,1043.0
SF01-PP-PP01-00AP34-1109CD,209510.0,290.0,Mécanique,Inspection,4,175.3,,observée,175.3,10.8,3,2,0.67,Insuffisant,175.3,122.7,3306.0,2504.0,802.0
SF01-PP-PP01-00AP34-1109CD,200000001719.0,300.0,Mécanique,Inspection,13,44.6,91.0,observée,44.6,10.2,3,3,0.25,Insuffisant,44.6,31.2,5341.0,4376.0,965.0
SF01-PP-PP01-00AP34-1109CD-GMOT-0MOTEUR,381613.0,310.0,Électrique,Inspection,6,16.8,,observée,16.8,5.6,0,0,0.0,Trop fréquent,16.8,33.6,2086.0,1043.0,1043.0
SF01-PP-PP01-00AP34-1125CD,209512.0,290.0,Mécanique,Inspection,4,175.3,,observée,175.3,10.8,1,1,0.33,Insuffisant,175.3,122.7,1730.0,1378.0,351.0
SF01-PP-PP01-00AP34-1125CD,200000001719.0,300.0,Mécanique,Inspection,13,44.6,91.0,observée,44.6,10.2,1,1,0.08,Adéquat,44.6,44.6,2243.0,2243.0,0.0
SF01-PP-PP01-00AP34-1125CD-GMOT-0MOTEUR,381614.0,310.0,Électrique,Inspection,6,16.8,,observée,16.8,6.1,0,0,0.0,Trop fréquent,16.8,33.6,2086.0,1043.0,1043.0
SF01-PP-PP01-00AP34-1126CD,209514.0,290.0,Mécanique,Inspection,4,175.3,,observée,175.3,10.8,0,0,0.0,Adéquat,175.3,175.3,200.0,200.0,0.0
SF01-PP-PP01-00AP34-1126CD-GMOT-0MOTEUR,381615.0,310.0,Électrique,Inspection,6,16.8,,observée,16.8,5.6,0,0,0.0,Trop fréquent,16.8,33.6,2086.0,1043.0,1043.0
SF01-PP-PP01-00AP34-1170CD,209516.0,290.0,Mécanique,Inspection,4,175.3,,observée,175.3,10.8,1,0,0.0,Adéquat,175.3,175.3,200.0,200.0,0.0
SF01-PP-PP01-00AP34-1201CD,209519.0,290.0,Mécanique,Inspection,31,14.7,,observée,14.7,2.4,13,9,0.3,Insuffisant,14.7,10.3,18967.0,15251.0,3716.0
SF01-PP-PP01-00AP34-1201CD,209520.0,290.0,Mécanique,Inspection,4,175.3,,observée,175.3,10.8,13,2,0.67,Insuffisant,175.3,122.7,3306.0,2504.0,802.0
SF01-PP-PP01-00AP34-1201CD,200000000458.0,290.0,Mécanique,Inspection,5,18.8,30.0,observée,18.8,24.8,13,1,0.25,Insuffisant,18.8,13.2,12670.0,10381.0,2288.0
SF01-PP-PP01-00AP34-1201CD,200000000618.0,300.0,Mécanique,Inspection,29,17.6,30.0,observée,17.6,11.1,13,10,0.36,Insuffisant,17.6,12.3,18612.0,14717.0,3895.0
SF01-PP-PP01-00AP34-1201CD-GMOT-0MOTEUR,381616.0,310.0,Électrique,Inspection,6,16.8,,observée,16.8,5.6,0,0,0.0,Trop fréquent,16.8,33.6,2086.0,1043.0,1043.0
SF01-PP-PP01-00AP34-1203CD,209523.0,290.0,Mécanique,Inspection,7,88.0,,observée,88.0,40.2,1,1,0.17,Insuffisant,88.0,61.6,1968.0,1690.0,278.0
SF01-PP-PP01-00AP34-1203CD,209524.0,290.0,Mécanique,Inspection,4,175.3,,observée,175.3,10.8,1,1,0.33,Insuffisant,175.3,122.7,1730.0,1378.0,351.0
SF01-PP-PP01-00AP34-1203CD-GMOT-0MOTEUR,381617.0,310.0,Électrique,Inspection,6,16.8,,observée,16.8,5.6,0,0,0.0,Trop fréquent,16.8,33.6,2086.0,1043.0,1043.0
SF01-PP-PP01-00AP34-1301CD,209527.0,290.0,Mécanique,Inspection,12,47.1,,observée,47.1,20.5,20,4,0.36,Insuffisant,47.1,33.0,6955.0,5499.0,1456.0
SF01-PP-PP01-00AP34-1301CD,209528.0,290.0,Mécanique,Inspection,4,175.3,,observée,175.3,10.8,20,2,0.67,Insuffisant,175.3,122.7,3306.0,2504.0,802.0
SF01-PP-PP01-00AP34-1301CD,200000000458.0,290.0,Mécanique,Inspection,4,25.0,30.0,observée,25.0,33.9,20,1,0.33,Insuffisant,25.0,17.5,12128.0,9664.0,2464.0
SF01-PP-PP01-00AP34-1301CD,200000000618.0,300.0,Mécanique,Inspection,30,16.9,30.0,observée,16.9,9.9,20,11,0.38,Insuffisant,16.9,11.8,20345.0,16013.0,4332.0
SF01-PP-PP01-00AP34-1301CD-CIRC-CIRENTEM,200000005459.0,310.0,Mécanique,Inspection,28,15.8,90.0,observée,15.8,5.7,1,1,0.04,Adéquat,15.8,15.8,4275.0,4275.0,0.0
SF01-PP-PP01-00AP34-1301CD-CIRC-FILTREN1,200000005459.0,310.0,Mécanique,Inspection,29,15.2,90.0,observée,15.2,5.5,0,0,0.0,Trop fréquent,15.2,30.4,2306.0,1153.0,1153.0
SF01-PP-PP01-00AP34-1301CD-CIRC-FILTREN2,200000005459.0,310.0,Mécanique,Inspection,29,15.2,90.0,observée,15.2,5.4,0,0,0.0,Trop fréquent,15.2,30.4,2306.0,1153.0,1153.0
SF01-PP-PP01-00AP34-1301CD-GMOT-0MOTEUR,381618.0,310.0,Électrique,Inspection,6,16.8,,observée,16.8,5.6,0,0,0.0,Trop fréquent,16.8,33.6,2086.0,1043.0,1043.0
SF01-PP-PP01-00AP34-1702CD,209536.0,290.0,Mécanique,Inspection,4,175.3,,observée,175.3,10.8,9,3,1.0,Insuffisant,175.3,122.7,4835.0,3597.0,1239.0
SF01-PP-PP01-00AP34-1702CD,200000001719.0,300.0,Mécanique,Inspection,13,44.6,91.0,observée,44.6,13.3,9,6,0.5,Insuffisant,44.6,31.2,9895.0,7629.0,2266.0
SF01-PP-PP01-00AP34-1702CD,200000004559.0,290.0,Mécanique,Inspection,27,16.8,90.0,observée,16.8,6.7,9,6,0.23,Insuffisant,16.8,11.8,13211.0,10926.0,2284.0
SF01-PP-PP01-00AP34-1702CD-GMOT-0MOTEUR,381619.0,310.0,Électrique,Inspection,6,16.8,,observée,16.8,6.1,0,0,0.0,Trop fréquent,16.8,33.6,2086.0,1043.0,1043.0
SF01-PP-PP01-00AP34-1703CD,209540.0,290.0,Mécanique,Inspection,4,175.3,,observée,175.3,10.8,8,3,1.0,Insuffisant,175.3,122.7,4835.0,3597.0,1239.0
SF01-PP-PP01-00AP34-1703CD,200000000458.0,290.0,Mécanique,Inspection,5,18.8,30.0,observée,18.8,17.9,8,2,0.5,Insuffisant,18.8,13.2,23475.0,18100.0,5376.0
SF01-PP-PP01-00AP34-1703CD,200000001719.0,300.0,Mécanique,Inspection,13,44.6,91.0,observée,44.6,10.2,8,4,0.33,Insuffisant,44.6,31.2,6798.0,5417.0,1381.0
SF01-PP-PP01-00AP34-1703CD,200000004559.0,290.0,Mécanique,Inspection,26,16.3,90.0,observée,16.3,6.3,8,3,0.12,Adéquat,16.3,16.3,8132.0,8132.0,0.0
SF01-PP-PP01-00AP34-1703CD-GMOT-0MOTEUR,381620.0,310.0,Électrique,Inspection,6,16.8,,observée,16.8,5.6,0,0,0.0,Trop fréquent,16.8,33.6,2086.0,1043.0,1043.0
SF01-PP-PP01-00AP34-1703CD-GMOT-DEPARTM,211886.0,310.0,Électrique,Inspection,11,121.0,,observée,121.0,169.9,0,0,0.0,Adéquat,121.0,121.0,290.0,290.0,0.0
SF01-PP-PP01-00AP34-1703CD-GMOT-DEPARTM,381737.0,310.0,Électrique,Inspection,4,28.0,,observée,28.0,1.6,0,0,0.0,Adéquat,28.0,28.0,1252.0,1252.0,0.0
SF01-PP-PP01-00AP34-1703CD-GMOT-DEPARTM,382260.0,360.0,Électrique,Systématique,4,75.3,,observée,75.3,27.3,0,0,0.0,Adéquat,75.3,75.3,465.0,465.0,0.0
SF01-PP-PP01-00AP34-1703CD-MOAC,209541.0,290.0,Mécanique,Inspection,4,175.3,,observée,175.3,10.8,0,0,0.0,Adéquat,175.3,175.3,200.0,200.0,0.0
SF01-PP-PP01-00AP34-1703CD-MOAC,209542.0,290.0,Mécanique,Inspection,18,29.4,,observée,29.4,2.8,0,0,0.0,Adéquat,29.4,29.4,1192.0,1192.0,0.0
SF01-PP-PP01-00AP34-1706CD,209544.0,290.0,Mécanique,Inspection,4,175.3,,observée,175.3,10.8,5,2,0.67,Insuffisant,175.3,122.7,3306.0,2504.0,802.0
SF01-PP-PP01-00AP34-1706CD,200000001719.0,300.0,Mécanique,Inspection,13,44.6,91.0,observée,44.6,13.3,5,3,0.25,Insuffisant,44.6,31.2,5341.0,4376.0,965.0
SF01-PP-PP01-00AP34-1706CD,200000004559.0,290.0,Mécanique,Inspection,27,16.7,90.0,observée,16.7,6.6,5,2,0.08,Adéquat,16.7,16.7,5991.0,5991.0,0.0
SF01-PP-PP01-00AP34-1706CD-GMOT-0MOTEUR,381621.0,310.0,Électrique,Inspection,6,16.8,,observée,16.8,5.8,0,0,0.0,Trop fréquent,16.8,33.6,2086.0,1043.0,1043.0
SF01-PP-PP01-00AP34-1801CD,209548.0,290.0,Mécanique,Inspection,4,175.3,,observée,175.3,10.8,9,2,0.67,Insuffisant,175.3,122.7,3306.0,2504.0,802.0
SF01-PP-PP01-00AP34-1801CD,200000000458.0,290.0,Mécanique,Inspection,4,25.0,30.0,observée,25.0,33.9,9,0,0.0,Adéquat,25.0,25.0,1402.0,1402.0,0.0
SF01-PP-PP01-00AP34-1801CD,200000001719.0,300.0,Mécanique,Inspection,13,44.6,91.0,observée,44.6,10.7,9,4,0.33,Insuffisant,44.6,31.2,6798.0,5417.0,1381.0
SF01-PP-PP01-00AP34-1801CD-GMOT-0MOTEUR,211895.0,360.0,Électrique,Systématique,8,169.9,,observée,169.9,126.3,0,0,0.0,Adéquat,169.9,169.9,206.0,206.0,0.0
SF01-PP-PP01-00AP34-1801CD-GMOT-0MOTEUR,381622.0,310.0,Électrique,Inspection,6,16.8,,observée,16.8,5.8,0,0,0.0,Trop fréquent,16.8,33.6,2086.0,1043.0,1043.0
SF01-PP-PP01-00AP34-1801CD-GMOT-0MOTEUR,382184.0,360.0,Électrique,Systématique,4,73.7,,observée,73.7,27.1,0,0,0.0,Adéquat,73.7,73.7,476.0,476.0,0.0
SF01-PP-PP01-00AP34-1801CD-GMOT-DEPARTM,211896.0,360.0,Électrique,Systématique,7,149.2,,observée,149.2,71.8,0,0,0.0,Adéquat,149.2,149.2,235.0,235.0,0.0
SF01-PP-PP01-00AP34-1801CD-GMOT-DEPARTM,381965.0,360.0,Électrique,Systématique,4,74.3,,observée,74.3,25.9,0,0,0.0,Adéquat,74.3,74.3,472.0,472.0,0.0
SF01-PP-PP01-00AP34-1801CD-MOAC,209549.0,290.0,Mécanique,Inspection,4,175.3,,observée,175.3,10.8,0,0,0.0,Adéquat,175.3,175.3,200.0,200.0,0.0
SF01-PP-PP01-00AP34-1801CD-MOAC,209550.0,290.0,Mécanique,Inspection,18,29.4,,observée,29.4,2.7,0,0,0.0,Adéquat,29.4,29.4,1192.0,1192.0,0.0
SF01-PP-PP01-00AP34-2001CD,209553.0,290.0,Mécanique,Inspection,4,175.3,,observée,175.3,10.8,1,0,0.0,Adéquat,175.3,175.3,200.0,200.0,0.0
SF01-PP-PP01-00AP34-21001K,209571.0,360.0,Mécanique,Systématique,4,175.3,,observée,175.3,10.8,1,0,0.0,Adéquat,175.3,175.3,200.0,200.0,0.0
SF01-PP-PP01-00AP34-21001K,209572.0,290.0,Mécanique,Inspection,18,29.4,,observée,29.4,5.6,1,0,0.0,Adéquat,29.4,29.4,1192.0,1192.0,0.0
SF01-PP-PP01-00AP34-21001K,209573.0,290.0,Mécanique,Inspection,4,175.3,,observée,175.3,10.8,1,0,0.0,Adéquat,175.3,175.3,200.0,200.0,0.0
SF01-PP-PP01-00AP34-21001K,200000000458.0,290.0,Mécanique,Inspection,4,24.7,30.0,observée,24.7,18.8,1,1,0.33,Insuffisant,24.7,17.3,12275.0,9781.0,2494.0
SF01-PP-PP01-00AP34-21001K,200000000618.0,290.0,Mécanique,Inspection,8,14.9,30.0,observée,14.9,15.9,1,0,0.0,Trop fréquent,14.9,29.8,2352.0,1176.0,1176.0
SF01-PP-PP01-00AP34-21001K,200000000618.0,300.0,Mécanique,Inspection,22,18.0,30.0,observée,18.0,9.3,1,0,0.0,Trop fréquent,18.0,36.0,1947.0,973.0,973.0
SF01-PP-PP01-00AP34-21001K-GMOT-0MOTEUR,211907.0,360.0,Électrique,Systématique,8,106.9,,observée,106.9,155.3,0,0,0.0,Adéquat,106.9,106.9,328.0,328.0,0.0
SF01-PP-PP01-00AP34-21001K-GMOT-0MOTEUR,381623.0,310.0,Électrique,Inspection,6,16.8,,observée,16.8,7.2,0,0,0.0,Trop fréquent,16.8,33.6,2086.0,1043.0,1043.0
SF01-PP-PP01-00AP34-21001K-GMOT-DEPARTM,211908.0,360.0,Électrique,Systématique,8,173.9,,observée,173.9,180.2,0,0,0.0,Adéquat,173.9,173.9,202.0,202.0,0.0
SF01-PP-PP01-00AP34-21001K-SAGI,209574.0,300.0,Mécanique,Inspection,3,337.5,,observée,337.5,27.5,0,0,0.0,Adéquat,337.5,337.5,104.0,104.0,0.0
SF01-PP-PP01-00AP34-21001L,209575.0,360.0,Mécanique,Systématique,4,175.3,,observée,175.3,10.8,2,1,0.33,Insuffisant,175.3,122.7,1730.0,1378.0,351.0
SF01-PP-PP01-00AP34-21001L,209576.0,290.0,Mécanique,Inspection,18,29.4,,observée,29.4,5.7,2,1,0.06,Adéquat,29.4,29.4,2850.0,2850.0,0.0
SF01-PP-PP01-00AP34-21001L,209577.0,290.0,Mécanique,Inspection,4,175.3,,observée,175.3,10.8,2,1,0.33,Insuffisant,175.3,122.7,1730.0,1378.0,351.0
SF01-PP-PP01-00AP34-21001L,200000000458.0,290.0,Mécanique,Inspection,4,24.7,30.0,observée,24.7,18.8,2,0,0.0,Adéquat,24.7,24.7,1419.0,1419.0,0.0
SF01-PP-PP01-00AP34-21001L,200000000618.0,290.0,Mécanique,Inspection,8,14.9,30.0,observée,14.9,15.9,2,2,0.29,Insuffisant,14.9,10.4,18167.0,14657.0,3511.0
SF01-PP-PP01-00AP34-21001L,200000000618.0,300.0,Mécanique,Inspection,22,18.0,30.0,observée,18.0,9.3,2,0,0.0,Trop fréquent,18.0,36.0,1947.0,973.0,973.0
SF01-PP-PP01-00AP34-21001L-GMOT-0MOTEUR,211909.0,360.0,Électrique,Systématique,8,167.9,,observée,167.9,181.2,0,0,0.0,Adéquat,167.9,167.9,209.0,209.0,0.0
SF01-PP-PP01-00AP34-21001L-GMOT-0MOTEUR,381624.0,310.0,Électrique,Inspection,6,16.8,,observée,16.8,6.0,0,0,0.0,Trop fréquent,16.8,33.6,2086.0,1043.0,1043.0
SF01-PP-PP01-00AP34-21001L-GMOT-DEPARTM,211910.0,360.0,Électrique,Systématique,8,109.9,,observée,109.9,138.5,0,0,0.0,Adéquat,109.9,109.9,319.0,319.0,0.0
SF01-PP-PP01-00AP34-21001L-SAGI,209578.0,300.0,Mécanique,Inspection,3,337.5,,observée,337.5,27.5,0,0,0.0,Adéquat,337.5,337.5,104.0,104.0,0.0
SF01-PP-PP01-00AP34-21001M,209579.0,360.0,Mécanique,Systématique,4,175.3,,observée,175.3,10.8,1,1,0.33,Insuffisant,175.3,122.7,1730.0,1378.0,351.0
SF01-PP-PP01-00AP34-21001M,209580.0,290.0,Mécanique,Inspection,18,29.4,,observée,29.4,2.0,1,1,0.06,Adéquat,29.4,29.4,2850.0,2850.0,0.0
SF01-PP-PP01-00AP34-21001M,209581.0,290.0,Mécanique,Inspection,4,175.3,,observée,175.3,10.8,1,1,0.33,Insuffisant,175.3,122.7,1730.0,1378.0,351.0
SF01-PP-PP01-00AP34-21001M,200000000458.0,290.0,Mécanique,Inspection,4,24.7,30.0,observée,24.7,18.8,1,0,0.0,Adéquat,24.7,24.7,1419.0,1419.0,0.0
SF01-PP-PP01-00AP34-21001M,200000000618.0,290.0,Mécanique,Inspection,8,14.9,30.0,observée,14.9,15.9,1,0,0.0,Trop fréquent,14.9,29.8,2352.0,1176.0,1176.0
SF01-PP-PP01-00AP34-21001M,200000000618.0,300.0,Mécanique,Inspection,22,18.0,30.0,observée,18.0,9.3,1,1,0.05,Adéquat,18.0,18.0,4204.0,4204.0,0.0
SF01-PP-PP01-00AP34-21001M-GMOT-0MOTEUR,211911.0,360.0,Électrique,Systématique,8,113.9,,observée,113.9,159.0,0,0,0.0,Adéquat,113.9,113.9,308.0,308.0,0.0
SF01-PP-PP01-00AP34-21001M-GMOT-0MOTEUR,381625.0,310.0,Électrique,Inspection,6,16.8,,observée,16.8,5.8,0,0,0.0,Trop fréquent,16.8,33.6,2086.0,1043.0,1043.0
SF01-PP-PP01-00AP34-21001M-GMOT-DEPARTM,211912.0,360.0,Électrique,Systématique,8,111.9,,observée,111.9,160.3,0,0,0.0,Adéquat,111.9,111.9,313.0,313.0,0.0
SF01-PP-PP01-00AP34-21001M-SAGI,209582.0,300.0,Mécanique,Inspection,3,337.5,,observée,337.5,27.5,0,0,0.0,Adéquat,337.5,337.5,104.0,104.0,0.0
SF01-PP-PP01-00AP34-21001N,209583.0,360.0,Mécanique,Systématique,4,175.3,,observée,175.3,10.8,0,0,0.0,Adéquat,175.3,175.3,200.0,200.0,0.0
SF01-PP-PP01-00AP34-21001N,209584.0,290.0,Mécanique,Inspection,18,29.4,,observée,29.4,2.5,0,0,0.0,Adéquat,29.4,29.4,1192.0,1192.0,0.0
SF01-PP-PP01-00AP34-21001N,209585.0,290.0,Mécanique,Inspection,4,175.3,,observée,175.3,10.8,0,0,0.0,Adéquat,175.3,175.3,200.0,200.0,0.0
SF01-PP-PP01-00AP34-21001N,200000000458.0,290.0,Mécanique,Inspection,4,24.7,30.0,observée,24.7,17.0,0,0,0.0,Adéquat,24.7,24.7,1419.0,1419.0,0.0
SF01-PP-PP01-00AP34-21001N,200000000618.0,290.0,Mécanique,Inspection,8,14.9,30.0,observée,14.9,15.9,0,0,0.0,Trop fréquent,14.9,29.8,2352.0,1176.0,1176.0
SF01-PP-PP01-00AP34-21001N,200000000618.0,300.0,Mécanique,Inspection,22,18.0,30.0,observée,18.0,9.3,0,0,0.0,Trop fréquent,18.0,36.0,1947.0,973.0,973.0
SF01-PP-PP01-00AP34-21001N-GMOT-0MOTEUR,211913.0,360.0,Électrique,Systématique,7,131.7,,observée,131.7,184.5,0,0,0.0,Adéquat,131.7,131.7,266.0,266.0,0.0
SF01-PP-PP01-00AP34-21001N-GMOT-0MOTEUR,381626.0,310.0,Électrique,Inspection,6,16.8,,observée,16.8,5.8,0,0,0.0,Trop fréquent,16.8,33.6,2086.0,1043.0,1043.0
SF01-PP-PP01-00AP34-21001N-GMOT-DEPARTM,211914.0,360.0,Électrique,Systématique,8,170.9,,observée,170.9,147.7,0,0,0.0,Adéquat,170.9,170.9,205.0,205.0,0.0
SF01-PP-PP01-00AP34-21001N-SAGI,209586.0,300.0,Mécanique,Inspection,3,337.5,,observée,337.5,27.5,0,0,0.0,Adéquat,337.5,337.5,104.0,104.0,0.0
SF01-PP-PP01-00AP34-21002K,209595.0,360.0,Mécanique,Systématique,4,175.3,,observée,175.3,10.8,6,2,0.67,Insuffisant,175.3,122.7,3306.0,2504.0,802.0
SF01-PP-PP01-00AP34-21002K,209596.0,290.0,Mécanique,Inspection,18,29.4,,observée,29.4,2.0,6,4,0.24,Insuffisant,29.4,20.6,7825.0,6441.0,1384.0
SF01-PP-PP01-00AP34-21002K,209597.0,290.0,Mécanique,Inspection,4,175.3,,observée,175.3,10.8,6,2,0.67,Insuffisant,175.3,122.7,3306.0,2504.0,802.0
SF01-PP-PP01-00AP34-21002K,200000000458.0,290.0,Mécanique,Inspection,4,24.7,30.0,observée,24.7,16.8,6,0,0.0,Adéquat,24.7,24.7,1419.0,1419.0,0.0
SF01-PP-PP01-00AP34-21002K,200000000618.0,300.0,Mécanique,Inspection,29,17.5,30.0,observée,17.5,11.0,6,5,0.18,Insuffisant,17.5,12.2,10361.0,8831.0,1530.0
SF01-PP-PP01-00AP34-21002K-GMOT-0MOTEUR,211919.0,360.0,Électrique,Systématique,8,117.9,,observée,117.9,67.1,0,0,0.0,Adéquat,117.9,117.9,297.0,297.0,0.0
SF01-PP-PP01-00AP34-21002K-GMOT-0MOTEUR,381627.0,310.0,Électrique,Inspection,6,16.8,,observée,16.8,5.8,0,0,0.0,Trop fréquent,16.8,33.6,2086.0,1043.0,1043.0
SF01-PP-PP01-00AP34-21002K-GMOT-0MOTEUR,382189.0,360.0,Électrique,Systématique,4,72.3,,observée,72.3,23.1,0,0,0.0,Adéquat,72.3,72.3,485.0,485.0,0.0
SF01-PP-PP01-00AP34-21002K-GMOT-DEPARTM,211920.0,360.0,Électrique,Systématique,8,118.9,,observée,118.9,64.9,0,0,0.0,Adéquat,118.9,118.9,295.0,295.0,0.0
SF01-PP-PP01-00AP34-21002K-GMOT-DEPARTM,381970.0,360.0,Électrique,Systématique,4,72.3,,observée,72.3,23.1,0,0,0.0,Adéquat,72.3,72.3,485.0,485.0,0.0
SF01-PP-PP01-00AP34-21002K-SAGI,209598.0,300.0,Mécanique,Inspection,3,339.0,,observée,339.0,26.0,0,0,0.0,Adéquat,339.0,339.0,103.0,103.0,0.0
SF01-PP-PP01-00AP34-21002L,209599.0,360.0,Mécanique,Systématique,4,176.3,,observée,176.3,65.5,3,0,0.0,Adéquat,176.3,176.3,199.0,199.0,0.0
SF01-PP-PP01-00AP34-21002L,209600.0,290.0,Mécanique,Inspection,18,29.5,,observée,29.5,5.0,3,0,0.0,Adéquat,29.5,29.5,1188.0,1188.0,0.0
SF01-PP-PP01-00AP34-21002L,209601.0,290.0,Mécanique,Inspection,4,177.0,,observée,177.0,8.5,3,0,0.0,Adéquat,177.0,177.0,198.0,198.0,0.0
SF01-PP-PP01-00AP34-21002L,200000000458.0,290.0,Mécanique,Inspection,4,24.7,30.0,observée,24.7,16.8,3,1,0.33,Insuffisant,24.7,17.3,12275.0,9781.0,2494.0
SF01-PP-PP01-00AP34-21002L,200000000618.0,300.0,Mécanique,Inspection,31,16.4,30.0,observée,16.4,9.5,3,0,0.0,Trop fréquent,16.4,32.8,2137.0,1068.0,1068.0
SF01-PP-PP01-00AP34-21002L-GMOT-0MOTEUR,211921.0,360.0,Électrique,Systématique,8,119.9,,observée,119.9,96.6,0,0,0.0,Adéquat,119.9,119.9,292.0,292.0,0.0
SF01-PP-PP01-00AP34-21002L-GMOT-0MOTEUR,381628.0,310.0,Électrique,Inspection,6,16.8,,observée,16.8,5.8,0,0,0.0,Trop fréquent,16.8,33.6,2086.0,1043.0,1043.0
SF01-PP-PP01-00AP34-21002L-GMOT-DEPARTM,211922.0,360.0,Électrique,Systématique,8,125.9,,observée,125.9,106.8,0,0,0.0,Adéquat,125.9,125.9,278.0,278.0,0.0
SF01-PP-PP01-00AP34-21002L-SAGI,209602.0,300.0,Mécanique,Inspection,3,337.5,,observée,337.5,27.5,1,0,0.0,Adéquat,337.5,337.5,104.0,104.0,0.0
SF01-PP-PP01-00AP34-21006K,209627.0,360.0,Mécanique,Systématique,4,175.3,,observée,175.3,10.8,4,2,0.67,Insuffisant,175.3,122.7,3306.0,2504.0,802.0
SF01-PP-PP01-00AP34-21006K,209628.0,290.0,Mécanique,Inspection,18,29.4,,observée,29.4,5.6,4,4,0.24,Insuffisant,29.4,20.6,7825.0,6441.0,1384.0
SF01-PP-PP01-00AP34-21006K,209629.0,290.0,Mécanique,Inspection,4,175.3,,observée,175.3,10.8,4,2,0.67,Insuffisant,175.3,122.7,3306.0,2504.0,802.0
SF01-PP-PP01-00AP34-21006K-GMOT-0MOTEUR,381629.0,310.0,Électrique,Inspection,6,16.8,,observée,16.8,6.0,0,0,0.0,Trop fréquent,16.8,33.6,2086.0,1043.0,1043.0
SF01-PP-PP01-00AP34-21006L,209630.0,360.0,Mécanique,Systématique,4,175.3,,observée,175.3,10.8,1,1,0.33,Insuffisant,175.3,122.7,1730.0,1378.0,351.0
SF01-PP-PP01-00AP34-21006L,209631.0,290.0,Mécanique,Inspection,18,29.4,,observée,29.4,5.6,1,1,0.06,Adéquat,29.4,29.4,2850.0,2850.0,0.0
SF01-PP-PP01-00AP34-21006L,209632.0,290.0,Mécanique,Inspection,4,175.3,,observée,175.3,10.8,1,1,0.33,Insuffisant,175.3,122.7,1730.0,1378.0,351.0
SF01-PP-PP01-00AP34-21006L-GMOT-0MOTEUR,381630.0,310.0,Électrique,Inspection,6,16.8,,observée,16.8,5.8,0,0,0.0,Trop fréquent,16.8,33.6,2086.0,1043.0,1043.0
SF01-PP-PP01-00AP34-21006M,209633.0,360.0,Mécanique,Systématique,4,175.3,,observée,175.3,10.8,3,2,0.67,Insuffisant,175.3,122.7,3306.0,2504.0,802.0
SF01-PP-PP01-00AP34-21006M,209634.0,290.0,Mécanique,Inspection,18,29.4,,observée,29.4,4.1,3,3,0.18,Insuffisant,29.4,20.6,6167.0,5256.0,911.0
SF01-PP-PP01-00AP34-21006M,209635.0,290.0,Mécanique,Inspection,4,175.3,,observée,175.3,10.8,3,2,0.67,Insuffisant,175.3,122.7,3306.0,2504.0,802.0
SF01-PP-PP01-00AP34-21006M-GMOT-0MOTEUR,381631.0,310.0,Électrique,Inspection,6,16.8,,observée,16.8,5.8,0,0,0.0,Trop fréquent,16.8,33.6,2086.0,1043.0,1043.0
SF01-PP-PP01-00AP34-21006N,209636.0,360.0,Mécanique,Systématique,4,175.3,,observée,175.3,10.8,5,3,1.0,Insuffisant,175.3,122.7,4835.0,3597.0,1239.0
SF01-PP-PP01-00AP34-21006N,209637.0,290.0,Mécanique,Inspection,18,29.4,,observée,29.4,2.0,5,3,0.18,Insuffisant,29.4,20.6,6167.0,5256.0,911.0
SF01-PP-PP01-00AP34-21006N,209638.0,290.0,Mécanique,Inspection,4,175.3,,observée,175.3,10.8,5,3,1.0,Insuffisant,175.3,122.7,4835.0,3597.0,1239.0
SF01-PP-PP01-00AP34-21006N-GMOT-0MOTEUR,381632.0,310.0,Électrique,Inspection,6,16.8,,observée,16.8,5.8,0,0,0.0,Trop fréquent,16.8,33.6,2086.0,1043.0,1043.0
SF01-PP-PP01-00AP34-21006O,209639.0,360.0,Mécanique,Systématique,4,175.3,,observée,175.3,10.8,0,0,0.0,Adéquat,175.3,175.3,200.0,200.0,0.0
SF01-PP-PP01-00AP34-21006O,209640.0,290.0,Mécanique,Inspection,18,29.4,,observée,29.4,2.5,0,0,0.0,Adéquat,29.4,29.4,1192.0,1192.0,0.0
SF01-PP-PP01-00AP34-21006O,209641.0,290.0,Mécanique,Inspection,4,175.3,,observée,175.3,10.8,0,0,0.0,Adéquat,175.3,175.3,200.0,200.0,0.0
SF01-PP-PP01-00AP34-21006O-GMOT-0MOTEUR,381633.0,310.0,Électrique,Inspection,6,16.8,,observée,16.8,5.8,0,0,0.0,Trop fréquent,16.8,33.6,2086.0,1043.0,1043.0
SF01-PP-PP01-00AP34-21006P,209642.0,360.0,Mécanique,Systématique,4,175.3,,observée,175.3,10.8,3,1,0.33,Insuffisant,175.3,122.7,1730.0,1378.0,351.0
SF01-PP-PP01-00AP34-21006P,209643.0,290.0,Mécanique,Inspection,18,29.4,,observée,29.4,2.0,3,2,0.12,Adéquat,29.4,29.4,4509.0,4509.0,0.0
SF01-PP-PP01-00AP34-21006P,209644.0,290.0,Mécanique,Inspection,4,175.3,,observée,175.3,10.8,3,1,0.33,Insuffisant,175.3,122.7,1730.0,1378.0,351.0
SF01-PP-PP01-00AP34-21006P-GMOT-0MOTEUR,381634.0,310.0,Électrique,Inspection,6,16.8,,observée,16.8,6.0,0,0,0.0,Trop fréquent,16.8,33.6,2086.0,1043.0,1043.0
SF01-PP-PP01-00AP34-21006Q,209645.0,360.0,Mécanique,Systématique,4,175.3,,observée,175.3,10.8,0,0,0.0,Adéquat,175.3,175.3,200.0,200.0,0.0
SF01-PP-PP01-00AP34-21006Q,209646.0,290.0,Mécanique,Inspection,18,29.4,,observée,29.4,2.1,0,0,0.0,Adéquat,29.4,29.4,1192.0,1192.0,0.0
SF01-PP-PP01-00AP34-21006Q,209647.0,290.0,Mécanique,Inspection,4,175.3,,observée,175.3,10.8,0,0,0.0,Adéquat,175.3,175.3,200.0,200.0,0.0
SF01-PP-PP01-00AP34-21006Q-GMOT-0MOTEUR,381635.0,310.0,Électrique,Inspection,6,16.8,,observée,16.8,5.8,0,0,0.0,Trop fréquent,16.8,33.6,2086.0,1043.0,1043.0
SF01-PP-PP01-00AP34-21006R,209648.0,360.0,Mécanique,Systématique,4,175.3,,observée,175.3,10.8,7,2,0.67,Insuffisant,175.3,122.7,3306.0,2504.0,802.0
SF01-PP-PP01-00AP34-21006R,209649.0,290.0,Mécanique,Inspection,18,29.4,,observée,29.4,5.7,7,5,0.29,Insuffisant,29.4,20.6,9207.0,7428.0,1779.0
SF01-PP-PP01-00AP34-21006R,209650.0,290.0,Mécanique,Inspection,4,175.3,,observée,175.3,10.8,7,2,0.67,Insuffisant,175.3,122.7,3306.0,2504.0,802.0
SF01-PP-PP01-00AP34-21006R-GMOT-0MOTEUR,381636.0,310.0,Électrique,Inspection,6,16.8,,observée,16.8,5.7,0,0,0.0,Trop fréquent,16.8,33.6,2086.0,1043.0,1043.0
SF01-PP-PP01-00AP34-2101CD,209654.0,290.0,Mécanique,Inspection,4,175.3,,observée,175.3,10.8,0,0,0.0,Adéquat,175.3,175.3,200.0,200.0,0.0
SF01-PP-PP01-00AP34-2101CD,209655.0,290.0,Mécanique,Inspection,4,175.3,,observée,175.3,10.8,0,0,0.0,Adéquat,175.3,175.3,200.0,200.0,0.0
SF01-PP-PP01-00AP34-2102CD,209660.0,290.0,Mécanique,Inspection,4,175.3,,observée,175.3,10.8,0,0,0.0,Adéquat,175.3,175.3,200.0,200.0,0.0
SF01-PP-PP01-00AP34-2102CD,209661.0,290.0,Mécanique,Inspection,4,175.3,,observée,175.3,10.8,0,0,0.0,Adéquat,175.3,175.3,200.0,200.0,0.0
SF01-PP-PP01-00AP34-21103C,209667.0,360.0,Mécanique,Systématique,4,175.3,,observée,175.3,10.8,9,3,1.0,Insuffisant,175.3,122.7,4835.0,3597.0,1239.0
SF01-PP-PP01-00AP34-21103C,209668.0,290.0,Mécanique,Inspection,4,175.3,,observée,175.3,10.8,9,3,1.0,Insuffisant,175.3,122.7,4835.0,3597.0,1239.0
SF01-PP-PP01-00AP34-21103C,200000000618.0,300.0,Mécanique,Inspection,30,16.9,30.0,observée,16.9,9.8,9,8,0.28,Insuffisant,16.9,11.8,15537.0,12579.0,2958.0
SF01-PP-PP01-00AP34-21103C-GMOT-0MOTEUR,381637.0,310.0,Électrique,Inspection,6,16.6,,observée,16.6,5.8,0,0,0.0,Trop fréquent,16.6,33.2,2111.0,1056.0,1056.0
SF01-PP-PP01-00AP34-21103D,209669.0,360.0,Mécanique,Systématique,4,175.3,,observée,175.3,10.8,17,2,0.67,Insuffisant,175.3,122.7,3306.0,2504.0,802.0
SF01-PP-PP01-00AP34-21103D,209670.0,290.0,Mécanique,Inspection,4,175.3,,observée,175.3,10.8,17,2,0.67,Insuffisant,175.3,122.7,3306.0,2504.0,802.0
SF01-PP-PP01-00AP34-21103D,200000000618.0,300.0,Mécanique,Inspection,30,16.9,30.0,observée,16.9,9.8,17,9,0.31,Insuffisant,16.9,11.8,16979.0,13609.0,3370.0
SF01-PP-PP01-00AP34-21103D-GMOT-0MOTEUR,381638.0,310.0,Électrique,Inspection,6,16.8,,observée,16.8,6.0,1,0,0.0,Trop fréquent,16.8,33.6,2086.0,1043.0,1043.0
SF01-PP-PP01-00AP34-2201CD,209674.0,290.0,Mécanique,Inspection,4,175.3,,observée,175.3,10.8,5,1,0.33,Insuffisant,175.3,122.7,1730.0,1378.0,351.0
SF01-PP-PP01-00AP34-2201CD-MOAC,209675.0,290.0,Mécanique,Inspection,4,175.3,,observée,175.3,10.8,0,0,0.0,Adéquat,175.3,175.3,200.0,200.0,0.0
SF01-PP-PP01-00AP34-2201CD-MOAC,209676.0,290.0,Mécanique,Inspection,18,29.4,,observée,29.4,2.9,0,0,0.0,Adéquat,29.4,29.4,1192.0,1192.0,0.0
SF01-PP-PP01-00AP34-2201CD-STCU-RIGOLE12,200000005459.0,310.0,Mécanique,Inspection,29,15.2,90.0,observée,15.2,5.5,1,1,0.04,Adéquat,15.2,15.2,4444.0,4444.0,0.0
SF01-PP-PP01-00AP34-2203CD,209680.0,290.0,Mécanique,Inspection,4,175.3,,observée,175.3,10.8,1,1,0.33,Insuffisant,175.3,122.7,1730.0,1378.0,351.0
SF01-PP-PP01-00AP34-2203CD-MOAC,209681.0,290.0,Mécanique,Inspection,4,175.3,,observée,175.3,10.8,0,0,0.0,Adéquat,175.3,175.3,200.0,200.0,0.0
SF01-PP-PP01-00AP34-2203CD-MOAC,209682.0,290.0,Mécanique,Inspection,18,29.4,,observée,29.4,2.9,0,0,0.0,Adéquat,29.4,29.4,1192.0,1192.0,0.0
SF01-PP-PP01-00AP34-2204CD,209687.0,290.0,Mécanique,Inspection,4,175.3,,observée,175.3,10.8,5,1,0.33,Insuffisant,175.3,122.7,1730.0,1378.0,351.0
SF01-PP-PP01-00AP34-2204CD-MOAC,209688.0,290.0,Mécanique,Inspection,4,175.3,,observée,175.3,10.8,0,0,0.0,Adéquat,175.3,175.3,200.0,200.0,0.0
SF01-PP-PP01-00AP34-2204CD-MOAC,209689.0,290.0,Mécanique,Inspection,18,29.4,,observée,29.4,2.9,0,0,0.0,Adéquat,29.4,29.4,1192.0,1192.0,0.0
SF01-PP-PP01-00AP34-2205CD,209698.0,290.0,Mécanique,Inspection,4,177.0,,observée,177.0,8.5,7,3,1.0,Insuffisant,177.0,123.9,4789.0,3562.0,1227.0
SF01-PP-PP01-00AP34-2205CD,209699.0,290.0,Mécanique,Inspection,4,177.0,,observée,177.0,8.5,7,3,1.0,Insuffisant,177.0,123.9,4789.0,3562.0,1227.0
SF01-PP-PP01-00AP34-2205CD-CIRC-CIRSOTBO,200000005459.0,310.0,Mécanique,Inspection,26,15.0,90.0,observée,15.0,4.9,4,3,0.12,Adéquat,15.0,15.0,8837.0,8837.0,0.0
SF01-PP-PP01-00AP34-2205CD-MOAC,209702.0,290.0,Mécanique,Inspection,4,175.3,,observée,175.3,10.8,0,0,0.0,Adéquat,175.3,175.3,200.0,200.0,0.0
SF01-PP-PP01-00AP34-2205CD-MOAC,209703.0,290.0,Mécanique,Inspection,18,29.4,,observée,29.4,5.7,0,0,0.0,Adéquat,29.4,29.4,1192.0,1192.0,0.0
SF01-PP-PP01-00AP34-2205CD-STCU-PORTVISI,200000005459.0,310.0,Mécanique,Inspection,26,15.0,90.0,observée,15.0,5.0,3,2,0.08,Adéquat,15.0,15.0,6670.0,6670.0,0.0
SF01-PP-PP01-00AP34-2206CD,209710.0,290.0,Mécanique,Inspection,4,175.3,,observée,175.3,10.8,1,1,0.33,Insuffisant,175.3,122.7,1730.0,1378.0,351.0
SF01-PP-PP01-00AP34-2206CD,209711.0,290.0,Mécanique,Inspection,4,175.3,,observée,175.3,10.8,1,1,0.33,Insuffisant,175.3,122.7,1730.0,1378.0,351.0
SF01-PP-PP01-00AP34-2206CD-MOAC,209712.0,290.0,Mécanique,Inspection,4,175.3,,observée,175.3,10.8,0,0,0.0,Adéquat,175.3,175.3,200.0,200.0,0.0
SF01-PP-PP01-00AP34-2206CD-MOAC,209713.0,290.0,Mécanique,Inspection,18,29.4,,observée,29.4,5.4,0,0,0.0,Adéquat,29.4,29.4,1192.0,1192.0,0.0
SF01-PP-PP01-00AP34-2207CD,209721.0,290.0,Mécanique,Inspection,4,175.3,,observée,175.3,10.8,1,1,0.33,Insuffisant,175.3,122.7,1730.0,1378.0,351.0
SF01-PP-PP01-00AP34-2207CD,209722.0,290.0,Mécanique,Inspection,4,175.3,,observée,175.3,10.8,1,1,0.33,Insuffisant,175.3,122.7,1730.0,1378.0,351.0
SF01-PP-PP01-00AP34-2207CD-MOAC,209723.0,290.0,Mécanique,Inspection,4,175.3,,observée,175.3,10.8,0,0,0.0,Adéquat,175.3,175.3,200.0,200.0,0.0
SF01-PP-PP01-00AP34-2207CD-MOAC,209724.0,290.0,Mécanique,Inspection,18,29.4,,observée,29.4,5.0,0,0,0.0,Adéquat,29.4,29.4,1192.0,1192.0,0.0
SF01-PP-PP01-00AP34-2208CD,209728.0,290.0,Mécanique,Inspection,4,175.3,,observée,175.3,10.8,0,0,0.0,Adéquat,175.3,175.3,200.0,200.0,0.0
SF01-PP-PP01-00AP34-2211CD,209734.0,290.0,Mécanique,Inspection,4,175.3,,observée,175.3,10.8,2,2,0.67,Insuffisant,175.3,122.7,3306.0,2504.0,802.0
SF01-PP-PP01-00AP34-2211CD-MOAC,209735.0,290.0,Mécanique,Inspection,4,175.3,,observée,175.3,10.8,0,0,0.0,Adéquat,175.3,175.3,200.0,200.0,0.0
SF01-PP-PP01-00AP34-2211CD-MOAC,209736.0,290.0,Mécanique,Inspection,18,29.4,,observée,29.4,4.7,0,0,0.0,Adéquat,29.4,29.4,1192.0,1192.0,0.0
SF01-PP-PP01-00AP34-2212CD,209742.0,290.0,Mécanique,Inspection,4,175.3,,observée,175.3,10.8,4,3,1.0,Insuffisant,175.3,122.7,4835.0,3597.0,1239.0
SF01-PP-PP01-00AP34-2212CD-MOAC,209743.0,290.0,Mécanique,Inspection,4,175.3,,observée,175.3,10.8,0,0,0.0,Adéquat,175.3,175.3,200.0,200.0,0.0
SF01-PP-PP01-00AP34-2212CD-MOAC,209744.0,290.0,Mécanique,Inspection,18,29.4,,observée,29.4,4.4,0,0,0.0,Adéquat,29.4,29.4,1192.0,1192.0,0.0
SF01-PP-PP01-00AP34-2212CD-STCU-RIGOLE,200000005459.0,310.0,Mécanique,Inspection,29,15.2,90.0,observée,15.2,5.6,1,1,0.04,Adéquat,15.2,15.2,4444.0,4444.0,0.0
SF01-PP-PP01-00AP34-2301CD,209750.0,290.0,Mécanique,Inspection,4,175.3,,observée,175.3,10.8,0,0,0.0,Adéquat,175.3,175.3,200.0,200.0,0.0
SF01-PP-PP01-00AP34-2301CD,209751.0,290.0,Mécanique,Inspection,4,175.3,,observée,175.3,10.8,0,0,0.0,Adéquat,175.3,175.3,200.0,200.0,0.0
SF01-PP-PP01-00AP34-2301CD-MOAC,209752.0,290.0,Mécanique,Inspection,4,175.3,,observée,175.3,10.8,0,0,0.0,Adéquat,175.3,175.3,200.0,200.0,0.0
SF01-PP-PP01-00AP34-2301CD-MOAC,209753.0,290.0,Mécanique,Inspection,18,29.4,,observée,29.4,2.9,0,0,0.0,Adéquat,29.4,29.4,1192.0,1192.0,0.0
SF01-PP-PP01-00AP34-3201CD,209756.0,290.0,Mécanique,Inspection,4,175.3,,observée,175.3,10.8,0,0,0.0,Adéquat,175.3,175.3,200.0,200.0,0.0
SF01-PP-PP01-00AP34-5001CD,209801.0,290.0,Mécanique,Inspection,4,177.0,,observée,177.0,8.5,1,1,0.33,Insuffisant,177.0,123.9,1713.0,1365.0,348.0
SF01-PP-PP01-00AP34-5001CD-MOAC,209802.0,290.0,Mécanique,Inspection,4,175.3,,observée,175.3,10.8,0,0,0.0,Adéquat,175.3,175.3,200.0,200.0,0.0
SF01-PP-PP01-00AP34-5001CD-MOAC,209803.0,290.0,Mécanique,Inspection,18,29.4,,observée,29.4,5.4,0,0,0.0,Adéquat,29.4,29.4,1192.0,1192.0,0.0
SF01-PP-PP01-00AP34-51002C,209809.0,290.0,Mécanique,Inspection,4,175.3,,observée,175.3,10.8,0,0,0.0,Adéquat,175.3,175.3,200.0,200.0,0.0
SF01-PP-PP01-00AP34-51002C,209810.0,290.0,Mécanique,Inspection,7,88.0,,observée,88.0,6.6,0,0,0.0,Adéquat,88.0,88.0,398.0,398.0,0.0
SF01-PP-PP01-00AP34-51002C-GMOT-0MOTEUR,381639.0,310.0,Électrique,Inspection,6,16.8,,observée,16.8,6.0,0,0,0.0,Trop fréquent,16.8,33.6,2086.0,1043.0,1043.0
SF01-PP-PP01-00AP34-51002D,209812.0,290.0,Mécanique,Inspection,4,175.3,,observée,175.3,10.8,0,0,0.0,Adéquat,175.3,175.3,200.0,200.0,0.0
SF01-PP-PP01-00AP34-51002D,209813.0,290.0,Mécanique,Inspection,7,88.0,,observée,88.0,7.0,0,0,0.0,Adéquat,88.0,88.0,398.0,398.0,0.0
SF01-PP-PP01-00AP34-51002D-GMOT-0MOTEUR,381640.0,310.0,Électrique,Inspection,6,16.8,,observée,16.8,5.7,0,0,0.0,Trop fréquent,16.8,33.6,2086.0,1043.0,1043.0
SF01-PP-PP01-00AP34-51101C,209816.0,290.0,Mécanique,Inspection,4,175.3,,observée,175.3,10.8,8,3,1.0,Insuffisant,175.3,122.7,4835.0,3597.0,1239.0
SF01-PP-PP01-00AP34-51101C,200000000618.0,300.0,Mécanique,Inspection,30,16.9,30.0,observée,16.9,9.8,8,7,0.24,Insuffisant,16.9,11.8,13613.0,11205.0,2408.0
SF01-PP-PP01-00AP34-51101C-GMOT-0MOTEUR,381641.0,310.0,Électrique,Inspection,6,16.8,,observée,16.8,5.7,0,0,0.0,Trop fréquent,16.8,33.6,2086.0,1043.0,1043.0
SF01-PP-PP01-00AP34-51101D,209817.0,290.0,Mécanique,Inspection,4,175.3,,observée,175.3,10.8,12,2,0.67,Insuffisant,175.3,122.7,3306.0,2504.0,802.0
SF01-PP-PP01-00AP34-51101D,200000000618.0,300.0,Mécanique,Inspection,30,16.9,30.0,observée,16.9,9.8,12,6,0.21,Insuffisant,16.9,11.8,12171.0,10175.0,1996.0
SF01-PP-PP01-00AP34-51101D-GMOT-0MOTEUR,381642.0,310.0,Électrique,Inspection,6,16.8,,observée,16.8,5.7,0,0,0.0,Trop fréquent,16.8,33.6,2086.0,1043.0,1043.0
SF01-PP-PP01-00AP34-51102C,209820.0,290.0,Mécanique,Inspection,4,175.3,,observée,175.3,10.8,3,2,0.67,Insuffisant,175.3,122.7,3306.0,2504.0,802.0
SF01-PP-PP01-00AP34-51102C,200000000618.0,300.0,Mécanique,Inspection,30,16.9,30.0,observée,16.9,9.8,3,3,0.1,Adéquat,16.9,16.9,6882.0,6882.0,0.0
SF01-PP-PP01-00AP34-51102C-GMOT-0MOTEUR,381643.0,310.0,Électrique,Inspection,6,16.8,,observée,16.8,6.0,0,0,0.0,Trop fréquent,16.8,33.6,2086.0,1043.0,1043.0
SF01-PP-PP01-00AP34-51102D,209821.0,290.0,Mécanique,Inspection,4,175.3,,observée,175.3,10.8,6,3,1.0,Insuffisant,175.3,122.7,4835.0,3597.0,1239.0
SF01-PP-PP01-00AP34-51102D,200000000618.0,300.0,Mécanique,Inspection,30,16.9,30.0,observée,16.9,9.8,6,4,0.14,Adéquat,16.9,16.9,8805.0,8805.0,0.0
SF01-PP-PP01-00AP34-51102D-GMOT-0MOTEUR,381644.0,310.0,Électrique,Inspection,6,16.8,,observée,16.8,6.0,0,0,0.0,Trop fréquent,16.8,33.6,2086.0,1043.0,1043.0
SF01-PP-PP01-00AP34-51103C,209826.0,360.0,Mécanique,Systématique,4,175.3,,observée,175.3,10.8,1,1,0.33,Insuffisant,175.3,122.7,1730.0,1378.0,351.0
SF01-PP-PP01-00AP34-51103C,209827.0,290.0,Mécanique,Inspection,4,175.3,,observée,175.3,10.8,1,1,0.33,Insuffisant,175.3,122.7,1730.0,1378.0,351.0
SF01-PP-PP01-00AP34-51103C,200000000618.0,300.0,Mécanique,Inspection,30,16.9,30.0,observée,16.9,9.8,1,1,0.03,Adéquat,16.9,16.9,3516.0,3516.0,0.0
SF01-PP-PP01-00AP34-51103C-GMOT-0MOTEUR,381645.0,310.0,Électrique,Inspection,6,16.8,,observée,16.8,5.7,0,0,0.0,Trop fréquent,16.8,33.6,2086.0,1043.0,1043.0
SF01-PP-PP01-00AP34-51103D,209828.0,360.0,Mécanique,Systématique,4,175.3,,observée,175.3,10.8,6,2,0.67,Insuffisant,175.3,122.7,3306.0,2504.0,802.0
SF01-PP-PP01-00AP34-51103D,209829.0,290.0,Mécanique,Inspection,4,175.3,,observée,175.3,10.8,6,2,0.67,Insuffisant,175.3,122.7,3306.0,2504.0,802.0
SF01-PP-PP01-00AP34-51103D,200000000618.0,300.0,Mécanique,Inspection,30,16.9,30.0,observée,16.9,9.8,6,4,0.14,Adéquat,16.9,16.9,8805.0,8805.0,0.0
SF01-PP-PP01-00AP34-51103D-GMOT-0MOTEUR,381646.0,310.0,Électrique,Inspection,6,16.8,,observée,16.8,5.7,0,0,0.0,Trop fréquent,16.8,33.6,2086.0,1043.0,1043.0
SF01-PP-PP01-00AP34-51105C,209832.0,290.0,Mécanique,Inspection,4,175.3,,observée,175.3,10.8,0,0,0.0,Adéquat,175.3,175.3,200.0,200.0,0.0
SF01-PP-PP01-00AP34-51105C-GMOT-0MOTEUR,381647.0,310.0,Électrique,Inspection,6,16.8,,observée,16.8,5.7,0,0,0.0,Trop fréquent,16.8,33.6,2086.0,1043.0,1043.0
SF01-PP-PP01-00AP34-51105D,209833.0,290.0,Mécanique,Inspection,4,175.3,,observée,175.3,10.8,1,0,0.0,Adéquat,175.3,175.3,200.0,200.0,0.0
SF01-PP-PP01-00AP34-51105D-GMOT-0MOTEUR,381648.0,310.0,Électrique,Inspection,6,16.8,,observée,16.8,6.0,0,0,0.0,Trop fréquent,16.8,33.6,2086.0,1043.0,1043.0
SF01-PP-PP01-00AP34-51108C,209836.0,290.0,Mécanique,Inspection,4,175.3,,observée,175.3,10.8,3,1,0.33,Insuffisant,175.3,122.7,1730.0,1378.0,351.0
SF01-PP-PP01-00AP34-51108C,200000001719.0,300.0,Mécanique,Inspection,13,44.4,91.0,observée,44.4,10.0,3,2,0.17,Insuffisant,44.4,31.1,3901.0,3350.0,551.0
SF01-PP-PP01-00AP34-51108C-GMOT-0MOTEUR,381649.0,310.0,Électrique,Inspection,6,16.8,,observée,16.8,6.0,0,0,0.0,Trop fréquent,16.8,33.6,2086.0,1043.0,1043.0
SF01-PP-PP01-00AP34-51108D,209837.0,290.0,Mécanique,Inspection,4,175.3,,observée,175.3,10.8,4,2,0.67,Insuffisant,175.3,122.7,3306.0,2504.0,802.0
SF01-PP-PP01-00AP34-51108D,200000001719.0,300.0,Mécanique,Inspection,13,44.4,91.0,observée,44.4,10.0,4,1,0.08,Adéquat,44.4,44.4,2253.0,2253.0,0.0
SF01-PP-PP01-00AP34-51108D-GMOT-0MOTEUR,381650.0,310.0,Électrique,Inspection,6,16.8,,observée,16.8,5.7,0,0,0.0,Trop fréquent,16.8,33.6,2086.0,1043.0,1043.0
SF01-PP-PP01-00AP34-51201C,209842.0,290.0,Mécanique,Inspection,7,88.0,,observée,88.0,7.0,1,1,0.17,Insuffisant,88.0,61.6,1968.0,1690.0,278.0
SF01-PP-PP01-00AP34-51201C,209843.0,290.0,Mécanique,Inspection,4,175.3,,observée,175.3,10.8,1,1,0.33,Insuffisant,175.3,122.7,1730.0,1378.0,351.0
SF01-PP-PP01-00AP34-51201C-GMOT-0MOTEUR,381651.0,310.0,Électrique,Inspection,6,16.8,,observée,16.8,5.7,0,0,0.0,Trop fréquent,16.8,33.6,2086.0,1043.0,1043.0
SF01-PP-PP01-00AP34-51201D,209844.0,290.0,Mécanique,Inspection,7,88.0,,observée,88.0,6.6,1,1,0.17,Insuffisant,88.0,61.6,1968.0,1690.0,278.0
SF01-PP-PP01-00AP34-51201D,209845.0,290.0,Mécanique,Inspection,4,175.3,,observée,175.3,10.8,1,1,0.33,Insuffisant,175.3,122.7,1730.0,1378.0,351.0
SF01-PP-PP01-00AP34-51202C,209850.0,290.0,Mécanique,Inspection,7,88.0,,observée,88.0,6.6,1,1,0.17,Insuffisant,88.0,61.6,1968.0,1690.0,278.0
SF01-PP-PP01-00AP34-51202C,209851.0,290.0,Mécanique,Inspection,4,175.3,,observée,175.3,10.8,1,1,0.33,Insuffisant,175.3,122.7,1730.0,1378.0,351.0
SF01-PP-PP01-00AP34-51202C-GMOT-0MOTEUR,381652.0,310.0,Électrique,Inspection,6,16.8,,observée,16.8,5.7,0,0,0.0,Trop fréquent,16.8,33.6,2086.0,1043.0,1043.0
SF01-PP-PP01-00AP34-51202D,209852.0,290.0,Mécanique,Inspection,7,88.0,,observée,88.0,7.0,1,1,0.17,Insuffisant,88.0,61.6,1968.0,1690.0,278.0
SF01-PP-PP01-00AP34-51202D,209853.0,290.0,Mécanique,Inspection,4,175.3,,observée,175.3,10.8,1,1,0.33,Insuffisant,175.3,122.7,1730.0,1378.0,351.0
SF01-PP-PP01-00AP34-51202D-GMOT-0MOTEUR,381653.0,310.0,Électrique,Inspection,6,16.8,,observée,16.8,6.0,0,0,0.0,Trop fréquent,16.8,33.6,2086.0,1043.0,1043.0
SF01-PP-PP01-00AP34-51302C,209858.0,290.0,Mécanique,Inspection,12,47.1,,observée,47.1,11.6,12,5,0.45,Insuffisant,47.1,33.0,8508.0,6608.0,1899.0
SF01-PP-PP01-00AP34-51302C,209859.0,290.0,Mécanique,Inspection,4,175.3,,observée,175.3,10.8,12,3,1.0,Insuffisant,175.3,122.7,4835.0,3597.0,1239.0
SF01-PP-PP01-00AP34-51302C,200000000458.0,290.0,Mécanique,Inspection,4,25.0,30.0,observée,25.0,33.9,12,1,0.33,Insuffisant,25.0,17.5,12128.0,9664.0,2464.0
SF01-PP-PP01-00AP34-51302C,200000000618.0,300.0,Mécanique,Inspection,30,16.9,30.0,observée,16.9,9.9,12,8,0.28,Insuffisant,16.9,11.8,15537.0,12579.0,2958.0
SF01-PP-PP01-00AP34-51302C-CIRC-CIRENTEM,200000005459.0,310.0,Mécanique,Inspection,28,15.8,90.0,observée,15.8,5.8,0,0,0.0,Trop fréquent,15.8,31.6,2218.0,1109.0,1109.0
SF01-PP-PP01-00AP34-51302C-GMOT-0MOTEUR,381654.0,310.0,Électrique,Inspection,6,16.8,,observée,16.8,6.0,0,0,0.0,Trop fréquent,16.8,33.6,2086.0,1043.0,1043.0
SF01-PP-PP01-00AP34-51302D,209860.0,290.0,Mécanique,Inspection,12,47.1,,observée,47.1,11.9,10,4,0.36,Insuffisant,47.1,33.0,6955.0,5499.0,1456.0
SF01-PP-PP01-00AP34-51302D,209861.0,290.0,Mécanique,Inspection,4,175.3,,observée,175.3,10.8,10,2,0.67,Insuffisant,175.3,122.7,3306.0,2504.0,802.0
SF01-PP-PP01-00AP34-51302D,200000000458.0,290.0,Mécanique,Inspection,4,25.0,30.0,observée,25.0,33.9,10,1,0.33,Insuffisant,25.0,17.5,12128.0,9664.0,2464.0
SF01-PP-PP01-00AP34-51302D,200000000618.0,300.0,Mécanique,Inspection,30,16.9,30.0,observée,16.9,9.9,10,7,0.24,Insuffisant,16.9,11.8,13613.0,11205.0,2408.0
SF01-PP-PP01-00AP34-51302D-CIRC-CIRENTEM,200000005459.0,310.0,Mécanique,Inspection,28,15.8,90.0,observée,15.8,5.8,1,0,0.0,Trop fréquent,15.8,31.6,2218.0,1109.0,1109.0
SF01-PP-PP01-00AP34-51302D-GMOT-0MOTEUR,381655.0,310.0,Électrique,Inspection,6,16.8,,observée,16.8,5.7,0,0,0.0,Trop fréquent,16.8,33.6,2086.0,1043.0,1043.0
SF01-PP-PP01-00AP34-52201C,209866.0,290.0,Mécanique,Inspection,4,175.3,,observée,175.3,10.8,0,0,0.0,Adéquat,175.3,175.3,200.0,200.0,0.0
SF01-PP-PP01-00AP34-52201D,209868.0,290.0,Mécanique,Inspection,4,175.3,,observée,175.3,10.8,1,1,0.33,Insuffisant,175.3,122.7,1730.0,1378.0,351.0
SF01-PP-PP01-00AP34-52202C,209880.0,290.0,Mécanique,Inspection,4,175.3,,observée,175.3,10.8,0,0,0.0,Adéquat,175.3,175.3,200.0,200.0,0.0
SF01-PP-PP01-00AP34-52202C,209881.0,290.0,Mécanique,Inspection,4,175.3,,observée,175.3,10.8,0,0,0.0,Adéquat,175.3,175.3,200.0,200.0,0.0
SF01-PP-PP01-00AP34-52202C-MOAC,209882.0,290.0,Mécanique,Inspection,4,175.3,,observée,175.3,10.8,0,0,0.0,Adéquat,175.3,175.3,200.0,200.0,0.0
SF01-PP-PP01-00AP34-52202C-MOAC,209883.0,290.0,Mécanique,Inspection,18,29.4,,observée,29.4,2.9,0,0,0.0,Adéquat,29.4,29.4,1192.0,1192.0,0.0
SF01-PP-PP01-00AP34-52202D,209885.0,290.0,Mécanique,Inspection,4,175.3,,observée,175.3,10.8,0,0,0.0,Adéquat,175.3,175.3,200.0,200.0,0.0
SF01-PP-PP01-00AP34-52202D,209886.0,290.0,Mécanique,Inspection,4,175.3,,observée,175.3,10.8,0,0,0.0,Adéquat,175.3,175.3,200.0,200.0,0.0
SF01-PP-PP01-00AP34-52202D-MOAC,209887.0,290.0,Mécanique,Inspection,4,175.3,,observée,175.3,10.8,0,0,0.0,Adéquat,175.3,175.3,200.0,200.0,0.0
SF01-PP-PP01-00AP34-52202D-MOAC,209888.0,290.0,Mécanique,Inspection,18,29.4,,observée,29.4,2.9,0,0,0.0,Adéquat,29.4,29.4,1192.0,1192.0,0.0
SF01-PP-PP01-00AP34-52205C,209894.0,290.0,Mécanique,Inspection,4,175.3,,observée,175.3,10.8,0,0,0.0,Adéquat,175.3,175.3,200.0,200.0,0.0
SF01-PP-PP01-00AP34-52205D,209896.0,290.0,Mécanique,Inspection,4,175.3,,observée,175.3,10.8,0,0,0.0,Adéquat,175.3,175.3,200.0,200.0,0.0
SF01-PP-PP01-00AP34-52208C,209903.0,290.0,Mécanique,Inspection,4,177.0,,observée,177.0,8.5,8,3,1.0,Insuffisant,177.0,123.9,4789.0,3562.0,1227.0
SF01-PP-PP01-00AP34-52208C,200000005459.0,310.0,Mécanique,Inspection,29,15.2,90.0,observée,15.2,5.4,8,3,0.11,Adéquat,15.2,15.2,8186.0,8186.0,0.0
SF01-PP-PP01-00AP34-52208D,209905.0,290.0,Mécanique,Inspection,4,175.3,,observée,175.3,10.8,5,1,0.33,Insuffisant,175.3,122.7,1730.0,1378.0,351.0
SF01-PP-PP01-00AP34-52208D,209906.0,290.0,Mécanique,Inspection,4,175.3,,observée,175.3,10.8,5,1,0.33,Insuffisant,175.3,122.7,1730.0,1378.0,351.0
SF01-PP-PP01-00AP34-52208D,200000005459.0,310.0,Mécanique,Inspection,29,15.2,90.0,observée,15.2,5.4,5,1,0.04,Adéquat,15.2,15.2,4444.0,4444.0,0.0
SF01-PP-PP01-00AP34-52215C,209922.0,290.0,Mécanique,Inspection,4,175.3,,observée,175.3,10.8,2,2,0.67,Insuffisant,175.3,122.7,3306.0,2504.0,802.0
SF01-PP-PP01-00AP34-52215C,209923.0,290.0,Mécanique,Inspection,4,175.3,,observée,175.3,10.8,2,2,0.67,Insuffisant,175.3,122.7,3306.0,2504.0,802.0
SF01-PP-PP01-00AP34-52215C,209924.0,290.0,Mécanique,Inspection,4,175.3,,observée,175.3,10.8,2,2,0.67,Insuffisant,175.3,122.7,3306.0,2504.0,802.0
SF01-PP-PP01-00AP34-52215C-MOAC,209925.0,290.0,Mécanique,Inspection,4,175.3,,observée,175.3,10.8,0,0,0.0,Adéquat,175.3,175.3,200.0,200.0,0.0
SF01-PP-PP01-00AP34-52215C-MOAC,209926.0,290.0,Mécanique,Inspection,18,29.4,,observée,29.4,5.0,0,0,0.0,Adéquat,29.4,29.4,1192.0,1192.0,0.0
SF01-PP-PP01-00AP34-52215D,209928.0,290.0,Mécanique,Inspection,4,175.3,,observée,175.3,10.8,1,1,0.33,Insuffisant,175.3,122.7,1730.0,1378.0,351.0
SF01-PP-PP01-00AP34-52215D,209929.0,290.0,Mécanique,Inspection,4,175.3,,observée,175.3,10.8,1,1,0.33,Insuffisant,175.3,122.7,1730.0,1378.0,351.0
SF01-PP-PP01-00AP34-52215D,209930.0,290.0,Mécanique,Inspection,4,175.3,,observée,175.3,10.8,1,1,0.33,Insuffisant,175.3,122.7,1730.0,1378.0,351.0
SF01-PP-PP01-00AP34-52215D-MOAC,209931.0,290.0,Mécanique,Inspection,4,175.3,,observée,175.3,10.8,0,0,0.0,Adéquat,175.3,175.3,200.0,200.0,0.0
SF01-PP-PP01-00AP34-52215D-MOAC,209932.0,290.0,Mécanique,Inspection,18,29.4,,observée,29.4,4.7,0,0,0.0,Adéquat,29.4,29.4,1192.0,1192.0,0.0
SF01-PP-PP01-00AP34-9101CD,210202.0,290.0,Mécanique,Inspection,7,88.0,,observée,88.0,6.6,0,0,0.0,Adéquat,88.0,88.0,398.0,398.0,0.0
SF01-PP-PP01-00AP34-9101CD-GMOT-0MOTEUR,381656.0,310.0,Électrique,Inspection,6,16.8,,observée,16.8,5.7,0,0,0.0,Trop fréquent,16.8,33.6,2086.0,1043.0,1043.0
SF01-PP-PP01-00AP34-91105K,210207.0,290.0,Mécanique,Inspection,4,175.3,,observée,175.3,10.8,5,2,0.67,Insuffisant,175.3,122.7,3306.0,2504.0,802.0
SF01-PP-PP01-00AP34-91105K,200000001719.0,300.0,Mécanique,Inspection,13,44.4,91.0,observée,44.4,11.3,5,3,0.25,Insuffisant,44.4,31.1,5365.0,4396.0,969.0
SF01-PP-PP01-00AP34-91105K-GMOT-0MOTEUR,381657.0,310.0,Électrique,Inspection,6,16.8,,observée,16.8,5.7,0,0,0.0,Trop fréquent,16.8,33.6,2086.0,1043.0,1043.0
SF01-PP-PP01-00AP34-91105L,210208.0,290.0,Mécanique,Inspection,4,175.3,,observée,175.3,10.8,1,1,0.33,Insuffisant,175.3,122.7,1730.0,1378.0,351.0
SF01-PP-PP01-00AP34-91105L,200000001719.0,300.0,Mécanique,Inspection,13,44.4,91.0,observée,44.4,11.3,1,1,0.08,Adéquat,44.4,44.4,2253.0,2253.0,0.0
SF01-PP-PP01-00AP34-91105L-GMOT-0MOTEUR,381658.0,310.0,Électrique,Inspection,6,16.8,,observée,16.8,6.0,0,0,0.0,Trop fréquent,16.8,33.6,2086.0,1043.0,1043.0
SF01-PP-PP01-00AP34-91105M,210209.0,290.0,Mécanique,Inspection,4,175.3,,observée,175.3,10.8,19,1,0.33,Insuffisant,175.3,122.7,1730.0,1378.0,351.0
SF01-PP-PP01-00AP34-91105M,200000001719.0,300.0,Mécanique,Inspection,13,44.4,91.0,observée,44.4,11.4,19,4,0.33,Insuffisant,44.4,31.1,6829.0,5441.0,1387.0
SF01-PP-PP01-00AP34-91105M-GMOT-0MOTEUR,381659.0,310.0,Électrique,Inspection,6,16.8,,observée,16.8,6.0,0,0,0.0,Trop fréquent,16.8,33.6,2086.0,1043.0,1043.0
SF01-PP-PP01-00AP34-91105N,210210.0,290.0,Mécanique,Inspection,4,175.3,,observée,175.3,10.8,3,2,0.67,Insuffisant,175.3,122.7,3306.0,2504.0,802.0
SF01-PP-PP01-00AP34-91105N,200000001719.0,300.0,Mécanique,Inspection,13,44.4,91.0,observée,44.4,10.0,3,2,0.17,Insuffisant,44.4,31.1,3901.0,3350.0,551.0
SF01-PP-PP01-00AP34-91105N-GMOT-0MOTEUR,381660.0,310.0,Électrique,Inspection,6,17.0,,observée,17.0,5.5,0,0,0.0,Trop fréquent,17.0,34.0,2061.0,1031.0,1031.0
SF01-PP-PP01-00AP34-9111CD,210212.0,290.0,Mécanique,Inspection,4,175.3,,observée,175.3,10.8,0,0,0.0,Adéquat,175.3,175.3,200.0,200.0,0.0
SF01-PP-PP01-00AP34-9111CD-GMOT-0MOTEUR,381661.0,310.0,Électrique,Inspection,6,17.4,,observée,17.4,5.5,0,0,0.0,Trop fréquent,17.4,34.8,2014.0,1007.0,1007.0
SF01-PP-PP01-00AP34-9201CD,210234.0,290.0,Mécanique,Inspection,4,175.3,,observée,175.3,10.8,2,0,0.0,Adéquat,175.3,175.3,200.0,200.0,0.0
SF01-PP-PP01-00AP34-9201CD-MOAC,210237.0,290.0,Mécanique,Inspection,4,175.3,,observée,175.3,10.8,0,0,0.0,Adéquat,175.3,175.3,200.0,200.0,0.0
SF01-PP-PP01-00AP34-9201CD-MOAC,210238.0,290.0,Mécanique,Inspection,18,29.4,,observée,29.4,2.9,0,0,0.0,Adéquat,29.4,29.4,1192.0,1192.0,0.0
SF01-PP-PP01-00AP34-92202C,210253.0,290.0,Mécanique,Inspection,4,175.3,,observée,175.3,10.8,0,0,0.0,Adéquat,175.3,175.3,200.0,200.0,0.0
SF01-PP-PP01-00AP34-FACIEL-FLCL,211598.0,360.0,Électrique,Systématique,6,91.0,,observée,91.0,55.0,0,0,0.0,Adéquat,91.0,91.0,385.0,385.0,0.0
SF01-PP-PP01-00AP34-FACIEL-PC01,212622.0,360.0,Électrique,Systématique,6,91.0,,observée,91.0,54.4,0,0,0.0,Adéquat,91.0,91.0,385.0,385.0,0.0
SF01-PP-PP01-00AP34-FACIEL-PC02,212627.0,360.0,Électrique,Systématique,6,91.0,,observée,91.0,54.8,0,0,0.0,Adéquat,91.0,91.0,385.0,385.0,0.0
SF01-PP-PP01-00AP34-FACIEL-PC03,212632.0,360.0,Électrique,Systématique,6,91.0,,observée,91.0,54.2,0,0,0.0,Adéquat,91.0,91.0,385.0,385.0,0.0
SF01-PP-PP01-00AP34-FACIEL-PC04,212637.0,360.0,Électrique,Systématique,6,91.0,,observée,91.0,53.8,0,0,0.0,Adéquat,91.0,91.0,385.0,385.0,0.0
SF01-PP-PP01-00AP34-FACIEL-PC05,212640.0,360.0,Électrique,Systématique,6,91.0,,observée,91.0,54.6,0,0,0.0,Adéquat,91.0,91.0,385.0,385.0,0.0
SF01-PP-PP01-00AP34-FACIEL-PC06,212643.0,360.0,Électrique,Systématique,6,91.0,,observée,91.0,55.1,0,0,0.0,Adéquat,91.0,91.0,385.0,385.0,0.0
SF01-PP-PP01-00AP34-FACIEL-STBX,211599.0,360.0,Électrique,Systématique,6,121.0,,observée,121.0,63.5,0,0,0.0,Adéquat,121.0,121.0,290.0,290.0,0.0
SF01-PP-PP01-00AP34-MPAO01-GMOT-0MOTEUR,381662.0,310.0,Électrique,Inspection,6,16.8,,observée,16.8,5.6,0,0,0.0,Trop fréquent,16.8,33.6,2086.0,1043.0,1043.0
SF01-PP-PP01-00AP34-MPAO02-GMOT-0MOTEUR,381663.0,310.0,Électrique,Inspection,6,16.8,,observée,16.8,5.6,0,0,0.0,Trop fréquent,16.8,33.6,2086.0,1043.0,1043.0
SF01-PP-PP01-00AP34-PMGCFC,210754.0,290.0,Mécanique,Inspection,4,175.3,,observée,175.3,10.8,0,0,0.0,Adéquat,175.3,175.3,200.0,200.0,0.0
SF01-PP-PP01-00AP34-PMGCFD,210756.0,290.0,Mécanique,Inspection,4,175.3,,observée,175.3,10.8,1,1,0.33,Insuffisant,175.3,122.7,1730.0,1378.0,351.0
SF01-PP-PP01-00CAP5-045D01,209250.0,290.0,Mécanique,Inspection,4,175.3,,observée,175.3,10.8,4,2,0.67,Insuffisant,175.3,122.7,3306.0,2504.0,802.0
SF01-PP-PP01-00CAP5-045D01,209251.0,290.0,Mécanique,Inspection,4,175.3,,observée,175.3,10.8,4,2,0.67,Insuffisant,175.3,122.7,3306.0,2504.0,802.0
SF01-PP-PP01-00CAP5-045E01,209252.0,290.0,Mécanique,Inspection,4,175.3,,observée,175.3,10.8,10,2,0.67,Insuffisant,175.3,122.7,3306.0,2504.0,802.0
SF01-PP-PP01-00CAP5-045E01,209253.0,300.0,Mécanique,Inspection,3,337.5,,observée,337.5,27.5,10,1,0.5,Insuffisant,337.5,236.2,1308.0,1008.0,299.0
SF01-PP-PP01-00CAP5-045E01,200000000458.0,290.0,Mécanique,Inspection,4,25.0,30.0,observée,25.0,33.9,10,1,0.33,Insuffisant,25.0,17.5,12128.0,9664.0,2464.0
SF01-PP-PP01-00CAP5-045E01-MOAC,209758.0,290.0,Mécanique,Inspection,4,175.3,,observée,175.3,10.8,1,0,0.0,Adéquat,175.3,175.3,200.0,200.0,0.0
SF01-PP-PP01-00CAP5-045J01,209256.0,290.0,Mécanique,Inspection,4,175.3,,observée,175.3,10.8,5,2,0.67,Insuffisant,175.3,122.7,3306.0,2504.0,802.0
SF01-PP-PP01-00CAP5-045J02,209257.0,290.0,Mécanique,Inspection,4,175.3,,observée,175.3,10.8,1,0,0.0,Adéquat,175.3,175.3,200.0,200.0,0.0
SF01-PP-PP01-00CAP5-045J03,209258.0,290.0,Mécanique,Inspection,4,175.3,,observée,175.3,10.8,0,0,0.0,Adéquat,175.3,175.3,200.0,200.0,0.0
SF01-PP-PP01-00CAP5-045M07,209260.0,290.0,Mécanique,Inspection,7,88.0,,observée,88.0,43.1,0,0,0.0,Adéquat,88.0,88.0,398.0,398.0,0.0
SF01-PP-PP01-00CAP5-045M07-GMOT-0MOTEUR,381664.0,310.0,Électrique,Inspection,6,16.8,,observée,16.8,6.1,0,0,0.0,Trop fréquent,16.8,33.6,2086.0,1043.0,1043.0
SF01-PP-PP01-00CAP5-045P01,209261.0,290.0,Mécanique,Inspection,12,44.1,,observée,44.1,3.6,14,4,0.36,Insuffisant,44.1,30.9,7428.0,5873.0,1555.0
SF01-PP-PP01-00CAP5-045P01,209262.0,290.0,Mécanique,Inspection,4,175.3,,observée,175.3,10.8,14,3,1.0,Insuffisant,175.3,122.7,4835.0,3597.0,1239.0
SF01-PP-PP01-00CAP5-045P01,200000000458.0,290.0,Mécanique,Inspection,4,25.0,30.0,observée,25.0,33.9,14,1,0.33,Insuffisant,25.0,17.5,12128.0,9664.0,2464.0
SF01-PP-PP01-00CAP5-045P01,200000000618.0,300.0,Mécanique,Inspection,31,16.4,30.0,observée,16.4,11.0,14,5,0.17,Insuffisant,16.4,11.5,10560.0,9069.0,1491.0
SF01-PP-PP01-00CAP5-045P01-GMOT-0MOTEUR,211768.0,360.0,Électrique,Systématique,11,79.7,,observée,79.7,61.4,0,0,0.0,Adéquat,79.7,79.7,440.0,440.0,0.0
SF01-PP-PP01-00CAP5-045P01-GMOT-0MOTEUR,211769.0,360.0,Électrique,Systématique,7,109.5,,observée,109.5,101.4,0,0,0.0,Adéquat,109.5,109.5,320.0,320.0,0.0
SF01-PP-PP01-00CAP5-045P01-GMOT-0MOTEUR,381685.0,310.0,Électrique,Inspection,6,16.8,,observée,16.8,5.8,0,0,0.0,Trop fréquent,16.8,33.6,2086.0,1043.0,1043.0
SF01-PP-PP01-00CAP5-045P01-GMOT-0MOTEUR,382244.0,360.0,Électrique,Systématique,4,148.3,,observée,148.3,155.6,0,0,0.0,Adéquat,148.3,148.3,236.0,236.0,0.0
SF01-PP-PP01-00CAP5-045P04,209263.0,290.0,Mécanique,Inspection,4,175.3,,observée,175.3,10.8,1,1,0.33,Insuffisant,175.3,122.7,1730.0,1378.0,351.0
SF01-PP-PP01-00CAP5-045P04,200000001719.0,300.0,Mécanique,Inspection,13,44.6,91.0,observée,44.6,10.2,1,1,0.08,Adéquat,44.6,44.6,2243.0,2243.0,0.0
SF01-PP-PP01-00CAP5-045P04-GMOT-0MOTEUR,381665.0,310.0,Électrique,Inspection,6,16.8,,observée,16.8,5.6,0,0,0.0,Trop fréquent,16.8,33.6,2086.0,1043.0,1043.0
SF01-PP-PP01-00CAP5-045P05,209264.0,290.0,Mécanique,Inspection,4,175.3,,observée,175.3,10.8,7,3,1.0,Insuffisant,175.3,122.7,4835.0,3597.0,1239.0
SF01-PP-PP01-00CAP5-045P05,200000001719.0,300.0,Mécanique,Inspection,13,44.6,91.0,observée,44.6,13.3,7,3,0.25,Insuffisant,44.6,31.2,5341.0,4376.0,965.0
SF01-PP-PP01-00CAP5-045P05-GMOT-0MOTEUR,381666.0,310.0,Électrique,Inspection,6,16.8,,observée,16.8,5.6,0,0,0.0,Trop fréquent,16.8,33.6,2086.0,1043.0,1043.0
SF01-PP-PP01-00CAP5-045P06,209265.0,290.0,Mécanique,Inspection,4,175.3,,observée,175.3,10.8,0,0,0.0,Adéquat,175.3,175.3,200.0,200.0,0.0
SF01-PP-PP01-00CAP5-045P06-GMOT-0MOTEUR,381667.0,310.0,Électrique,Inspection,6,16.8,,observée,16.8,5.6,0,0,0.0,Trop fréquent,16.8,33.6,2086.0,1043.0,1043.0
SF01-PP-PP01-00CAP5-045P07,209266.0,290.0,Mécanique,Inspection,4,175.3,,observée,175.3,10.8,0,0,0.0,Adéquat,175.3,175.3,200.0,200.0,0.0
SF01-PP-PP01-00CAP5-045P07-GMOT-0MOTEUR,381668.0,310.0,Électrique,Inspection,6,16.8,,observée,16.8,5.6,0,0,0.0,Trop fréquent,16.8,33.6,2086.0,1043.0,1043.0
SF01-PP-PP01-00CAP5-045S01,209267.0,290.0,Mécanique,Inspection,16,33.3,,observée,33.3,13.7,28,8,0.53,Insuffisant,33.3,23.3,13985.0,10741.0,3244.0
SF01-PP-PP01-00CAP5-045S01,209268.0,290.0,Mécanique,Inspection,4,175.3,,observée,175.3,10.8,28,3,1.0,Insuffisant,175.3,122.7,4835.0,3597.0,1239.0
SF01-PP-PP01-00CAP5-045S01-MOAC,209766.0,290.0,Mécanique,Inspection,4,175.3,,observée,175.3,10.8,3,0,0.0,Adéquat,175.3,175.3,200.0,200.0,0.0
SF01-PP-PP01-00CAP5-045S01-MOAC,209767.0,290.0,Mécanique,Inspection,18,29.4,,observée,29.4,2.9,3,0,0.0,Adéquat,29.4,29.4,1192.0,1192.0,0.0
SF01-PP-PP01-00CAP5-045S02,209269.0,290.0,Mécanique,Inspection,17,31.2,,observée,31.2,6.1,5,2,0.12,Adéquat,31.2,31.2,4249.0,4249.0,0.0
SF01-PP-PP01-00CAP5-045S02,209270.0,290.0,Mécanique,Inspection,4,175.3,,observée,175.3,10.8,5,2,0.67,Insuffisant,175.3,122.7,3306.0,2504.0,802.0
SF01-PP-PP01-00CAP5-045S02-MOAC,209770.0,290.0,Mécanique,Inspection,4,175.3,,observée,175.3,10.8,1,0,0.0,Adéquat,175.3,175.3,200.0,200.0,0.0
SF01-PP-PP01-00CAP5-045S02-MOAC,209771.0,290.0,Mécanique,Inspection,18,29.4,,observée,29.4,2.9,1,0,0.0,Adéquat,29.4,29.4,1192.0,1192.0,0.0
SF01-PP-PP01-00CAP5-045S04,209271.0,290.0,Mécanique,Inspection,4,175.3,,observée,175.3,10.8,1,1,0.33,Insuffisant,175.3,122.7,1730.0,1378.0,351.0
SF01-PP-PP01-00CAP5-045S07,209272.0,290.0,Mécanique,Inspection,4,175.3,,observée,175.3,10.8,0,0,0.0,Adéquat,175.3,175.3,200.0,200.0,0.0
SF01-PP-PP01-00CAP5-45P01R,209760.0,290.0,Mécanique,Inspection,4,175.3,,observée,175.3,10.8,5,2,0.67,Insuffisant,175.3,122.7,3306.0,2504.0,802.0
SF01-PP-PP01-00CAP5-45P01R,200000001719.0,300.0,Mécanique,Inspection,13,44.6,91.0,observée,44.6,10.2,5,3,0.25,Insuffisant,44.6,31.2,5341.0,4376.0,965.0
SF01-PP-PP01-00CAP5-45P01R-GMOT-0MOTEUR,381669.0,310.0,Électrique,Inspection,6,16.8,,observée,16.8,6.1,0,0,0.0,Trop fréquent,16.8,33.6,2086.0,1043.0,1043.0
SF01-PP-PP01-00CAP5-45P01S,209761.0,290.0,Mécanique,Inspection,4,175.3,,observée,175.3,10.8,3,2,0.67,Insuffisant,175.3,122.7,3306.0,2504.0,802.0
SF01-PP-PP01-00CAP5-45P01S,200000001719.0,300.0,Mécanique,Inspection,13,44.6,91.0,observée,44.6,10.7,3,3,0.25,Insuffisant,44.6,31.2,5341.0,4376.0,965.0
SF01-PP-PP01-00CAP5-45P01S-GMOT-0MOTEUR,381670.0,310.0,Électrique,Inspection,6,16.8,,observée,16.8,5.8,0,0,0.0,Trop fréquent,16.8,33.6,2086.0,1043.0,1043.0
SF01-PP-PP01-00CAP5-45P02R,209762.0,290.0,Mécanique,Inspection,4,175.3,,observée,175.3,10.8,0,0,0.0,Adéquat,175.3,175.3,200.0,200.0,0.0
SF01-PP-PP01-00CAP5-45P02R,200000001719.0,300.0,Mécanique,Inspection,13,44.6,91.0,observée,44.6,10.2,0,0,0.0,Adéquat,44.6,44.6,786.0,786.0,0.0
SF01-PP-PP01-00CAP5-45P02R-GMOT-0MOTEUR,381671.0,310.0,Électrique,Inspection,6,16.6,,observée,16.6,5.9,0,0,0.0,Trop fréquent,16.6,33.2,2111.0,1056.0,1056.0
SF01-PP-PP01-00CAP5-45P02S,209763.0,290.0,Mécanique,Inspection,4,175.3,,observée,175.3,10.8,0,0,0.0,Adéquat,175.3,175.3,200.0,200.0,0.0
SF01-PP-PP01-00CAP5-45P02S,200000001719.0,300.0,Mécanique,Inspection,13,44.6,91.0,observée,44.6,10.2,0,0,0.0,Adéquat,44.6,44.6,786.0,786.0,0.0
SF01-PP-PP01-00CAP5-45P02S-GMOT-0MOTEUR,381672.0,310.0,Électrique,Inspection,6,16.6,,observée,16.6,6.3,0,0,0.0,Trop fréquent,16.6,33.2,2111.0,1056.0,1056.0
SF01-PP-PP01-00CAP5-45S03A,209773.0,290.0,Mécanique,Inspection,4,175.3,,observée,175.3,10.8,1,1,0.33,Insuffisant,175.3,122.7,1730.0,1378.0,351.0
SF01-PP-PP01-00CAP5-45S03B,209774.0,290.0,Mécanique,Inspection,4,175.3,,observée,175.3,10.8,2,1,0.33,Insuffisant,175.3,122.7,1730.0,1378.0,351.0
SF01-PP-PP01-00CAP5-45S03C,209775.0,290.0,Mécanique,Inspection,4,175.3,,observée,175.3,10.8,1,1,0.33,Insuffisant,175.3,122.7,1730.0,1378.0,351.0
SF01-PP-PP01-00CAP5-FACIEL-PC01,212623.0,360.0,Électrique,Systématique,6,123.8,,observée,123.8,65.1,0,0,0.0,Adéquat,123.8,123.8,283.0,283.0,0.0
SF01-PP-PP01-00CAP5-FACIEL-PC02,212628.0,360.0,Électrique,Systématique,6,129.4,,observée,129.4,70.2,0,0,0.0,Adéquat,129.4,129.4,271.0,271.0,0.0
SF01-PP-PP01-00CAP5-FACIEL-PC03,212633.0,360.0,Électrique,Systématique,6,135.0,,observée,135.0,75.2,0,0,0.0,Adéquat,135.0,135.0,260.0,260.0,0.0
SF01-PP-PP01-00CAP6-046D01,209274.0,290.0,Mécanique,Inspection,4,175.3,,observée,175.3,10.8,0,0,0.0,Adéquat,175.3,175.3,200.0,200.0,0.0
SF01-PP-PP01-00CAP6-046D01,209275.0,290.0,Mécanique,Inspection,4,175.3,,observée,175.3,10.8,0,0,0.0,Adéquat,175.3,175.3,200.0,200.0,0.0
SF01-PP-PP01-00CAP6-046E01,209276.0,290.0,Mécanique,Inspection,4,175.3,,observée,175.3,10.8,14,2,0.67,Insuffisant,175.3,122.7,3306.0,2504.0,802.0
SF01-PP-PP01-00CAP6-046E01,209277.0,300.0,Mécanique,Inspection,3,337.5,,observée,337.5,27.5,14,1,0.5,Insuffisant,337.5,236.2,1308.0,1008.0,299.0
SF01-PP-PP01-00CAP6-046E01,209278.0,290.0,Mécanique,Inspection,18,29.4,,observée,29.4,6.2,14,3,0.18,Insuffisant,29.4,20.6,6167.0,5256.0,911.0
SF01-PP-PP01-00CAP6-046E01,200000000458.0,290.0,Mécanique,Inspection,4,25.0,30.0,observée,25.0,33.9,14,1,0.33,Insuffisant,25.0,17.5,12128.0,9664.0,2464.0
SF01-PP-PP01-00CAP6-046E01-MOAC,209778.0,290.0,Mécanique,Inspection,4,175.3,,observée,175.3,10.8,1,0,0.0,Adéquat,175.3,175.3,200.0,200.0,0.0
SF01-PP-PP01-00CAP6-046J01,209281.0,290.0,Mécanique,Inspection,4,175.3,,observée,175.3,10.8,3,0,0.0,Adéquat,175.3,175.3,200.0,200.0,0.0
SF01-PP-PP01-00CAP6-046J02,209282.0,290.0,Mécanique,Inspection,4,175.3,,observée,175.3,10.8,1,1,0.33,Insuffisant,175.3,122.7,1730.0,1378.0,351.0
SF01-PP-PP01-00CAP6-046J03,209283.0,290.0,Mécanique,Inspection,4,175.3,,observée,175.3,10.8,0,0,0.0,Adéquat,175.3,175.3,200.0,200.0,0.0
SF01-PP-PP01-00CAP6-046M07,209285.0,290.0,Mécanique,Inspection,7,88.0,,observée,88.0,39.7,0,0,0.0,Adéquat,88.0,88.0,398.0,398.0,0.0
SF01-PP-PP01-00CAP6-046M07-GMOT-0MOTEUR,381673.0,310.0,Électrique,Inspection,6,16.8,,observée,16.8,5.8,0,0,0.0,Trop fréquent,16.8,33.6,2086.0,1043.0,1043.0
SF01-PP-PP01-00CAP6-046P01,209286.0,290.0,Mécanique,Inspection,12,44.1,,observée,44.1,6.3,7,5,0.45,Insuffisant,44.1,30.9,9086.0,7058.0,2028.0
SF01-PP-PP01-00CAP6-046P01,209287.0,290.0,Mécanique,Inspection,4,175.3,,observée,175.3,10.8,7,3,1.0,Insuffisant,175.3,122.7,4835.0,3597.0,1239.0
SF01-PP-PP01-00CAP6-046P01,200000000458.0,290.0,Mécanique,Inspection,5,18.8,30.0,observée,18.8,17.8,7,0,0.0,Trop fréquent,18.8,37.6,1864.0,932.0,932.0
SF01-PP-PP01-00CAP6-046P01,200000000618.0,290.0,Mécanique,Inspection,8,14.9,30.0,observée,14.9,15.9,7,0,0.0,Trop fréquent,14.9,29.8,2352.0,1176.0,1176.0
SF01-PP-PP01-00CAP6-046P01,200000000618.0,300.0,Mécanique,Inspection,23,17.0,30.0,observée,17.0,9.2,7,6,0.27,Insuffisant,17.0,11.9,14967.0,12163.0,2804.0
SF01-PP-PP01-00CAP6-046P01-GMOT-0MOTEUR,211789.0,360.0,Électrique,Systématique,11,123.1,,observée,123.1,147.1,0,0,0.0,Adéquat,123.1,123.1,285.0,285.0,0.0
SF01-PP-PP01-00CAP6-046P01-GMOT-0MOTEUR,211790.0,360.0,Électrique,Systématique,7,100.2,,observée,100.2,79.3,0,0,0.0,Adéquat,100.2,100.2,350.0,350.0,0.0
SF01-PP-PP01-00CAP6-046P01-GMOT-0MOTEUR,211791.0,360.0,Électrique,Systématique,4,114.3,,observée,114.3,67.9,0,0,0.0,Adéquat,114.3,114.3,307.0,307.0,0.0
SF01-PP-PP01-00CAP6-046P01-GMOT-0MOTEUR,211792.0,360.0,Électrique,Systématique,3,168.0,,observée,168.0,4.0,0,0,0.0,Adéquat,168.0,168.0,209.0,209.0,0.0
SF01-PP-PP01-00CAP6-046P01-GMOT-0MOTEUR,381686.0,310.0,Électrique,Inspection,6,16.8,,observée,16.8,5.8,0,0,0.0,Trop fréquent,16.8,33.6,2086.0,1043.0,1043.0
SF01-PP-PP01-00CAP6-046P01-GMOT-0MOTEUR,382245.0,360.0,Électrique,Systématique,4,132.0,,observée,132.0,114.2,0,0,0.0,Adéquat,132.0,132.0,265.0,265.0,0.0
SF01-PP-PP01-00CAP6-046P01-GMOT-DEPARTM,211788.0,360.0,Électrique,Systématique,4,112.0,,observée,112.0,18.5,1,0,0.0,Adéquat,112.0,112.0,313.0,313.0,0.0
SF01-PP-PP01-00CAP6-046P04,209288.0,290.0,Mécanique,Inspection,4,175.3,,observée,175.3,10.8,3,2,0.67,Insuffisant,175.3,122.7,3306.0,2504.0,802.0
SF01-PP-PP01-00CAP6-046P04,200000001719.0,300.0,Mécanique,Inspection,13,44.6,91.0,observée,44.6,10.2,3,2,0.17,Insuffisant,44.6,31.2,3883.0,3335.0,548.0
SF01-PP-PP01-00CAP6-046P04-GMOT-0MOTEUR,381674.0,310.0,Électrique,Inspection,6,16.8,,observée,16.8,6.9,0,0,0.0,Trop fréquent,16.8,33.6,2086.0,1043.0,1043.0
SF01-PP-PP01-00CAP6-046P05,209289.0,290.0,Mécanique,Inspection,4,175.3,,observée,175.3,10.8,6,2,0.67,Insuffisant,175.3,122.7,3306.0,2504.0,802.0
SF01-PP-PP01-00CAP6-046P05,200000001719.0,300.0,Mécanique,Inspection,13,44.6,91.0,observée,44.6,11.2,6,4,0.33,Insuffisant,44.6,31.2,6798.0,5417.0,1381.0
SF01-PP-PP01-00CAP6-046P05-GMOT-0MOTEUR,381675.0,310.0,Électrique,Inspection,6,16.8,,observée,16.8,5.8,0,0,0.0,Trop fréquent,16.8,33.6,2086.0,1043.0,1043.0
SF01-PP-PP01-00CAP6-046P06,209290.0,290.0,Mécanique,Inspection,4,175.3,,observée,175.3,10.8,0,0,0.0,Adéquat,175.3,175.3,200.0,200.0,0.0
SF01-PP-PP01-00CAP6-046P06-GMOT-0MOTEUR,381676.0,310.0,Électrique,Inspection,6,16.8,,observée,16.8,5.8,0,0,0.0,Trop fréquent,16.8,33.6,2086.0,1043.0,1043.0
SF01-PP-PP01-00CAP6-046P07,209291.0,290.0,Mécanique,Inspection,4,175.3,,observée,175.3,10.8,0,0,0.0,Adéquat,175.3,175.3,200.0,200.0,0.0
SF01-PP-PP01-00CAP6-046P07-GMOT-0MOTEUR,381677.0,310.0,Électrique,Inspection,6,16.8,,observée,16.8,5.8,0,0,0.0,Trop fréquent,16.8,33.6,2086.0,1043.0,1043.0
SF01-PP-PP01-00CAP6-046S01,209292.0,290.0,Mécanique,Inspection,18,29.4,,observée,29.4,9.9,5,2,0.12,Adéquat,29.4,29.4,4509.0,4509.0,0.0
SF01-PP-PP01-00CAP6-046S01,209293.0,290.0,Mécanique,Inspection,4,175.3,,observée,175.3,10.8,5,2,0.67,Insuffisant,175.3,122.7,3306.0,2504.0,802.0
SF01-PP-PP01-00CAP6-046S01-MOAC,209786.0,290.0,Mécanique,Inspection,4,175.3,,observée,175.3,10.8,1,0,0.0,Adéquat,175.3,175.3,200.0,200.0,0.0
SF01-PP-PP01-00CAP6-046S01-MOAC,209787.0,290.0,Mécanique,Inspection,18,29.4,,observée,29.4,2.9,1,0,0.0,Adéquat,29.4,29.4,1192.0,1192.0,0.0
SF01-PP-PP01-00CAP6-046S02,209294.0,290.0,Mécanique,Inspection,18,29.4,,observée,29.4,7.5,7,5,0.29,Insuffisant,29.4,20.6,9207.0,7428.0,1779.0
SF01-PP-PP01-00CAP6-046S02,209295.0,290.0,Mécanique,Inspection,4,175.3,,observée,175.3,10.8,7,3,1.0,Insuffisant,175.3,122.7,4835.0,3597.0,1239.0
SF01-PP-PP01-00CAP6-046S02-MOAC,209790.0,290.0,Mécanique,Inspection,4,175.3,,observée,175.3,10.8,1,0,0.0,Adéquat,175.3,175.3,200.0,200.0,0.0
SF01-PP-PP01-00CAP6-046S02-MOAC,209791.0,290.0,Mécanique,Inspection,18,29.4,,observée,29.4,2.9,1,0,0.0,Adéquat,29.4,29.4,1192.0,1192.0,0.0
SF01-PP-PP01-00CAP6-046S04,209296.0,290.0,Mécanique,Inspection,4,175.3,,observée,175.3,10.8,3,1,0.33,Insuffisant,175.3,122.7,1730.0,1378.0,351.0
SF01-PP-PP01-00CAP6-046S07,209297.0,290.0,Mécanique,Inspection,4,175.3,,observée,175.3,10.8,0,0,0.0,Adéquat,175.3,175.3,200.0,200.0,0.0
SF01-PP-PP01-00CAP6-46P01R,209780.0,290.0,Mécanique,Inspection,4,175.3,,observée,175.3,10.8,1,0,0.0,Adéquat,175.3,175.3,200.0,200.0,0.0
SF01-PP-PP01-00CAP6-46P01R,200000001719.0,300.0,Mécanique,Inspection,13,44.6,91.0,observée,44.6,11.4,1,0,0.0,Adéquat,44.6,44.6,786.0,786.0,0.0
SF01-PP-PP01-00CAP6-46P01R-GMOT-0MOTEUR,381678.0,310.0,Électrique,Inspection,6,17.2,,observée,17.2,5.8,1,0,0.0,Trop fréquent,17.2,34.4,2038.0,1019.0,1019.0
SF01-PP-PP01-00CAP6-46P01S,209781.0,290.0,Mécanique,Inspection,4,175.3,,observée,175.3,10.8,0,0,0.0,Adéquat,175.3,175.3,200.0,200.0,0.0
SF01-PP-PP01-00CAP6-46P01S,200000001719.0,300.0,Mécanique,Inspection,13,44.6,91.0,observée,44.6,11.2,0,0,0.0,Adéquat,44.6,44.6,786.0,786.0,0.0
SF01-PP-PP01-00CAP6-46P01S-GMOT-0MOTEUR,381679.0,310.0,Électrique,Inspection,6,17.6,,observée,17.6,5.3,1,0,0.0,Trop fréquent,17.6,35.2,1991.0,996.0,996.0
SF01-PP-PP01-00CAP6-46P02R,209782.0,290.0,Mécanique,Inspection,4,175.3,,observée,175.3,10.8,2,1,0.33,Insuffisant,175.3,122.7,1730.0,1378.0,351.0
SF01-PP-PP01-00CAP6-46P02R,200000001719.0,300.0,Mécanique,Inspection,13,44.6,91.0,observée,44.6,10.9,2,1,0.08,Adéquat,44.6,44.6,2243.0,2243.0,0.0
SF01-PP-PP01-00CAP6-46P02R-GMOT-0MOTEUR,381680.0,310.0,Électrique,Inspection,6,16.6,,observée,16.6,5.9,0,0,0.0,Trop fréquent,16.6,33.2,2111.0,1056.0,1056.0
SF01-PP-PP01-00CAP6-46P02S,209783.0,290.0,Mécanique,Inspection,4,175.3,,observée,175.3,10.8,6,2,0.67,Insuffisant,175.3,122.7,3306.0,2504.0,802.0
SF01-PP-PP01-00CAP6-46P02S,200000001719.0,300.0,Mécanique,Inspection,13,44.6,91.0,observée,44.6,12.2,6,4,0.33,Insuffisant,44.6,31.2,6798.0,5417.0,1381.0
SF01-PP-PP01-00CAP6-46P02S-GMOT-0MOTEUR,381681.0,310.0,Électrique,Inspection,6,16.6,,observée,16.6,5.9,1,0,0.0,Trop fréquent,16.6,33.2,2111.0,1056.0,1056.0
SF01-PP-PP01-00CAP6-46S03A,209793.0,290.0,Mécanique,Inspection,4,175.3,,observée,175.3,10.8,0,0,0.0,Adéquat,175.3,175.3,200.0,200.0,0.0
SF01-PP-PP01-00CAP6-46S03B,209794.0,290.0,Mécanique,Inspection,4,175.3,,observée,175.3,10.8,0,0,0.0,Adéquat,175.3,175.3,200.0,200.0,0.0
SF01-PP-PP01-00CAP6-46S03C,209795.0,290.0,Mécanique,Inspection,4,175.3,,observée,175.3,10.8,0,0,0.0,Adéquat,175.3,175.3,200.0,200.0,0.0
SF01-PP-PP01-00CAP6-FACIEL-PC01,212624.0,360.0,Électrique,Systématique,6,125.2,,observée,125.2,66.9,0,0,0.0,Adéquat,125.2,125.2,280.0,280.0,0.0
SF01-PP-PP01-00CAP6-FACIEL-PC02,212629.0,360.0,Électrique,Systématique,6,130.8,,observée,130.8,70.7,0,0,0.0,Adéquat,130.8,130.8,268.0,268.0,0.0
SF01-PP-PP01-00CAP6-FACIEL-PC03,212634.0,360.0,Électrique,Systématique,6,136.4,,observée,136.4,77.3,0,0,0.0,Adéquat,136.4,136.4,257.0,257.0,0.0
SF01-PP-PP01-COMMUN-PSTCAP,212586.0,310.0,Électrique,Inspection,33,12.7,,observée,12.7,19.3,0,0,0.0,Trop fréquent,12.7,25.4,2759.0,1380.0,1380.0
SF01-PP-PP01-COMMUN-PSTCAP,212587.0,360.0,Électrique,Systématique,35,21.8,,observée,21.8,74.5,0,0,0.0,Adéquat,21.8,21.8,1608.0,1608.0,0.0
SF01-PP-PP01-COMMUN-PSTCAP,381486.0,310.0,Électrique,Inspection,11,7.7,,observée,7.7,2.1,0,0,0.0,Trop fréquent,7.7,15.4,4551.0,2276.0,2276.0
SF01-PP-PP01-COMMUN-PSTCAP,382266.0,360.0,Électrique,Systématique,4,29.3,,observée,29.3,0.5,0,0,0.0,Adéquat,29.3,29.3,1196.0,1196.0,0.0
SF01-PP-PP01-COMMUN-PSTCAP-TBC5,381765.0,310.0,Électrique,Inspection,4,28.3,,observée,28.3,0.9,0,0,0.0,Adéquat,28.3,28.3,1238.0,1238.0,0.0
SF01-PP-PP01-COMMUN-PSTCAP-TBC6,381766.0,310.0,Électrique,Inspection,4,29.3,,observée,29.3,1.2,0,0,0.0,Adéquat,29.3,29.3,1196.0,1196.0,0.0
SF01-PP-PP01-COMMUN-PSTMBT,212602.0,310.0,Électrique,Inspection,34,12.3,,observée,12.3,18.5,0,0,0.0,Trop fréquent,12.3,24.6,2849.0,1425.0,1425.0
SF01-PP-PP01-COMMUN-PSTMBT,212603.0,360.0,Électrique,Systématique,36,21.0,,observée,21.0,71.7,0,0,0.0,Adéquat,21.0,21.0,1669.0,1669.0,0.0
SF01-PP-PP01-COMMUN-PSTMBT,381487.0,310.0,Électrique,Inspection,11,7.7,,observée,7.7,2.1,0,0,0.0,Trop fréquent,7.7,15.4,4551.0,2276.0,2276.0
SF01-PP-PP01-COMMUN-PSTMBT,382267.0,360.0,Électrique,Systématique,4,28.3,,observée,28.3,2.5,0,0,0.0,Adéquat,28.3,28.3,1238.0,1238.0,0.0
SF01-PP-PP01-COMMUN-PSTMBT-0TB1,381763.0,310.0,Électrique,Inspection,4,36.3,,observée,36.3,11.8,1,0,0.0,Adéquat,36.3,36.3,965.0,965.0,0.0
SF01-PP-PP01-COMMUN-PSTMBT-0TB1,382527.0,300.0,Électrique,Inspection,3,135.0,,observée,135.0,44.0,1,0,0.0,Adéquat,135.0,135.0,260.0,260.0,0.0
SF01-PP-PP01-COMMUN-PSTMBT-0TB2,381764.0,310.0,Électrique,Inspection,4,36.7,,observée,36.7,13.7,2,0,0.0,Adéquat,36.7,36.7,955.0,955.0,0.0
SF01-PP-PP01-COMMUN-PSTMMN,212590.0,310.0,Électrique,Inspection,32,14.0,,observée,14.0,25.1,0,0,0.0,Trop fréquent,14.0,28.0,2503.0,1252.0,1252.0
SF01-PP-PP01-COMMUN-PSTMMN,212591.0,360.0,Électrique,Systématique,37,19.8,,observée,19.8,68.2,0,0,0.0,Trop fréquent,19.8,39.6,1770.0,885.0,885.0
SF01-PP-PP01-COMMUN-PSTMMN,381488.0,310.0,Électrique,Inspection,11,7.7,,observée,7.7,2.1,0,0,0.0,Trop fréquent,7.7,15.4,4551.0,2276.0,2276.0
SF01-PP-PP01-COMMUN-PSTMMN,382268.0,360.0,Électrique,Systématique,4,36.3,,observée,36.3,11.8,0,0,0.0,Adéquat,36.3,36.3,965.0,965.0,0.0
SF01-PP-PP01-COMMUN-PSTTR1-TRSF,212841.0,310.0,Électrique,Inspection,11,27.3,,observée,27.3,16.9,0,0,0.0,Adéquat,27.3,27.3,1284.0,1284.0,0.0
SF01-PP-PP01-COMMUN-PSTTR1-TRSF,382310.0,310.0,Électrique,Inspection,4,73.7,,observée,73.7,26.4,0,0,0.0,Adéquat,73.7,73.7,476.0,476.0,0.0
SF01-PP-PP01-COMMUN-PSTTR1-TRSF,382516.0,300.0,Électrique,Inspection,4,74.0,,observée,74.0,24.8,0,0,0.0,Adéquat,74.0,74.0,474.0,474.0,0.0
SF01-PP-PP01-COMMUN-PSTTR2-TRSF,212862.0,310.0,Électrique,Inspection,11,27.4,,observée,27.4,15.9,0,0,0.0,Adéquat,27.4,27.4,1279.0,1279.0,0.0
SF01-PP-PP01-COMMUN-PSTTR2-TRSF,382311.0,310.0,Électrique,Inspection,4,74.3,,observée,74.3,25.9,0,0,0.0,Adéquat,74.3,74.3,472.0,472.0,0.0
SF01-PP-PP01-COMMUN-PSTTR2-TRSF,382517.0,300.0,Électrique,Inspection,4,73.3,,observée,73.3,27.4,0,0,0.0,Adéquat,73.3,73.3,478.0,478.0,0.0
SF01-PP-PP01-COMMUN-PSTTR3-TRSF,212873.0,310.0,Électrique,Inspection,12,43.2,,observée,43.2,50.5,0,0,0.0,Adéquat,43.2,43.2,811.0,811.0,0.0
SF01-PP-PP01-COMMUN-PSTTR3-TRSF,382312.0,310.0,Électrique,Inspection,4,74.7,,observée,74.7,25.7,0,0,0.0,Adéquat,74.7,74.7,469.0,469.0,0.0
SF01-PP-PP01-COMMUN-PSTTR3-TRSF,382518.0,300.0,Électrique,Inspection,4,74.3,,observée,74.3,23.8,0,0,0.0,Adéquat,74.3,74.3,472.0,472.0,0.0
SF01-PP-PP01-COMMUN-PSTVAR,212612.0,310.0,Électrique,Inspection,31,13.9,,observée,13.9,31.2,0,0,0.0,Trop fréquent,13.9,27.8,2521.0,1261.0,1261.0
SF01-PP-PP01-COMMUN-PSTVAR,212613.0,360.0,Électrique,Systématique,36,13.8,,observée,13.8,30.2,0,0,0.0,Trop fréquent,13.8,27.6,2540.0,1270.0,1270.0
SF01-PP-PP01-COMMUN-PSTVAR,381489.0,310.0,Électrique,Inspection,11,7.7,,observée,7.7,1.8,0,0,0.0,Trop fréquent,7.7,15.4,4551.0,2276.0,2276.0
SF01-PP-PP01-COMMUN-PSTVAR,382269.0,360.0,Électrique,Systématique,4,37.7,,observée,37.7,14.1,0,0,0.0,Adéquat,37.7,37.7,930.0,930.0,0.0
SF01-PP-PP02,210760.0,290.0,Mécanique,Inspection,58,7.2,,observée,7.2,2.9,96,20,0.35,Insuffisant,7.2,5.0,44368.0,35168.0,9200.0
SF01-PP-PP02,210761.0,290.0,Mécanique,Inspection,58,7.2,,observée,7.2,2.8,96,20,0.35,Insuffisant,7.2,5.0,44368.0,35168.0,9200.0
SF01-PP-PP02,210762.0,290.0,Mécanique,Inspection,58,7.2,,observée,7.2,2.7,96,19,0.33,Insuffisant,7.2,5.0,42111.0,33556.0,8555.0
SF01-PP-PP02,211741.0,310.0,Électrique,Inspection,23,27.0,,observée,27.0,60.9,96,10,0.45,Insuffisant,27.0,18.9,14841.0,11528.0,3313.0
SF01-PP-PP02,211742.0,310.0,Électrique,Inspection,45,13.7,,observée,13.7,30.2,96,12,0.27,Insuffisant,13.7,9.6,18572.0,15093.0,3479.0
SF01-PP-PP02,211743.0,310.0,Électrique,Inspection,45,15.2,,observée,15.2,43.8,96,13,0.3,Insuffisant,15.2,10.6,18343.0,14749.0,3594.0
SF01-PP-PP02,211744.0,290.0,Électrique,Inspection,4,112.3,,observée,112.3,31.7,96,3,1.0,Insuffisant,112.3,78.6,7548.0,5614.0,1934.0
SF01-PP-PP02,211745.0,290.0,Électrique,Inspection,4,111.7,,observée,111.7,31.4,96,3,1.0,Insuffisant,111.7,78.2,7588.0,5644.0,1944.0
SF01-PP-PP02,211746.0,290.0,Électrique,Inspection,4,110.0,,observée,110.0,28.3,96,3,1.0,Insuffisant,110.0,77.0,7706.0,5732.0,1974.0
SF01-PP-PP02,211747.0,290.0,Électrique,Inspection,4,109.7,,observée,109.7,27.8,96,3,1.0,Insuffisant,109.7,76.8,7727.0,5747.0,1979.0
SF01-PP-PP02,211748.0,290.0,Électrique,Inspection,4,113.0,,observée,113.0,30.6,96,3,1.0,Insuffisant,113.0,79.1,7501.0,5579.0,1922.0
SF01-PP-PP02,200000000489.0,290.0,Mécanique,Inspection,7,8.8,30.0,observée,8.8,8.3,96,2,0.33,Insuffisant,8.8,6.2,34454.0,27455.0,7000.0
SF01-PP-PP02,200000000489.0,350.0,Mécanique,Graissage,54,7.9,30.0,observée,7.9,4.0,96,19,0.36,Insuffisant,7.9,5.5,41465.0,32787.0,8679.0
SF01-PP-PP02,200000001646.0,290.0,Mécanique,Inspection,26,152.5,,observée,152.5,703.5,96,8,0.32,Insuffisant,152.5,106.8,1935.0,1546.0,389.0
SF01-PP-PP02-0000AP-00P63P,209234.0,290.0,Mécanique,Inspection,4,175.3,,observée,175.3,10.8,12,3,1.0,Insuffisant,175.3,122.7,4835.0,3597.0,1239.0
SF01-PP-PP02-0000AP-00P63P-CIRC,210690.0,290.0,Mécanique,Inspection,12,44.1,,observée,44.1,13.6,2,1,0.09,Adéquat,44.1,44.1,2453.0,2453.0,0.0
SF01-PP-PP02-0000AP-00P63P-GMOT-0MOTEUR,384660.0,310.0,Électrique,Inspection,6,14.4,,observée,14.4,2.1,1,0,0.0,Trop fréquent,14.4,28.8,2434.0,1217.0,1217.0
SF01-PP-PP02-0000AP-00P63R,209235.0,290.0,Mécanique,Inspection,4,175.3,,observée,175.3,10.8,4,0,0.0,Adéquat,175.3,175.3,200.0,200.0,0.0
SF01-PP-PP02-0000AP-00P63R,200000000618.0,300.0,Mécanique,Inspection,28,18.4,30.0,observée,18.4,15.3,4,0,0.0,Trop fréquent,18.4,36.8,1905.0,952.0,952.0
SF01-PP-PP02-0000AP-00P63R-GMOT-0MOTEUR,384661.0,310.0,Électrique,Inspection,6,14.4,,observée,14.4,1.0,0,0,0.0,Trop fréquent,14.4,28.8,2434.0,1217.0,1217.0
SF01-PP-PP02-0000AP-00P63U,209236.0,290.0,Mécanique,Inspection,4,175.3,,observée,175.3,10.8,11,2,0.67,Insuffisant,175.3,122.7,3306.0,2504.0,802.0
SF01-PP-PP02-0000AP-00P63U,200000000618.0,300.0,Mécanique,Inspection,28,18.4,30.0,observée,18.4,15.3,11,7,0.26,Insuffisant,18.4,12.9,13387.0,10922.0,2464.0
SF01-PP-PP02-0000AP-00P63U-CIRC,210691.0,290.0,Mécanique,Inspection,12,44.1,,observée,44.1,13.6,2,1,0.09,Adéquat,44.1,44.1,2453.0,2453.0,0.0
SF01-PP-PP02-0000AP-00P63U-GMOT-0MOTEUR,384662.0,310.0,Électrique,Inspection,6,14.4,,observée,14.4,1.0,1,0,0.0,Trop fréquent,14.4,28.8,2434.0,1217.0,1217.0
SF01-PP-PP02-0000AP-00P63U-MOAC,210692.0,290.0,Mécanique,Inspection,4,175.3,,observée,175.3,10.8,0,0,0.0,Adéquat,175.3,175.3,200.0,200.0,0.0
SF01-PP-PP02-0000AP-00P63U-MOAC,210693.0,290.0,Mécanique,Inspection,18,29.4,,observée,29.4,2.7,0,0,0.0,Adéquat,29.4,29.4,1192.0,1192.0,0.0
SF01-PP-PP02-0000AP-0B6301,209334.0,290.0,Mécanique,Inspection,4,175.3,,observée,175.3,10.8,0,0,0.0,Adéquat,175.3,175.3,200.0,200.0,0.0
SF01-PP-PP02-0000AP-0B6301,209335.0,290.0,Mécanique,Inspection,4,175.3,,observée,175.3,10.8,0,0,0.0,Adéquat,175.3,175.3,200.0,200.0,0.0
SF01-PP-PP02-0000AP-0B6301-MOAC,210310.0,290.0,Mécanique,Inspection,4,175.3,,observée,175.3,10.8,0,0,0.0,Adéquat,175.3,175.3,200.0,200.0,0.0
SF01-PP-PP02-0000AP-0B6301-MOAC,210311.0,290.0,Mécanique,Inspection,18,29.4,,observée,29.4,2.7,0,0,0.0,Adéquat,29.4,29.4,1192.0,1192.0,0.0
SF01-PP-PP02-0000AP-0B6311,209336.0,290.0,Mécanique,Inspection,4,175.3,,observée,175.3,10.8,0,0,0.0,Adéquat,175.3,175.3,200.0,200.0,0.0
SF01-PP-PP02-0000AP-0B6311,209337.0,290.0,Mécanique,Inspection,4,175.3,,observée,175.3,10.8,0,0,0.0,Adéquat,175.3,175.3,200.0,200.0,0.0
SF01-PP-PP02-0000AP-0B6311-MOAC,210312.0,290.0,Mécanique,Inspection,4,175.3,,observée,175.3,10.8,0,0,0.0,Adéquat,175.3,175.3,200.0,200.0,0.0
SF01-PP-PP02-0000AP-0B6311-MOAC,210313.0,290.0,Mécanique,Inspection,18,29.4,,observée,29.4,2.7,0,0,0.0,Adéquat,29.4,29.4,1192.0,1192.0,0.0
SF01-PP-PP02-0000AP-0C6301,209338.0,290.0,Mécanique,Inspection,4,175.3,,observée,175.3,10.8,10,2,0.67,Insuffisant,175.3,122.7,3306.0,2504.0,802.0
SF01-PP-PP02-0000AP-0C6301,209339.0,290.0,Mécanique,Inspection,4,175.3,,observée,175.3,10.8,10,2,0.67,Insuffisant,175.3,122.7,3306.0,2504.0,802.0
SF01-PP-PP02-0000AP-0C6301-CIRC,200000005459.0,310.0,Mécanique,Inspection,28,15.3,90.0,observée,15.3,7.3,0,0,0.0,Trop fréquent,15.3,30.6,2291.0,1145.0,1145.0
SF01-PP-PP02-0000AP-0C6301-MOAC,210330.0,290.0,Mécanique,Inspection,4,175.3,,observée,175.3,10.8,0,0,0.0,Adéquat,175.3,175.3,200.0,200.0,0.0
SF01-PP-PP02-0000AP-0C6301-MOAC,210331.0,290.0,Mécanique,Inspection,18,29.4,,observée,29.4,2.7,0,0,0.0,Adéquat,29.4,29.4,1192.0,1192.0,0.0
SF01-PP-PP02-0000AP-0C6311,209340.0,290.0,Mécanique,Inspection,4,175.3,,observée,175.3,10.8,0,0,0.0,Adéquat,175.3,175.3,200.0,200.0,0.0
SF01-PP-PP02-0000AP-0C6311,209341.0,290.0,Mécanique,Inspection,4,175.3,,observée,175.3,10.8,0,0,0.0,Adéquat,175.3,175.3,200.0,200.0,0.0
SF01-PP-PP02-0000AP-0C6312,209342.0,290.0,Mécanique,Inspection,4,175.3,,observée,175.3,10.8,1,0,0.0,Adéquat,175.3,175.3,200.0,200.0,0.0
SF01-PP-PP02-0000AP-0C6312,209343.0,290.0,Mécanique,Inspection,4,175.3,,observée,175.3,10.8,1,0,0.0,Adéquat,175.3,175.3,200.0,200.0,0.0
SF01-PP-PP02-0000AP-0C6312-MOAC,210333.0,290.0,Mécanique,Inspection,4,175.3,,observée,175.3,10.8,0,0,0.0,Adéquat,175.3,175.3,200.0,200.0,0.0
SF01-PP-PP02-0000AP-0C6312-MOAC,210334.0,290.0,Mécanique,Inspection,18,29.4,,observée,29.4,2.7,0,0,0.0,Adéquat,29.4,29.4,1192.0,1192.0,0.0
SF01-PP-PP02-0000AP-0D6300,209344.0,290.0,Mécanique,Inspection,4,175.3,,observée,175.3,10.8,10,2,0.67,Insuffisant,175.3,122.7,3306.0,2504.0,802.0
SF01-PP-PP02-0000AP-0D6300,209345.0,290.0,Mécanique,Inspection,4,175.3,,observée,175.3,10.8,10,2,0.67,Insuffisant,175.3,122.7,3306.0,2504.0,802.0
SF01-PP-PP02-0000AP-0D6300-MOAC,210353.0,290.0,Mécanique,Inspection,4,175.3,,observée,175.3,10.8,0,0,0.0,Adéquat,175.3,175.3,200.0,200.0,0.0
SF01-PP-PP02-0000AP-0D6300-MOAC,210354.0,290.0,Mécanique,Inspection,18,29.4,,observée,29.4,2.7,0,0,0.0,Adéquat,29.4,29.4,1192.0,1192.0,0.0
SF01-PP-PP02-0000AP-0D6310,209346.0,290.0,Mécanique,Inspection,4,175.3,,observée,175.3,10.8,0,0,0.0,Adéquat,175.3,175.3,200.0,200.0,0.0
SF01-PP-PP02-0000AP-0E6300,209349.0,290.0,Mécanique,Inspection,4,175.3,,observée,175.3,10.8,4,2,0.67,Insuffisant,175.3,122.7,3306.0,2504.0,802.0
SF01-PP-PP02-0000AP-0E6300-MOAC,210441.0,290.0,Mécanique,Inspection,4,175.3,,observée,175.3,10.8,0,0,0.0,Adéquat,175.3,175.3,200.0,200.0,0.0
SF01-PP-PP02-0000AP-0E6300-MOAC,210442.0,290.0,Mécanique,Inspection,18,29.4,,observée,29.4,2.7,0,0,0.0,Adéquat,29.4,29.4,1192.0,1192.0,0.0
SF01-PP-PP02-0000AP-0H6301,209385.0,290.0,Mécanique,Inspection,4,175.3,,observée,175.3,10.8,0,0,0.0,Adéquat,175.3,175.3,200.0,200.0,0.0
SF01-PP-PP02-0000AP-0H6301,212890.0,360.0,Électrique,Systématique,6,91.0,,observée,91.0,46.1,0,0,0.0,Adéquat,91.0,91.0,385.0,385.0,0.0
SF01-PP-PP02-0000AP-0H6301-MOAC,210544.0,290.0,Mécanique,Inspection,4,175.3,,observée,175.3,10.8,0,0,0.0,Adéquat,175.3,175.3,200.0,200.0,0.0
SF01-PP-PP02-0000AP-0H6301-MOAC,210545.0,290.0,Mécanique,Inspection,18,29.4,,observée,29.4,2.7,0,0,0.0,Adéquat,29.4,29.4,1192.0,1192.0,0.0
SF01-PP-PP02-0000AP-0H6302,209386.0,290.0,Mécanique,Inspection,4,175.3,,observée,175.3,10.8,0,0,0.0,Adéquat,175.3,175.3,200.0,200.0,0.0
SF01-PP-PP02-0000AP-0H6302,211593.0,360.0,Électrique,Systématique,6,91.0,,observée,91.0,45.7,0,0,0.0,Adéquat,91.0,91.0,385.0,385.0,0.0
SF01-PP-PP02-0000AP-0H6302-MOAC,210547.0,290.0,Mécanique,Inspection,4,175.3,,observée,175.3,10.8,0,0,0.0,Adéquat,175.3,175.3,200.0,200.0,0.0
SF01-PP-PP02-0000AP-0H6302-MOAC,210548.0,290.0,Mécanique,Inspection,18,29.4,,observée,29.4,2.7,0,0,0.0,Adéquat,29.4,29.4,1192.0,1192.0,0.0
SF01-PP-PP02-0000AP-0H6303,209387.0,290.0,Mécanique,Inspection,4,175.3,,observée,175.3,10.8,0,0,0.0,Adéquat,175.3,175.3,200.0,200.0,0.0
SF01-PP-PP02-0000AP-0H6303,211594.0,360.0,Électrique,Systématique,6,91.0,,observée,91.0,46.1,0,0,0.0,Adéquat,91.0,91.0,385.0,385.0,0.0
SF01-PP-PP02-0000AP-0H6303-MOAC,210550.0,290.0,Mécanique,Inspection,4,175.3,,observée,175.3,10.8,0,0,0.0,Adéquat,175.3,175.3,200.0,200.0,0.0
SF01-PP-PP02-0000AP-0H6303-MOAC,210551.0,290.0,Mécanique,Inspection,18,29.4,,observée,29.4,2.7,0,0,0.0,Adéquat,29.4,29.4,1192.0,1192.0,0.0
SF01-PP-PP02-0000AP-0K6300,209395.0,290.0,Mécanique,Inspection,7,88.0,,observée,88.0,9.2,0,0,0.0,Adéquat,88.0,88.0,398.0,398.0,0.0
SF01-PP-PP02-0000AP-0K6300,209396.0,290.0,Mécanique,Inspection,4,175.3,,observée,175.3,10.8,0,0,0.0,Adéquat,175.3,175.3,200.0,200.0,0.0
SF01-PP-PP02-0000AP-0K6301,209397.0,290.0,Mécanique,Inspection,31,14.7,,observée,14.7,4.5,51,8,0.27,Insuffisant,14.7,10.3,17309.0,14066.0,3243.0
SF01-PP-PP02-0000AP-0K6301,209398.0,290.0,Mécanique,Inspection,4,177.0,,observée,177.0,8.5,51,1,0.33,Insuffisant,177.0,123.9,1713.0,1365.0,348.0
SF01-PP-PP02-0000AP-0K6301,209399.0,290.0,Mécanique,Inspection,4,177.0,,observée,177.0,8.5,51,1,0.33,Insuffisant,177.0,123.9,1713.0,1365.0,348.0
SF01-PP-PP02-0000AP-0K6301,210583.0,360.0,Mécanique,Systématique,3,337.5,,observée,337.5,27.5,51,1,0.5,Insuffisant,337.5,236.2,1308.0,1008.0,299.0
SF01-PP-PP02-0000AP-0K6301,200000000458.0,290.0,Mécanique,Inspection,6,16.0,30.0,observée,16.0,19.3,51,3,0.6,Insuffisant,16.0,11.2,32662.0,24895.0,7768.0
SF01-PP-PP02-0000AP-0K6301,200000000618.0,290.0,Mécanique,Inspection,7,20.2,30.0,observée,20.2,20.6,51,4,0.67,Insuffisant,20.2,14.1,28687.0,21730.0,6957.0
SF01-PP-PP02-0000AP-0K6301,200000000618.0,300.0,Mécanique,Inspection,30,17.1,30.0,observée,17.1,12.9,51,9,0.31,Insuffisant,17.1,12.0,16780.0,13450.0,3331.0
SF01-PP-PP02-0000AP-0K6301-GMOT-0MOTEUR,212348.0,360.0,Électrique,Systématique,8,103.9,,observée,103.9,97.8,0,0,0.0,Adéquat,103.9,103.9,337.0,337.0,0.0
SF01-PP-PP02-0000AP-0K6301-GMOT-0MOTEUR,384886.0,310.0,Électrique,Inspection,6,14.4,,observée,14.4,1.0,0,0,0.0,Trop fréquent,14.4,28.8,2434.0,1217.0,1217.0
SF01-PP-PP02-0000AP-0K6301-GMOT-0MOTEUR,385652.0,360.0,Électrique,Systématique,3,236.5,,observée,236.5,106.5,0,0,0.0,Adéquat,236.5,236.5,148.0,148.0,0.0
SF01-PP-PP02-0000AP-0K6301-MOAC,210584.0,290.0,Mécanique,Inspection,4,175.3,,observée,175.3,10.8,0,0,0.0,Adéquat,175.3,175.3,200.0,200.0,0.0
SF01-PP-PP02-0000AP-0K6301-MOAC,210585.0,290.0,Mécanique,Inspection,18,29.4,,observée,29.4,2.7,0,0,0.0,Adéquat,29.4,29.4,1192.0,1192.0,0.0
SF01-PP-PP02-0000AP-0K6301-SVEN-CASING,200000005459.0,310.0,Mécanique,Inspection,29,15.4,90.0,observée,15.4,5.9,1,1,0.04,Adéquat,15.4,15.4,4386.0,4386.0,0.0
SF01-PP-PP02-0000AP-0K6311,209400.0,290.0,Mécanique,Inspection,7,88.5,,observée,88.5,8.2,0,0,0.0,Adéquat,88.5,88.5,396.0,396.0,0.0
SF01-PP-PP02-0000AP-0K6311,209401.0,290.0,Mécanique,Inspection,4,177.0,,observée,177.0,8.5,0,0,0.0,Adéquat,177.0,177.0,198.0,198.0,0.0
SF01-PP-PP02-0000AP-0K6311,200000000458.0,290.0,Mécanique,Inspection,6,16.0,30.0,observée,16.0,19.3,0,0,0.0,Trop fréquent,16.0,32.0,2190.0,1095.0,1095.0
SF01-PP-PP02-0000AP-0K6311-GMOT-0MOTEUR,384663.0,310.0,Électrique,Inspection,6,13.4,,observée,13.4,1.4,0,0,0.0,Trop fréquent,13.4,26.8,2615.0,1308.0,1308.0
SF01-PP-PP02-0000AP-0K6311-MOAC,210590.0,290.0,Mécanique,Inspection,4,175.3,,observée,175.3,10.8,0,0,0.0,Adéquat,175.3,175.3,200.0,200.0,0.0
SF01-PP-PP02-0000AP-0K6311-MOAC,210591.0,290.0,Mécanique,Inspection,18,29.4,,observée,29.4,2.7,0,0,0.0,Adéquat,29.4,29.4,1192.0,1192.0,0.0
SF01-PP-PP02-0000AP-0M6300,209402.0,290.0,Mécanique,Inspection,18,29.4,,observée,29.4,9.9,10,3,0.18,Insuffisant,29.4,20.6,6167.0,5256.0,911.0
SF01-PP-PP02-0000AP-0M6300,209403.0,290.0,Mécanique,Inspection,4,175.3,,observée,175.3,10.8,10,1,0.33,Insuffisant,175.3,122.7,1730.0,1378.0,351.0
SF01-PP-PP02-0000AP-0M6300,210598.0,300.0,Mécanique,Inspection,3,337.5,,observée,337.5,27.5,10,1,0.5,Insuffisant,337.5,236.2,1308.0,1008.0,299.0
SF01-PP-PP02-0000AP-0M6300,200000000458.0,290.0,Mécanique,Inspection,5,20.0,30.0,observée,20.0,20.6,10,2,0.5,Insuffisant,20.0,14.0,22067.0,17014.0,5053.0
SF01-PP-PP02-0000AP-0M6300,200000000618.0,290.0,Mécanique,Inspection,7,20.2,30.0,observée,20.2,19.9,10,2,0.33,Insuffisant,20.2,14.1,15010.0,11961.0,3049.0
SF01-PP-PP02-0000AP-0M6300,200000000618.0,300.0,Mécanique,Inspection,24,16.5,30.0,observée,16.5,9.9,10,3,0.13,Adéquat,16.5,16.5,8526.0,8526.0,0.0
SF01-PP-PP02-0000AP-0M6300-GMOT-0MOTEUR,212372.0,360.0,Électrique,Systématique,12,73.7,,observée,73.7,76.5,0,0,0.0,Adéquat,73.7,73.7,476.0,476.0,0.0
SF01-PP-PP02-0000AP-0M6300-GMOT-0MOTEUR,212373.0,360.0,Électrique,Systématique,7,116.5,,observée,116.5,135.8,0,0,0.0,Adéquat,116.5,116.5,301.0,301.0,0.0
SF01-PP-PP02-0000AP-0M6300-GMOT-0MOTEUR,212374.0,360.0,Électrique,Systématique,4,151.3,,observée,151.3,115.9,0,0,0.0,Adéquat,151.3,151.3,232.0,232.0,0.0
SF01-PP-PP02-0000AP-0M6300-GMOT-0MOTEUR,384887.0,310.0,Électrique,Inspection,6,14.4,,observée,14.4,1.0,0,0,0.0,Trop fréquent,14.4,28.8,2434.0,1217.0,1217.0
SF01-PP-PP02-0000AP-0M6300-GMOT-0MOTEUR,385653.0,360.0,Électrique,Systématique,3,240.0,,observée,240.0,103.0,0,0,0.0,Adéquat,240.0,240.0,146.0,146.0,0.0
SF01-PP-PP02-0000AP-0M6300-GMOT-DEPARTM,212371.0,360.0,Électrique,Systématique,4,152.0,,observée,152.0,97.2,0,0,0.0,Adéquat,152.0,152.0,231.0,231.0,0.0
SF01-PP-PP02-0000AP-0M6300-MOAC,210599.0,290.0,Mécanique,Inspection,4,175.3,,observée,175.3,10.8,0,0,0.0,Adéquat,175.3,175.3,200.0,200.0,0.0
SF01-PP-PP02-0000AP-0M6300-MOAC,210600.0,290.0,Mécanique,Inspection,18,29.4,,observée,29.4,2.7,0,0,0.0,Adéquat,29.4,29.4,1192.0,1192.0,0.0
SF01-PP-PP02-0000AP-0M6301,209404.0,290.0,Mécanique,Inspection,18,29.4,,observée,29.4,9.9,2,2,0.12,Adéquat,29.4,29.4,4509.0,4509.0,0.0
SF01-PP-PP02-0000AP-0M6301,209405.0,290.0,Mécanique,Inspection,4,175.3,,observée,175.3,10.8,2,2,0.67,Insuffisant,175.3,122.7,3306.0,2504.0,802.0
SF01-PP-PP02-0000AP-0M6301,210601.0,300.0,Mécanique,Inspection,3,337.5,,observée,337.5,27.5,2,2,1.0,Insuffisant,337.5,236.2,2511.0,1868.0,643.0
SF01-PP-PP02-0000AP-0M6301,200000000458.0,290.0,Mécanique,Inspection,4,24.3,30.0,observée,24.3,22.1,2,0,0.0,Adéquat,24.3,24.3,1442.0,1442.0,0.0
SF01-PP-PP02-0000AP-0M6301,200000000618.0,290.0,Mécanique,Inspection,7,20.2,30.0,observée,20.2,19.9,2,0,0.0,Adéquat,20.2,20.2,1735.0,1735.0,0.0
SF01-PP-PP02-0000AP-0M6301,200000000618.0,300.0,Mécanique,Inspection,24,16.5,30.0,observée,16.5,10.3,2,2,0.09,Adéquat,16.5,16.5,6556.0,6556.0,0.0
SF01-PP-PP02-0000AP-0M6301-GMOT-0MOTEUR,212377.0,360.0,Électrique,Systématique,11,71.3,,observée,71.3,99.3,1,1,0.1,Adéquat,71.3,71.3,1631.0,1631.0,0.0
SF01-PP-PP02-0000AP-0M6301-GMOT-0MOTEUR,212378.0,360.0,Électrique,Systématique,7,100.2,,observée,100.2,143.3,1,1,0.17,Insuffisant,100.2,70.1,1728.0,1484.0,244.0
SF01-PP-PP02-0000AP-0M6301-GMOT-0MOTEUR,212379.0,360.0,Électrique,Systématique,4,78.0,,observée,78.0,54.6,1,0,0.0,Adéquat,78.0,78.0,449.0,449.0,0.0
SF01-PP-PP02-0000AP-0M6301-GMOT-0MOTEUR,384888.0,310.0,Électrique,Inspection,6,13.4,,observée,13.4,1.2,1,0,0.0,Trop fréquent,13.4,26.8,2615.0,1308.0,1308.0
SF01-PP-PP02-0000AP-0M6301-GMOT-0MOTEUR,385654.0,360.0,Électrique,Systématique,3,205.0,,observée,205.0,51.0,1,0,0.0,Adéquat,205.0,205.0,171.0,171.0,0.0
SF01-PP-PP02-0000AP-0M6301-GMOT-DEPARTM,212376.0,360.0,Électrique,Systématique,4,56.0,,observée,56.0,54.8,0,0,0.0,Adéquat,56.0,56.0,626.0,626.0,0.0
SF01-PP-PP02-0000AP-0M6301-MOAC,210602.0,290.0,Mécanique,Inspection,4,175.3,,observée,175.3,10.8,0,0,0.0,Adéquat,175.3,175.3,200.0,200.0,0.0
SF01-PP-PP02-0000AP-0M6301-MOAC,210603.0,290.0,Mécanique,Inspection,18,29.4,,observée,29.4,2.7,0,0,0.0,Adéquat,29.4,29.4,1192.0,1192.0,0.0
SF01-PP-PP02-0000AP-0M6302,209406.0,290.0,Mécanique,Inspection,18,29.4,,observée,29.4,9.9,14,6,0.35,Insuffisant,29.4,20.6,10866.0,8613.0,2253.0
SF01-PP-PP02-0000AP-0M6302,209407.0,290.0,Mécanique,Inspection,4,175.3,,observée,175.3,10.8,14,2,0.67,Insuffisant,175.3,122.7,3306.0,2504.0,802.0
SF01-PP-PP02-0000AP-0M6302,210604.0,300.0,Mécanique,Inspection,3,337.5,,observée,337.5,27.5,14,2,1.0,Insuffisant,337.5,236.2,2511.0,1868.0,643.0
SF01-PP-PP02-0000AP-0M6302,200000000458.0,290.0,Mécanique,Inspection,6,16.0,30.0,observée,16.0,18.8,14,2,0.4,Insuffisant,16.0,11.2,22505.0,17639.0,4865.0
SF01-PP-PP02-0000AP-0M6302,200000000618.0,300.0,Mécanique,Inspection,29,17.8,30.0,observée,17.8,14.6,14,7,0.25,Insuffisant,17.8,12.5,13382.0,10965.0,2417.0
SF01-PP-PP02-0000AP-0M6302-GMOT-0MOTEUR,212389.0,360.0,Électrique,Systématique,8,106.9,,observée,106.9,87.1,0,0,0.0,Adéquat,106.9,106.9,328.0,328.0,0.0
SF01-PP-PP02-0000AP-0M6302-GMOT-0MOTEUR,384664.0,310.0,Électrique,Inspection,6,13.4,,observée,13.4,1.4,0,0,0.0,Trop fréquent,13.4,26.8,2615.0,1308.0,1308.0
SF01-PP-PP02-0000AP-0M6302-GMOT-0MOTEUR,385430.0,360.0,Électrique,Systématique,3,121.0,,observée,121.0,65.0,0,0,0.0,Adéquat,121.0,121.0,290.0,290.0,0.0
SF01-PP-PP02-0000AP-0M6302-MOAC,210609.0,290.0,Mécanique,Inspection,4,175.3,,observée,175.3,10.8,0,0,0.0,Adéquat,175.3,175.3,200.0,200.0,0.0
SF01-PP-PP02-0000AP-0M6302-MOAC,210610.0,290.0,Mécanique,Inspection,18,29.4,,observée,29.4,2.7,0,0,0.0,Adéquat,29.4,29.4,1192.0,1192.0,0.0
SF01-PP-PP02-0000AP-0M6303,209408.0,290.0,Mécanique,Inspection,18,29.4,,observée,29.4,9.9,10,5,0.29,Insuffisant,29.4,20.6,9207.0,7428.0,1779.0
SF01-PP-PP02-0000AP-0M6303,209409.0,290.0,Mécanique,Inspection,4,175.3,,observée,175.3,10.8,10,3,1.0,Insuffisant,175.3,122.7,4835.0,3597.0,1239.0
SF01-PP-PP02-0000AP-0M6303,210611.0,300.0,Mécanique,Inspection,3,337.5,,observée,337.5,27.5,10,2,1.0,Insuffisant,337.5,236.2,2511.0,1868.0,643.0
SF01-PP-PP02-0000AP-0M6303,200000000458.0,290.0,Mécanique,Inspection,5,20.0,30.0,observée,20.0,20.1,10,2,0.5,Insuffisant,20.0,14.0,22067.0,17014.0,5053.0
SF01-PP-PP02-0000AP-0M6303,200000000618.0,300.0,Mécanique,Inspection,29,17.8,30.0,observée,17.8,14.6,10,6,0.21,Insuffisant,17.8,12.5,11556.0,9660.0,1895.0
SF01-PP-PP02-0000AP-0M6303-GMOT-0MOTEUR,212392.0,360.0,Électrique,Systématique,8,110.9,,observée,110.9,85.1,0,0,0.0,Adéquat,110.9,110.9,316.0,316.0,0.0
SF01-PP-PP02-0000AP-0M6303-GMOT-0MOTEUR,384665.0,310.0,Électrique,Inspection,6,14.4,,observée,14.4,0.8,0,0,0.0,Trop fréquent,14.4,28.8,2434.0,1217.0,1217.0
SF01-PP-PP02-0000AP-0M6303-GMOT-0MOTEUR,385431.0,360.0,Électrique,Systématique,3,124.5,,observée,124.5,68.5,0,0,0.0,Adéquat,124.5,124.5,281.0,281.0,0.0
SF01-PP-PP02-0000AP-0M6303-MOAC,210612.0,290.0,Mécanique,Inspection,4,175.3,,observée,175.3,10.8,0,0,0.0,Adéquat,175.3,175.3,200.0,200.0,0.0
SF01-PP-PP02-0000AP-0M6303-MOAC,210613.0,290.0,Mécanique,Inspection,18,29.4,,observée,29.4,2.7,0,0,0.0,Adéquat,29.4,29.4,1192.0,1192.0,0.0
SF01-PP-PP02-0000AP-0M6304,209410.0,290.0,Mécanique,Inspection,4,175.3,,observée,175.3,10.8,3,3,1.0,Insuffisant,175.3,122.7,4835.0,3597.0,1239.0
SF01-PP-PP02-0000AP-0M6304-GMOT-0MOTEUR,212394.0,360.0,Électrique,Systématique,7,135.2,,observée,135.2,146.3,0,0,0.0,Adéquat,135.2,135.2,259.0,259.0,0.0
SF01-PP-PP02-0000AP-0M6304-GMOT-0MOTEUR,384666.0,310.0,Électrique,Inspection,6,14.4,,observée,14.4,2.1,0,0,0.0,Trop fréquent,14.4,28.8,2434.0,1217.0,1217.0
SF01-PP-PP02-0000AP-0M6304-GMOT-0MOTEUR,385432.0,360.0,Électrique,Systématique,3,128.0,,observée,128.0,72.0,0,0,0.0,Adéquat,128.0,128.0,274.0,274.0,0.0
SF01-PP-PP02-0000AP-0M6314,209412.0,290.0,Mécanique,Inspection,7,88.0,,observée,88.0,14.1,0,0,0.0,Adéquat,88.0,88.0,398.0,398.0,0.0
SF01-PP-PP02-0000AP-0P6300,209429.0,290.0,Mécanique,Inspection,4,175.3,,observée,175.3,10.8,8,2,0.67,Insuffisant,175.3,122.7,3306.0,2504.0,802.0
SF01-PP-PP02-0000AP-0P6300,210630.0,360.0,Mécanique,Systématique,4,175.3,,observée,175.3,35.1,8,2,0.67,Insuffisant,175.3,122.7,3306.0,2504.0,802.0
SF01-PP-PP02-0000AP-0P6300,210631.0,300.0,Mécanique,Inspection,3,337.5,,observée,337.5,27.5,8,1,0.5,Insuffisant,337.5,236.2,1308.0,1008.0,299.0
SF01-PP-PP02-0000AP-0P6300,200000000458.0,290.0,Mécanique,Inspection,4,24.3,30.0,observée,24.3,21.6,8,0,0.0,Adéquat,24.3,24.3,1442.0,1442.0,0.0
SF01-PP-PP02-0000AP-0P6300-CIRC,210634.0,300.0,Mécanique,Inspection,3,337.5,,observée,337.5,27.5,0,0,0.0,Adéquat,337.5,337.5,104.0,104.0,0.0
SF01-PP-PP02-0000AP-0P6300-GMOT-0MOTEUR,212419.0,360.0,Électrique,Systématique,8,92.9,,observée,92.9,56.9,0,0,0.0,Adéquat,92.9,92.9,377.0,377.0,0.0
SF01-PP-PP02-0000AP-0P6300-GMOT-0MOTEUR,384667.0,310.0,Électrique,Inspection,6,14.4,,observée,14.4,1.5,0,0,0.0,Trop fréquent,14.4,28.8,2434.0,1217.0,1217.0
SF01-PP-PP02-0000AP-0P6300-GMOT-0MOTEUR,385433.0,360.0,Électrique,Systématique,3,135.0,,observée,135.0,79.0,0,0,0.0,Adéquat,135.0,135.0,260.0,260.0,0.0
SF01-PP-PP02-0000AP-0P6300-MOAC,210635.0,290.0,Mécanique,Inspection,4,175.3,,observée,175.3,10.8,0,0,0.0,Adéquat,175.3,175.3,200.0,200.0,0.0
SF01-PP-PP02-0000AP-0P6300-MOAC,210636.0,290.0,Mécanique,Inspection,18,29.4,,observée,29.4,2.7,0,0,0.0,Adéquat,29.4,29.4,1192.0,1192.0,0.0
SF01-PP-PP02-0000AP-0P6307,209430.0,290.0,Mécanique,Inspection,12,47.1,,observée,47.1,14.8,19,7,0.64,Insuffisant,47.1,33.0,11786.0,8950.0,2836.0
SF01-PP-PP02-0000AP-0P6307,209431.0,290.0,Mécanique,Inspection,4,175.3,,observée,175.3,10.8,19,3,1.0,Insuffisant,175.3,122.7,4835.0,3597.0,1239.0
SF01-PP-PP02-0000AP-0P6307,210655.0,360.0,Mécanique,Systématique,4,175.3,,observée,175.3,35.1,19,3,1.0,Insuffisant,175.3,122.7,4835.0,3597.0,1239.0
SF01-PP-PP02-0000AP-0P6307,200000000618.0,300.0,Mécanique,Inspection,28,18.4,30.0,observée,18.4,15.3,19,8,0.3,Insuffisant,18.4,12.9,15153.0,12184.0,2969.0
SF01-PP-PP02-0000AP-0P6307-GMOT-0MOTEUR,212452.0,360.0,Électrique,Systématique,7,200.5,,observée,200.5,147.2,2,1,0.17,Insuffisant,200.5,140.3,864.0,742.0,122.0
SF01-PP-PP02-0000AP-0P6307-GMOT-0MOTEUR,384668.0,310.0,Électrique,Inspection,6,13.4,,observée,13.4,1.7,2,2,0.4,Insuffisant,13.4,9.4,26872.0,21062.0,5809.0
SF01-PP-PP02-0000AP-0P6307-GMOT-0MOTEUR,385434.0,360.0,Électrique,Systématique,3,138.5,,observée,138.5,82.5,2,0,0.0,Adéquat,138.5,138.5,253.0,253.0,0.0
SF01-PP-PP02-0000AP-0R6300,209454.0,290.0,Mécanique,Inspection,4,175.3,,observée,175.3,10.8,37,2,0.67,Insuffisant,175.3,122.7,3306.0,2504.0,802.0
SF01-PP-PP02-0000AP-0R6300-DASC-MELANGEU,210798.0,290.0,Mécanique,Inspection,12,44.1,,observée,44.1,8.2,1,0,0.0,Adéquat,44.1,44.1,795.0,795.0,0.0
SF01-PP-PP02-0000AP-0R6300-MOAC,210796.0,290.0,Mécanique,Inspection,4,175.3,,observée,175.3,10.8,2,1,0.33,Insuffisant,175.3,122.7,1730.0,1378.0,351.0
SF01-PP-PP02-0000AP-0R6300-MOAC,210797.0,290.0,Mécanique,Inspection,18,29.4,,observée,29.4,2.7,2,1,0.06,Adéquat,29.4,29.4,2850.0,2850.0,0.0
SF01-PP-PP02-0000AP-0R6300-STCU-00RIGOLE,200000005459.0,310.0,Mécanique,Inspection,28,15.9,90.0,observée,15.9,6.9,3,2,0.07,Adéquat,15.9,15.9,5782.0,5782.0,0.0
SF01-PP-PP02-0000AP-0R6301,209455.0,290.0,Mécanique,Inspection,4,175.3,,observée,175.3,10.8,12,2,0.67,Insuffisant,175.3,122.7,3306.0,2504.0,802.0
SF01-PP-PP02-0000AP-0R6301-MOAC,210799.0,290.0,Mécanique,Inspection,4,175.3,,observée,175.3,10.8,0,0,0.0,Adéquat,175.3,175.3,200.0,200.0,0.0
SF01-PP-PP02-0000AP-0R6301-MOAC,210800.0,290.0,Mécanique,Inspection,18,29.4,,observée,29.4,2.7,0,0,0.0,Adéquat,29.4,29.4,1192.0,1192.0,0.0
SF01-PP-PP02-0000AP-0R6301-STCU,200000005459.0,310.0,Mécanique,Inspection,28,15.9,90.0,observée,15.9,6.9,2,2,0.07,Adéquat,15.9,15.9,5782.0,5782.0,0.0
SF01-PP-PP02-0000AP-0R6302,209456.0,290.0,Mécanique,Inspection,4,175.3,,observée,175.3,10.8,32,3,1.0,Insuffisant,175.3,122.7,4835.0,3597.0,1239.0
SF01-PP-PP02-0000AP-0R6302-CIRC,210801.0,290.0,Mécanique,Inspection,12,44.1,,observée,44.1,14.9,0,0,0.0,Adéquat,44.1,44.1,795.0,795.0,0.0
SF01-PP-PP02-0000AP-0R6302-MOAC,210802.0,290.0,Mécanique,Inspection,4,175.3,,observée,175.3,10.8,0,0,0.0,Adéquat,175.3,175.3,200.0,200.0,0.0
SF01-PP-PP02-0000AP-0R6302-MOAC,210803.0,290.0,Mécanique,Inspection,18,29.4,,observée,29.4,2.7,0,0,0.0,Adéquat,29.4,29.4,1192.0,1192.0,0.0
SF01-PP-PP02-0000AP-0R6303,209457.0,290.0,Mécanique,Inspection,4,175.3,,observée,175.3,10.8,8,2,0.67,Insuffisant,175.3,122.7,3306.0,2504.0,802.0
SF01-PP-PP02-0000AP-0R6303-MOAC,210804.0,290.0,Mécanique,Inspection,4,175.3,,observée,175.3,10.8,0,0,0.0,Adéquat,175.3,175.3,200.0,200.0,0.0
SF01-PP-PP02-0000AP-0R6303-MOAC,210805.0,290.0,Mécanique,Inspection,18,29.4,,observée,29.4,2.7,0,0,0.0,Adéquat,29.4,29.4,1192.0,1192.0,0.0
SF01-PP-PP02-0000AP-0S6314,209461.0,290.0,Mécanique,Inspection,4,175.3,,observée,175.3,10.8,0,0,0.0,Adéquat,175.3,175.3,200.0,200.0,0.0
SF01-PP-PP02-0000AP-0T6314,209462.0,290.0,Mécanique,Inspection,4,175.3,,observée,175.3,10.8,3,2,0.67,Insuffisant,175.3,122.7,3306.0,2504.0,802.0
SF01-PP-PP02-0000AP-0T6314,209463.0,290.0,Mécanique,Inspection,4,175.3,,observée,175.3,10.8,3,2,0.67,Insuffisant,175.3,122.7,3306.0,2504.0,802.0
SF01-PP-PP02-0000AP-D6302L,210356.0,290.0,Mécanique,Inspection,4,175.3,,observée,175.3,10.8,5,2,0.67,Insuffisant,175.3,122.7,3306.0,2504.0,802.0
SF01-PP-PP02-0000AP-D6302L,210357.0,290.0,Mécanique,Inspection,4,175.3,,observée,175.3,10.8,5,2,0.67,Insuffisant,175.3,122.7,3306.0,2504.0,802.0
SF01-PP-PP02-0000AP-D6302U,210359.0,290.0,Mécanique,Inspection,4,175.3,,observée,175.3,10.8,0,0,0.0,Adéquat,175.3,175.3,200.0,200.0,0.0
SF01-PP-PP02-0000AP-D6305P,210361.0,290.0,Mécanique,Inspection,4,175.3,,observée,175.3,10.8,0,0,0.0,Adéquat,175.3,175.3,200.0,200.0,0.0
SF01-PP-PP02-0000AP-D6305U,210363.0,290.0,Mécanique,Inspection,4,175.3,,observée,175.3,10.8,0,0,0.0,Adéquat,175.3,175.3,200.0,200.0,0.0
SF01-PP-PP02-0000AP-D6308P,210365.0,290.0,Mécanique,Inspection,4,175.3,,observée,175.3,10.8,0,0,0.0,Adéquat,175.3,175.3,200.0,200.0,0.0
SF01-PP-PP02-0000AP-D6308U,210367.0,290.0,Mécanique,Inspection,4,175.3,,observée,175.3,10.8,0,0,0.0,Adéquat,175.3,175.3,200.0,200.0,0.0
SF01-PP-PP02-0000AP-D63101,210369.0,290.0,Mécanique,Inspection,4,175.3,,observée,175.3,10.8,0,0,0.0,Adéquat,175.3,175.3,200.0,200.0,0.0
SF01-PP-PP02-0000AP-D63102,210371.0,290.0,Mécanique,Inspection,4,175.3,,observée,175.3,10.8,0,0,0.0,Adéquat,175.3,175.3,200.0,200.0,0.0
SF01-PP-PP02-0000AP-D63102,210372.0,290.0,Mécanique,Inspection,4,175.3,,observée,175.3,10.8,0,0,0.0,Adéquat,175.3,175.3,200.0,200.0,0.0
SF01-PP-PP02-0000AP-D63103,210374.0,290.0,Mécanique,Inspection,4,175.3,,observée,175.3,10.8,0,0,0.0,Adéquat,175.3,175.3,200.0,200.0,0.0
SF01-PP-PP02-0000AP-D63103,210375.0,290.0,Mécanique,Inspection,4,175.3,,observée,175.3,10.8,0,0,0.0,Adéquat,175.3,175.3,200.0,200.0,0.0
SF01-PP-PP02-0000AP-D63111,210378.0,290.0,Mécanique,Inspection,4,175.3,,observée,175.3,10.8,0,0,0.0,Adéquat,175.3,175.3,200.0,200.0,0.0
SF01-PP-PP02-0000AP-D63111,210379.0,290.0,Mécanique,Inspection,4,175.3,,observée,175.3,10.8,0,0,0.0,Adéquat,175.3,175.3,200.0,200.0,0.0
SF01-PP-PP02-0000AP-D63112,210381.0,290.0,Mécanique,Inspection,4,175.3,,observée,175.3,10.8,0,0,0.0,Adéquat,175.3,175.3,200.0,200.0,0.0
SF01-PP-PP02-0000AP-D63112,210382.0,290.0,Mécanique,Inspection,4,175.3,,observée,175.3,10.8,0,0,0.0,Adéquat,175.3,175.3,200.0,200.0,0.0
SF01-PP-PP02-0000AP-D6311P,210384.0,290.0,Mécanique,Inspection,4,175.3,,observée,175.3,10.8,0,0,0.0,Adéquat,175.3,175.3,200.0,200.0,0.0
SF01-PP-PP02-0000AP-D6311P,210385.0,290.0,Mécanique,Inspection,4,175.3,,observée,175.3,10.8,0,0,0.0,Adéquat,175.3,175.3,200.0,200.0,0.0
SF01-PP-PP02-0000AP-D6311U,210387.0,290.0,Mécanique,Inspection,4,175.3,,observée,175.3,10.8,0,0,0.0,Adéquat,175.3,175.3,200.0,200.0,0.0
SF01-PP-PP02-0000AP-D6311U,210388.0,290.0,Mécanique,Inspection,4,175.3,,observée,175.3,10.8,0,0,0.0,Adéquat,175.3,175.3,200.0,200.0,0.0
SF01-PP-PP02-0000AP-D6312U,210390.0,290.0,Mécanique,Inspection,4,175.3,,observée,175.3,10.8,0,0,0.0,Adéquat,175.3,175.3,200.0,200.0,0.0
SF01-PP-PP02-0000AP-E6301P,210444.0,290.0,Mécanique,Inspection,4,175.3,,observée,175.3,10.8,2,1,0.33,Insuffisant,175.3,122.7,1730.0,1378.0,351.0
SF01-PP-PP02-0000AP-E6301P,210445.0,290.0,Mécanique,Inspection,4,175.3,,observée,175.3,10.8,2,1,0.33,Insuffisant,175.3,122.7,1730.0,1378.0,351.0
SF01-PP-PP02-0000AP-E6301P,210446.0,290.0,Mécanique,Inspection,4,175.3,,observée,175.3,10.8,2,1,0.33,Insuffisant,175.3,122.7,1730.0,1378.0,351.0
SF01-PP-PP02-0000AP-E6301P-MOAC,210447.0,290.0,Mécanique,Inspection,4,175.3,,observée,175.3,10.8,0,0,0.0,Adéquat,175.3,175.3,200.0,200.0,0.0
SF01-PP-PP02-0000AP-E6301P-MOAC,210448.0,290.0,Mécanique,Inspection,18,29.4,,observée,29.4,2.7,0,0,0.0,Adéquat,29.4,29.4,1192.0,1192.0,0.0
SF01-PP-PP02-0000AP-E6301U,210450.0,290.0,Mécanique,Inspection,4,175.3,,observée,175.3,10.8,0,0,0.0,Adéquat,175.3,175.3,200.0,200.0,0.0
SF01-PP-PP02-0000AP-E6301U,210451.0,290.0,Mécanique,Inspection,4,175.3,,observée,175.3,10.8,0,0,0.0,Adéquat,175.3,175.3,200.0,200.0,0.0
SF01-PP-PP02-0000AP-E6301U,210452.0,290.0,Mécanique,Inspection,4,175.3,,observée,175.3,10.8,0,0,0.0,Adéquat,175.3,175.3,200.0,200.0,0.0
SF01-PP-PP02-0000AP-E6301U-MOAC,210453.0,290.0,Mécanique,Inspection,4,175.3,,observée,175.3,10.8,0,0,0.0,Adéquat,175.3,175.3,200.0,200.0,0.0
SF01-PP-PP02-0000AP-E6301U-MOAC,210454.0,290.0,Mécanique,Inspection,18,29.4,,observée,29.4,2.7,0,0,0.0,Adéquat,29.4,29.4,1192.0,1192.0,0.0
SF01-PP-PP02-0000AP-E6306P,210456.0,290.0,Mécanique,Inspection,4,175.3,,observée,175.3,10.8,0,0,0.0,Adéquat,175.3,175.3,200.0,200.0,0.0
SF01-PP-PP02-0000AP-E6306P,210457.0,290.0,Mécanique,Inspection,4,175.3,,observée,175.3,10.8,0,0,0.0,Adéquat,175.3,175.3,200.0,200.0,0.0
SF01-PP-PP02-0000AP-E6306U,210459.0,290.0,Mécanique,Inspection,4,175.3,,observée,175.3,10.8,1,1,0.33,Insuffisant,175.3,122.7,1730.0,1378.0,351.0
SF01-PP-PP02-0000AP-E6306U,210460.0,290.0,Mécanique,Inspection,4,175.3,,observée,175.3,10.8,1,1,0.33,Insuffisant,175.3,122.7,1730.0,1378.0,351.0
SF01-PP-PP02-0000AP-E6309P,210462.0,290.0,Mécanique,Inspection,4,175.3,,observée,175.3,10.8,0,0,0.0,Adéquat,175.3,175.3,200.0,200.0,0.0
SF01-PP-PP02-0000AP-E6309P,210463.0,290.0,Mécanique,Inspection,4,175.3,,observée,175.3,10.8,0,0,0.0,Adéquat,175.3,175.3,200.0,200.0,0.0
SF01-PP-PP02-0000AP-E6309U,210465.0,290.0,Mécanique,Inspection,4,175.3,,observée,175.3,10.8,0,0,0.0,Adéquat,175.3,175.3,200.0,200.0,0.0
SF01-PP-PP02-0000AP-E6309U,210466.0,290.0,Mécanique,Inspection,4,175.3,,observée,175.3,10.8,0,0,0.0,Adéquat,175.3,175.3,200.0,200.0,0.0
SF01-PP-PP02-0000AP-E6310P,210468.0,290.0,Mécanique,Inspection,4,175.3,,observée,175.3,10.8,0,0,0.0,Adéquat,175.3,175.3,200.0,200.0,0.0
SF01-PP-PP02-0000AP-E6310U,210469.0,290.0,Mécanique,Inspection,4,175.3,,observée,175.3,10.8,0,0,0.0,Adéquat,175.3,175.3,200.0,200.0,0.0
SF01-PP-PP02-0000AP-FACIEL-ECL1,211600.0,360.0,Électrique,Systématique,6,91.0,,observée,91.0,44.8,0,0,0.0,Adéquat,91.0,91.0,385.0,385.0,0.0
SF01-PP-PP02-0000AP-FACIEL-ECL2,211601.0,360.0,Électrique,Systématique,6,91.0,,observée,91.0,45.3,0,0,0.0,Adéquat,91.0,91.0,385.0,385.0,0.0
SF01-PP-PP02-0000AP-FACIEL-ECL3,211602.0,360.0,Électrique,Systématique,6,91.0,,observée,91.0,46.6,0,0,0.0,Adéquat,91.0,91.0,385.0,385.0,0.0
SF01-PP-PP02-0000AP-FACIEL-FLCL,211603.0,360.0,Électrique,Systématique,6,91.0,,observée,91.0,48.0,0,0,0.0,Adéquat,91.0,91.0,385.0,385.0,0.0
SF01-PP-PP02-0000AP-FACIEL-PCP1,211605.0,360.0,Électrique,Systématique,6,91.0,,observée,91.0,47.4,0,0,0.0,Adéquat,91.0,91.0,385.0,385.0,0.0
SF01-PP-PP02-0000AP-FACIEL-PCP2,211606.0,360.0,Électrique,Systématique,6,91.0,,observée,91.0,49.4,0,0,0.0,Adéquat,91.0,91.0,385.0,385.0,0.0
SF01-PP-PP02-0000AP-FACIEL-PCP3,211607.0,360.0,Électrique,Systématique,6,91.0,,observée,91.0,49.3,0,0,0.0,Adéquat,91.0,91.0,385.0,385.0,0.0
SF01-PP-PP02-0000AP-FACIEL-PCU1,211608.0,360.0,Électrique,Systématique,6,91.0,,observée,91.0,43.2,0,0,0.0,Adéquat,91.0,91.0,385.0,385.0,0.0
SF01-PP-PP02-0000AP-FACIEL-PCU2,211609.0,360.0,Électrique,Systématique,6,91.0,,observée,91.0,42.6,0,0,0.0,Adéquat,91.0,91.0,385.0,385.0,0.0
SF01-PP-PP02-0000AP-FACIEL-PCU3,211610.0,360.0,Électrique,Systématique,6,91.0,,observée,91.0,44.0,0,0,0.0,Adéquat,91.0,91.0,385.0,385.0,0.0
SF01-PP-PP02-0000AP-FACIEL-PCU4,211611.0,360.0,Électrique,Systématique,6,91.0,,observée,91.0,45.0,0,0,0.0,Adéquat,91.0,91.0,385.0,385.0,0.0
SF01-PP-PP02-0000AP-FACIEL-PCU5,211612.0,360.0,Électrique,Systématique,6,91.0,,observée,91.0,41.5,0,0,0.0,Adéquat,91.0,91.0,385.0,385.0,0.0
SF01-PP-PP02-0000AP-FACIEL-PCU6,211613.0,360.0,Électrique,Systématique,6,91.0,,observée,91.0,40.8,0,0,0.0,Adéquat,91.0,91.0,385.0,385.0,0.0
SF01-PP-PP02-0000AP-FACIEL-PCU7,211614.0,360.0,Électrique,Systématique,6,91.0,,observée,91.0,40.2,0,0,0.0,Adéquat,91.0,91.0,385.0,385.0,0.0
SF01-PP-PP02-0000AP-FACIEL-PCU8,211615.0,360.0,Électrique,Systématique,6,91.0,,observée,91.0,39.6,0,0,0.0,Adéquat,91.0,91.0,385.0,385.0,0.0
SF01-PP-PP02-0000AP-FACIEL-STBX,211616.0,360.0,Électrique,Systématique,6,91.0,,observée,91.0,40.2,0,0,0.0,Adéquat,91.0,91.0,385.0,385.0,0.0
SF01-PP-PP02-0000AP-H6311P,210553.0,290.0,Mécanique,Inspection,4,175.3,,observée,175.3,10.8,0,0,0.0,Adéquat,175.3,175.3,200.0,200.0,0.0
SF01-PP-PP02-0000AP-H6311P,212901.0,360.0,Électrique,Systématique,6,91.0,,observée,91.0,40.6,0,0,0.0,Adéquat,91.0,91.0,385.0,385.0,0.0
SF01-PP-PP02-0000AP-H6311U,210555.0,290.0,Mécanique,Inspection,4,175.3,,observée,175.3,10.8,0,0,0.0,Adéquat,175.3,175.3,200.0,200.0,0.0
SF01-PP-PP02-0000AP-K6302P,210586.0,290.0,Mécanique,Inspection,7,88.0,,observée,88.0,9.2,0,0,0.0,Adéquat,88.0,88.0,398.0,398.0,0.0
SF01-PP-PP02-0000AP-K6302P,210587.0,290.0,Mécanique,Inspection,4,175.3,,observée,175.3,10.8,0,0,0.0,Adéquat,175.3,175.3,200.0,200.0,0.0
SF01-PP-PP02-0000AP-K6302P-GMOT-0MOTEUR,384669.0,310.0,Électrique,Inspection,6,13.6,,observée,13.6,1.9,0,0,0.0,Trop fréquent,13.6,27.2,2577.0,1288.0,1288.0
SF01-PP-PP02-0000AP-K6303P,210588.0,290.0,Mécanique,Inspection,7,88.0,,observée,88.0,9.2,0,0,0.0,Adéquat,88.0,88.0,398.0,398.0,0.0
SF01-PP-PP02-0000AP-K6303P,210589.0,290.0,Mécanique,Inspection,4,175.3,,observée,175.3,10.8,0,0,0.0,Adéquat,175.3,175.3,200.0,200.0,0.0
SF01-PP-PP02-0000AP-K6303P-GMOT-0MOTEUR,384670.0,310.0,Électrique,Inspection,6,14.0,,observée,14.0,2.3,0,0,0.0,Trop fréquent,14.0,28.0,2503.0,1252.0,1252.0
SF01-PP-PP02-0000AP-M6302A,210605.0,290.0,Mécanique,Inspection,4,175.3,,observée,175.3,10.8,7,3,1.0,Insuffisant,175.3,122.7,4835.0,3597.0,1239.0
SF01-PP-PP02-0000AP-M6302A-GMOT-0MOTEUR,212381.0,360.0,Électrique,Systématique,8,94.9,,observée,94.9,73.6,0,0,0.0,Adéquat,94.9,94.9,369.0,369.0,0.0
SF01-PP-PP02-0000AP-M6302A-GMOT-0MOTEUR,384671.0,310.0,Électrique,Inspection,6,14.4,,observée,14.4,1.0,0,0,0.0,Trop fréquent,14.4,28.8,2434.0,1217.0,1217.0
SF01-PP-PP02-0000AP-M6302A-GMOT-0MOTEUR,385437.0,360.0,Électrique,Systématique,3,180.5,,observée,180.5,124.5,0,0,0.0,Adéquat,180.5,180.5,194.0,194.0,0.0
SF01-PP-PP02-0000AP-M6302B,210606.0,290.0,Mécanique,Inspection,4,175.3,,observée,175.3,10.8,2,1,0.33,Insuffisant,175.3,122.7,1730.0,1378.0,351.0
SF01-PP-PP02-0000AP-M6302B-GMOT-0MOTEUR,212383.0,360.0,Électrique,Systématique,8,95.9,,observée,95.9,41.0,0,0,0.0,Adéquat,95.9,95.9,365.0,365.0,0.0
SF01-PP-PP02-0000AP-M6302B-GMOT-0MOTEUR,384672.0,310.0,Électrique,Inspection,6,14.4,,observée,14.4,1.0,0,0,0.0,Trop fréquent,14.4,28.8,2434.0,1217.0,1217.0
SF01-PP-PP02-0000AP-M6302B-GMOT-0MOTEUR,385438.0,360.0,Électrique,Systématique,3,184.0,,observée,184.0,128.0,0,0,0.0,Adéquat,184.0,184.0,190.0,190.0,0.0
SF01-PP-PP02-0000AP-M6302C,210607.0,290.0,Mécanique,Inspection,4,175.3,,observée,175.3,10.8,0,0,0.0,Adéquat,175.3,175.3,200.0,200.0,0.0
SF01-PP-PP02-0000AP-M6302C-GMOT-0MOTEUR,384673.0,310.0,Électrique,Inspection,6,13.4,,observée,13.4,1.4,0,0,0.0,Trop fréquent,13.4,26.8,2615.0,1308.0,1308.0
SF01-PP-PP02-0000AP-M6302E,210608.0,290.0,Mécanique,Inspection,4,175.3,,observée,175.3,10.8,2,1,0.33,Insuffisant,175.3,122.7,1730.0,1378.0,351.0
SF01-PP-PP02-0000AP-M6302E-GMOT-0MOTEUR,212387.0,360.0,Électrique,Systématique,8,96.9,,observée,96.9,110.5,0,0,0.0,Adéquat,96.9,96.9,362.0,362.0,0.0
SF01-PP-PP02-0000AP-M6302E-GMOT-0MOTEUR,384674.0,310.0,Électrique,Inspection,6,13.4,,observée,13.4,1.4,0,0,0.0,Trop fréquent,13.4,26.8,2615.0,1308.0,1308.0
SF01-PP-PP02-0000AP-M6302E-GMOT-0MOTEUR,385440.0,360.0,Électrique,Systématique,3,191.0,,observée,191.0,135.0,0,0,0.0,Adéquat,191.0,191.0,183.0,183.0,0.0
SF01-PP-PP02-0000AP-M6305P,210615.0,290.0,Mécanique,Inspection,7,88.0,,observée,88.0,9.7,0,0,0.0,Adéquat,88.0,88.0,398.0,398.0,0.0
SF01-PP-PP02-0000AP-M6305P-GMOT-0MOTEUR,384675.0,310.0,Électrique,Inspection,6,14.4,,observée,14.4,2.7,0,0,0.0,Trop fréquent,14.4,28.8,2434.0,1217.0,1217.0
SF01-PP-PP02-0000AP-M6305U,210617.0,290.0,Mécanique,Inspection,7,88.0,,observée,88.0,9.7,0,0,0.0,Adéquat,88.0,88.0,398.0,398.0,0.0
SF01-PP-PP02-0000AP-M6305U-GMOT-0MOTEUR,384676.0,310.0,Électrique,Inspection,6,14.4,,observée,14.4,1.0,0,0,0.0,Trop fréquent,14.4,28.8,2434.0,1217.0,1217.0
SF01-PP-PP02-0000AP-M6306A,210618.0,290.0,Mécanique,Inspection,4,175.3,,observée,175.3,10.8,2,2,0.67,Insuffisant,175.3,122.7,3306.0,2504.0,802.0
SF01-PP-PP02-0000AP-M6306A-GMOT-0MOTEUR,384677.0,310.0,Électrique,Inspection,6,14.4,,observée,14.4,1.5,0,0,0.0,Trop fréquent,14.4,28.8,2434.0,1217.0,1217.0
SF01-PP-PP02-0000AP-M6306B,210619.0,290.0,Mécanique,Inspection,4,175.3,,observée,175.3,10.8,3,2,0.67,Insuffisant,175.3,122.7,3306.0,2504.0,802.0
SF01-PP-PP02-0000AP-M6306B-GMOT-0MOTEUR,384678.0,310.0,Électrique,Inspection,6,13.4,,observée,13.4,2.2,0,0,0.0,Trop fréquent,13.4,26.8,2615.0,1308.0,1308.0
SF01-PP-PP02-0000AP-M6306C,210620.0,290.0,Mécanique,Inspection,4,175.3,,observée,175.3,10.8,1,1,0.33,Insuffisant,175.3,122.7,1730.0,1378.0,351.0
SF01-PP-PP02-0000AP-M6306C-GMOT-0MOTEUR,384679.0,310.0,Électrique,Inspection,6,13.4,,observée,13.4,2.2,0,0,0.0,Trop fréquent,13.4,26.8,2615.0,1308.0,1308.0
SF01-PP-PP02-0000AP-P6301A,210637.0,360.0,Mécanique,Systématique,4,175.3,,observée,175.3,29.6,32,3,1.0,Insuffisant,175.3,122.7,4835.0,3597.0,1239.0
SF01-PP-PP02-0000AP-P6301A,210638.0,290.0,Mécanique,Inspection,4,175.3,,observée,175.3,10.8,32,3,1.0,Insuffisant,175.3,122.7,4835.0,3597.0,1239.0
SF01-PP-PP02-0000AP-P6301A,200000000618.0,300.0,Mécanique,Inspection,28,18.4,30.0,observée,18.4,15.3,32,11,0.41,Insuffisant,18.4,12.9,20011.0,15654.0,4357.0
SF01-PP-PP02-0000AP-P6301A-CIRC,210639.0,290.0,Mécanique,Inspection,12,44.1,,observée,44.1,4.7,2,1,0.09,Adéquat,44.1,44.1,2453.0,2453.0,0.0
SF01-PP-PP02-0000AP-P6301A-CIRC-CIRCASPE,200000005459.0,310.0,Mécanique,Inspection,28,15.9,90.0,observée,15.9,6.8,9,3,0.11,Adéquat,15.9,15.9,7826.0,7826.0,0.0
SF01-PP-PP02-0000AP-P6301A-GMOT-0MOTEUR,384680.0,310.0,Électrique,Inspection,6,14.4,,observée,14.4,1.5,1,0,0.0,Trop fréquent,14.4,28.8,2434.0,1217.0,1217.0
SF01-PP-PP02-0000AP-P6301P,210640.0,360.0,Mécanique,Systématique,4,175.3,,observée,175.3,35.1,43,3,1.0,Insuffisant,175.3,122.7,4835.0,3597.0,1239.0
SF01-PP-PP02-0000AP-P6301P,210641.0,290.0,Mécanique,Inspection,4,175.3,,observée,175.3,10.8,43,3,1.0,Insuffisant,175.3,122.7,4835.0,3597.0,1239.0
SF01-PP-PP02-0000AP-P6301P,200000000618.0,300.0,Mécanique,Inspection,29,17.8,30.0,observée,17.8,13.3,43,13,0.46,Insuffisant,17.8,12.5,22968.0,17812.0,5156.0
SF01-PP-PP02-0000AP-P6301P-CIRC,210642.0,290.0,Mécanique,Inspection,12,44.1,,observée,44.1,13.6,3,1,0.09,Adéquat,44.1,44.1,2453.0,2453.0,0.0
SF01-PP-PP02-0000AP-P6301P-GMOT-0MOTEUR,384681.0,310.0,Électrique,Inspection,6,14.4,,observée,14.4,1.5,0,0,0.0,Trop fréquent,14.4,28.8,2434.0,1217.0,1217.0
SF01-PP-PP02-0000AP-P6301P-MOAC,210643.0,290.0,Mécanique,Inspection,4,175.3,,observée,175.3,10.8,0,0,0.0,Adéquat,175.3,175.3,200.0,200.0,0.0
SF01-PP-PP02-0000AP-P6301P-MOAC,210644.0,290.0,Mécanique,Inspection,18,29.4,,observée,29.4,2.7,0,0,0.0,Adéquat,29.4,29.4,1192.0,1192.0,0.0
SF01-PP-PP02-0000AP-P6302P,210645.0,290.0,Mécanique,Inspection,4,175.3,,observée,175.3,10.8,14,2,0.67,Insuffisant,175.3,122.7,3306.0,2504.0,802.0
SF01-PP-PP02-0000AP-P6302P,200000000618.0,300.0,Mécanique,Inspection,29,17.8,30.0,observée,17.8,13.3,14,9,0.32,Insuffisant,17.8,12.5,16577.0,13247.0,3330.0
SF01-PP-PP02-0000AP-P6302P-GMOT-0MOTEUR,384682.0,310.0,Électrique,Inspection,6,14.4,,observée,14.4,1.0,0,0,0.0,Trop fréquent,14.4,28.8,2434.0,1217.0,1217.0
SF01-PP-PP02-0000AP-P6302U,210646.0,290.0,Mécanique,Inspection,4,175.3,,observée,175.3,10.8,13,2,0.67,Insuffisant,175.3,122.7,3306.0,2504.0,802.0
SF01-PP-PP02-0000AP-P6302U,200000000618.0,300.0,Mécanique,Inspection,28,18.4,30.0,observée,18.4,13.4,13,8,0.3,Insuffisant,18.4,12.9,15153.0,12184.0,2969.0
SF01-PP-PP02-0000AP-P6302U-GMOT-0MOTEUR,384683.0,310.0,Électrique,Inspection,6,13.4,,observée,13.4,1.4,1,0,0.0,Trop fréquent,13.4,26.8,2615.0,1308.0,1308.0
SF01-PP-PP02-0000AP-P6303P,210647.0,290.0,Mécanique,Inspection,4,175.3,,observée,175.3,10.8,14,2,0.67,Insuffisant,175.3,122.7,3306.0,2504.0,802.0
SF01-PP-PP02-0000AP-P6303P,200000000618.0,300.0,Mécanique,Inspection,30,17.1,30.0,observée,17.1,13.6,14,7,0.24,Insuffisant,17.1,12.0,13454.0,11074.0,2380.0
SF01-PP-PP02-0000AP-P6303P-GMOT-0MOTEUR,384684.0,310.0,Électrique,Inspection,6,13.4,,observée,13.4,1.4,0,0,0.0,Trop fréquent,13.4,26.8,2615.0,1308.0,1308.0
SF01-PP-PP02-0000AP-P6303U,210648.0,290.0,Mécanique,Inspection,4,175.3,,observée,175.3,10.8,5,3,1.0,Insuffisant,175.3,122.7,4835.0,3597.0,1239.0
SF01-PP-PP02-0000AP-P6303U,200000000618.0,300.0,Mécanique,Inspection,28,18.4,30.0,observée,18.4,13.4,5,4,0.15,Adéquat,18.4,18.4,8529.0,8529.0,0.0
SF01-PP-PP02-0000AP-P6303U-GMOT-0MOTEUR,384685.0,310.0,Électrique,Inspection,6,14.4,,observée,14.4,2.7,1,0,0.0,Trop fréquent,14.4,28.8,2434.0,1217.0,1217.0
SF01-PP-PP02-0000AP-P6304P,210649.0,290.0,Mécanique,Inspection,4,175.3,,observée,175.3,10.8,4,1,0.33,Insuffisant,175.3,122.7,1730.0,1378.0,351.0
SF01-PP-PP02-0000AP-P6304P,200000000618.0,300.0,Mécanique,Inspection,28,18.4,30.0,observée,18.4,13.4,4,1,0.04,Adéquat,18.4,18.4,3671.0,3671.0,0.0
SF01-PP-PP02-0000AP-P6304U,210650.0,290.0,Mécanique,Inspection,4,175.3,,observée,175.3,10.8,2,1,0.33,Insuffisant,175.3,122.7,1730.0,1378.0,351.0
SF01-PP-PP02-0000AP-P6304U,200000000618.0,300.0,Mécanique,Inspection,28,18.4,30.0,observée,18.4,13.4,2,1,0.04,Adéquat,18.4,18.4,3671.0,3671.0,0.0
SF01-PP-PP02-0000AP-P6304U-GMOT-0MOTEUR,384686.0,310.0,Électrique,Inspection,6,14.4,,observée,14.4,1.0,1,0,0.0,Trop fréquent,14.4,28.8,2434.0,1217.0,1217.0
SF01-PP-PP02-0000AP-P6305P,210651.0,290.0,Mécanique,Inspection,4,175.3,,observée,175.3,10.8,0,0,0.0,Adéquat,175.3,175.3,200.0,200.0,0.0
SF01-PP-PP02-0000AP-P6305P,200000000618.0,300.0,Mécanique,Inspection,28,18.4,30.0,observée,18.4,13.4,0,0,0.0,Trop fréquent,18.4,36.8,1905.0,952.0,952.0
SF01-PP-PP02-0000AP-P6305P-GMOT-0MOTEUR,384687.0,310.0,Électrique,Inspection,6,14.4,,observée,14.4,1.0,0,0,0.0,Trop fréquent,14.4,28.8,2434.0,1217.0,1217.0
SF01-PP-PP02-0000AP-P6305U,210652.0,290.0,Mécanique,Inspection,4,175.3,,observée,175.3,10.8,0,0,0.0,Adéquat,175.3,175.3,200.0,200.0,0.0
SF01-PP-PP02-0000AP-P6305U,200000000618.0,300.0,Mécanique,Inspection,28,18.4,30.0,observée,18.4,13.4,0,0,0.0,Trop fréquent,18.4,36.8,1905.0,952.0,952.0
SF01-PP-PP02-0000AP-P6305U-GMOT-0MOTEUR,384688.0,310.0,Électrique,Inspection,6,13.4,,observée,13.4,1.4,0,0,0.0,Trop fréquent,13.4,26.8,2615.0,1308.0,1308.0
SF01-PP-PP02-0000AP-P6306P,210653.0,290.0,Mécanique,Inspection,4,175.3,,observée,175.3,10.8,2,1,0.33,Insuffisant,175.3,122.7,1730.0,1378.0,351.0
SF01-PP-PP02-0000AP-P6306P,200000000618.0,300.0,Mécanique,Inspection,27,19.1,30.0,observée,19.1,15.4,2,2,0.08,Adéquat,19.1,19.1,5238.0,5238.0,0.0
SF01-PP-PP02-0000AP-P6306P-GMOT-0MOTEUR,384689.0,310.0,Électrique,Inspection,6,13.4,,observée,13.4,1.4,0,0,0.0,Trop fréquent,13.4,26.8,2615.0,1308.0,1308.0
SF01-PP-PP02-0000AP-P6306U,210654.0,290.0,Mécanique,Inspection,4,175.3,,observée,175.3,10.8,2,2,0.67,Insuffisant,175.3,122.7,3306.0,2504.0,802.0
SF01-PP-PP02-0000AP-P6306U,200000000618.0,300.0,Mécanique,Inspection,27,19.1,30.0,observée,19.1,15.4,2,2,0.08,Adéquat,19.1,19.1,5238.0,5238.0,0.0
SF01-PP-PP02-0000AP-P6306U-GMOT-0MOTEUR,384690.0,310.0,Électrique,Inspection,6,14.4,,observée,14.4,2.7,0,0,0.0,Trop fréquent,14.4,28.8,2434.0,1217.0,1217.0
SF01-PP-PP02-0000AP-P6308U,210656.0,360.0,Mécanique,Systématique,4,175.3,,observée,175.3,35.1,41,3,1.0,Insuffisant,175.3,122.7,4835.0,3597.0,1239.0
SF01-PP-PP02-0000AP-P6308U,210657.0,290.0,Mécanique,Inspection,4,175.3,,observée,175.3,10.8,41,3,1.0,Insuffisant,175.3,122.7,4835.0,3597.0,1239.0
SF01-PP-PP02-0000AP-P6308U,200000000618.0,300.0,Mécanique,Inspection,27,19.1,30.0,observée,19.1,15.4,41,14,0.54,Insuffisant,19.1,13.4,24808.0,19031.0,5778.0
SF01-PP-PP02-0000AP-P6308U-GMOT-0MOTEUR,384691.0,310.0,Électrique,Inspection,6,14.4,,observée,14.4,1.0,0,0,0.0,Trop fréquent,14.4,28.8,2434.0,1217.0,1217.0
SF01-PP-PP02-0000AP-P6309P,210658.0,360.0,Mécanique,Systématique,4,175.3,,observée,175.3,29.6,23,2,0.67,Insuffisant,175.3,122.7,3306.0,2504.0,802.0
SF01-PP-PP02-0000AP-P6309P,210659.0,290.0,Mécanique,Inspection,12,47.1,,observée,47.1,14.8,23,7,0.64,Insuffisant,47.1,33.0,11786.0,8950.0,2836.0
SF01-PP-PP02-0000AP-P6309P,210660.0,290.0,Mécanique,Inspection,4,175.3,,observée,175.3,10.8,23,2,0.67,Insuffisant,175.3,122.7,3306.0,2504.0,802.0
SF01-PP-PP02-0000AP-P6309P-GMOT-0MOTEUR,384692.0,310.0,Électrique,Inspection,6,14.4,,observée,14.4,1.0,0,0,0.0,Trop fréquent,14.4,28.8,2434.0,1217.0,1217.0
SF01-PP-PP02-0000AP-P6309U,210661.0,360.0,Mécanique,Systématique,4,175.3,,observée,175.3,35.1,20,2,0.67,Insuffisant,175.3,122.7,3306.0,2504.0,802.0
SF01-PP-PP02-0000AP-P6309U,210662.0,290.0,Mécanique,Inspection,12,47.1,,observée,47.1,7.1,20,3,0.27,Insuffisant,47.1,33.0,5402.0,4390.0,1012.0
SF01-PP-PP02-0000AP-P6309U,210663.0,290.0,Mécanique,Inspection,4,175.3,,observée,175.3,10.8,20,2,0.67,Insuffisant,175.3,122.7,3306.0,2504.0,802.0
SF01-PP-PP02-0000AP-P6309U,200000000618.0,300.0,Mécanique,Inspection,27,19.1,30.0,observée,19.1,15.4,20,4,0.15,Adéquat,19.1,19.1,8216.0,8216.0,0.0
SF01-PP-PP02-0000AP-P6309U-GMOT-0MOTEUR,212461.0,360.0,Électrique,Systématique,13,55.3,,observée,55.3,55.3,0,0,0.0,Adéquat,55.3,55.3,634.0,634.0,0.0
SF01-PP-PP02-0000AP-P6309U-GMOT-0MOTEUR,212462.0,360.0,Électrique,Systématique,7,184.2,,observée,184.2,167.5,0,0,0.0,Adéquat,184.2,184.2,190.0,190.0,0.0
SF01-PP-PP02-0000AP-P6309U-GMOT-0MOTEUR,212463.0,360.0,Électrique,Systématique,4,152.3,,observée,152.3,97.1,0,0,0.0,Adéquat,152.3,152.3,230.0,230.0,0.0
SF01-PP-PP02-0000AP-P6309U-GMOT-0MOTEUR,384889.0,310.0,Électrique,Inspection,6,13.4,,observée,13.4,1.2,0,0,0.0,Trop fréquent,13.4,26.8,2615.0,1308.0,1308.0
SF01-PP-PP02-0000AP-P6309U-GMOT-0MOTEUR,385655.0,360.0,Électrique,Systématique,3,208.5,,observée,208.5,61.5,0,0,0.0,Adéquat,208.5,208.5,168.0,168.0,0.0
SF01-PP-PP02-0000AP-P6309U-GMOT-DEPARTM,212460.0,360.0,Électrique,Systématique,4,152.7,,observée,152.7,117.5,0,0,0.0,Adéquat,152.7,152.7,230.0,230.0,0.0
SF01-PP-PP02-0000AP-P6310P,210664.0,290.0,Mécanique,Inspection,4,175.3,,observée,175.3,10.8,4,2,0.67,Insuffisant,175.3,122.7,3306.0,2504.0,802.0
SF01-PP-PP02-0000AP-P6310P,200000000618.0,300.0,Mécanique,Inspection,27,19.1,30.0,observée,19.1,15.4,4,3,0.12,Adéquat,19.1,19.1,6940.0,6940.0,0.0
SF01-PP-PP02-0000AP-P6310P-GMOT-0MOTEUR,384693.0,310.0,Électrique,Inspection,6,13.4,,observée,13.4,1.4,0,0,0.0,Trop fréquent,13.4,26.8,2615.0,1308.0,1308.0
SF01-PP-PP02-0000AP-P6310U,210665.0,290.0,Mécanique,Inspection,4,175.3,,observée,175.3,10.8,4,2,0.67,Insuffisant,175.3,122.7,3306.0,2504.0,802.0
SF01-PP-PP02-0000AP-P6310U,200000000618.0,300.0,Mécanique,Inspection,27,19.1,30.0,observée,19.1,15.4,4,3,0.12,Adéquat,19.1,19.1,6940.0,6940.0,0.0
SF01-PP-PP02-0000AP-P6310U-GMOT-0MOTEUR,384694.0,310.0,Électrique,Inspection,6,13.4,,observée,13.4,1.4,0,0,0.0,Trop fréquent,13.4,26.8,2615.0,1308.0,1308.0
SF01-PP-PP02-0000AP-P63111,210666.0,290.0,Mécanique,Inspection,4,175.3,,observée,175.3,10.8,7,1,0.33,Insuffisant,175.3,122.7,1730.0,1378.0,351.0
SF01-PP-PP02-0000AP-P63111,200000000618.0,300.0,Mécanique,Inspection,27,19.1,30.0,observée,19.1,15.4,7,5,0.19,Insuffisant,19.1,13.4,9918.0,8395.0,1523.0
SF01-PP-PP02-0000AP-P63111-GMOT-0MOTEUR,384695.0,310.0,Électrique,Inspection,6,14.4,,observée,14.4,1.0,1,0,0.0,Trop fréquent,14.4,28.8,2434.0,1217.0,1217.0
SF01-PP-PP02-0000AP-P63112,210667.0,290.0,Mécanique,Inspection,4,175.3,,observée,175.3,10.8,3,3,1.0,Insuffisant,175.3,122.7,4835.0,3597.0,1239.0
SF01-PP-PP02-0000AP-P63112,200000000618.0,300.0,Mécanique,Inspection,27,19.1,30.0,observée,19.1,15.4,3,3,0.12,Adéquat,19.1,19.1,6940.0,6940.0,0.0
SF01-PP-PP02-0000AP-P63112-GMOT-0MOTEUR,384696.0,310.0,Électrique,Inspection,6,14.4,,observée,14.4,1.0,0,0,0.0,Trop fréquent,14.4,28.8,2434.0,1217.0,1217.0
SF01-PP-PP02-0000AP-P6311U,210668.0,360.0,Mécanique,Systématique,4,175.3,,observée,175.3,35.1,11,3,1.0,Insuffisant,175.3,122.7,4835.0,3597.0,1239.0
SF01-PP-PP02-0000AP-P6311U,210669.0,290.0,Mécanique,Inspection,4,175.3,,observée,175.3,10.8,11,3,1.0,Insuffisant,175.3,122.7,4835.0,3597.0,1239.0
SF01-PP-PP02-0000AP-P6311U,200000000618.0,300.0,Mécanique,Inspection,27,19.1,30.0,observée,19.1,15.4,11,8,0.31,Insuffisant,19.1,13.4,15023.0,12042.0,2982.0
SF01-PP-PP02-0000AP-P6311U-GMOT-0MOTEUR,384697.0,310.0,Électrique,Inspection,6,14.4,,observée,14.4,1.0,0,0,0.0,Trop fréquent,14.4,28.8,2434.0,1217.0,1217.0
SF01-PP-PP02-0000AP-P63121,210670.0,290.0,Mécanique,Inspection,4,175.3,,observée,175.3,10.8,3,3,1.0,Insuffisant,175.3,122.7,4835.0,3597.0,1239.0
SF01-PP-PP02-0000AP-P63121,200000000618.0,300.0,Mécanique,Inspection,27,19.1,30.0,observée,19.1,15.4,3,3,0.12,Adéquat,19.1,19.1,6940.0,6940.0,0.0
SF01-PP-PP02-0000AP-P63121-GMOT-0MOTEUR,384698.0,310.0,Électrique,Inspection,6,13.4,,observée,13.4,1.4,0,0,0.0,Trop fréquent,13.4,26.8,2615.0,1308.0,1308.0
SF01-PP-PP02-0000AP-P63122,210671.0,290.0,Mécanique,Inspection,4,175.3,,observée,175.3,10.8,7,1,0.33,Insuffisant,175.3,122.7,1730.0,1378.0,351.0
SF01-PP-PP02-0000AP-P63122,200000000618.0,300.0,Mécanique,Inspection,27,19.1,30.0,observée,19.1,15.4,7,4,0.15,Adéquat,19.1,19.1,8216.0,8216.0,0.0
SF01-PP-PP02-0000AP-P63122-GMOT-0MOTEUR,384699.0,310.0,Électrique,Inspection,6,13.4,,observée,13.4,2.8,0,0,0.0,Trop fréquent,13.4,26.8,2615.0,1308.0,1308.0
SF01-PP-PP02-0000AP-P63123,210672.0,290.0,Mécanique,Inspection,4,175.3,,observée,175.3,10.8,8,2,0.67,Insuffisant,175.3,122.7,3306.0,2504.0,802.0
SF01-PP-PP02-0000AP-P63123,200000000618.0,300.0,Mécanique,Inspection,26,19.9,30.0,observée,19.9,15.8,8,5,0.2,Insuffisant,19.9,13.9,9928.0,8349.0,1579.0
SF01-PP-PP02-0000AP-P63123-GMOT-0MOTEUR,384700.0,310.0,Électrique,Inspection,6,14.4,,observée,14.4,1.0,0,0,0.0,Trop fréquent,14.4,28.8,2434.0,1217.0,1217.0
SF01-PP-PP02-0000AP-P6312P,210673.0,290.0,Mécanique,Inspection,4,175.3,,observée,175.3,10.8,1,0,0.0,Adéquat,175.3,175.3,200.0,200.0,0.0
SF01-PP-PP02-0000AP-P6312P,200000000618.0,300.0,Mécanique,Inspection,26,19.9,30.0,observée,19.9,15.8,1,0,0.0,Trop fréquent,19.9,39.8,1761.0,881.0,881.0
SF01-PP-PP02-0000AP-P6312P-GMOT-0MOTEUR,384701.0,310.0,Électrique,Inspection,6,14.4,,observée,14.4,1.0,0,0,0.0,Trop fréquent,14.4,28.8,2434.0,1217.0,1217.0
SF01-PP-PP02-0000AP-P6312U,210674.0,290.0,Mécanique,Inspection,4,175.3,,observée,175.3,10.8,0,0,0.0,Adéquat,175.3,175.3,200.0,200.0,0.0
SF01-PP-PP02-0000AP-P6312U,200000000618.0,300.0,Mécanique,Inspection,26,19.9,30.0,observée,19.9,15.8,0,0,0.0,Trop fréquent,19.9,39.8,1761.0,881.0,881.0
SF01-PP-PP02-0000AP-P6312U-GMOT-0MOTEUR,384702.0,310.0,Électrique,Inspection,6,14.4,,observée,14.4,1.0,0,0,0.0,Trop fréquent,14.4,28.8,2434.0,1217.0,1217.0
SF01-PP-PP02-0000AP-P63131,210675.0,290.0,Mécanique,Inspection,4,175.3,,observée,175.3,10.8,0,0,0.0,Adéquat,175.3,175.3,200.0,200.0,0.0
SF01-PP-PP02-0000AP-P63131,200000000618.0,300.0,Mécanique,Inspection,26,19.9,30.0,observée,19.9,15.2,0,0,0.0,Trop fréquent,19.9,39.8,1761.0,881.0,881.0
SF01-PP-PP02-0000AP-P63131-GMOT-0MOTEUR,384703.0,310.0,Électrique,Inspection,6,13.4,,observée,13.4,1.4,0,0,0.0,Trop fréquent,13.4,26.8,2615.0,1308.0,1308.0
SF01-PP-PP02-0000AP-P63132,210676.0,290.0,Mécanique,Inspection,4,175.3,,observée,175.3,10.8,1,1,0.33,Insuffisant,175.3,122.7,1730.0,1378.0,351.0
SF01-PP-PP02-0000AP-P63132-GMOT-0MOTEUR,384704.0,310.0,Électrique,Inspection,6,13.4,,observée,13.4,2.2,0,0,0.0,Trop fréquent,13.4,26.8,2615.0,1308.0,1308.0
SF01-PP-PP02-0000AP-P6313U,210677.0,290.0,Mécanique,Inspection,4,175.3,,observée,175.3,10.8,0,0,0.0,Adéquat,175.3,175.3,200.0,200.0,0.0
SF01-PP-PP02-0000AP-P6313U,200000000618.0,300.0,Mécanique,Inspection,26,19.9,30.0,observée,19.9,15.2,0,0,0.0,Trop fréquent,19.9,39.8,1761.0,881.0,881.0
SF01-PP-PP02-0000AP-P6313U-GMOT-0MOTEUR,384705.0,310.0,Électrique,Inspection,6,14.4,,observée,14.4,1.5,0,0,0.0,Trop fréquent,14.4,28.8,2434.0,1217.0,1217.0
SF01-PP-PP02-0000AP-P63141,210678.0,290.0,Mécanique,Inspection,4,175.3,,observée,175.3,10.8,0,0,0.0,Adéquat,175.3,175.3,200.0,200.0,0.0
SF01-PP-PP02-0000AP-P63141-GMOT-0MOTEUR,384706.0,310.0,Électrique,Inspection,6,14.4,,observée,14.4,1.5,0,0,0.0,Trop fréquent,14.4,28.8,2434.0,1217.0,1217.0
SF01-PP-PP02-0000AP-P63142,210679.0,290.0,Mécanique,Inspection,4,175.3,,observée,175.3,10.8,0,0,0.0,Adéquat,175.3,175.3,200.0,200.0,0.0
SF01-PP-PP02-0000AP-P63142-GMOT-0MOTEUR,384707.0,310.0,Électrique,Inspection,6,14.4,,observée,14.4,1.5,0,0,0.0,Trop fréquent,14.4,28.8,2434.0,1217.0,1217.0
SF01-PP-PP02-0000AP-P63143,210680.0,290.0,Mécanique,Inspection,4,175.3,,observée,175.3,10.8,0,0,0.0,Adéquat,175.3,175.3,200.0,200.0,0.0
SF01-PP-PP02-0000AP-P63143-GMOT-0MOTEUR,384708.0,310.0,Électrique,Inspection,6,13.4,,observée,13.4,2.2,0,0,0.0,Trop fréquent,13.4,26.8,2615.0,1308.0,1308.0
SF01-PP-PP02-0000AP-P6314A,210681.0,290.0,Mécanique,Inspection,4,175.3,,observée,175.3,10.8,0,0,0.0,Adéquat,175.3,175.3,200.0,200.0,0.0
SF01-PP-PP02-0000AP-P6314A-GMOT-0MOTEUR,384709.0,310.0,Électrique,Inspection,6,13.4,,observée,13.4,2.2,0,0,0.0,Trop fréquent,13.4,26.8,2615.0,1308.0,1308.0
SF01-PP-PP02-0000AP-P6314B,210682.0,290.0,Mécanique,Inspection,4,175.3,,observée,175.3,10.8,0,0,0.0,Adéquat,175.3,175.3,200.0,200.0,0.0
SF01-PP-PP02-0000AP-P6314B-GMOT-0MOTEUR,384710.0,310.0,Électrique,Inspection,6,14.4,,observée,14.4,1.5,0,0,0.0,Trop fréquent,14.4,28.8,2434.0,1217.0,1217.0
SF01-PP-PP02-0000AP-P6314C,210683.0,290.0,Mécanique,Inspection,4,175.3,,observée,175.3,10.8,0,0,0.0,Adéquat,175.3,175.3,200.0,200.0,0.0
SF01-PP-PP02-0000AP-P6314C-GMOT-0MOTEUR,384711.0,310.0,Électrique,Inspection,6,14.4,,observée,14.4,1.5,0,0,0.0,Trop fréquent,14.4,28.8,2434.0,1217.0,1217.0
SF01-PP-PP02-0000AP-P6314D,210684.0,290.0,Mécanique,Inspection,4,175.3,,observée,175.3,10.8,0,0,0.0,Adéquat,175.3,175.3,200.0,200.0,0.0
SF01-PP-PP02-0000AP-P6314D-GMOT-0MOTEUR,384712.0,310.0,Électrique,Inspection,6,14.4,,observée,14.4,1.5,0,0,0.0,Trop fréquent,14.4,28.8,2434.0,1217.0,1217.0
SF01-PP-PP02-0000AP-P6315A,210685.0,290.0,Mécanique,Inspection,4,175.3,,observée,175.3,10.8,0,0,0.0,Adéquat,175.3,175.3,200.0,200.0,0.0
SF01-PP-PP02-0000AP-P6315A-GMOT-0MOTEUR,384713.0,310.0,Électrique,Inspection,6,13.4,,observée,13.4,2.2,0,0,0.0,Trop fréquent,13.4,26.8,2615.0,1308.0,1308.0
SF01-PP-PP02-0000AP-P6315B,210686.0,290.0,Mécanique,Inspection,4,175.3,,observée,175.3,10.8,0,0,0.0,Adéquat,175.3,175.3,200.0,200.0,0.0
SF01-PP-PP02-0000AP-P6315B-GMOT-0MOTEUR,384714.0,310.0,Électrique,Inspection,6,13.4,,observée,13.4,2.2,0,0,0.0,Trop fréquent,13.4,26.8,2615.0,1308.0,1308.0
SF01-PP-PP02-0000AP-P633PR,210687.0,290.0,Mécanique,Inspection,4,175.3,,observée,175.3,10.8,0,0,0.0,Adéquat,175.3,175.3,200.0,200.0,0.0
SF01-PP-PP02-0000AP-P633PR,200000000618.0,300.0,Mécanique,Inspection,26,19.9,30.0,observée,19.9,15.2,0,0,0.0,Trop fréquent,19.9,39.8,1761.0,881.0,881.0
SF01-PP-PP02-0000AP-P633PR-GMOT-0MOTEUR,384715.0,310.0,Électrique,Inspection,6,14.4,,observée,14.4,1.5,0,0,0.0,Trop fréquent,14.4,28.8,2434.0,1217.0,1217.0
SF01-PP-PP02-0000AP-P633UR,210688.0,290.0,Mécanique,Inspection,4,175.3,,observée,175.3,10.8,0,0,0.0,Adéquat,175.3,175.3,200.0,200.0,0.0
SF01-PP-PP02-0000AP-P633UR,200000000618.0,300.0,Mécanique,Inspection,26,19.9,30.0,observée,19.9,15.2,0,0,0.0,Trop fréquent,19.9,39.8,1761.0,881.0,881.0
SF01-PP-PP02-0000AP-P633UR-GMOT-0MOTEUR,384716.0,310.0,Électrique,Inspection,6,14.4,,observée,14.4,1.5,0,0,0.0,Trop fréquent,14.4,28.8,2434.0,1217.0,1217.0
SF01-PP-PP02-0000AP-P638UR,210689.0,290.0,Mécanique,Inspection,4,175.3,,observée,175.3,10.8,1,0,0.0,Adéquat,175.3,175.3,200.0,200.0,0.0
SF01-PP-PP02-0000AP-P638UR,200000000618.0,300.0,Mécanique,Inspection,27,19.1,30.0,observée,19.1,14.0,1,0,0.0,Trop fréquent,19.1,38.2,1835.0,917.0,917.0
SF01-PP-PP02-0000AP-P638UR-GMOT-0MOTEUR,384717.0,310.0,Électrique,Inspection,6,14.4,,observée,14.4,1.5,0,0,0.0,Trop fréquent,14.4,28.8,2434.0,1217.0,1217.0
SF01-PP-PP02-0000AP-POSTBT,212594.0,310.0,Électrique,Inspection,44,15.0,,observée,15.0,49.5,0,0,0.0,Trop fréquent,15.0,30.0,2336.0,1168.0,1168.0
SF01-PP-PP02-0000AP-POSTBT,212595.0,360.0,Électrique,Systématique,46,14.4,,observée,14.4,48.8,0,0,0.0,Trop fréquent,14.4,28.8,2434.0,1217.0,1217.0
SF01-PP-PP02-0000AP-POSTBT,384637.0,310.0,Électrique,Inspection,10,6.9,,observée,6.9,3.1,0,0,0.0,Trop fréquent,6.9,13.8,5079.0,2540.0,2540.0
SF01-PP-PP02-0000AP-POSTBT,385738.0,360.0,Électrique,Systématique,3,27.5,,observée,27.5,2.5,0,0,0.0,Adéquat,27.5,27.5,1274.0,1274.0,0.0
SF01-PP-PP02-0000AP-POSTBT-TBPR,385009.0,310.0,Électrique,Inspection,3,27.5,,observée,27.5,0.5,5,0,0.0,Adéquat,27.5,27.5,1274.0,1274.0,0.0
SF01-PP-PP02-0000AP-POSTBT-TBUC,385010.0,310.0,Électrique,Inspection,3,30.0,,observée,30.0,2.0,1,0,0.0,Adéquat,30.0,30.0,1168.0,1168.0,0.0
SF01-PP-PP02-0000AP-POSTMT,212610.0,310.0,Électrique,Inspection,43,16.9,,observée,16.9,62.5,0,0,0.0,Trop fréquent,16.9,33.8,2074.0,1037.0,1037.0
SF01-PP-PP02-0000AP-POSTMT,212611.0,360.0,Électrique,Systématique,46,16.3,,observée,16.3,43.9,0,0,0.0,Trop fréquent,16.3,32.6,2150.0,1075.0,1075.0
SF01-PP-PP02-0000AP-POSTMT,384638.0,310.0,Électrique,Inspection,10,6.9,,observée,6.9,1.6,0,0,0.0,Trop fréquent,6.9,13.8,5079.0,2540.0,2540.0
SF01-PP-PP02-0000AP-POSTMT,385739.0,360.0,Électrique,Systématique,3,27.5,,observée,27.5,2.5,0,0,0.0,Adéquat,27.5,27.5,1274.0,1274.0,0.0
SF01-PP-PP02-0000AP-POSTMT-TGMT-000DTR2,212866.0,360.0,Électrique,Systématique,4,101.3,,observée,101.3,44.9,0,0,0.0,Adéquat,101.3,101.3,346.0,346.0,0.0
SF01-PP-PP02-0000AP-PSTTR1-TRSF,212844.0,310.0,Électrique,Inspection,13,40.8,,observée,40.8,46.6,0,0,0.0,Adéquat,40.8,40.8,859.0,859.0,0.0
SF01-PP-PP02-0000AP-PSTTR1-TRSF,385763.0,310.0,Électrique,Inspection,3,56.5,,observée,56.5,0.5,0,0,0.0,Adéquat,56.5,56.5,620.0,620.0,0.0
SF01-PP-PP02-0000AP-PSTTR1-TRSF,386099.0,300.0,Électrique,Inspection,3,58.0,,observée,58.0,2.0,0,0,0.0,Adéquat,58.0,58.0,604.0,604.0,0.0
SF01-PP-PP02-0000AP-PSTTR3-TRSF,212876.0,310.0,Électrique,Inspection,13,57.7,,observée,57.7,68.3,0,0,0.0,Adéquat,57.7,57.7,607.0,607.0,0.0
SF01-PP-PP02-0000AP-PSTTR3-TRSF,385764.0,310.0,Électrique,Inspection,3,58.0,,observée,58.0,2.0,0,0,0.0,Adéquat,58.0,58.0,604.0,604.0,0.0
SF01-PP-PP02-0000AP-PSTTR3-TRSF,386100.0,300.0,Électrique,Inspection,3,56.5,,observée,56.5,0.5,0,0,0.0,Adéquat,56.5,56.5,620.0,620.0,0.0
SF01-PP-PP02-0000AP-PSTTR4-TRSF,212879.0,310.0,Électrique,Inspection,13,55.3,,observée,55.3,60.5,0,0,0.0,Adéquat,55.3,55.3,634.0,634.0,0.0
SF01-PP-PP02-0000AP-PSTTR4-TRSF,385765.0,310.0,Électrique,Inspection,3,85.0,,observée,85.0,31.0,0,0,0.0,Adéquat,85.0,85.0,412.0,412.0,0.0
SF01-PP-PP02-0000AP-PSTTR4-TRSF,386101.0,300.0,Électrique,Inspection,3,86.0,,observée,86.0,29.0,0,0,0.0,Adéquat,86.0,86.0,408.0,408.0,0.0
SF01-PP-PP02-0000AP-PSTTR5-TRSF,212882.0,310.0,Électrique,Inspection,13,37.2,,observée,37.2,35.9,0,0,0.0,Adéquat,37.2,37.2,942.0,942.0,0.0
SF01-PP-PP02-0000AP-PSTTR5-TRSF,385766.0,310.0,Électrique,Inspection,3,84.0,,observée,84.0,28.0,0,0,0.0,Adéquat,84.0,84.0,417.0,417.0,0.0
SF01-PP-PP02-0000AP-PSTTR5-TRSF,386102.0,300.0,Électrique,Inspection,3,86.0,,observée,86.0,30.0,0,0,0.0,Adéquat,86.0,86.0,408.0,408.0,0.0
SF01-PP-PP02-0000AP-PSTTR6-TRSF,212885.0,310.0,Électrique,Inspection,13,68.2,,observée,68.2,96.2,0,0,0.0,Adéquat,68.2,68.2,514.0,514.0,0.0
SF01-PP-PP02-0000AP-PSTTR6-TRSF,385767.0,310.0,Électrique,Inspection,3,85.0,,observée,85.0,30.0,0,0,0.0,Adéquat,85.0,85.0,412.0,412.0,0.0
SF01-PP-PP02-0000AP-PSTTR6-TRSF,386103.0,300.0,Électrique,Inspection,3,84.5,,observée,84.5,28.5,0,0,0.0,Adéquat,84.5,84.5,415.0,415.0,0.0
SF01-PP-PP02-0000AP-PSTVAR,212614.0,310.0,Électrique,Inspection,44,17.2,,observée,17.2,63.6,0,0,0.0,Trop fréquent,17.2,34.4,2038.0,1019.0,1019.0
SF01-PP-PP02-0000AP-PSTVAR,212615.0,360.0,Électrique,Systématique,46,16.6,,observée,16.6,44.2,0,0,0.0,Trop fréquent,16.6,33.2,2111.0,1056.0,1056.0
SF01-PP-PP02-0000AP-PSTVAR,384639.0,310.0,Électrique,Inspection,10,7.4,,observée,7.4,1.3,0,0,0.0,Trop fréquent,7.4,14.8,4736.0,2368.0,2368.0
SF01-PP-PP02-0000AP-PSTVAR,385740.0,360.0,Électrique,Systématique,3,27.5,,observée,27.5,2.5,0,0,0.0,Adéquat,27.5,27.5,1274.0,1274.0,0.0
SF01-PP-PP02-0000AP-S6301C,210830.0,360.0,Mécanique,Systématique,4,175.3,,observée,175.3,35.1,13,2,0.67,Insuffisant,175.3,122.7,3306.0,2504.0,802.0
SF01-PP-PP02-0000AP-S6301C,210831.0,290.0,Mécanique,Inspection,4,175.3,,observée,175.3,10.8,13,2,0.67,Insuffisant,175.3,122.7,3306.0,2504.0,802.0
SF01-PP-PP02-0000AP-S6301C,210832.0,300.0,Mécanique,Inspection,3,337.5,,observée,337.5,27.5,13,1,0.5,Insuffisant,337.5,236.2,1308.0,1008.0,299.0
SF01-PP-PP02-0000AP-S6301C,200000000618.0,300.0,Mécanique,Inspection,29,17.8,30.0,observée,17.8,14.1,13,4,0.14,Adéquat,17.8,17.8,8360.0,8360.0,0.0
SF01-PP-PP02-0000AP-S6301C-GMOT-0MOTEUR,212709.0,360.0,Électrique,Systématique,8,106.9,,observée,106.9,103.3,0,0,0.0,Adéquat,106.9,106.9,328.0,328.0,0.0
SF01-PP-PP02-0000AP-S6301C-GMOT-0MOTEUR,384718.0,310.0,Électrique,Inspection,6,13.4,,observée,13.4,2.2,0,0,0.0,Trop fréquent,13.4,26.8,2615.0,1308.0,1308.0
SF01-PP-PP02-0000AP-S6301C-GMOT-0MOTEUR,385484.0,360.0,Électrique,Systématique,3,80.5,,observée,80.5,24.5,0,0,0.0,Adéquat,80.5,80.5,435.0,435.0,0.0
SF01-PP-PP02-0000AP-S6301C-MOAC,210833.0,290.0,Mécanique,Inspection,4,175.3,,observée,175.3,10.8,0,0,0.0,Adéquat,175.3,175.3,200.0,200.0,0.0
SF01-PP-PP02-0000AP-S6301C-MOAC,210834.0,290.0,Mécanique,Inspection,18,29.4,,observée,29.4,2.7,0,0,0.0,Adéquat,29.4,29.4,1192.0,1192.0,0.0
SF01-PP-PP02-0000AP-S6301P,210835.0,290.0,Mécanique,Inspection,58,7.2,,observée,7.2,2.8,184,35,0.61,Insuffisant,7.2,5.0,73711.0,56128.0,17584.0
SF01-PP-PP02-0000AP-S6301P,210836.0,290.0,Mécanique,Inspection,31,14.7,,observée,14.7,4.6,184,24,0.8,Insuffisant,14.7,10.3,46606.0,34993.0,11613.0
SF01-PP-PP02-0000AP-S6301P,210837.0,290.0,Mécanique,Inspection,4,175.3,,observée,175.3,10.8,184,3,1.0,Insuffisant,175.3,122.7,4835.0,3597.0,1239.0
SF01-PP-PP02-0000AP-S6301P,210838.0,300.0,Mécanique,Inspection,3,337.5,,observée,337.5,27.5,184,2,1.0,Insuffisant,337.5,236.2,2511.0,1868.0,643.0
SF01-PP-PP02-0000AP-S6301P,200000000458.0,290.0,Mécanique,Inspection,3,36.5,30.0,observée,36.5,17.5,184,2,1.0,Insuffisant,36.5,25.5,23223.0,17273.0,5949.0
SF01-PP-PP02-0000AP-S6301P,200000000618.0,290.0,Mécanique,Inspection,7,20.2,30.0,observée,20.2,20.0,184,4,0.67,Insuffisant,20.2,14.1,28687.0,21730.0,6957.0
SF01-PP-PP02-0000AP-S6301P,200000000618.0,300.0,Mécanique,Inspection,24,16.5,30.0,observée,16.5,10.1,184,17,0.74,Insuffisant,16.5,11.5,38567.0,29065.0,9502.0
SF01-PP-PP02-0000AP-S6301P,200000001646.0,290.0,Mécanique,Inspection,12,333.5,,observée,333.5,1032.3,184,9,0.82,Insuffisant,333.5,233.4,2103.0,1577.0,526.0
SF01-PP-PP02-0000AP-S6301P,200000001719.0,300.0,Mécanique,Inspection,13,45.4,91.0,observée,45.4,17.3,184,10,0.83,Insuffisant,45.4,31.8,15628.0,11714.0,3914.0
SF01-PP-PP02-0000AP-S6301P-CIRC,210839.0,290.0,Mécanique,Inspection,12,44.1,,observée,44.1,4.7,1,0,0.0,Adéquat,44.1,44.1,795.0,795.0,0.0
SF01-PP-PP02-0000AP-S6301P-CIRC-RAMPLAVA,200000005459.0,310.0,Mécanique,Inspection,29,15.2,90.0,observée,15.2,7.2,2,1,0.04,Adéquat,15.2,15.2,4444.0,4444.0,0.0
SF01-PP-PP02-0000AP-S6301P-GMOT-0MOTEUR,212711.0,360.0,Électrique,Systématique,8,104.9,,observée,104.9,123.7,0,0,0.0,Adéquat,104.9,104.9,334.0,334.0,0.0
SF01-PP-PP02-0000AP-S6301P-GMOT-0MOTEUR,384719.0,310.0,Électrique,Inspection,6,13.4,,observée,13.4,2.2,0,0,0.0,Trop fréquent,13.4,26.8,2615.0,1308.0,1308.0
SF01-PP-PP02-0000AP-S6301P-GMOT-0MOTEUR,385485.0,360.0,Électrique,Systématique,3,80.5,,observée,80.5,24.5,0,0,0.0,Adéquat,80.5,80.5,435.0,435.0,0.0
SF01-PP-PP02-0000AP-S6301P-MOAC,210840.0,290.0,Mécanique,Inspection,4,175.3,,observée,175.3,10.8,0,0,0.0,Adéquat,175.3,175.3,200.0,200.0,0.0
SF01-PP-PP02-0000AP-S6301P-MOAC,210841.0,290.0,Mécanique,Inspection,18,29.4,,observée,29.4,2.7,0,0,0.0,Adéquat,29.4,29.4,1192.0,1192.0,0.0
SF01-PP-PP02-0000AP-S6301U,210836.0,290.0,Mécanique,Inspection,25,15.6,,observée,15.6,5.8,71,14,0.58,Insuffisant,15.6,10.9,32458.0,24789.0,7669.0
SF01-PP-PP02-0000AP-S6301U,210842.0,290.0,Mécanique,Inspection,58,7.2,,observée,7.2,2.8,71,23,0.4,Insuffisant,7.2,5.0,50011.0,39199.0,10812.0
SF01-PP-PP02-0000AP-S6301U,210843.0,290.0,Mécanique,Inspection,4,175.3,,observée,175.3,10.8,71,3,1.0,Insuffisant,175.3,122.7,4835.0,3597.0,1239.0
SF01-PP-PP02-0000AP-S6301U,210844.0,300.0,Mécanique,Inspection,3,337.5,,observée,337.5,27.5,71,2,1.0,Insuffisant,337.5,236.2,2511.0,1868.0,643.0
SF01-PP-PP02-0000AP-S6301U,200000000458.0,290.0,Mécanique,Inspection,3,36.5,30.0,observée,36.5,17.5,71,2,1.0,Insuffisant,36.5,25.5,23223.0,17273.0,5949.0
SF01-PP-PP02-0000AP-S6301U,200000000618.0,290.0,Mécanique,Inspection,7,20.2,30.0,observée,20.2,20.1,71,1,0.17,Insuffisant,20.2,14.1,8573.0,7363.0,1210.0
SF01-PP-PP02-0000AP-S6301U,200000000618.0,300.0,Mécanique,Inspection,24,16.5,30.0,observée,16.5,10.1,71,14,0.61,Insuffisant,16.5,11.5,32165.0,24492.0,7673.0
SF01-PP-PP02-0000AP-S6301U,200000001646.0,290.0,Mécanique,Inspection,12,333.5,,observée,333.5,1032.3,71,8,0.73,Insuffisant,333.5,233.4,1884.0,1421.0,463.0
SF01-PP-PP02-0000AP-S6301U-GMOT-0MOTEUR,212706.0,360.0,Électrique,Systématique,8,168.9,,observée,168.9,153.6,0,0,0.0,Adéquat,168.9,168.9,207.0,207.0,0.0
SF01-PP-PP02-0000AP-S6301U-GMOT-0MOTEUR,384720.0,310.0,Électrique,Inspection,6,14.4,,observée,14.4,1.5,0,0,0.0,Trop fréquent,14.4,28.8,2434.0,1217.0,1217.0
SF01-PP-PP02-0000AP-S6301U-GMOT-0MOTEUR,385486.0,360.0,Électrique,Systématique,3,80.5,,observée,80.5,24.5,0,0,0.0,Adéquat,80.5,80.5,435.0,435.0,0.0
SF01-PP-PP02-0000AP-S6301U-MOAC,210845.0,290.0,Mécanique,Inspection,4,175.3,,observée,175.3,10.8,0,0,0.0,Adéquat,175.3,175.3,200.0,200.0,0.0
SF01-PP-PP02-0000AP-S6301U-MOAC,210846.0,290.0,Mécanique,Inspection,18,29.4,,observée,29.4,2.7,0,0,0.0,Adéquat,29.4,29.4,1192.0,1192.0,0.0
SF01-PP-PP02-0000AP-T6315A,210854.0,290.0,Mécanique,Inspection,4,175.3,,observée,175.3,10.8,0,0,0.0,Adéquat,175.3,175.3,200.0,200.0,0.0
SF01-PP-PP02-0000AP-T6315A,210855.0,290.0,Mécanique,Inspection,4,175.3,,observée,175.3,10.8,0,0,0.0,Adéquat,175.3,175.3,200.0,200.0,0.0
SF01-PP-PP02-0000AP-T6315B,210857.0,290.0,Mécanique,Inspection,4,175.3,,observée,175.3,10.8,0,0,0.0,Adéquat,175.3,175.3,200.0,200.0,0.0
SF01-PP-PP02-0000AP-T6315B,210858.0,290.0,Mécanique,Inspection,4,175.3,,observée,175.3,10.8,0,0,0.0,Adéquat,175.3,175.3,200.0,200.0,0.0
SF01-PP-PP02-000CLP-0000L1,209211.0,290.0,Mécanique,Inspection,4,175.3,,observée,175.3,10.8,17,3,1.0,Insuffisant,175.3,122.7,4835.0,3597.0,1239.0
SF01-PP-PP02-000CLP-0000L1,200000000458.0,290.0,Mécanique,Inspection,3,36.5,30.0,observée,36.5,17.5,17,0,0.0,Adéquat,36.5,36.5,960.0,960.0,0.0
SF01-PP-PP02-000CLP-0000L1,200000000618.0,290.0,Mécanique,Inspection,5,26.8,30.0,observée,26.8,21.6,17,1,0.25,Insuffisant,26.8,18.8,8888.0,7282.0,1605.0
SF01-PP-PP02-000CLP-0000L1,200000000618.0,300.0,Mécanique,Inspection,24,16.5,30.0,observée,16.5,12.0,17,9,0.39,Insuffisant,16.5,11.5,21330.0,16753.0,4577.0
SF01-PP-PP02-000CLP-0000L1-GMOT-0MOTEUR,384721.0,310.0,Électrique,Inspection,6,13.4,,observée,13.4,1.5,0,0,0.0,Trop fréquent,13.4,26.8,2615.0,1308.0,1308.0
SF01-PP-PP02-000CLP-0000L1-GMOT-DEPARTM,212357.0,310.0,Électrique,Inspection,13,57.1,,observée,57.1,62.4,0,0,0.0,Adéquat,57.1,57.1,614.0,614.0,0.0
SF01-PP-PP02-000CLP-0000L1-GMOT-DEPARTM,384952.0,310.0,Électrique,Inspection,3,28.0,,observée,28.0,0.0,0,0,0.0,Adéquat,28.0,28.0,1252.0,1252.0,0.0
SF01-PP-PP02-000CLP-0000L1-GMOT-DEPARTM,385662.0,360.0,Électrique,Systématique,3,100.5,,observée,100.5,44.5,0,0,0.0,Adéquat,100.5,100.5,349.0,349.0,0.0
SF01-PP-PP02-000CLP-0000L1-MOAC,210592.0,290.0,Mécanique,Inspection,4,175.3,,observée,175.3,10.8,0,0,0.0,Adéquat,175.3,175.3,200.0,200.0,0.0
SF01-PP-PP02-000CLP-0000L1-MOAC,210593.0,290.0,Mécanique,Inspection,18,29.4,,observée,29.4,2.7,0,0,0.0,Adéquat,29.4,29.4,1192.0,1192.0,0.0
SF01-PP-PP02-000CLP-0000L2,209212.0,290.0,Mécanique,Inspection,4,175.3,,observée,175.3,10.8,20,3,1.0,Insuffisant,175.3,122.7,4835.0,3597.0,1239.0
SF01-PP-PP02-000CLP-0000L2,200000000458.0,290.0,Mécanique,Inspection,3,36.5,30.0,observée,36.5,17.5,20,1,0.5,Insuffisant,36.5,25.5,12091.0,9323.0,2769.0
SF01-PP-PP02-000CLP-0000L2,200000000618.0,300.0,Mécanique,Inspection,28,18.4,30.0,observée,18.4,14.9,20,10,0.37,Insuffisant,18.4,12.9,18245.0,14392.0,3852.0
SF01-PP-PP02-000CLP-0000L2-GMOT-0MOTEUR,384722.0,310.0,Électrique,Inspection,6,13.4,,observée,13.4,2.1,0,0,0.0,Trop fréquent,13.4,26.8,2615.0,1308.0,1308.0
SF01-PP-PP02-000CLP-0000L2-GMOT-DEPARTM,212360.0,310.0,Électrique,Inspection,13,65.8,,observée,65.8,82.2,0,0,0.0,Adéquat,65.8,65.8,533.0,533.0,0.0
SF01-PP-PP02-000CLP-0000L2-GMOT-DEPARTM,384953.0,310.0,Électrique,Inspection,3,29.0,,observée,29.0,1.0,0,0,0.0,Adéquat,29.0,29.0,1208.0,1208.0,0.0
SF01-PP-PP02-000CLP-0000L2-GMOT-DEPARTM,385663.0,360.0,Électrique,Systématique,3,104.0,,observée,104.0,48.0,0,0,0.0,Adéquat,104.0,104.0,337.0,337.0,0.0
SF01-PP-PP02-000CLP-0000L2-MOAC,210594.0,290.0,Mécanique,Inspection,4,175.3,,observée,175.3,10.8,0,0,0.0,Adéquat,175.3,175.3,200.0,200.0,0.0
SF01-PP-PP02-000CLP-0000L2-MOAC,210595.0,290.0,Mécanique,Inspection,18,29.4,,observée,29.4,2.7,0,0,0.0,Adéquat,29.4,29.4,1192.0,1192.0,0.0
SF01-PP-PP02-000CLP-0000L3,209213.0,290.0,Mécanique,Inspection,4,175.3,,observée,175.3,10.8,10,3,1.0,Insuffisant,175.3,122.7,4835.0,3597.0,1239.0
SF01-PP-PP02-000CLP-0000L3,200000000458.0,290.0,Mécanique,Inspection,3,36.5,30.0,observée,36.5,17.5,10,0,0.0,Adéquat,36.5,36.5,960.0,960.0,0.0
SF01-PP-PP02-000CLP-0000L3,200000000618.0,300.0,Mécanique,Inspection,28,18.4,30.0,observée,18.4,14.9,10,7,0.26,Insuffisant,18.4,12.9,13387.0,10922.0,2464.0
SF01-PP-PP02-000CLP-0000L3-GMOT-0MOTEUR,384723.0,310.0,Électrique,Inspection,6,14.4,,observée,14.4,2.7,0,0,0.0,Trop fréquent,14.4,28.8,2434.0,1217.0,1217.0
SF01-PP-PP02-000CLP-0000L3-GMOT-DEPARTM,212363.0,310.0,Électrique,Inspection,13,64.7,,observée,64.7,78.9,0,0,0.0,Adéquat,64.7,64.7,542.0,542.0,0.0
SF01-PP-PP02-000CLP-0000L3-GMOT-DEPARTM,384954.0,310.0,Électrique,Inspection,3,28.0,,observée,28.0,0.0,0,0,0.0,Adéquat,28.0,28.0,1252.0,1252.0,0.0
SF01-PP-PP02-000CLP-0000L3-GMOT-DEPARTM,385664.0,360.0,Électrique,Systématique,3,107.5,,observée,107.5,51.5,0,0,0.0,Adéquat,107.5,107.5,326.0,326.0,0.0
SF01-PP-PP02-000CLP-0000L3-MOAC,210596.0,290.0,Mécanique,Inspection,4,175.3,,observée,175.3,10.8,0,0,0.0,Adéquat,175.3,175.3,200.0,200.0,0.0
SF01-PP-PP02-000CLP-0000L3-MOAC,210597.0,290.0,Mécanique,Inspection,18,29.4,,observée,29.4,2.7,0,0,0.0,Adéquat,29.4,29.4,1192.0,1192.0,0.0
SF01-PP-PP02-000CLP-0Q6203,209441.0,290.0,Mécanique,Inspection,4,175.3,,observée,175.3,10.8,8,1,0.33,Insuffisant,175.3,122.7,1730.0,1378.0,351.0
SF01-PP-PP02-000CLP-0Q6203,200000000458.0,290.0,Mécanique,Inspection,3,36.5,30.0,observée,36.5,17.5,8,1,0.5,Insuffisant,36.5,25.5,12091.0,9323.0,2769.0
SF01-PP-PP02-000CLP-0Q6203,200000000618.0,300.0,Mécanique,Inspection,27,19.1,30.0,observée,19.1,14.2,8,4,0.15,Adéquat,19.1,19.1,8216.0,8216.0,0.0
SF01-PP-PP02-000CLP-0Q6203-GMOT-0MOTEUR,384724.0,310.0,Électrique,Inspection,6,14.4,,observée,14.4,1.6,0,0,0.0,Trop fréquent,14.4,28.8,2434.0,1217.0,1217.0
SF01-PP-PP02-000CLP-0Q6203-GMOT-DEPARTM,212645.0,310.0,Électrique,Inspection,13,63.5,,observée,63.5,82.1,0,0,0.0,Adéquat,63.5,63.5,552.0,552.0,0.0
SF01-PP-PP02-000CLP-0Q6203-GMOT-DEPARTM,384955.0,310.0,Électrique,Inspection,3,28.0,,observée,28.0,0.0,0,0,0.0,Adéquat,28.0,28.0,1252.0,1252.0,0.0
SF01-PP-PP02-000CLP-0Q6203-GMOT-DEPARTM,385665.0,360.0,Électrique,Systématique,3,111.0,,observée,111.0,55.0,0,0,0.0,Adéquat,111.0,111.0,316.0,316.0,0.0
SF01-PP-PP02-000CLP-0Q6203-MOAC,210769.0,290.0,Mécanique,Inspection,4,175.3,,observée,175.3,10.8,0,0,0.0,Adéquat,175.3,175.3,200.0,200.0,0.0
SF01-PP-PP02-000CLP-0Q6203-MOAC,210770.0,290.0,Mécanique,Inspection,18,29.4,,observée,29.4,2.7,0,0,0.0,Adéquat,29.4,29.4,1192.0,1192.0,0.0
SF01-PP-PP02-000CLP-FACIEL-BJL1,211632.0,360.0,Électrique,Systématique,6,153.2,,observée,153.2,82.0,0,0,0.0,Adéquat,153.2,153.2,229.0,229.0,0.0
SF01-PP-PP02-000CLP-FACIEL-BJL2,211633.0,360.0,Électrique,Systématique,6,91.0,,observée,91.0,36.3,0,0,0.0,Adéquat,91.0,91.0,385.0,385.0,0.0
SF01-PP-PP02-000CLP-FACIEL-BJL3,211634.0,360.0,Électrique,Systématique,6,91.0,,observée,91.0,29.2,0,0,0.0,Adéquat,91.0,91.0,385.0,385.0,0.0
SF01-PP-PP02-000CLP-FACIEL-ECL1,212368.0,360.0,Électrique,Systématique,6,129.4,,observée,129.4,37.6,0,0,0.0,Adéquat,129.4,129.4,271.0,271.0,0.0
SF01-PP-PP02-000CLP-FACIEL-ECL2,212366.0,360.0,Électrique,Systématique,6,133.6,,observée,133.6,45.1,0,0,0.0,Adéquat,133.6,133.6,262.0,262.0,0.0
SF01-PP-PP02-000CLP-FACIEL-ECL3,212367.0,360.0,Électrique,Systématique,6,146.2,,observée,146.2,68.6,0,0,0.0,Adéquat,146.2,146.2,240.0,240.0,0.0
SF01-PP-PP02-000CLP-FACIEL-PCL1,211635.0,360.0,Électrique,Systématique,6,91.0,,observée,91.0,40.6,0,0,0.0,Adéquat,91.0,91.0,385.0,385.0,0.0
SF01-PP-PP02-000CLP-FACIEL-PCL2,211636.0,360.0,Électrique,Systématique,6,91.0,,observée,91.0,43.7,0,0,0.0,Adéquat,91.0,91.0,385.0,385.0,0.0
SF01-PP-PP02-000CLP-FACIEL-PCL3,211637.0,360.0,Électrique,Systématique,6,91.0,,observée,91.0,47.7,0,0,0.0,Adéquat,91.0,91.0,385.0,385.0,0.0
SF01-PP-PP02-000CLP-PSTMBT,212600.0,310.0,Électrique,Inspection,43,15.9,,observée,15.9,38.7,0,0,0.0,Trop fréquent,15.9,31.8,2204.0,1102.0,1102.0
SF01-PP-PP02-000CLP-PSTMBT,212601.0,360.0,Électrique,Systématique,45,18.9,,observée,18.9,58.6,0,0,0.0,Trop fréquent,18.9,37.8,1854.0,927.0,927.0
SF01-PP-PP02-000CLP-PSTMBT,384640.0,310.0,Électrique,Inspection,10,6.9,,observée,6.9,1.9,0,0,0.0,Trop fréquent,6.9,13.8,5079.0,2540.0,2540.0
SF01-PP-PP02-000CLP-PSTMBT,385741.0,360.0,Électrique,Systématique,3,27.5,,observée,27.5,2.5,0,0,0.0,Adéquat,27.5,27.5,1274.0,1274.0,0.0
SF01-PP-PP02-000CLP-PSTMBT-TGBT,385011.0,310.0,Électrique,Inspection,3,27.5,,observée,27.5,0.5,0,0,0.0,Adéquat,27.5,27.5,1274.0,1274.0,0.0
SF01-PP-PP02-000CLP-PSTTR1-TRSF,212835.0,310.0,Électrique,Inspection,13,57.1,,observée,57.1,61.1,0,0,0.0,Adéquat,57.1,57.1,614.0,614.0,0.0
SF01-PP-PP02-000CLP-PSTTR1-TRSF,385768.0,310.0,Électrique,Inspection,3,85.5,,observée,85.5,28.5,0,0,0.0,Adéquat,85.5,85.5,410.0,410.0,0.0
SF01-PP-PP02-000CLP-PSTTR1-TRSF,386104.0,300.0,Électrique,Inspection,3,86.0,,observée,86.0,29.0,0,0,0.0,Adéquat,86.0,86.0,408.0,408.0,0.0
SF01-PP-PP02-000CLP-PSTTR2-TRSF,212856.0,310.0,Électrique,Inspection,13,46.0,,observée,46.0,37.5,0,0,0.0,Adéquat,46.0,46.0,762.0,762.0,0.0
SF01-PP-PP02-000CLP-PSTTR2-TRSF,385769.0,310.0,Électrique,Inspection,3,85.0,,observée,85.0,28.0,0,0,0.0,Adéquat,85.0,85.0,412.0,412.0,0.0
SF01-PP-PP02-000CLP-PSTTR2-TRSF,386105.0,300.0,Électrique,Inspection,3,85.5,,observée,85.5,28.5,0,0,0.0,Adéquat,85.5,85.5,410.0,410.0,0.0
SF01-PP-PP02-000SDP-0061TA,209218.0,290.0,Mécanique,Inspection,4,175.3,,observée,175.3,10.8,15,3,1.0,Insuffisant,175.3,122.7,4835.0,3597.0,1239.0
SF01-PP-PP02-000SDP-0061TA,200000000458.0,290.0,Mécanique,Inspection,4,24.3,30.0,observée,24.3,7.5,15,1,0.33,Insuffisant,24.3,17.0,12477.0,9942.0,2535.0
SF01-PP-PP02-000SDP-0061TA,200000001719.0,300.0,Mécanique,Inspection,13,45.0,91.0,observée,45.0,16.5,15,7,0.58,Insuffisant,45.0,31.5,11252.0,8593.0,2659.0
SF01-PP-PP02-000SDP-0061TA-GMOT-0MOTEUR,384725.0,310.0,Électrique,Inspection,6,14.4,,observée,14.4,1.6,0,0,0.0,Trop fréquent,14.4,28.8,2434.0,1217.0,1217.0
SF01-PP-PP02-000SDP-0061TA-GMOT-DEPARTM,212073.0,310.0,Électrique,Inspection,13,102.0,,observée,102.0,190.7,0,0,0.0,Adéquat,102.0,102.0,344.0,344.0,0.0
SF01-PP-PP02-000SDP-0061TA-GMOT-DEPARTM,384956.0,310.0,Électrique,Inspection,3,26.5,,observée,26.5,2.5,0,0,0.0,Adéquat,26.5,26.5,1322.0,1322.0,0.0
SF01-PP-PP02-000SDP-0061TA-GMOT-DEPARTM,385666.0,360.0,Électrique,Systématique,3,188.0,,observée,188.0,132.0,0,0,0.0,Adéquat,188.0,188.0,186.0,186.0,0.0
SF01-PP-PP02-000SDP-0061TA-MOAC,209937.0,290.0,Mécanique,Inspection,4,175.3,,observée,175.3,10.8,0,0,0.0,Adéquat,175.3,175.3,200.0,200.0,0.0
SF01-PP-PP02-000SDP-0061TA-MOAC,209938.0,290.0,Mécanique,Inspection,18,29.4,,observée,29.4,4.7,0,0,0.0,Adéquat,29.4,29.4,1192.0,1192.0,0.0
SF01-PP-PP02-000SDP-0061TB,209219.0,290.0,Mécanique,Inspection,4,175.3,,observée,175.3,10.8,11,3,1.0,Insuffisant,175.3,122.7,4835.0,3597.0,1239.0
SF01-PP-PP02-000SDP-0061TB,200000000458.0,290.0,Mécanique,Inspection,4,24.3,30.0,observée,24.3,16.6,11,1,0.33,Insuffisant,24.3,17.0,12477.0,9942.0,2535.0
SF01-PP-PP02-000SDP-0061TB,200000001719.0,300.0,Mécanique,Inspection,13,45.0,91.0,observée,45.0,16.5,11,6,0.5,Insuffisant,45.0,31.5,9807.0,7562.0,2246.0
SF01-PP-PP02-000SDP-0061TB-GMOT-0MOTEUR,384726.0,310.0,Électrique,Inspection,6,13.4,,observée,13.4,1.2,0,0,0.0,Trop fréquent,13.4,26.8,2615.0,1308.0,1308.0
SF01-PP-PP02-000SDP-0061TB-GMOT-DEPARTM,212074.0,310.0,Électrique,Inspection,13,44.2,,observée,44.2,26.4,0,0,0.0,Adéquat,44.2,44.2,793.0,793.0,0.0
SF01-PP-PP02-000SDP-0061TB-GMOT-DEPARTM,384957.0,310.0,Électrique,Inspection,3,26.5,,observée,26.5,2.5,0,0,0.0,Adéquat,26.5,26.5,1322.0,1322.0,0.0
SF01-PP-PP02-000SDP-0061TB-GMOT-DEPARTM,385667.0,360.0,Électrique,Systématique,3,191.5,,observée,191.5,135.5,0,0,0.0,Adéquat,191.5,191.5,183.0,183.0,0.0
SF01-PP-PP02-000SDP-0061TB-MOAC,209939.0,290.0,Mécanique,Inspection,4,175.3,,observée,175.3,10.8,0,0,0.0,Adéquat,175.3,175.3,200.0,200.0,0.0
SF01-PP-PP02-000SDP-0061TB-MOAC,209940.0,290.0,Mécanique,Inspection,18,29.4,,observée,29.4,4.7,0,0,0.0,Adéquat,29.4,29.4,1192.0,1192.0,0.0
SF01-PP-PP02-000SDP-0061TC,209220.0,290.0,Mécanique,Inspection,4,175.3,,observée,175.3,10.8,18,3,1.0,Insuffisant,175.3,122.7,4835.0,3597.0,1239.0
SF01-PP-PP02-000SDP-0061TC,200000000458.0,290.0,Mécanique,Inspection,4,24.3,30.0,observée,24.3,16.6,18,0,0.0,Adéquat,24.3,24.3,1442.0,1442.0,0.0
SF01-PP-PP02-000SDP-0061TC,200000001719.0,300.0,Mécanique,Inspection,13,45.0,91.0,observée,45.0,16.5,18,7,0.58,Insuffisant,45.0,31.5,11252.0,8593.0,2659.0
SF01-PP-PP02-000SDP-0061TC-GMOT-0MOTEUR,384727.0,310.0,Électrique,Inspection,6,13.8,,observée,13.8,2.6,0,0,0.0,Trop fréquent,13.8,27.6,2540.0,1270.0,1270.0
SF01-PP-PP02-000SDP-0061TC-GMOT-DEPARTM,212075.0,310.0,Électrique,Inspection,13,48.3,,observée,48.3,29.3,0,0,0.0,Adéquat,48.3,48.3,726.0,726.0,0.0
SF01-PP-PP02-000SDP-0061TC-GMOT-DEPARTM,384958.0,310.0,Électrique,Inspection,3,29.0,,observée,29.0,0.0,0,0,0.0,Adéquat,29.0,29.0,1208.0,1208.0,0.0
SF01-PP-PP02-000SDP-0061TC-GMOT-DEPARTM,385668.0,360.0,Électrique,Systématique,3,195.0,,observée,195.0,139.0,0,0,0.0,Adéquat,195.0,195.0,180.0,180.0,0.0
SF01-PP-PP02-000SDP-0061TC-MOAC,209941.0,290.0,Mécanique,Inspection,4,175.3,,observée,175.3,10.8,0,0,0.0,Adéquat,175.3,175.3,200.0,200.0,0.0
SF01-PP-PP02-000SDP-0061TC-MOAC,209942.0,290.0,Mécanique,Inspection,18,29.4,,observée,29.4,4.7,0,0,0.0,Adéquat,29.4,29.4,1192.0,1192.0,0.0
SF01-PP-PP02-000SDP-0061TD,209221.0,290.0,Mécanique,Inspection,4,175.3,,observée,175.3,10.8,23,3,1.0,Insuffisant,175.3,122.7,4835.0,3597.0,1239.0
SF01-PP-PP02-000SDP-0061TD,200000000458.0,290.0,Mécanique,Inspection,4,24.3,30.0,observée,24.3,16.6,23,0,0.0,Adéquat,24.3,24.3,1442.0,1442.0,0.0
SF01-PP-PP02-000SDP-0061TD,200000000618.0,300.0,Mécanique,Inspection,29,17.8,30.0,observée,17.8,14.1,23,12,0.43,Insuffisant,17.8,12.5,21599.0,16834.0,4765.0
SF01-PP-PP02-000SDP-0061TD-GMOT-0MOTEUR,384728.0,310.0,Électrique,Inspection,6,14.8,,observée,14.8,1.7,0,0,0.0,Trop fréquent,14.8,29.6,2368.0,1184.0,1184.0
SF01-PP-PP02-000SDP-0061TD-GMOT-DEPARTM,212076.0,310.0,Électrique,Inspection,13,51.8,,observée,51.8,45.2,0,0,0.0,Adéquat,51.8,51.8,677.0,677.0,0.0
SF01-PP-PP02-000SDP-0061TD-GMOT-DEPARTM,384959.0,310.0,Électrique,Inspection,3,29.0,,observée,29.0,0.0,0,0,0.0,Adéquat,29.0,29.0,1208.0,1208.0,0.0
SF01-PP-PP02-000SDP-0061TD-GMOT-DEPARTM,385669.0,360.0,Électrique,Systématique,3,100.5,,observée,100.5,44.5,0,0,0.0,Adéquat,100.5,100.5,349.0,349.0,0.0
SF01-PP-PP02-000SDP-0061TD-MOAC,209943.0,290.0,Mécanique,Inspection,4,175.3,,observée,175.3,10.8,0,0,0.0,Adéquat,175.3,175.3,200.0,200.0,0.0
SF01-PP-PP02-000SDP-0061TD-MOAC,209944.0,290.0,Mécanique,Inspection,18,29.4,,observée,29.4,4.4,0,0,0.0,Adéquat,29.4,29.4,1192.0,1192.0,0.0
SF01-PP-PP02-000SDP-0061TE,209222.0,290.0,Mécanique,Inspection,4,175.3,,observée,175.3,10.8,12,3,1.0,Insuffisant,175.3,122.7,4835.0,3597.0,1239.0
SF01-PP-PP02-000SDP-0061TE,200000000458.0,290.0,Mécanique,Inspection,4,24.3,30.0,observée,24.3,16.6,12,0,0.0,Adéquat,24.3,24.3,1442.0,1442.0,0.0
SF01-PP-PP02-000SDP-0061TE,200000000618.0,300.0,Mécanique,Inspection,29,17.8,30.0,observée,17.8,14.1,12,6,0.21,Insuffisant,17.8,12.5,11556.0,9660.0,1895.0
SF01-PP-PP02-000SDP-0061TE-GMOT-0MOTEUR,384729.0,310.0,Électrique,Inspection,6,13.8,,observée,13.8,2.1,0,0,0.0,Trop fréquent,13.8,27.6,2540.0,1270.0,1270.0
SF01-PP-PP02-000SDP-0061TE-GMOT-DEPARTM,212077.0,310.0,Électrique,Inspection,13,51.8,,observée,51.8,47.3,0,0,0.0,Adéquat,51.8,51.8,677.0,677.0,0.0
SF01-PP-PP02-000SDP-0061TE-GMOT-DEPARTM,384960.0,310.0,Électrique,Inspection,3,27.0,,observée,27.0,2.0,0,0,0.0,Adéquat,27.0,27.0,1298.0,1298.0,0.0
SF01-PP-PP02-000SDP-0061TE-GMOT-DEPARTM,385670.0,360.0,Électrique,Systématique,3,104.0,,observée,104.0,48.0,0,0,0.0,Adéquat,104.0,104.0,337.0,337.0,0.0
SF01-PP-PP02-000SDP-0061TE-MOAC,209945.0,290.0,Mécanique,Inspection,4,175.3,,observée,175.3,10.8,0,0,0.0,Adéquat,175.3,175.3,200.0,200.0,0.0
SF01-PP-PP02-000SDP-0061TE-MOAC,209946.0,290.0,Mécanique,Inspection,18,29.4,,observée,29.4,4.4,0,0,0.0,Adéquat,29.4,29.4,1192.0,1192.0,0.0
SF01-PP-PP02-000SDP-0061TF,209223.0,290.0,Mécanique,Inspection,4,175.3,,observée,175.3,10.8,32,2,0.67,Insuffisant,175.3,122.7,3306.0,2504.0,802.0
SF01-PP-PP02-000SDP-0061TF,200000000458.0,290.0,Mécanique,Inspection,4,24.3,30.0,observée,24.3,16.6,32,0,0.0,Adéquat,24.3,24.3,1442.0,1442.0,0.0
SF01-PP-PP02-000SDP-0061TF,200000000618.0,290.0,Mécanique,Inspection,7,20.2,30.0,observée,20.2,20.0,32,3,0.5,Insuffisant,20.2,14.1,21848.0,16845.0,5003.0
SF01-PP-PP02-000SDP-0061TF,200000000618.0,300.0,Mécanique,Inspection,24,16.5,30.0,observée,16.5,10.1,32,8,0.35,Insuffisant,16.5,11.5,19361.0,15346.0,4014.0
SF01-PP-PP02-000SDP-0061TF-GMOT-0MOTEUR,384730.0,310.0,Électrique,Inspection,6,13.8,,observée,13.8,2.1,0,0,0.0,Trop fréquent,13.8,27.6,2540.0,1270.0,1270.0
SF01-PP-PP02-000SDP-0061TF-GMOT-DEPARTM,212078.0,310.0,Électrique,Inspection,13,70.5,,observée,70.5,71.0,1,1,0.08,Adéquat,70.5,70.5,1419.0,1419.0,0.0
SF01-PP-PP02-000SDP-0061TF-GMOT-DEPARTM,384961.0,310.0,Électrique,Inspection,3,26.5,,observée,26.5,2.5,1,0,0.0,Adéquat,26.5,26.5,1322.0,1322.0,0.0
SF01-PP-PP02-000SDP-0061TF-GMOT-DEPARTM,385671.0,360.0,Électrique,Systématique,3,107.5,,observée,107.5,51.5,1,0,0.0,Adéquat,107.5,107.5,326.0,326.0,0.0
SF01-PP-PP02-000SDP-0061TF-MOAC,209947.0,290.0,Mécanique,Inspection,4,175.3,,observée,175.3,10.8,0,0,0.0,Adéquat,175.3,175.3,200.0,200.0,0.0
SF01-PP-PP02-000SDP-0061TF-MOAC,209948.0,290.0,Mécanique,Inspection,18,29.4,,observée,29.4,4.4,0,0,0.0,Adéquat,29.4,29.4,1192.0,1192.0,0.0
SF01-PP-PP02-000SDP-061D00,209298.0,290.0,Mécanique,Inspection,4,177.0,,observée,177.0,8.5,1,1,0.33,Insuffisant,177.0,123.9,1713.0,1365.0,348.0
SF01-PP-PP02-000SDP-061D00-MOAC,209934.0,290.0,Mécanique,Inspection,4,175.3,,observée,175.3,10.8,0,0,0.0,Adéquat,175.3,175.3,200.0,200.0,0.0
SF01-PP-PP02-000SDP-061D00-MOAC,209935.0,290.0,Mécanique,Inspection,18,29.4,,observée,29.4,5.0,0,0,0.0,Adéquat,29.4,29.4,1192.0,1192.0,0.0
SF01-PP-PP02-000SDP-061H00,209300.0,290.0,Mécanique,Inspection,4,177.0,,observée,177.0,8.5,0,0,0.0,Adéquat,177.0,177.0,198.0,198.0,0.0
SF01-PP-PP02-000SDP-061H00,212894.0,360.0,Électrique,Systématique,6,137.8,,observée,137.8,67.1,0,0,0.0,Adéquat,137.8,137.8,254.0,254.0,0.0
SF01-PP-PP02-000SDP-061H01,209302.0,290.0,Mécanique,Inspection,4,175.3,,observée,175.3,10.8,0,0,0.0,Adéquat,175.3,175.3,200.0,200.0,0.0
SF01-PP-PP02-000SDP-061H01,212209.0,360.0,Électrique,Systématique,6,136.4,,observée,136.4,78.7,0,0,0.0,Adéquat,136.4,136.4,257.0,257.0,0.0
SF01-PP-PP02-000SDP-061KA1,209303.0,290.0,Mécanique,Inspection,4,175.3,,observée,175.3,10.8,0,0,0.0,Adéquat,175.3,175.3,200.0,200.0,0.0
SF01-PP-PP02-000SDP-061KA2,209304.0,290.0,Mécanique,Inspection,4,175.3,,observée,175.3,10.8,0,0,0.0,Adéquat,175.3,175.3,200.0,200.0,0.0
SF01-PP-PP02-000SDP-061KA3,209305.0,290.0,Mécanique,Inspection,4,175.3,,observée,175.3,10.8,1,1,0.33,Insuffisant,175.3,122.7,1730.0,1378.0,351.0
SF01-PP-PP02-000SDP-061KB1,209306.0,290.0,Mécanique,Inspection,4,175.3,,observée,175.3,10.8,0,0,0.0,Adéquat,175.3,175.3,200.0,200.0,0.0
SF01-PP-PP02-000SDP-061KB2,209307.0,290.0,Mécanique,Inspection,4,175.3,,observée,175.3,10.8,0,0,0.0,Adéquat,175.3,175.3,200.0,200.0,0.0
SF01-PP-PP02-000SDP-061KB3,209308.0,290.0,Mécanique,Inspection,4,175.3,,observée,175.3,10.8,0,0,0.0,Adéquat,175.3,175.3,200.0,200.0,0.0
SF01-PP-PP02-000SDP-061KC1,209309.0,290.0,Mécanique,Inspection,4,175.3,,observée,175.3,10.8,0,0,0.0,Adéquat,175.3,175.3,200.0,200.0,0.0
SF01-PP-PP02-000SDP-061KC2,209310.0,290.0,Mécanique,Inspection,4,175.3,,observée,175.3,10.8,0,0,0.0,Adéquat,175.3,175.3,200.0,200.0,0.0
SF01-PP-PP02-000SDP-061KC3,209311.0,290.0,Mécanique,Inspection,4,175.3,,observée,175.3,10.8,0,0,0.0,Adéquat,175.3,175.3,200.0,200.0,0.0
SF01-PP-PP02-000SDP-061W00,209312.0,290.0,Mécanique,Inspection,4,175.3,,observée,175.3,10.8,0,0,0.0,Adéquat,175.3,175.3,200.0,200.0,0.0
SF01-PP-PP02-000SDP-061W00-MOAC,209949.0,290.0,Mécanique,Inspection,4,175.3,,observée,175.3,10.8,0,0,0.0,Adéquat,175.3,175.3,200.0,200.0,0.0
SF01-PP-PP02-000SDP-061W00-MOAC,209950.0,290.0,Mécanique,Inspection,18,29.4,,observée,29.4,4.4,0,0,0.0,Adéquat,29.4,29.4,1192.0,1192.0,0.0
SF01-PP-PP02-000SDP-FACIEL-0BD1,211754.0,360.0,Électrique,Systématique,6,147.6,,observée,147.6,87.3,0,0,0.0,Adéquat,147.6,147.6,237.0,237.0,0.0
SF01-PP-PP02-000SDP-FACIEL-0BD2,211755.0,360.0,Électrique,Systématique,6,149.0,,observée,149.0,84.7,0,0,0.0,Adéquat,149.0,149.0,235.0,235.0,0.0
SF01-PP-PP02-000SDP-FACIEL-0BD3,211756.0,360.0,Électrique,Systématique,6,123.8,,observée,123.8,64.4,0,0,0.0,Adéquat,123.8,123.8,283.0,283.0,0.0
SF01-PP-PP02-000SDP-FACIEL-0BD4,211757.0,360.0,Électrique,Systématique,6,158.8,,observée,158.8,112.9,0,0,0.0,Adéquat,158.8,158.8,221.0,221.0,0.0
SF01-PP-PP02-000SDP-FACIEL-0BD5,211758.0,360.0,Électrique,Systématique,6,160.2,,observée,160.2,76.4,0,0,0.0,Adéquat,160.2,160.2,219.0,219.0,0.0
SF01-PP-PP02-000SDP-FACIEL-0BD6,211759.0,360.0,Électrique,Systématique,6,121.0,,observée,121.0,68.3,0,0,0.0,Adéquat,121.0,121.0,290.0,290.0,0.0
SF01-PP-PP02-000SDP-FACIEL-0BD7,211760.0,360.0,Électrique,Systématique,6,122.4,,observée,122.4,64.6,0,0,0.0,Adéquat,122.4,122.4,286.0,286.0,0.0
SF01-PP-PP02-000SDP-FACIEL-0BD8,211761.0,360.0,Électrique,Systématique,6,123.8,,observée,123.8,55.7,0,0,0.0,Adéquat,123.8,123.8,283.0,283.0,0.0
SF01-PP-PP02-000SDP-FACIEL-0BD9,211762.0,360.0,Électrique,Systématique,6,125.2,,observée,125.2,57.8,0,0,0.0,Adéquat,125.2,125.2,280.0,280.0,0.0
SF01-PP-PP02-000SDP-FACIEL-BD10,211763.0,360.0,Électrique,Systématique,6,153.2,,observée,153.2,43.9,0,0,0.0,Adéquat,153.2,153.2,229.0,229.0,0.0
SF01-PP-PP02-000SDP-FACIEL-ECD1,212264.0,360.0,Électrique,Systématique,5,193.2,,observée,193.2,87.5,0,0,0.0,Adéquat,193.2,193.2,181.0,181.0,0.0
SF01-PP-PP02-000SDP-FACIEL-ECD2,212265.0,360.0,Électrique,Systématique,6,156.0,,observée,156.0,106.2,0,0,0.0,Adéquat,156.0,156.0,225.0,225.0,0.0
SF01-PP-PP02-000SDP-FACIEL-ECD3,212266.0,360.0,Électrique,Systématique,6,157.4,,observée,157.4,75.9,0,0,0.0,Adéquat,157.4,157.4,223.0,223.0,0.0
SF01-PP-PP02-000SDP-FACIEL-PCD1,211764.0,360.0,Électrique,Systématique,6,140.6,,observée,140.6,58.8,0,0,0.0,Adéquat,140.6,140.6,249.0,249.0,0.0
SF01-PP-PP02-000SDP-PSTMBT,212604.0,310.0,Électrique,Inspection,43,16.2,,observée,16.2,58.3,0,0,0.0,Trop fréquent,16.2,32.4,2163.0,1082.0,1082.0
SF01-PP-PP02-000SDP-PSTMBT,212605.0,360.0,Électrique,Systématique,45,16.0,,observée,16.0,58.2,0,0,0.0,Trop fréquent,16.0,32.0,2190.0,1095.0,1095.0
SF01-PP-PP02-000SDP-PSTMBT,384641.0,310.0,Électrique,Inspection,10,6.9,,observée,6.9,1.9,0,0,0.0,Trop fréquent,6.9,13.8,5079.0,2540.0,2540.0
SF01-PP-PP02-000SDP-PSTMBT,385742.0,360.0,Électrique,Systématique,3,29.5,,observée,29.5,0.5,0,0,0.0,Adéquat,29.5,29.5,1188.0,1188.0,0.0
SF01-PP-PP02-000SDP-PSTMBT-TGBT,385012.0,310.0,Électrique,Inspection,3,27.5,,observée,27.5,0.5,0,0,0.0,Adéquat,27.5,27.5,1274.0,1274.0,0.0
SF01-PP-PP02-000SDP-PSTTR1-TRSF,212847.0,310.0,Électrique,Inspection,13,25.9,,observée,25.9,7.5,0,0,0.0,Adéquat,25.9,25.9,1353.0,1353.0,0.0
SF01-PP-PP02-000SDP-PSTTR1-TRSF,385770.0,310.0,Électrique,Inspection,3,85.5,,observée,85.5,29.5,0,0,0.0,Adéquat,85.5,85.5,410.0,410.0,0.0
SF01-PP-PP02-000SDP-PSTTR1-TRSF,386106.0,300.0,Électrique,Inspection,3,84.0,,observée,84.0,28.0,0,0,0.0,Adéquat,84.0,84.0,417.0,417.0,0.0
SF01-PP-PP02-000SDP-PSTTR2-TRSF,212867.0,310.0,Électrique,Inspection,13,26.0,,observée,26.0,5.9,0,0,0.0,Adéquat,26.0,26.0,1348.0,1348.0,0.0
SF01-PP-PP02-000SDP-PSTTR2-TRSF,385771.0,310.0,Électrique,Inspection,3,85.0,,observée,85.0,29.0,0,0,0.0,Adéquat,85.0,85.0,412.0,412.0,0.0
SF01-PP-PP02-000SDP-PSTTR2-TRSF,386107.0,300.0,Électrique,Inspection,3,86.0,,observée,86.0,30.0,0,0,0.0,Adéquat,86.0,86.0,408.0,408.0,0.0
SF01-PP-PP02-000U65-0D6510,209347.0,290.0,Mécanique,Inspection,4,175.3,,observée,175.3,10.8,0,0,0.0,Adéquat,175.3,175.3,200.0,200.0,0.0
SF01-PP-PP02-000U65-0M6502,209413.0,290.0,Mécanique,Inspection,4,175.3,,observée,175.3,10.8,0,0,0.0,Adéquat,175.3,175.3,200.0,200.0,0.0
SF01-PP-PP02-000U65-0M6504,209415.0,290.0,Mécanique,Inspection,7,88.0,,observée,88.0,10.6,1,1,0.17,Insuffisant,88.0,61.6,1968.0,1690.0,278.0
SF01-PP-PP02-000U65-0M6504,200000001719.0,300.0,Mécanique,Inspection,13,45.4,91.0,observée,45.4,17.3,1,1,0.08,Adéquat,45.4,45.4,2204.0,2204.0,0.0
SF01-PP-PP02-000U65-0M6505,209416.0,290.0,Mécanique,Inspection,4,175.3,,observée,175.3,10.8,1,1,0.33,Insuffisant,175.3,122.7,1730.0,1378.0,351.0
SF01-PP-PP02-000U65-0M6505,200000001719.0,300.0,Mécanique,Inspection,13,45.4,91.0,observée,45.4,17.3,1,1,0.08,Adéquat,45.4,45.4,2204.0,2204.0,0.0
SF01-PP-PP02-000U65-0M6510,209418.0,290.0,Mécanique,Inspection,7,88.0,,observée,88.0,7.7,0,0,0.0,Adéquat,88.0,88.0,398.0,398.0,0.0
SF01-PP-PP02-000U65-0M6510-GMOT-0MOTEUR,384731.0,310.0,Électrique,Inspection,6,13.8,,observée,13.8,1.6,0,0,0.0,Trop fréquent,13.8,27.6,2540.0,1270.0,1270.0
SF01-PP-PP02-000U65-0P6505,209432.0,290.0,Mécanique,Inspection,4,175.3,,observée,175.3,10.8,23,2,0.67,Insuffisant,175.3,122.7,3306.0,2504.0,802.0
SF01-PP-PP02-000U65-0P6505,200000001719.0,300.0,Mécanique,Inspection,13,45.4,91.0,observée,45.4,17.3,23,4,0.33,Insuffisant,45.4,31.8,6678.0,5322.0,1357.0
SF01-PP-PP02-000U65-0P6505-GMOT-0MOTEUR,384732.0,310.0,Électrique,Inspection,6,13.8,,observée,13.8,2.3,0,0,0.0,Trop fréquent,13.8,27.6,2540.0,1270.0,1270.0
SF01-PP-PP02-000U65-0P6508,209433.0,290.0,Mécanique,Inspection,4,175.3,,observée,175.3,10.8,0,0,0.0,Adéquat,175.3,175.3,200.0,200.0,0.0
SF01-PP-PP02-000U65-0P6508,200000001719.0,300.0,Mécanique,Inspection,13,45.4,91.0,observée,45.4,17.3,0,0,0.0,Adéquat,45.4,45.4,772.0,772.0,0.0
SF01-PP-PP02-000U65-0P6508-GMOT-0MOTEUR,384733.0,310.0,Électrique,Inspection,6,14.8,,observée,14.8,1.9,0,0,0.0,Trop fréquent,14.8,29.6,2368.0,1184.0,1184.0
SF01-PP-PP02-000U65-0P6510,209434.0,290.0,Mécanique,Inspection,4,175.3,,observée,175.3,10.8,0,0,0.0,Adéquat,175.3,175.3,200.0,200.0,0.0
SF01-PP-PP02-000U65-0P6510,200000001719.0,300.0,Mécanique,Inspection,13,45.4,91.0,observée,45.4,17.3,0,0,0.0,Adéquat,45.4,45.4,772.0,772.0,0.0
SF01-PP-PP02-000U65-0P6510-GMOT-0MOTEUR,384734.0,310.0,Électrique,Inspection,6,13.8,,observée,13.8,2.3,0,0,0.0,Trop fréquent,13.8,27.6,2540.0,1270.0,1270.0
SF01-PP-PP02-000U65-0P6511,209435.0,290.0,Mécanique,Inspection,4,175.3,,observée,175.3,10.8,0,0,0.0,Adéquat,175.3,175.3,200.0,200.0,0.0
SF01-PP-PP02-000U65-0P6511,200000001719.0,300.0,Mécanique,Inspection,13,45.4,91.0,observée,45.4,17.3,0,0,0.0,Adéquat,45.4,45.4,772.0,772.0,0.0
SF01-PP-PP02-000U65-0P6511-GMOT-0MOTEUR,384735.0,310.0,Électrique,Inspection,6,13.8,,observée,13.8,2.3,0,0,0.0,Trop fréquent,13.8,27.6,2540.0,1270.0,1270.0
SF01-PP-PP02-000U65-0T6502,209464.0,290.0,Mécanique,Inspection,4,175.3,,observée,175.3,10.8,3,1,0.33,Insuffisant,175.3,122.7,1730.0,1378.0,351.0
SF01-PP-PP02-000U65-0T6502-MOAC,210872.0,290.0,Mécanique,Inspection,4,175.3,,observée,175.3,10.8,0,0,0.0,Adéquat,175.3,175.3,200.0,200.0,0.0
SF01-PP-PP02-000U65-0T6502-MOAC,210873.0,290.0,Mécanique,Inspection,18,29.4,,observée,29.4,2.7,0,0,0.0,Adéquat,29.4,29.4,1192.0,1192.0,0.0
SF01-PP-PP02-000U65-0T6503,209465.0,290.0,Mécanique,Inspection,4,175.3,,observée,175.3,10.8,0,0,0.0,Adéquat,175.3,175.3,200.0,200.0,0.0
SF01-PP-PP02-000U65-0T6503-MOAC,210875.0,290.0,Mécanique,Inspection,4,175.3,,observée,175.3,10.8,0,0,0.0,Adéquat,175.3,175.3,200.0,200.0,0.0
SF01-PP-PP02-000U65-0T6503-MOAC,210876.0,290.0,Mécanique,Inspection,18,29.4,,observée,29.4,2.7,0,0,0.0,Adéquat,29.4,29.4,1192.0,1192.0,0.0
SF01-PP-PP02-000U65-0T6504,209466.0,290.0,Mécanique,Inspection,4,175.3,,observée,175.3,10.8,10,2,0.67,Insuffisant,175.3,122.7,3306.0,2504.0,802.0
SF01-PP-PP02-000U65-0T6504-MOAC,210878.0,290.0,Mécanique,Inspection,4,175.3,,observée,175.3,10.8,0,0,0.0,Adéquat,175.3,175.3,200.0,200.0,0.0
SF01-PP-PP02-000U65-0T6504-MOAC,210879.0,290.0,Mécanique,Inspection,18,29.4,,observée,29.4,2.7,0,0,0.0,Adéquat,29.4,29.4,1192.0,1192.0,0.0
SF01-PP-PP02-000U65-0T6505,209467.0,290.0,Mécanique,Inspection,4,175.3,,observée,175.3,10.8,6,3,1.0,Insuffisant,175.3,122.7,4835.0,3597.0,1239.0
SF01-PP-PP02-000U65-0T6505-MOAC,210881.0,290.0,Mécanique,Inspection,4,175.3,,observée,175.3,10.8,0,0,0.0,Adéquat,175.3,175.3,200.0,200.0,0.0
SF01-PP-PP02-000U65-0T6505-MOAC,210882.0,290.0,Mécanique,Inspection,18,29.4,,observée,29.4,2.7,0,0,0.0,Adéquat,29.4,29.4,1192.0,1192.0,0.0
SF01-PP-PP02-000U65-0T6506,209468.0,290.0,Mécanique,Inspection,4,175.3,,observée,175.3,10.8,4,2,0.67,Insuffisant,175.3,122.7,3306.0,2504.0,802.0
SF01-PP-PP02-000U65-0T6506-MOAC,210884.0,290.0,Mécanique,Inspection,4,175.3,,observée,175.3,10.8,0,0,0.0,Adéquat,175.3,175.3,200.0,200.0,0.0
SF01-PP-PP02-000U65-0T6506-MOAC,210885.0,290.0,Mécanique,Inspection,18,29.4,,observée,29.4,2.7,0,0,0.0,Adéquat,29.4,29.4,1192.0,1192.0,0.0
SF01-PP-PP02-000U65-0T6509,209469.0,290.0,Mécanique,Inspection,4,175.3,,observée,175.3,10.8,0,0,0.0,Adéquat,175.3,175.3,200.0,200.0,0.0
SF01-PP-PP02-000U65-0T6509-MOAC,210887.0,290.0,Mécanique,Inspection,4,175.3,,observée,175.3,10.8,0,0,0.0,Adéquat,175.3,175.3,200.0,200.0,0.0
SF01-PP-PP02-000U65-0T6509-MOAC,210888.0,290.0,Mécanique,Inspection,18,29.4,,observée,29.4,2.7,0,0,0.0,Adéquat,29.4,29.4,1192.0,1192.0,0.0
SF01-PP-PP02-000U65-0T6511,209470.0,290.0,Mécanique,Inspection,4,175.3,,observée,175.3,10.8,0,0,0.0,Adéquat,175.3,175.3,200.0,200.0,0.0
SF01-PP-PP02-000U65-0T6511-MOAC,210889.0,290.0,Mécanique,Inspection,4,175.3,,observée,175.3,10.8,0,0,0.0,Adéquat,175.3,175.3,200.0,200.0,0.0
SF01-PP-PP02-000U65-0T6511-MOAC,210890.0,290.0,Mécanique,Inspection,18,29.4,,observée,29.4,2.7,0,0,0.0,Adéquat,29.4,29.4,1192.0,1192.0,0.0
SF01-PP-PP02-000U65-FACIEL-FLC1,212925.0,360.0,Électrique,Systématique,6,129.4,,observée,129.4,63.8,0,0,0.0,Adéquat,129.4,129.4,271.0,271.0,0.0
SF01-PP-PP02-000U65-FACIEL-FLC2,212926.0,360.0,Électrique,Systématique,6,130.8,,observée,130.8,65.3,0,0,0.0,Adéquat,130.8,130.8,268.0,268.0,0.0
SF01-PP-PP02-000U65-FACIEL-PC01,212927.0,360.0,Électrique,Systématique,6,126.6,,observée,126.6,60.8,0,0,0.0,Adéquat,126.6,126.6,277.0,277.0,0.0
SF01-PP-PP02-000U65-FACIEL-PC02,212928.0,360.0,Électrique,Systématique,6,132.2,,observée,132.2,65.8,0,0,0.0,Adéquat,132.2,132.2,265.0,265.0,0.0
SF01-PP-PP02-000U65-FACIEL-PC03,212929.0,360.0,Électrique,Systématique,6,139.2,,observée,139.2,75.8,0,0,0.0,Adéquat,139.2,139.2,252.0,252.0,0.0
SF01-PP-PP02-000U65-M6501A,210622.0,290.0,Mécanique,Inspection,7,88.0,,observée,88.0,9.7,2,1,0.17,Insuffisant,88.0,61.6,1968.0,1690.0,278.0
SF01-PP-PP02-000U65-M6501A,200000001719.0,300.0,Mécanique,Inspection,13,45.4,91.0,observée,45.4,17.3,2,1,0.08,Adéquat,45.4,45.4,2204.0,2204.0,0.0
SF01-PP-PP02-000U65-M6501B,210624.0,290.0,Mécanique,Inspection,7,88.0,,observée,88.0,9.7,4,3,0.5,Insuffisant,88.0,61.6,5015.0,3867.0,1148.0
SF01-PP-PP02-000U65-M6501B,200000001719.0,300.0,Mécanique,Inspection,13,45.4,91.0,observée,45.4,16.8,4,3,0.25,Insuffisant,45.4,31.8,5247.0,4299.0,948.0
SF01-PP-PP02-000U65-M6501C,210626.0,290.0,Mécanique,Inspection,7,88.0,,observée,88.0,8.8,0,0,0.0,Adéquat,88.0,88.0,398.0,398.0,0.0
SF01-PP-PP02-000U65-M6501C,200000001719.0,300.0,Mécanique,Inspection,13,45.4,91.0,observée,45.4,16.8,0,0,0.0,Adéquat,45.4,45.4,772.0,772.0,0.0
SF01-PP-PP02-000U65-P6501A,210710.0,290.0,Mécanique,Inspection,4,175.3,,observée,175.3,10.8,18,3,1.0,Insuffisant,175.3,122.7,4835.0,3597.0,1239.0
SF01-PP-PP02-000U65-P6501A,200000001719.0,300.0,Mécanique,Inspection,13,45.4,91.0,observée,45.4,16.8,18,8,0.67,Insuffisant,45.4,31.8,12764.0,9668.0,3095.0
SF01-PP-PP02-000U65-P6501A-GMOT-0MOTEUR,384736.0,310.0,Électrique,Inspection,6,13.8,,observée,13.8,2.2,0,0,0.0,Trop fréquent,13.8,27.6,2540.0,1270.0,1270.0
SF01-PP-PP02-000U65-P6501B,210711.0,290.0,Mécanique,Inspection,4,175.3,,observée,175.3,10.8,11,1,0.33,Insuffisant,175.3,122.7,1730.0,1378.0,351.0
SF01-PP-PP02-000U65-P6501B,200000001719.0,300.0,Mécanique,Inspection,13,45.4,91.0,observée,45.4,16.8,11,5,0.42,Insuffisant,45.4,31.8,8289.0,6472.0,1817.0
SF01-PP-PP02-000U65-P6501B-GMOT-0MOTEUR,384737.0,310.0,Électrique,Inspection,6,13.8,,observée,13.8,2.2,0,0,0.0,Trop fréquent,13.8,27.6,2540.0,1270.0,1270.0
SF01-PP-PP02-000U65-P6501C,210712.0,290.0,Mécanique,Inspection,4,175.3,,observée,175.3,10.8,2,2,0.67,Insuffisant,175.3,122.7,3306.0,2504.0,802.0
SF01-PP-PP02-000U65-P6501C,200000001719.0,300.0,Mécanique,Inspection,13,45.4,91.0,observée,45.4,16.8,2,2,0.17,Insuffisant,45.4,31.8,3815.0,3276.0,539.0
SF01-PP-PP02-000U65-P6501C-GMOT-0MOTEUR,384738.0,310.0,Électrique,Inspection,6,14.8,,observée,14.8,2.3,0,0,0.0,Trop fréquent,14.8,29.6,2368.0,1184.0,1184.0
SF01-PP-PP02-000U65-P6502A,210713.0,290.0,Mécanique,Inspection,4,175.3,,observée,175.3,10.8,1,1,0.33,Insuffisant,175.3,122.7,1730.0,1378.0,351.0
SF01-PP-PP02-000U65-P6502A,200000001719.0,300.0,Mécanique,Inspection,13,45.4,91.0,observée,45.4,16.8,1,1,0.08,Adéquat,45.4,45.4,2204.0,2204.0,0.0
SF01-PP-PP02-000U65-P6502A-GMOT-0MOTEUR,384739.0,310.0,Électrique,Inspection,6,13.8,,observée,13.8,2.6,0,0,0.0,Trop fréquent,13.8,27.6,2540.0,1270.0,1270.0
SF01-PP-PP02-000U65-P6504A,210714.0,290.0,Mécanique,Inspection,4,175.3,,observée,175.3,10.8,14,2,0.67,Insuffisant,175.3,122.7,3306.0,2504.0,802.0
SF01-PP-PP02-000U65-P6504A,200000001719.0,300.0,Mécanique,Inspection,12,49.5,91.0,observée,49.5,14.9,14,4,0.36,Insuffisant,49.5,34.6,6618.0,5233.0,1385.0
SF01-PP-PP02-000U65-P6504A-GMOT-0MOTEUR,384740.0,310.0,Électrique,Inspection,6,13.8,,observée,13.8,2.3,0,0,0.0,Trop fréquent,13.8,27.6,2540.0,1270.0,1270.0
SF01-PP-PP02-000U65-P6504B,210715.0,290.0,Mécanique,Inspection,4,175.3,,observée,175.3,10.8,23,3,1.0,Insuffisant,175.3,122.7,4835.0,3597.0,1239.0
SF01-PP-PP02-000U65-P6504B,200000001719.0,300.0,Mécanique,Inspection,13,45.4,91.0,observée,45.4,16.8,23,7,0.58,Insuffisant,45.4,31.8,11153.0,8518.0,2635.0
SF01-PP-PP02-000U65-P6504B-GMOT-0MOTEUR,384741.0,310.0,Électrique,Inspection,6,13.8,,observée,13.8,1.8,0,0,0.0,Trop fréquent,13.8,27.6,2540.0,1270.0,1270.0
SF01-PP-PP02-000U65-P6504C,210716.0,290.0,Mécanique,Inspection,4,175.3,,observée,175.3,10.8,4,1,0.33,Insuffisant,175.3,122.7,1730.0,1378.0,351.0
SF01-PP-PP02-000U65-P6504C,200000001719.0,300.0,Mécanique,Inspection,13,45.4,91.0,observée,45.4,16.8,4,3,0.25,Insuffisant,45.4,31.8,5247.0,4299.0,948.0
SF01-PP-PP02-000U65-P6504C-GMOT-0MOTEUR,384742.0,310.0,Électrique,Inspection,6,13.8,,observée,13.8,2.3,0,0,0.0,Trop fréquent,13.8,27.6,2540.0,1270.0,1270.0
SF01-PP-PP02-000U65-P6504D,210717.0,290.0,Mécanique,Inspection,4,175.3,,observée,175.3,10.8,4,2,0.67,Insuffisant,175.3,122.7,3306.0,2504.0,802.0
SF01-PP-PP02-000U65-P6504D,200000001719.0,300.0,Mécanique,Inspection,13,45.0,91.0,observée,45.0,16.2,4,3,0.25,Insuffisant,45.0,31.5,5293.0,4337.0,956.0
SF01-PP-PP02-000U65-P6504D-GMOT-0MOTEUR,384743.0,310.0,Électrique,Inspection,6,14.8,,observée,14.8,2.8,0,0,0.0,Trop fréquent,14.8,29.6,2368.0,1184.0,1184.0
SF01-PP-PP02-000U65-P6506X,210718.0,290.0,Mécanique,Inspection,4,175.3,,observée,175.3,10.8,15,2,0.67,Insuffisant,175.3,122.7,3306.0,2504.0,802.0
SF01-PP-PP02-000U65-P6506X,200000001719.0,300.0,Mécanique,Inspection,13,45.0,91.0,observée,45.0,16.2,15,7,0.58,Insuffisant,45.0,31.5,11252.0,8593.0,2659.0
SF01-PP-PP02-000U65-P6506X-GMOT-0MOTEUR,384744.0,310.0,Électrique,Inspection,6,13.8,,observée,13.8,1.9,0,0,0.0,Trop fréquent,13.8,27.6,2540.0,1270.0,1270.0
SF01-PP-PP02-000U65-P6506Y,210719.0,290.0,Mécanique,Inspection,4,175.3,,observée,175.3,10.8,17,2,0.67,Insuffisant,175.3,122.7,3306.0,2504.0,802.0
SF01-PP-PP02-000U65-P6506Y,200000001719.0,300.0,Mécanique,Inspection,13,45.0,91.0,observée,45.0,16.2,17,6,0.5,Insuffisant,45.0,31.5,9807.0,7562.0,2246.0
SF01-PP-PP02-000U65-P6506Y-GMOT-0MOTEUR,384745.0,310.0,Électrique,Inspection,6,13.8,,observée,13.8,2.1,0,0,0.0,Trop fréquent,13.8,27.6,2540.0,1270.0,1270.0
SF01-PP-PP02-000U65-P6507X,210720.0,290.0,Mécanique,Inspection,4,175.3,,observée,175.3,10.8,26,2,0.67,Insuffisant,175.3,122.7,3306.0,2504.0,802.0
SF01-PP-PP02-000U65-P6507X,200000001719.0,300.0,Mécanique,Inspection,13,45.0,91.0,observée,45.0,16.0,26,5,0.42,Insuffisant,45.0,31.5,8363.0,6530.0,1833.0
SF01-PP-PP02-000U65-P6507X-GMOT-0MOTEUR,384746.0,310.0,Électrique,Inspection,6,13.8,,observée,13.8,1.6,0,0,0.0,Trop fréquent,13.8,27.6,2540.0,1270.0,1270.0
SF01-PP-PP02-000U65-P6507Y,210721.0,290.0,Mécanique,Inspection,4,175.3,,observée,175.3,10.8,20,3,1.0,Insuffisant,175.3,122.7,4835.0,3597.0,1239.0
SF01-PP-PP02-000U65-P6507Y,200000001719.0,300.0,Mécanique,Inspection,13,45.0,91.0,observée,45.0,16.0,20,7,0.58,Insuffisant,45.0,31.5,11252.0,8593.0,2659.0
SF01-PP-PP02-000U65-P6507Y-GMOT-0MOTEUR,384747.0,310.0,Électrique,Inspection,6,13.8,,observée,13.8,2.6,0,0,0.0,Trop fréquent,13.8,27.6,2540.0,1270.0,1270.0
SF01-PP-PP02-000U65-P6509A,210722.0,290.0,Mécanique,Inspection,4,175.3,,observée,175.3,10.8,0,0,0.0,Adéquat,175.3,175.3,200.0,200.0,0.0
SF01-PP-PP02-000U65-P6509A-GMOT-0MOTEUR,384748.0,310.0,Électrique,Inspection,6,14.8,,observée,14.8,1.7,0,0,0.0,Trop fréquent,14.8,29.6,2368.0,1184.0,1184.0
SF01-PP-PP02-000U65-P6509B,210723.0,290.0,Mécanique,Inspection,4,175.3,,observée,175.3,10.8,0,0,0.0,Adéquat,175.3,175.3,200.0,200.0,0.0
SF01-PP-PP02-000U65-P6509B-GMOT-0MOTEUR,384749.0,310.0,Électrique,Inspection,6,13.8,,observée,13.8,2.1,0,0,0.0,Trop fréquent,13.8,27.6,2540.0,1270.0,1270.0
SF01-PP-PP02-000U65-P6509C,210724.0,290.0,Mécanique,Inspection,4,175.3,,observée,175.3,10.8,0,0,0.0,Adéquat,175.3,175.3,200.0,200.0,0.0
SF01-PP-PP02-000U65-P6509C-GMOT-0MOTEUR,384750.0,310.0,Électrique,Inspection,6,13.8,,observée,13.8,2.1,0,0,0.0,Trop fréquent,13.8,27.6,2540.0,1270.0,1270.0
SF01-PP-PP02-000U65-P6509D,210725.0,290.0,Mécanique,Inspection,4,175.3,,observée,175.3,10.8,0,0,0.0,Adéquat,175.3,175.3,200.0,200.0,0.0
SF01-PP-PP02-000U65-P6509D-GMOT-0MOTEUR,384751.0,310.0,Électrique,Inspection,6,13.8,,observée,13.8,1.6,0,0,0.0,Trop fréquent,13.8,27.6,2540.0,1270.0,1270.0
SF01-PP-PP02-000U65-T6501A,210860.0,290.0,Mécanique,Inspection,4,175.3,,observée,175.3,10.8,15,3,1.0,Insuffisant,175.3,122.7,4835.0,3597.0,1239.0
SF01-PP-PP02-000U65-T6501A-MOAC,210861.0,290.0,Mécanique,Inspection,4,175.3,,observée,175.3,10.8,0,0,0.0,Adéquat,175.3,175.3,200.0,200.0,0.0
SF01-PP-PP02-000U65-T6501A-MOAC,210862.0,290.0,Mécanique,Inspection,18,29.4,,observée,29.4,2.7,0,0,0.0,Adéquat,29.4,29.4,1192.0,1192.0,0.0
SF01-PP-PP02-000U65-T6501B,210864.0,290.0,Mécanique,Inspection,4,175.3,,observée,175.3,10.8,16,2,0.67,Insuffisant,175.3,122.7,3306.0,2504.0,802.0
SF01-PP-PP02-000U65-T6501B-MOAC,210865.0,290.0,Mécanique,Inspection,4,175.3,,observée,175.3,10.8,0,0,0.0,Adéquat,175.3,175.3,200.0,200.0,0.0
SF01-PP-PP02-000U65-T6501B-MOAC,210866.0,290.0,Mécanique,Inspection,18,29.4,,observée,29.4,2.7,0,0,0.0,Adéquat,29.4,29.4,1192.0,1192.0,0.0
SF01-PP-PP02-000U65-T6501C,210868.0,290.0,Mécanique,Inspection,4,175.3,,observée,175.3,10.8,5,1,0.33,Insuffisant,175.3,122.7,1730.0,1378.0,351.0
SF01-PP-PP02-000U65-T6501C-MOAC,210869.0,290.0,Mécanique,Inspection,4,175.3,,observée,175.3,10.8,0,0,0.0,Adéquat,175.3,175.3,200.0,200.0,0.0
SF01-PP-PP02-000U65-T6501C-MOAC,210870.0,290.0,Mécanique,Inspection,18,29.4,,observée,29.4,2.7,0,0,0.0,Adéquat,29.4,29.4,1192.0,1192.0,0.0
SF01-PP-PP02-000U67-0D6706,209348.0,290.0,Mécanique,Inspection,4,175.3,,observée,175.3,10.8,0,0,0.0,Adéquat,175.3,175.3,200.0,200.0,0.0
SF01-PP-PP02-000U67-0M6701,209420.0,290.0,Mécanique,Inspection,7,88.0,,observée,88.0,6.1,14,3,0.5,Insuffisant,88.0,61.6,5015.0,3867.0,1148.0
SF01-PP-PP02-000U67-0M6701,200000001719.0,300.0,Mécanique,Inspection,13,45.0,91.0,observée,45.0,19.8,14,6,0.5,Insuffisant,45.0,31.5,9807.0,7562.0,2246.0
SF01-PP-PP02-000U67-0M6701-GMOT-0MOTEUR,384752.0,310.0,Électrique,Inspection,6,13.8,,observée,13.8,2.0,0,0,0.0,Trop fréquent,13.8,27.6,2540.0,1270.0,1270.0
SF01-PP-PP02-000U67-0M6702,209421.0,290.0,Mécanique,Inspection,4,175.3,,observée,175.3,10.8,13,3,1.0,Insuffisant,175.3,122.7,4835.0,3597.0,1239.0
SF01-PP-PP02-000U67-0M6702,200000001719.0,300.0,Mécanique,Inspection,13,45.0,91.0,observée,45.0,19.8,13,5,0.42,Insuffisant,45.0,31.5,8363.0,6530.0,1833.0
SF01-PP-PP02-000U67-0M6702-GMOT-0MOTEUR,384753.0,310.0,Électrique,Inspection,6,14.8,,observée,14.8,1.9,0,0,0.0,Trop fréquent,14.8,29.6,2368.0,1184.0,1184.0
SF01-PP-PP02-000U67-0M6704,209422.0,290.0,Mécanique,Inspection,4,175.3,,observée,175.3,10.8,1,1,0.33,Insuffisant,175.3,122.7,1730.0,1378.0,351.0
SF01-PP-PP02-000U67-0M6704,200000001719.0,300.0,Mécanique,Inspection,13,45.0,91.0,observée,45.0,19.8,1,1,0.08,Adéquat,45.0,45.0,2223.0,2223.0,0.0
SF01-PP-PP02-000U67-0M6704-GMOT-0MOTEUR,384754.0,310.0,Électrique,Inspection,6,13.8,,observée,13.8,2.3,0,0,0.0,Trop fréquent,13.8,27.6,2540.0,1270.0,1270.0
SF01-PP-PP02-000U67-0M6705,209424.0,290.0,Mécanique,Inspection,7,88.0,,observée,88.0,7.0,2,2,0.33,Insuffisant,88.0,61.6,3445.0,2745.0,700.0
SF01-PP-PP02-000U67-0M6705,200000001719.0,300.0,Mécanique,Inspection,13,44.8,91.0,observée,44.8,19.6,2,2,0.17,Insuffisant,44.8,31.4,3866.0,3320.0,546.0
SF01-PP-PP02-000U67-0M6705-GMOT-0MOTEUR,384755.0,310.0,Électrique,Inspection,6,13.8,,observée,13.8,2.3,0,0,0.0,Trop fréquent,13.8,27.6,2540.0,1270.0,1270.0
SF01-PP-PP02-000U67-0M6706,209426.0,290.0,Mécanique,Inspection,7,88.0,,observée,88.0,9.7,0,0,0.0,Adéquat,88.0,88.0,398.0,398.0,0.0
SF01-PP-PP02-000U67-0P6701,209436.0,290.0,Mécanique,Inspection,4,175.3,,observée,175.3,10.8,14,3,1.0,Insuffisant,175.3,122.7,4835.0,3597.0,1239.0
SF01-PP-PP02-000U67-0P6701,200000001719.0,300.0,Mécanique,Inspection,13,45.0,91.0,observée,45.0,19.8,14,6,0.5,Insuffisant,45.0,31.5,9807.0,7562.0,2246.0
SF01-PP-PP02-000U67-0P6701-GMOT-0MOTEUR,384756.0,310.0,Électrique,Inspection,6,13.8,,observée,13.8,2.2,0,0,0.0,Trop fréquent,13.8,27.6,2540.0,1270.0,1270.0
SF01-PP-PP02-000U67-0P6702,209437.0,290.0,Mécanique,Inspection,4,175.3,,observée,175.3,10.8,13,2,0.67,Insuffisant,175.3,122.7,3306.0,2504.0,802.0
SF01-PP-PP02-000U67-0P6702,200000001719.0,300.0,Mécanique,Inspection,13,45.0,91.0,observée,45.0,19.8,13,6,0.5,Insuffisant,45.0,31.5,9807.0,7562.0,2246.0
SF01-PP-PP02-000U67-0P6702-GMOT-0MOTEUR,384757.0,310.0,Électrique,Inspection,6,13.8,,observée,13.8,2.2,0,0,0.0,Trop fréquent,13.8,27.6,2540.0,1270.0,1270.0
SF01-PP-PP02-000U67-0P6703,209438.0,290.0,Mécanique,Inspection,4,175.3,,observée,175.3,10.8,22,3,1.0,Insuffisant,175.3,122.7,4835.0,3597.0,1239.0
SF01-PP-PP02-000U67-0P6703,200000001719.0,300.0,Mécanique,Inspection,13,45.0,91.0,observée,45.0,19.8,22,8,0.67,Insuffisant,45.0,31.5,12877.0,9754.0,3123.0
SF01-PP-PP02-000U67-0P6703-GMOT-0MOTEUR,384758.0,310.0,Électrique,Inspection,6,14.8,,observée,14.8,2.3,0,0,0.0,Trop fréquent,14.8,29.6,2368.0,1184.0,1184.0
SF01-PP-PP02-000U67-0P6704,209439.0,290.0,Mécanique,Inspection,4,175.3,,observée,175.3,10.8,7,3,1.0,Insuffisant,175.3,122.7,4835.0,3597.0,1239.0
SF01-PP-PP02-000U67-0P6704,200000001719.0,300.0,Mécanique,Inspection,13,45.0,91.0,observée,45.0,19.8,7,3,0.25,Insuffisant,45.0,31.5,5293.0,4337.0,956.0
SF01-PP-PP02-000U67-0P6704-GMOT-0MOTEUR,384759.0,310.0,Électrique,Inspection,6,13.8,,observée,13.8,2.6,0,0,0.0,Trop fréquent,13.8,27.6,2540.0,1270.0,1270.0
SF01-PP-PP02-000U67-0P6706,209440.0,290.0,Mécanique,Inspection,4,175.3,,observée,175.3,10.8,0,0,0.0,Adéquat,175.3,175.3,200.0,200.0,0.0
SF01-PP-PP02-000U67-0P6706-GMOT-0MOTEUR,384760.0,310.0,Électrique,Inspection,6,13.8,,observée,13.8,2.3,0,0,0.0,Trop fréquent,13.8,27.6,2540.0,1270.0,1270.0
SF01-PP-PP02-000U67-0T6701,209471.0,290.0,Mécanique,Inspection,4,175.3,,observée,175.3,10.8,9,2,0.67,Insuffisant,175.3,122.7,3306.0,2504.0,802.0
SF01-PP-PP02-000U67-0T6701-MOAC,210892.0,290.0,Mécanique,Inspection,4,175.3,,observée,175.3,10.8,0,0,0.0,Adéquat,175.3,175.3,200.0,200.0,0.0
SF01-PP-PP02-000U67-0T6701-MOAC,210893.0,290.0,Mécanique,Inspection,18,29.4,,observée,29.4,2.7,0,0,0.0,Adéquat,29.4,29.4,1192.0,1192.0,0.0
SF01-PP-PP02-000U67-0T6702,209472.0,290.0,Mécanique,Inspection,4,175.3,,observée,175.3,10.8,11,2,0.67,Insuffisant,175.3,122.7,3306.0,2504.0,802.0
SF01-PP-PP02-000U67-0T6702-MOAC,210895.0,290.0,Mécanique,Inspection,4,175.3,,observée,175.3,10.8,0,0,0.0,Adéquat,175.3,175.3,200.0,200.0,0.0
SF01-PP-PP02-000U67-0T6702-MOAC,210896.0,290.0,Mécanique,Inspection,18,29.4,,observée,29.4,2.7,0,0,0.0,Adéquat,29.4,29.4,1192.0,1192.0,0.0
SF01-PP-PP02-000U67-0T6703,209473.0,290.0,Mécanique,Inspection,4,175.3,,observée,175.3,10.8,4,2,0.67,Insuffisant,175.3,122.7,3306.0,2504.0,802.0
SF01-PP-PP02-000U67-0T6703-MOAC,210898.0,290.0,Mécanique,Inspection,4,175.3,,observée,175.3,10.8,0,0,0.0,Adéquat,175.3,175.3,200.0,200.0,0.0
SF01-PP-PP02-000U67-0T6703-MOAC,210899.0,290.0,Mécanique,Inspection,18,29.4,,observée,29.4,2.7,0,0,0.0,Adéquat,29.4,29.4,1192.0,1192.0,0.0
SF01-PP-PP02-000U67-0T6704,209474.0,290.0,Mécanique,Inspection,4,175.3,,observée,175.3,10.8,3,1,0.33,Insuffisant,175.3,122.7,1730.0,1378.0,351.0
SF01-PP-PP02-000U67-0T6704-MOAC,210901.0,290.0,Mécanique,Inspection,4,175.3,,observée,175.3,10.8,0,0,0.0,Adéquat,175.3,175.3,200.0,200.0,0.0
SF01-PP-PP02-000U67-0T6704-MOAC,210902.0,290.0,Mécanique,Inspection,18,29.4,,observée,29.4,2.7,0,0,0.0,Adéquat,29.4,29.4,1192.0,1192.0,0.0
SF01-PP-PP02-000U67-0T6705,209475.0,290.0,Mécanique,Inspection,4,175.3,,observée,175.3,10.8,7,2,0.67,Insuffisant,175.3,122.7,3306.0,2504.0,802.0
SF01-PP-PP02-000U67-0T6705-MOAC,210904.0,290.0,Mécanique,Inspection,4,175.3,,observée,175.3,10.8,0,0,0.0,Adéquat,175.3,175.3,200.0,200.0,0.0
SF01-PP-PP02-000U67-0T6705-MOAC,210905.0,290.0,Mécanique,Inspection,18,29.4,,observée,29.4,2.7,0,0,0.0,Adéquat,29.4,29.4,1192.0,1192.0,0.0
SF01-PP-PP02-000U67-FACIEL-PC01,212930.0,360.0,Électrique,Systématique,6,140.6,,observée,140.6,77.3,0,0,0.0,Adéquat,140.6,140.6,249.0,249.0,0.0
SF01-PP-PP02-000U67-FACIEL-PC02,212931.0,360.0,Électrique,Systématique,6,142.0,,observée,142.0,79.3,0,0,0.0,Adéquat,142.0,142.0,247.0,247.0,0.0
SF01-PP-PP02-000U67-FACIEL-PC03,212932.0,360.0,Électrique,Systématique,6,144.8,,observée,144.8,83.0,0,0,0.0,Adéquat,144.8,144.8,242.0,242.0,0.0
SF01-PP-PP02-000U67-P6704R,210744.0,290.0,Mécanique,Inspection,4,175.3,,observée,175.3,10.8,6,2,0.67,Insuffisant,175.3,122.7,3306.0,2504.0,802.0
SF01-PP-PP02-000U67-P6704R,200000001719.0,300.0,Mécanique,Inspection,13,45.0,91.0,observée,45.0,19.8,6,2,0.17,Insuffisant,45.0,31.5,3849.0,3305.0,543.0
SF01-PP-PP02-000U67-P6704R-GMOT-0MOTEUR,384761.0,310.0,Électrique,Inspection,6,13.8,,observée,13.8,1.8,0,0,0.0,Trop fréquent,13.8,27.6,2540.0,1270.0,1270.0
SF01-PP-PP02-000U67-P6704S,210745.0,290.0,Mécanique,Inspection,4,175.3,,observée,175.3,10.8,8,2,0.67,Insuffisant,175.3,122.7,3306.0,2504.0,802.0
SF01-PP-PP02-000U67-P6704S,200000001719.0,300.0,Mécanique,Inspection,13,45.0,91.0,observée,45.0,19.8,8,4,0.33,Insuffisant,45.0,31.5,6738.0,5369.0,1369.0
SF01-PP-PP02-000U67-P6704S-GMOT-0MOTEUR,384762.0,310.0,Électrique,Inspection,6,13.8,,observée,13.8,2.3,0,0,0.0,Trop fréquent,13.8,27.6,2540.0,1270.0,1270.0
SF01-PP-PP02-000U67-P6705A,210746.0,290.0,Mécanique,Inspection,4,175.3,,observée,175.3,10.8,17,3,1.0,Insuffisant,175.3,122.7,4835.0,3597.0,1239.0
SF01-PP-PP02-000U67-P6705A,200000001719.0,300.0,Mécanique,Inspection,13,45.0,91.0,observée,45.0,19.8,17,6,0.5,Insuffisant,45.0,31.5,9807.0,7562.0,2246.0
SF01-PP-PP02-000U67-P6705A-GMOT-0MOTEUR,384763.0,310.0,Électrique,Inspection,6,14.8,,observée,14.8,2.8,0,0,0.0,Trop fréquent,14.8,29.6,2368.0,1184.0,1184.0
SF01-PP-PP02-0068TA,200000012179.0,290.0,Mécanique,Inspection,19,7.0,,observée,7.0,1.9,669,13,0.72,Insuffisant,7.0,4.9,88587.0,66852.0,21734.0
SF01-PP-PP02-0068TA-068H05,209313.0,290.0,Mécanique,Inspection,4,175.3,,observée,175.3,10.8,1,1,0.33,Insuffisant,175.3,122.7,1730.0,1378.0,351.0
SF01-PP-PP02-0068TA-068H05,212210.0,360.0,Électrique,Systématique,6,137.8,,observée,137.8,70.2,1,1,0.2,Insuffisant,137.8,96.5,1434.0,1206.0,228.0
SF01-PP-PP02-0068TA-068PHP,209314.0,290.0,Mécanique,Inspection,4,175.3,,observée,175.3,10.8,1,1,0.33,Insuffisant,175.3,122.7,1730.0,1378.0,351.0
SF01-PP-PP02-0068TA-068PHP-GMOT-0MOTEUR,384764.0,310.0,Électrique,Inspection,6,13.8,,observée,13.8,2.1,0,0,0.0,Trop fréquent,13.8,27.6,2540.0,1270.0,1270.0
SF01-PP-PP02-0068TA-068R01,209315.0,290.0,Mécanique,Inspection,4,175.3,,observée,175.3,10.8,1,1,0.33,Insuffisant,175.3,122.7,1730.0,1378.0,351.0
SF01-PP-PP02-0068TA-068R01-MOAC,209964.0,290.0,Mécanique,Inspection,4,175.3,,observée,175.3,10.8,0,0,0.0,Adéquat,175.3,175.3,200.0,200.0,0.0
SF01-PP-PP02-0068TA-068R01-MOAC,209965.0,290.0,Mécanique,Inspection,18,29.4,,observée,29.4,2.7,0,0,0.0,Adéquat,29.4,29.4,1192.0,1192.0,0.0
SF01-PP-PP02-0068TA-068R02,209316.0,290.0,Mécanique,Inspection,4,175.3,,observée,175.3,10.8,0,0,0.0,Adéquat,175.3,175.3,200.0,200.0,0.0
SF01-PP-PP02-0068TA-068R02-MOAC,209967.0,290.0,Mécanique,Inspection,4,175.3,,observée,175.3,10.8,0,0,0.0,Adéquat,175.3,175.3,200.0,200.0,0.0
SF01-PP-PP02-0068TA-068R02-MOAC,209968.0,290.0,Mécanique,Inspection,18,29.4,,observée,29.4,2.7,0,0,0.0,Adéquat,29.4,29.4,1192.0,1192.0,0.0
SF01-PP-PP02-0068TA-068R03,209317.0,290.0,Mécanique,Inspection,4,175.3,,observée,175.3,10.8,3,1,0.33,Insuffisant,175.3,122.7,1730.0,1378.0,351.0
SF01-PP-PP02-0068TA-068R03-MOAC,209970.0,290.0,Mécanique,Inspection,4,175.3,,observée,175.3,10.8,0,0,0.0,Adéquat,175.3,175.3,200.0,200.0,0.0
SF01-PP-PP02-0068TA-068R03-MOAC,209971.0,290.0,Mécanique,Inspection,18,29.4,,observée,29.4,2.7,0,0,0.0,Adéquat,29.4,29.4,1192.0,1192.0,0.0
SF01-PP-PP02-0068TA-068R04,209318.0,290.0,Mécanique,Inspection,4,175.3,,observée,175.3,10.8,1,1,0.33,Insuffisant,175.3,122.7,1730.0,1378.0,351.0
SF01-PP-PP02-0068TA-068R04-MOAC,209973.0,290.0,Mécanique,Inspection,4,175.3,,observée,175.3,10.8,0,0,0.0,Adéquat,175.3,175.3,200.0,200.0,0.0
SF01-PP-PP02-0068TA-068R04-MOAC,209974.0,290.0,Mécanique,Inspection,18,29.4,,observée,29.4,2.7,0,0,0.0,Adéquat,29.4,29.4,1192.0,1192.0,0.0
SF01-PP-PP02-0068TA-068T01,209319.0,290.0,Mécanique,Inspection,4,175.3,,observée,175.3,10.8,18,2,0.67,Insuffisant,175.3,122.7,3306.0,2504.0,802.0
SF01-PP-PP02-0068TA-068T01-GMOT-0MOTEUR,384765.0,310.0,Électrique,Inspection,6,13.8,,observée,13.8,2.1,0,0,0.0,Trop fréquent,13.8,27.6,2540.0,1270.0,1270.0
SF01-PP-PP02-0068TA-068T02,209320.0,290.0,Mécanique,Inspection,4,175.3,,observée,175.3,10.8,6,2,0.67,Insuffisant,175.3,122.7,3306.0,2504.0,802.0
SF01-PP-PP02-0068TA-068T02-GMOT-0MOTEUR,384766.0,310.0,Électrique,Inspection,6,13.8,,observée,13.8,1.6,0,0,0.0,Trop fréquent,13.8,27.6,2540.0,1270.0,1270.0
SF01-PP-PP02-0068TA-068T03,209321.0,290.0,Mécanique,Inspection,4,175.3,,observée,175.3,10.8,11,3,1.0,Insuffisant,175.3,122.7,4835.0,3597.0,1239.0
SF01-PP-PP02-0068TA-068T03-GMOT-0MOTEUR,384767.0,310.0,Électrique,Inspection,6,13.2,,observée,13.2,2.3,0,0,0.0,Trop fréquent,13.2,26.4,2655.0,1327.0,1327.0
SF01-PP-PP02-0068TA-068T04,209322.0,290.0,Mécanique,Inspection,4,175.3,,observée,175.3,10.8,1,1,0.33,Insuffisant,175.3,122.7,1730.0,1378.0,351.0
SF01-PP-PP02-0068TA-068T04-GMOT-0MOTEUR,384768.0,310.0,Électrique,Inspection,6,14.4,,observée,14.4,1.6,0,0,0.0,Trop fréquent,14.4,28.8,2434.0,1217.0,1217.0
SF01-PP-PP02-0068TA-0TR25F,209476.0,290.0,Mécanique,Inspection,4,175.3,,observée,175.3,10.8,0,0,0.0,Adéquat,175.3,175.3,200.0,200.0,0.0
SF01-PP-PP02-0068TA-0TR25F,209477.0,290.0,Mécanique,Inspection,4,175.3,,observée,175.3,10.8,0,0,0.0,Adéquat,175.3,175.3,200.0,200.0,0.0
SF01-PP-PP02-0068TA-0TR25F-GMOT-0MOTEUR,384769.0,310.0,Électrique,Inspection,6,14.2,,observée,14.2,1.7,0,0,0.0,Trop fréquent,14.2,28.4,2468.0,1234.0,1234.0
SF01-PP-PP02-0068TA-63TP01,209951.0,290.0,Mécanique,Inspection,4,175.3,,observée,175.3,10.8,0,0,0.0,Adéquat,175.3,175.3,200.0,200.0,0.0
SF01-PP-PP02-0068TA-63TP01-GMOT-0MOTEUR,384770.0,310.0,Électrique,Inspection,6,13.8,,observée,13.8,2.1,0,0,0.0,Trop fréquent,13.8,27.6,2540.0,1270.0,1270.0
SF01-PP-PP02-0068TA-68FS01,209952.0,290.0,Mécanique,Inspection,4,175.3,,observée,175.3,10.8,32,3,1.0,Insuffisant,175.3,122.7,4835.0,3597.0,1239.0
SF01-PP-PP02-0068TA-68FS01,200000012179.0,290.0,Mécanique,Inspection,19,7.0,,observée,7.0,1.9,32,1,0.06,Adéquat,7.0,7.0,11971.0,11971.0,0.0
SF01-PP-PP02-0068TA-68FS02,209953.0,290.0,Mécanique,Inspection,4,175.3,,observée,175.3,10.8,10,2,0.67,Insuffisant,175.3,122.7,3306.0,2504.0,802.0
SF01-PP-PP02-0068TA-68FS02,200000012179.0,290.0,Mécanique,Inspection,19,7.0,,observée,7.0,1.9,10,2,0.11,Adéquat,7.0,7.0,17776.0,17776.0,0.0
SF01-PP-PP02-0068TA-68H06A,209956.0,290.0,Mécanique,Inspection,4,175.3,,observée,175.3,10.8,0,0,0.0,Adéquat,175.3,175.3,200.0,200.0,0.0
SF01-PP-PP02-0068TA-68H06A,212903.0,360.0,Électrique,Systématique,6,135.0,,observée,135.0,66.5,0,0,0.0,Adéquat,135.0,135.0,260.0,260.0,0.0
SF01-PP-PP02-0068TA-68H06B,209958.0,290.0,Mécanique,Inspection,4,175.3,,observée,175.3,10.8,0,0,0.0,Adéquat,175.3,175.3,200.0,200.0,0.0
SF01-PP-PP02-0068TA-68H06B,212906.0,360.0,Électrique,Systématique,6,136.4,,observée,136.4,67.9,0,0,0.0,Adéquat,136.4,136.4,257.0,257.0,0.0
SF01-PP-PP02-0068TA-68PLG1,209959.0,290.0,Mécanique,Inspection,4,175.3,,observée,175.3,10.8,0,0,0.0,Adéquat,175.3,175.3,200.0,200.0,0.0
SF01-PP-PP02-0068TA-68PLG1-GMOT-0MOTEUR,384771.0,310.0,Électrique,Inspection,6,13.8,,observée,13.8,1.6,0,0,0.0,Trop fréquent,13.8,27.6,2540.0,1270.0,1270.0
SF01-PP-PP02-0068TA-68PLG2,209960.0,290.0,Mécanique,Inspection,4,175.3,,observée,175.3,10.8,0,0,0.0,Adéquat,175.3,175.3,200.0,200.0,0.0
SF01-PP-PP02-0068TA-68PLG2-GMOT-0MOTEUR,384772.0,310.0,Électrique,Inspection,6,13.8,,observée,13.8,2.3,0,0,0.0,Trop fréquent,13.8,27.6,2540.0,1270.0,1270.0
SF01-PP-PP02-0068TA-68PLG3,209961.0,290.0,Mécanique,Inspection,4,175.3,,observée,175.3,10.8,0,0,0.0,Adéquat,175.3,175.3,200.0,200.0,0.0
SF01-PP-PP02-0068TA-68PLG3-GMOT-0MOTEUR,384773.0,310.0,Électrique,Inspection,6,14.8,,observée,14.8,1.9,0,0,0.0,Trop fréquent,14.8,29.6,2368.0,1184.0,1184.0
SF01-PP-PP02-0068TA-68PRF1,209962.0,290.0,Mécanique,Inspection,4,175.3,,observée,175.3,10.8,1,0,0.0,Adéquat,175.3,175.3,200.0,200.0,0.0
SF01-PP-PP02-0068TA-68PRF1-GMOT-0MOTEUR,384774.0,310.0,Électrique,Inspection,6,13.8,,observée,13.8,2.3,0,0,0.0,Trop fréquent,13.8,27.6,2540.0,1270.0,1270.0
SF01-PP-PP02-0068TA-68PRF2,209963.0,290.0,Mécanique,Inspection,4,175.3,,observée,175.3,10.8,0,0,0.0,Adéquat,175.3,175.3,200.0,200.0,0.0
SF01-PP-PP02-0068TA-68PRF2-GMOT-0MOTEUR,384775.0,310.0,Électrique,Inspection,6,13.8,,observée,13.8,2.3,0,0,0.0,Trop fréquent,13.8,27.6,2540.0,1270.0,1270.0
SF01-PP-PP02-0068TA-68TA01,209977.0,290.0,Mécanique,Inspection,7,88.0,,observée,88.0,9.2,0,0,0.0,Adéquat,88.0,88.0,398.0,398.0,0.0
SF01-PP-PP02-0068TA-68TA01,200000001719.0,300.0,Mécanique,Inspection,4,44.3,91.0,observée,44.3,0.5,0,0,0.0,Adéquat,44.3,44.3,791.0,791.0,0.0
SF01-PP-PP02-0068TA-68TA01-GMOT-0MOTEUR,384776.0,310.0,Électrique,Inspection,6,13.8,,observée,13.8,2.2,0,0,0.0,Trop fréquent,13.8,27.6,2540.0,1270.0,1270.0
SF01-PP-PP02-0068TA-68TA02,209979.0,290.0,Mécanique,Inspection,7,88.0,,observée,88.0,9.2,1,1,0.17,Insuffisant,88.0,61.6,1968.0,1690.0,278.0
SF01-PP-PP02-0068TA-68TA02-GMOT-0MOTEUR,384777.0,310.0,Électrique,Inspection,6,13.8,,observée,13.8,2.2,0,0,0.0,Trop fréquent,13.8,27.6,2540.0,1270.0,1270.0
SF01-PP-PP02-0068TA-68TA03,209981.0,290.0,Mécanique,Inspection,4,175.3,,observée,175.3,10.8,0,0,0.0,Adéquat,175.3,175.3,200.0,200.0,0.0
SF01-PP-PP02-0068TA-68TA03,209982.0,290.0,Mécanique,Inspection,7,88.0,,observée,88.0,15.1,0,0,0.0,Adéquat,88.0,88.0,398.0,398.0,0.0
SF01-PP-PP02-0068TA-68TA03-GMOT-0MOTEUR,384778.0,310.0,Électrique,Inspection,6,14.8,,observée,14.8,2.3,0,0,0.0,Trop fréquent,14.8,29.6,2368.0,1184.0,1184.0
SF01-PP-PP02-0068TA-68TA04,209984.0,290.0,Mécanique,Inspection,4,175.3,,observée,175.3,10.8,2,1,0.33,Insuffisant,175.3,122.7,1730.0,1378.0,351.0
SF01-PP-PP02-0068TA-68TA04,209985.0,290.0,Mécanique,Inspection,7,88.0,,observée,88.0,11.6,2,1,0.17,Insuffisant,88.0,61.6,1968.0,1690.0,278.0
SF01-PP-PP02-0068TA-68TA04,200000001719.0,300.0,Mécanique,Inspection,4,44.3,91.0,observée,44.3,0.5,2,0,0.0,Adéquat,44.3,44.3,791.0,791.0,0.0
SF01-PP-PP02-0068TA-68TA04-GMOT-0MOTEUR,384779.0,310.0,Électrique,Inspection,6,13.8,,observée,13.8,2.6,0,0,0.0,Trop fréquent,13.8,27.6,2540.0,1270.0,1270.0
SF01-PP-PP02-0068TA-68TA05,209987.0,290.0,Mécanique,Inspection,4,175.3,,observée,175.3,10.8,0,0,0.0,Adéquat,175.3,175.3,200.0,200.0,0.0
SF01-PP-PP02-0068TA-68TA05,209988.0,290.0,Mécanique,Inspection,7,88.0,,observée,88.0,8.4,0,0,0.0,Adéquat,88.0,88.0,398.0,398.0,0.0
SF01-PP-PP02-0068TA-68TA05-GMOT-0MOTEUR,384780.0,310.0,Électrique,Inspection,6,13.8,,observée,13.8,2.3,0,0,0.0,Trop fréquent,13.8,27.6,2540.0,1270.0,1270.0
SF01-PP-PP02-0068TA-68TA06,209990.0,290.0,Mécanique,Inspection,4,175.3,,observée,175.3,10.8,1,1,0.33,Insuffisant,175.3,122.7,1730.0,1378.0,351.0
SF01-PP-PP02-0068TA-68TA06,209991.0,290.0,Mécanique,Inspection,7,88.0,,observée,88.0,6.4,1,1,0.17,Insuffisant,88.0,61.6,1968.0,1690.0,278.0
SF01-PP-PP02-0068TA-68TA06-GMOT-0MOTEUR,384781.0,310.0,Électrique,Inspection,6,13.8,,observée,13.8,1.8,0,0,0.0,Trop fréquent,13.8,27.6,2540.0,1270.0,1270.0
SF01-PP-PP02-0068TA-68TA07,209992.0,290.0,Mécanique,Inspection,4,175.3,,observée,175.3,10.8,0,0,0.0,Adéquat,175.3,175.3,200.0,200.0,0.0
SF01-PP-PP02-0068TA-68TA07-MOAC,209993.0,290.0,Mécanique,Inspection,4,175.3,,observée,175.3,10.8,0,0,0.0,Adéquat,175.3,175.3,200.0,200.0,0.0
SF01-PP-PP02-0068TA-68TA07-MOAC,209994.0,290.0,Mécanique,Inspection,18,29.4,,observée,29.4,2.7,0,0,0.0,Adéquat,29.4,29.4,1192.0,1192.0,0.0
SF01-PP-PP02-0068TA-68TA09,209996.0,290.0,Mécanique,Inspection,7,88.0,,observée,88.0,6.5,1,1,0.17,Insuffisant,88.0,61.6,1968.0,1690.0,278.0
SF01-PP-PP02-0068TA-68TA09-GMOT-0MOTEUR,384782.0,310.0,Électrique,Inspection,6,13.8,,observée,13.8,2.3,0,0,0.0,Trop fréquent,13.8,27.6,2540.0,1270.0,1270.0
SF01-PP-PP02-0068TA-68TA27,209998.0,290.0,Mécanique,Inspection,7,88.5,,observée,88.5,9.1,0,0,0.0,Adéquat,88.5,88.5,396.0,396.0,0.0
SF01-PP-PP02-0068TA-68TA27-GMOT-0MOTEUR,384783.0,310.0,Électrique,Inspection,6,14.8,,observée,14.8,2.8,0,0,0.0,Trop fréquent,14.8,29.6,2368.0,1184.0,1184.0
SF01-PP-PP02-0068TA-68TC04,209999.0,290.0,Mécanique,Inspection,7,88.5,,observée,88.5,5.6,0,0,0.0,Adéquat,88.5,88.5,396.0,396.0,0.0
SF01-PP-PP02-0068TA-68TC04,210000.0,290.0,Mécanique,Inspection,4,177.0,,observée,177.0,8.5,0,0,0.0,Adéquat,177.0,177.0,198.0,198.0,0.0
SF01-PP-PP02-0068TA-68TC04-GMOT-0MOTEUR,384784.0,310.0,Électrique,Inspection,6,13.8,,observée,13.8,2.1,0,0,0.0,Trop fréquent,13.8,27.6,2540.0,1270.0,1270.0
SF01-PP-PP02-0068TA-68TC05,210001.0,290.0,Mécanique,Inspection,7,88.5,,observée,88.5,7.7,1,0,0.0,Adéquat,88.5,88.5,396.0,396.0,0.0
SF01-PP-PP02-0068TA-68TC05,210002.0,290.0,Mécanique,Inspection,4,177.0,,observée,177.0,8.5,1,1,0.33,Insuffisant,177.0,123.9,1713.0,1365.0,348.0
SF01-PP-PP02-0068TA-68TC05-GMOT-0MOTEUR,384785.0,310.0,Électrique,Inspection,6,13.8,,observée,13.8,2.1,0,0,0.0,Trop fréquent,13.8,27.6,2540.0,1270.0,1270.0
SF01-PP-PP02-0068TA-68TD01,210004.0,290.0,Mécanique,Inspection,4,177.0,,observée,177.0,8.5,2,2,0.67,Insuffisant,177.0,123.9,3274.0,2480.0,794.0
SF01-PP-PP02-0068TA-68TD01,210005.0,290.0,Mécanique,Inspection,4,177.0,,observée,177.0,8.5,2,2,0.67,Insuffisant,177.0,123.9,3274.0,2480.0,794.0
SF01-PP-PP02-0068TA-68TD02,210007.0,290.0,Mécanique,Inspection,4,177.0,,observée,177.0,8.5,0,0,0.0,Adéquat,177.0,177.0,198.0,198.0,0.0
SF01-PP-PP02-0068TA-68TD02-MOAC,210008.0,290.0,Mécanique,Inspection,4,175.3,,observée,175.3,10.8,0,0,0.0,Adéquat,175.3,175.3,200.0,200.0,0.0
SF01-PP-PP02-0068TA-68TD02-MOAC,210009.0,290.0,Mécanique,Inspection,18,29.4,,observée,29.4,5.4,0,0,0.0,Adéquat,29.4,29.4,1192.0,1192.0,0.0
SF01-PP-PP02-0068TA-68TD03,210012.0,290.0,Mécanique,Inspection,4,175.3,,observée,175.3,10.8,0,0,0.0,Adéquat,175.3,175.3,200.0,200.0,0.0
SF01-PP-PP02-0068TA-68TD03,210013.0,290.0,Mécanique,Inspection,4,175.3,,observée,175.3,10.8,0,0,0.0,Adéquat,175.3,175.3,200.0,200.0,0.0
SF01-PP-PP02-0068TA-68TD04,210015.0,290.0,Mécanique,Inspection,4,175.3,,observée,175.3,10.8,0,0,0.0,Adéquat,175.3,175.3,200.0,200.0,0.0
SF01-PP-PP02-0068TA-68TD04-MOAC,210016.0,290.0,Mécanique,Inspection,4,175.3,,observée,175.3,10.8,0,0,0.0,Adéquat,175.3,175.3,200.0,200.0,0.0
SF01-PP-PP02-0068TA-68TD04-MOAC,210017.0,290.0,Mécanique,Inspection,18,29.4,,observée,29.4,5.1,0,0,0.0,Adéquat,29.4,29.4,1192.0,1192.0,0.0
SF01-PP-PP02-0068TA-68TD05,210019.0,290.0,Mécanique,Inspection,4,175.3,,observée,175.3,10.8,0,0,0.0,Adéquat,175.3,175.3,200.0,200.0,0.0
SF01-PP-PP02-0068TA-68TD05,210020.0,290.0,Mécanique,Inspection,4,175.3,,observée,175.3,10.8,0,0,0.0,Adéquat,175.3,175.3,200.0,200.0,0.0
SF01-PP-PP02-0068TA-68TD05-MOAC,210021.0,290.0,Mécanique,Inspection,4,175.3,,observée,175.3,10.8,0,0,0.0,Adéquat,175.3,175.3,200.0,200.0,0.0
SF01-PP-PP02-0068TA-68TD05-MOAC,210022.0,290.0,Mécanique,Inspection,18,29.4,,observée,29.4,5.1,0,0,0.0,Adéquat,29.4,29.4,1192.0,1192.0,0.0
SF01-PP-PP02-0068TA-68TE04,210023.0,290.0,Mécanique,Inspection,4,175.3,,observée,175.3,10.8,1,1,0.33,Insuffisant,175.3,122.7,1730.0,1378.0,351.0
SF01-PP-PP02-0068TA-68TE05,210024.0,290.0,Mécanique,Inspection,4,175.3,,observée,175.3,10.8,0,0,0.0,Adéquat,175.3,175.3,200.0,200.0,0.0
SF01-PP-PP02-0068TA-68TH07,210026.0,290.0,Mécanique,Inspection,4,175.3,,observée,175.3,10.8,0,0,0.0,Adéquat,175.3,175.3,200.0,200.0,0.0
SF01-PP-PP02-0068TA-68TH07,212212.0,360.0,Électrique,Systématique,6,139.2,,observée,139.2,73.0,0,0,0.0,Adéquat,139.2,139.2,252.0,252.0,0.0
SF01-PP-PP02-0068TA-68TK22,210027.0,290.0,Mécanique,Inspection,7,88.0,,observée,88.0,8.8,0,0,0.0,Adéquat,88.0,88.0,398.0,398.0,0.0
SF01-PP-PP02-0068TA-68TK22,210028.0,290.0,Mécanique,Inspection,4,175.3,,observée,175.3,10.8,0,0,0.0,Adéquat,175.3,175.3,200.0,200.0,0.0
SF01-PP-PP02-0068TA-68TK22,200000000458.0,290.0,Mécanique,Inspection,4,24.3,30.0,observée,24.3,16.6,0,0,0.0,Adéquat,24.3,24.3,1442.0,1442.0,0.0
SF01-PP-PP02-0068TA-68TK22-GMOT-0MOTEUR,384786.0,310.0,Électrique,Inspection,6,13.8,,observée,13.8,1.6,0,0,0.0,Trop fréquent,13.8,27.6,2540.0,1270.0,1270.0
SF01-PP-PP02-0068TA-68TK25,210029.0,290.0,Mécanique,Inspection,7,88.0,,observée,88.0,8.8,0,0,0.0,Adéquat,88.0,88.0,398.0,398.0,0.0
SF01-PP-PP02-0068TA-68TK25,210030.0,290.0,Mécanique,Inspection,4,175.3,,observée,175.3,10.8,0,0,0.0,Adéquat,175.3,175.3,200.0,200.0,0.0
SF01-PP-PP02-0068TA-68TK25-GMOT-0MOTEUR,384787.0,310.0,Électrique,Inspection,6,13.8,,observée,13.8,2.0,0,0,0.0,Trop fréquent,13.8,27.6,2540.0,1270.0,1270.0
SF01-PP-PP02-0068TA-68TM01,210031.0,290.0,Mécanique,Inspection,4,175.3,,observée,175.3,10.8,0,0,0.0,Adéquat,175.3,175.3,200.0,200.0,0.0
SF01-PP-PP02-0068TA-68TP06,210032.0,290.0,Mécanique,Inspection,4,175.3,,observée,175.3,10.8,1,1,0.33,Insuffisant,175.3,122.7,1730.0,1378.0,351.0
SF01-PP-PP02-0068TA-68TP06-GMOT-0MOTEUR,384788.0,310.0,Électrique,Inspection,6,14.8,,observée,14.8,1.5,0,0,0.0,Trop fréquent,14.8,29.6,2368.0,1184.0,1184.0
SF01-PP-PP02-0068TA-68TP11,210033.0,290.0,Mécanique,Inspection,4,175.3,,observée,175.3,10.8,0,0,0.0,Adéquat,175.3,175.3,200.0,200.0,0.0
SF01-PP-PP02-0068TA-68TP11-GMOT-0MOTEUR,384789.0,310.0,Électrique,Inspection,6,13.8,,observée,13.8,2.1,0,0,0.0,Trop fréquent,13.8,27.6,2540.0,1270.0,1270.0
SF01-PP-PP02-0068TA-68TP12,210034.0,290.0,Mécanique,Inspection,4,175.3,,observée,175.3,10.8,0,0,0.0,Adéquat,175.3,175.3,200.0,200.0,0.0
SF01-PP-PP02-0068TA-68TP12-GMOT-0MOTEUR,384790.0,310.0,Électrique,Inspection,6,13.8,,observée,13.8,2.1,0,0,0.0,Trop fréquent,13.8,27.6,2540.0,1270.0,1270.0
SF01-PP-PP02-0068TA-68TP15,210035.0,290.0,Mécanique,Inspection,4,175.3,,observée,175.3,10.8,0,0,0.0,Adéquat,175.3,175.3,200.0,200.0,0.0
SF01-PP-PP02-0068TA-68TP15-GMOT-0MOTEUR,384791.0,310.0,Électrique,Inspection,6,13.8,,observée,13.8,1.6,0,0,0.0,Trop fréquent,13.8,27.6,2540.0,1270.0,1270.0
SF01-PP-PP02-0068TA-68TP21,210036.0,290.0,Mécanique,Inspection,4,175.3,,observée,175.3,10.8,3,1,0.33,Insuffisant,175.3,122.7,1730.0,1378.0,351.0
SF01-PP-PP02-0068TA-68TP21-GMOT-0MOTEUR,384792.0,310.0,Électrique,Inspection,6,13.8,,observée,13.8,2.3,0,0,0.0,Trop fréquent,13.8,27.6,2540.0,1270.0,1270.0
SF01-PP-PP02-0068TA-68TPF1,210037.0,290.0,Mécanique,Inspection,4,175.3,,observée,175.3,10.8,0,0,0.0,Adéquat,175.3,175.3,200.0,200.0,0.0
SF01-PP-PP02-0068TA-68TPF1-GMOT-0MOTEUR,384793.0,310.0,Électrique,Inspection,6,14.8,,observée,14.8,1.9,0,0,0.0,Trop fréquent,14.8,29.6,2368.0,1184.0,1184.0
SF01-PP-PP02-0068TA-68TPF2,210038.0,290.0,Mécanique,Inspection,4,175.3,,observée,175.3,10.8,0,0,0.0,Adéquat,175.3,175.3,200.0,200.0,0.0
SF01-PP-PP02-0068TA-68TPF2-GMOT-0MOTEUR,384794.0,310.0,Électrique,Inspection,6,13.8,,observée,13.8,2.3,0,0,0.0,Trop fréquent,13.8,27.6,2540.0,1270.0,1270.0
SF01-PP-PP02-0068TA-68TPF3,210039.0,290.0,Mécanique,Inspection,4,175.3,,observée,175.3,10.8,1,1,0.33,Insuffisant,175.3,122.7,1730.0,1378.0,351.0
SF01-PP-PP02-0068TA-68TPF3-GMOT-0MOTEUR,384795.0,310.0,Électrique,Inspection,6,13.8,,observée,13.8,2.3,1,0,0.0,Trop fréquent,13.8,27.6,2540.0,1270.0,1270.0
SF01-PP-PP02-0068TA-68TPGY,210040.0,290.0,Mécanique,Inspection,4,175.3,,observée,175.3,10.8,2,1,0.33,Insuffisant,175.3,122.7,1730.0,1378.0,351.0
SF01-PP-PP02-0068TA-68TPGY-GMOT-0MOTEUR,384796.0,310.0,Électrique,Inspection,6,13.8,,observée,13.8,2.2,0,0,0.0,Trop fréquent,13.8,27.6,2540.0,1270.0,1270.0
SF01-PP-PP02-0068TA-68TQ22,210041.0,290.0,Mécanique,Inspection,4,175.3,,observée,175.3,10.8,0,0,0.0,Adéquat,175.3,175.3,200.0,200.0,0.0
SF01-PP-PP02-0068TA-68TQ22-GMOT-0MOTEUR,384797.0,310.0,Électrique,Inspection,6,13.8,,observée,13.8,2.2,0,0,0.0,Trop fréquent,13.8,27.6,2540.0,1270.0,1270.0
SF01-PP-PP02-0068TA-68TQ25,210042.0,290.0,Mécanique,Inspection,4,175.3,,observée,175.3,10.8,0,0,0.0,Adéquat,175.3,175.3,200.0,200.0,0.0
SF01-PP-PP02-0068TA-68TQ25-GMOT-0MOTEUR,384798.0,310.0,Électrique,Inspection,6,14.8,,observée,14.8,2.3,0,0,0.0,Trop fréquent,14.8,29.6,2368.0,1184.0,1184.0
SF01-PP-PP02-0068TA-68TR01,210043.0,290.0,Mécanique,Inspection,4,175.3,,observée,175.3,10.8,5,1,0.33,Insuffisant,175.3,122.7,1730.0,1378.0,351.0
SF01-PP-PP02-0068TA-68TR01-MOAC,210044.0,290.0,Mécanique,Inspection,4,175.3,,observée,175.3,10.8,0,0,0.0,Adéquat,175.3,175.3,200.0,200.0,0.0
SF01-PP-PP02-0068TA-68TR01-MOAC,210045.0,290.0,Mécanique,Inspection,18,29.4,,observée,29.4,4.4,0,0,0.0,Adéquat,29.4,29.4,1192.0,1192.0,0.0
SF01-PP-PP02-0068TA-68TR02,210047.0,290.0,Mécanique,Inspection,4,175.3,,observée,175.3,10.8,4,1,0.33,Insuffisant,175.3,122.7,1730.0,1378.0,351.0
SF01-PP-PP02-0068TA-68TR02-MOAC,210048.0,290.0,Mécanique,Inspection,4,175.3,,observée,175.3,10.8,0,0,0.0,Adéquat,175.3,175.3,200.0,200.0,0.0
SF01-PP-PP02-0068TA-68TR02-MOAC,210049.0,290.0,Mécanique,Inspection,18,29.4,,observée,29.4,4.4,0,0,0.0,Adéquat,29.4,29.4,1192.0,1192.0,0.0
SF01-PP-PP02-0068TA-68TR03,210051.0,290.0,Mécanique,Inspection,4,175.3,,observée,175.3,10.8,15,2,0.67,Insuffisant,175.3,122.7,3306.0,2504.0,802.0
SF01-PP-PP02-0068TA-68TR03-MOAC,210052.0,290.0,Mécanique,Inspection,4,175.3,,observée,175.3,10.8,0,0,0.0,Adéquat,175.3,175.3,200.0,200.0,0.0
SF01-PP-PP02-0068TA-68TR03-MOAC,210053.0,290.0,Mécanique,Inspection,18,29.4,,observée,29.4,4.4,0,0,0.0,Adéquat,29.4,29.4,1192.0,1192.0,0.0
SF01-PP-PP02-0068TA-68TR04,210055.0,290.0,Mécanique,Inspection,4,175.3,,observée,175.3,10.8,1,1,0.33,Insuffisant,175.3,122.7,1730.0,1378.0,351.0
SF01-PP-PP02-0068TA-68TR04-MOAC,210056.0,290.0,Mécanique,Inspection,4,175.3,,observée,175.3,10.8,0,0,0.0,Adéquat,175.3,175.3,200.0,200.0,0.0
SF01-PP-PP02-0068TA-68TR04-MOAC,210057.0,290.0,Mécanique,Inspection,18,29.4,,observée,29.4,4.4,0,0,0.0,Adéquat,29.4,29.4,1192.0,1192.0,0.0
SF01-PP-PP02-0068TA-68TR05,210059.0,290.0,Mécanique,Inspection,4,175.3,,observée,175.3,10.8,4,1,0.33,Insuffisant,175.3,122.7,1730.0,1378.0,351.0
SF01-PP-PP02-0068TA-68TR05-MOAC,210060.0,290.0,Mécanique,Inspection,4,175.3,,observée,175.3,10.8,0,0,0.0,Adéquat,175.3,175.3,200.0,200.0,0.0
SF01-PP-PP02-0068TA-68TR05-MOAC,210061.0,290.0,Mécanique,Inspection,18,29.4,,observée,29.4,2.7,0,0,0.0,Adéquat,29.4,29.4,1192.0,1192.0,0.0
SF01-PP-PP02-0068TA-68TR06,210063.0,290.0,Mécanique,Inspection,4,175.3,,observée,175.3,10.8,11,1,0.33,Insuffisant,175.3,122.7,1730.0,1378.0,351.0
SF01-PP-PP02-0068TA-68TR06-MOAC,210064.0,290.0,Mécanique,Inspection,4,175.3,,observée,175.3,10.8,0,0,0.0,Adéquat,175.3,175.3,200.0,200.0,0.0
SF01-PP-PP02-0068TA-68TR06-MOAC,210065.0,290.0,Mécanique,Inspection,18,29.4,,observée,29.4,2.7,0,0,0.0,Adéquat,29.4,29.4,1192.0,1192.0,0.0
SF01-PP-PP02-0068TA-68TR07,210067.0,290.0,Mécanique,Inspection,4,175.3,,observée,175.3,10.8,3,1,0.33,Insuffisant,175.3,122.7,1730.0,1378.0,351.0
SF01-PP-PP02-0068TA-68TR07-MOAC,210068.0,290.0,Mécanique,Inspection,4,175.3,,observée,175.3,10.8,0,0,0.0,Adéquat,175.3,175.3,200.0,200.0,0.0
SF01-PP-PP02-0068TA-68TR07-MOAC,210069.0,290.0,Mécanique,Inspection,18,29.4,,observée,29.4,2.7,0,0,0.0,Adéquat,29.4,29.4,1192.0,1192.0,0.0
SF01-PP-PP02-0068TA-68TR08,210071.0,290.0,Mécanique,Inspection,4,175.3,,observée,175.3,10.8,0,0,0.0,Adéquat,175.3,175.3,200.0,200.0,0.0
SF01-PP-PP02-0068TA-68TR08-MOAC,210072.0,290.0,Mécanique,Inspection,4,175.3,,observée,175.3,10.8,0,0,0.0,Adéquat,175.3,175.3,200.0,200.0,0.0
SF01-PP-PP02-0068TA-68TR08-MOAC,210073.0,290.0,Mécanique,Inspection,18,29.4,,observée,29.4,2.7,0,0,0.0,Adéquat,29.4,29.4,1192.0,1192.0,0.0
SF01-PP-PP02-0068TA-68TR09,210075.0,290.0,Mécanique,Inspection,4,175.3,,observée,175.3,10.8,5,1,0.33,Insuffisant,175.3,122.7,1730.0,1378.0,351.0
SF01-PP-PP02-0068TA-68TR09-MOAC,210076.0,290.0,Mécanique,Inspection,4,175.3,,observée,175.3,10.8,0,0,0.0,Adéquat,175.3,175.3,200.0,200.0,0.0
SF01-PP-PP02-0068TA-68TR09-MOAC,210077.0,290.0,Mécanique,Inspection,18,29.4,,observée,29.4,2.7,0,0,0.0,Adéquat,29.4,29.4,1192.0,1192.0,0.0
SF01-PP-PP02-0068TA-68TR15,210080.0,290.0,Mécanique,Inspection,4,175.3,,observée,175.3,10.8,0,0,0.0,Adéquat,175.3,175.3,200.0,200.0,0.0
SF01-PP-PP02-0068TA-68TR15,210081.0,290.0,Mécanique,Inspection,4,175.3,,observée,175.3,10.8,0,0,0.0,Adéquat,175.3,175.3,200.0,200.0,0.0
SF01-PP-PP02-0068TA-68TR22,210082.0,290.0,Mécanique,Inspection,4,175.3,,observée,175.3,10.8,0,0,0.0,Adéquat,175.3,175.3,200.0,200.0,0.0
SF01-PP-PP02-0068TA-68TR25,210084.0,290.0,Mécanique,Inspection,4,175.3,,observée,175.3,10.8,0,0,0.0,Adéquat,175.3,175.3,200.0,200.0,0.0
SF01-PP-PP02-0068TA-68TR27,210086.0,290.0,Mécanique,Inspection,4,175.3,,observée,175.3,10.8,0,0,0.0,Adéquat,175.3,175.3,200.0,200.0,0.0
SF01-PP-PP02-0068TA-68TR27-MOAC,210087.0,290.0,Mécanique,Inspection,4,175.3,,observée,175.3,10.8,0,0,0.0,Adéquat,175.3,175.3,200.0,200.0,0.0
SF01-PP-PP02-0068TA-68TR27-MOAC,210088.0,290.0,Mécanique,Inspection,18,29.4,,observée,29.4,2.7,0,0,0.0,Adéquat,29.4,29.4,1192.0,1192.0,0.0
SF01-PP-PP02-0068TA-68TR28,210090.0,290.0,Mécanique,Inspection,4,177.0,,observée,177.0,8.5,0,0,0.0,Adéquat,177.0,177.0,198.0,198.0,0.0
SF01-PP-PP02-0068TA-68TR28-MOAC,210091.0,290.0,Mécanique,Inspection,4,177.0,,observée,177.0,8.5,0,0,0.0,Adéquat,177.0,177.0,198.0,198.0,0.0
SF01-PP-PP02-0068TA-68TR28-MOAC,210092.0,290.0,Mécanique,Inspection,18,29.6,,observée,29.6,4.3,0,0,0.0,Adéquat,29.6,29.6,1184.0,1184.0,0.0
SF01-PP-PP02-0068TA-68TR29,210094.0,290.0,Mécanique,Inspection,4,175.3,,observée,175.3,10.8,0,0,0.0,Adéquat,175.3,175.3,200.0,200.0,0.0
SF01-PP-PP02-0068TA-68TR29-MOAC,210095.0,290.0,Mécanique,Inspection,4,175.3,,observée,175.3,10.8,0,0,0.0,Adéquat,175.3,175.3,200.0,200.0,0.0
SF01-PP-PP02-0068TA-68TR29-MOAC,210096.0,290.0,Mécanique,Inspection,18,29.4,,observée,29.4,5.4,0,0,0.0,Adéquat,29.4,29.4,1192.0,1192.0,0.0
SF01-PP-PP02-0068TA-68TR30,210098.0,290.0,Mécanique,Inspection,4,175.3,,observée,175.3,10.8,0,0,0.0,Adéquat,175.3,175.3,200.0,200.0,0.0
SF01-PP-PP02-0068TA-68TR30-MOAC,210099.0,290.0,Mécanique,Inspection,4,175.3,,observée,175.3,10.8,0,0,0.0,Adéquat,175.3,175.3,200.0,200.0,0.0
SF01-PP-PP02-0068TA-68TR30-MOAC,210100.0,290.0,Mécanique,Inspection,18,29.4,,observée,29.4,5.4,0,0,0.0,Adéquat,29.4,29.4,1192.0,1192.0,0.0
SF01-PP-PP02-0068TA-68TR32,210102.0,290.0,Mécanique,Inspection,4,175.3,,observée,175.3,10.8,0,0,0.0,Adéquat,175.3,175.3,200.0,200.0,0.0
SF01-PP-PP02-0068TA-68TR32,210103.0,290.0,Mécanique,Inspection,4,175.3,,observée,175.3,10.8,0,0,0.0,Adéquat,175.3,175.3,200.0,200.0,0.0
SF01-PP-PP02-0068TA-68TR32-MOAC,210104.0,290.0,Mécanique,Inspection,4,175.3,,observée,175.3,10.8,0,0,0.0,Adéquat,175.3,175.3,200.0,200.0,0.0
SF01-PP-PP02-0068TA-68TR32-MOAC,210105.0,290.0,Mécanique,Inspection,18,29.4,,observée,29.4,5.0,0,0,0.0,Adéquat,29.4,29.4,1192.0,1192.0,0.0
SF01-PP-PP02-0068TA-68TROX,210107.0,290.0,Mécanique,Inspection,4,175.3,,observée,175.3,10.8,0,0,0.0,Adéquat,175.3,175.3,200.0,200.0,0.0
SF01-PP-PP02-0068TA-68TS22,210109.0,290.0,Mécanique,Inspection,4,175.3,,observée,175.3,10.8,0,0,0.0,Adéquat,175.3,175.3,200.0,200.0,0.0
SF01-PP-PP02-0068TA-68TS22,210110.0,290.0,Mécanique,Inspection,4,175.3,,observée,175.3,10.8,0,0,0.0,Adéquat,175.3,175.3,200.0,200.0,0.0
SF01-PP-PP02-0068TA-68TS22-MOAC,210111.0,290.0,Mécanique,Inspection,4,175.3,,observée,175.3,10.8,0,0,0.0,Adéquat,175.3,175.3,200.0,200.0,0.0
SF01-PP-PP02-0068TA-68TS22-MOAC,210112.0,290.0,Mécanique,Inspection,18,29.4,,observée,29.4,5.0,0,0,0.0,Adéquat,29.4,29.4,1192.0,1192.0,0.0
SF01-PP-PP02-0068TA-68TS25,210113.0,290.0,Mécanique,Inspection,4,175.3,,observée,175.3,10.8,0,0,0.0,Adéquat,175.3,175.3,200.0,200.0,0.0
SF01-PP-PP02-0068TA-68TS25,210114.0,290.0,Mécanique,Inspection,4,175.3,,observée,175.3,10.8,0,0,0.0,Adéquat,175.3,175.3,200.0,200.0,0.0
SF01-PP-PP02-0068TA-68TS25-MOAC,210115.0,290.0,Mécanique,Inspection,4,175.3,,observée,175.3,10.8,0,0,0.0,Adéquat,175.3,175.3,200.0,200.0,0.0
SF01-PP-PP02-0068TA-68TS25-MOAC,210116.0,290.0,Mécanique,Inspection,18,29.4,,observée,29.4,5.0,0,0,0.0,Adéquat,29.4,29.4,1192.0,1192.0,0.0
SF01-PP-PP02-0068TA-68TT04,210117.0,290.0,Mécanique,Inspection,4,175.3,,observée,175.3,10.8,0,0,0.0,Adéquat,175.3,175.3,200.0,200.0,0.0
SF01-PP-PP02-0068TA-68TT04-GMOT-0MOTEUR,384799.0,310.0,Électrique,Inspection,6,13.8,,observée,13.8,2.6,0,0,0.0,Trop fréquent,13.8,27.6,2540.0,1270.0,1270.0
SF01-PP-PP02-0068TA-68TT06,210118.0,290.0,Mécanique,Inspection,4,175.3,,observée,175.3,10.8,0,0,0.0,Adéquat,175.3,175.3,200.0,200.0,0.0
SF01-PP-PP02-0068TA-68TT06-GMOT-0MOTEUR,384800.0,310.0,Électrique,Inspection,6,13.8,,observée,13.8,2.3,0,0,0.0,Trop fréquent,13.8,27.6,2540.0,1270.0,1270.0
SF01-PP-PP02-0068TA-68TW03,210119.0,290.0,Mécanique,Inspection,4,175.3,,observée,175.3,10.8,0,0,0.0,Adéquat,175.3,175.3,200.0,200.0,0.0
SF01-PP-PP02-0068TA-68TW03-MOAC,210120.0,290.0,Mécanique,Inspection,4,175.3,,observée,175.3,10.8,0,0,0.0,Adéquat,175.3,175.3,200.0,200.0,0.0
SF01-PP-PP02-0068TA-68TW03-MOAC,210121.0,290.0,Mécanique,Inspection,18,29.4,,observée,29.4,5.0,0,0,0.0,Adéquat,29.4,29.4,1192.0,1192.0,0.0
SF01-PP-PP02-0068TA-68TW22,210122.0,290.0,Mécanique,Inspection,4,175.3,,observée,175.3,10.8,0,0,0.0,Adéquat,175.3,175.3,200.0,200.0,0.0
SF01-PP-PP02-0068TA-68TW22-GMOT-0MOTEUR,384801.0,310.0,Électrique,Inspection,6,13.8,,observée,13.8,1.8,0,0,0.0,Trop fréquent,13.8,27.6,2540.0,1270.0,1270.0
SF01-PP-PP02-0068TA-68TW25,210123.0,290.0,Mécanique,Inspection,4,175.3,,observée,175.3,10.8,0,0,0.0,Adéquat,175.3,175.3,200.0,200.0,0.0
SF01-PP-PP02-0068TA-68TW25-GMOT-0MOTEUR,384802.0,310.0,Électrique,Inspection,6,13.8,,observée,13.8,2.3,0,0,0.0,Trop fréquent,13.8,27.6,2540.0,1270.0,1270.0
SF01-PP-PP02-0068TA-8PRLG1,210124.0,290.0,Mécanique,Inspection,4,175.3,,observée,175.3,10.8,0,0,0.0,Adéquat,175.3,175.3,200.0,200.0,0.0
SF01-PP-PP02-0068TA-8PRLG1-GMOT-0MOTEUR,384803.0,310.0,Électrique,Inspection,6,14.8,,observée,14.8,2.8,0,0,0.0,Trop fréquent,14.8,29.6,2368.0,1184.0,1184.0
SF01-PP-PP02-0068TA-8PRLG2,210125.0,290.0,Mécanique,Inspection,4,175.3,,observée,175.3,10.8,0,0,0.0,Adéquat,175.3,175.3,200.0,200.0,0.0
SF01-PP-PP02-0068TA-8PRLG2-GMOT-0MOTEUR,384804.0,310.0,Électrique,Inspection,6,13.8,,observée,13.8,2.1,0,0,0.0,Trop fréquent,13.8,27.6,2540.0,1270.0,1270.0
SF01-PP-PP02-0068TA-8TA10A,210126.0,290.0,Mécanique,Inspection,4,175.3,,observée,175.3,10.8,1,1,0.33,Insuffisant,175.3,122.7,1730.0,1378.0,351.0
SF01-PP-PP02-0068TA-8TA10A-MOAC,210127.0,290.0,Mécanique,Inspection,4,175.3,,observée,175.3,10.8,0,0,0.0,Adéquat,175.3,175.3,200.0,200.0,0.0
SF01-PP-PP02-0068TA-8TA10A-MOAC,210128.0,290.0,Mécanique,Inspection,18,29.4,,observée,29.4,4.7,0,0,0.0,Adéquat,29.4,29.4,1192.0,1192.0,0.0
SF01-PP-PP02-0068TA-8TA10B,210129.0,290.0,Mécanique,Inspection,4,175.3,,observée,175.3,10.8,0,0,0.0,Adéquat,175.3,175.3,200.0,200.0,0.0
SF01-PP-PP02-0068TA-8TA10B-MOAC,210130.0,290.0,Mécanique,Inspection,4,175.3,,observée,175.3,10.8,0,0,0.0,Adéquat,175.3,175.3,200.0,200.0,0.0
SF01-PP-PP02-0068TA-8TA10B-MOAC,210131.0,290.0,Mécanique,Inspection,18,29.4,,observée,29.4,4.7,0,0,0.0,Adéquat,29.4,29.4,1192.0,1192.0,0.0
SF01-PP-PP02-0068TA-8TA32A,210133.0,290.0,Mécanique,Inspection,7,88.0,,observée,88.0,11.1,0,0,0.0,Adéquat,88.0,88.0,398.0,398.0,0.0
SF01-PP-PP02-0068TA-8TA32A-GMOT-0MOTEUR,384805.0,310.0,Électrique,Inspection,6,13.8,,observée,13.8,2.1,0,0,0.0,Trop fréquent,13.8,27.6,2540.0,1270.0,1270.0
SF01-PP-PP02-0068TA-8TA32B,210135.0,290.0,Mécanique,Inspection,7,88.0,,observée,88.0,8.0,0,0,0.0,Adéquat,88.0,88.0,398.0,398.0,0.0
SF01-PP-PP02-0068TA-8TA32B-GMOT-0MOTEUR,384806.0,310.0,Électrique,Inspection,6,13.8,,observée,13.8,1.6,0,0,0.0,Trop fréquent,13.8,27.6,2540.0,1270.0,1270.0
SF01-PP-PP02-0068TA-8TA34A,210137.0,290.0,Mécanique,Inspection,7,88.0,,observée,88.0,6.2,0,0,0.0,Adéquat,88.0,88.0,398.0,398.0,0.0
SF01-PP-PP02-0068TA-8TA34A-GMOT-0MOTEUR,384807.0,310.0,Électrique,Inspection,6,13.8,,observée,13.8,2.6,0,0,0.0,Trop fréquent,13.8,27.6,2540.0,1270.0,1270.0
SF01-PP-PP02-0068TA-8TA34B,210139.0,290.0,Mécanique,Inspection,7,88.0,,observée,88.0,6.8,0,0,0.0,Adéquat,88.0,88.0,398.0,398.0,0.0
SF01-PP-PP02-0068TA-8TA34B-GMOT-0MOTEUR,384808.0,310.0,Électrique,Inspection,6,14.8,,observée,14.8,1.7,0,0,0.0,Trop fréquent,14.8,29.6,2368.0,1184.0,1184.0
SF01-PP-PP02-0068TA-8TP01R,210140.0,290.0,Mécanique,Inspection,4,175.3,,observée,175.3,10.8,0,0,0.0,Adéquat,175.3,175.3,200.0,200.0,0.0
SF01-PP-PP02-0068TA-8TP01R-GMOT-0MOTEUR,384809.0,310.0,Électrique,Inspection,6,13.8,,observée,13.8,2.1,0,0,0.0,Trop fréquent,13.8,27.6,2540.0,1270.0,1270.0
SF01-PP-PP02-0068TA-8TP01S,210141.0,290.0,Mécanique,Inspection,4,175.3,,observée,175.3,10.8,0,0,0.0,Adéquat,175.3,175.3,200.0,200.0,0.0
SF01-PP-PP02-0068TA-8TP01S-GMOT-0MOTEUR,384810.0,310.0,Électrique,Inspection,6,13.8,,observée,13.8,2.1,0,0,0.0,Trop fréquent,13.8,27.6,2540.0,1270.0,1270.0
SF01-PP-PP02-0068TA-8TP02R,210142.0,290.0,Mécanique,Inspection,4,175.3,,observée,175.3,10.8,0,0,0.0,Adéquat,175.3,175.3,200.0,200.0,0.0
SF01-PP-PP02-0068TA-8TP02R-GMOT-0MOTEUR,384811.0,310.0,Électrique,Inspection,6,13.8,,observée,13.8,1.2,0,0,0.0,Trop fréquent,13.8,27.6,2540.0,1270.0,1270.0
SF01-PP-PP02-0068TA-8TP02S,210143.0,290.0,Mécanique,Inspection,4,175.3,,observée,175.3,10.8,2,1,0.33,Insuffisant,175.3,122.7,1730.0,1378.0,351.0
SF01-PP-PP02-0068TA-8TP02S-GMOT-0MOTEUR,384812.0,310.0,Électrique,Inspection,6,13.8,,observée,13.8,2.0,0,0,0.0,Trop fréquent,13.8,27.6,2540.0,1270.0,1270.0
SF01-PP-PP02-0068TA-8TP03R,210144.0,290.0,Mécanique,Inspection,4,175.3,,observée,175.3,10.8,1,1,0.33,Insuffisant,175.3,122.7,1730.0,1378.0,351.0
SF01-PP-PP02-0068TA-8TP03R-GMOT-0MOTEUR,384813.0,310.0,Électrique,Inspection,6,14.8,,observée,14.8,1.9,0,0,0.0,Trop fréquent,14.8,29.6,2368.0,1184.0,1184.0
SF01-PP-PP02-0068TA-8TP03S,210145.0,290.0,Mécanique,Inspection,4,175.3,,observée,175.3,10.8,3,2,0.67,Insuffisant,175.3,122.7,3306.0,2504.0,802.0
SF01-PP-PP02-0068TA-8TP03S-GMOT-0MOTEUR,384814.0,310.0,Électrique,Inspection,6,13.8,,observée,13.8,2.3,0,0,0.0,Trop fréquent,13.8,27.6,2540.0,1270.0,1270.0
SF01-PP-PP02-0068TA-8TP04R,210146.0,290.0,Mécanique,Inspection,4,175.3,,observée,175.3,10.8,3,2,0.67,Insuffisant,175.3,122.7,3306.0,2504.0,802.0
SF01-PP-PP02-0068TA-8TP04R-GMOT-0MOTEUR,384815.0,310.0,Électrique,Inspection,6,13.8,,observée,13.8,2.3,0,0,0.0,Trop fréquent,13.8,27.6,2540.0,1270.0,1270.0
SF01-PP-PP02-0068TA-8TP04S,210147.0,290.0,Mécanique,Inspection,4,175.3,,observée,175.3,10.8,2,0,0.0,Adéquat,175.3,175.3,200.0,200.0,0.0
SF01-PP-PP02-0068TA-8TP04S-GMOT-0MOTEUR,384816.0,310.0,Électrique,Inspection,6,13.8,,observée,13.8,2.2,0,0,0.0,Trop fréquent,13.8,27.6,2540.0,1270.0,1270.0
SF01-PP-PP02-0068TA-8TP05R,210148.0,290.0,Mécanique,Inspection,4,175.3,,observée,175.3,10.8,0,0,0.0,Adéquat,175.3,175.3,200.0,200.0,0.0
SF01-PP-PP02-0068TA-8TP05R-GMOT-0MOTEUR,384817.0,310.0,Électrique,Inspection,6,13.8,,observée,13.8,2.2,0,0,0.0,Trop fréquent,13.8,27.6,2540.0,1270.0,1270.0
SF01-PP-PP02-0068TA-8TP05S,210149.0,290.0,Mécanique,Inspection,4,175.3,,observée,175.3,10.8,0,0,0.0,Adéquat,175.3,175.3,200.0,200.0,0.0
SF01-PP-PP02-0068TA-8TP05S-GMOT-0MOTEUR,384818.0,310.0,Électrique,Inspection,6,14.8,,observée,14.8,2.3,0,0,0.0,Trop fréquent,14.8,29.6,2368.0,1184.0,1184.0
SF01-PP-PP02-0068TA-8TP07R,210150.0,290.0,Mécanique,Inspection,4,175.3,,observée,175.3,10.8,1,0,0.0,Adéquat,175.3,175.3,200.0,200.0,0.0
SF01-PP-PP02-0068TA-8TP07R-GMOT-0MOTEUR,384819.0,310.0,Électrique,Inspection,6,13.8,,observée,13.8,2.6,0,0,0.0,Trop fréquent,13.8,27.6,2540.0,1270.0,1270.0
SF01-PP-PP02-0068TA-8TP07S,210151.0,290.0,Mécanique,Inspection,4,175.3,,observée,175.3,10.8,0,0,0.0,Adéquat,175.3,175.3,200.0,200.0,0.0
SF01-PP-PP02-0068TA-8TP07S-GMOT-0MOTEUR,384820.0,310.0,Électrique,Inspection,6,13.8,,observée,13.8,2.3,0,0,0.0,Trop fréquent,13.8,27.6,2540.0,1270.0,1270.0
SF01-PP-PP02-0068TA-8TP09A,210152.0,290.0,Mécanique,Inspection,4,175.3,,observée,175.3,10.8,2,2,0.67,Insuffisant,175.3,122.7,3306.0,2504.0,802.0
SF01-PP-PP02-0068TA-8TP09A-GMOT-0MOTEUR,384821.0,310.0,Électrique,Inspection,6,13.8,,observée,13.8,1.8,0,0,0.0,Trop fréquent,13.8,27.6,2540.0,1270.0,1270.0
SF01-PP-PP02-0068TA-8TP09B,210153.0,290.0,Mécanique,Inspection,4,175.3,,observée,175.3,10.8,4,1,0.33,Insuffisant,175.3,122.7,1730.0,1378.0,351.0
SF01-PP-PP02-0068TA-8TP09B-GMOT-0MOTEUR,384822.0,310.0,Électrique,Inspection,6,14.0,,observée,14.0,2.5,0,0,0.0,Trop fréquent,14.0,28.0,2503.0,1252.0,1252.0
SF01-PP-PP02-0068TA-8TP10A,210154.0,290.0,Mécanique,Inspection,4,175.3,,observée,175.3,10.8,7,2,0.67,Insuffisant,175.3,122.7,3306.0,2504.0,802.0
SF01-PP-PP02-0068TA-8TP10A-GMOT-0MOTEUR,384823.0,310.0,Électrique,Inspection,6,14.8,,observée,14.8,2.5,0,0,0.0,Trop fréquent,14.8,29.6,2368.0,1184.0,1184.0
SF01-PP-PP02-0068TA-8TP10B,210155.0,290.0,Mécanique,Inspection,4,175.3,,observée,175.3,10.8,0,0,0.0,Adéquat,175.3,175.3,200.0,200.0,0.0
SF01-PP-PP02-0068TA-8TP10B-GMOT-0MOTEUR,384824.0,310.0,Électrique,Inspection,6,13.8,,observée,13.8,2.1,0,0,0.0,Trop fréquent,13.8,27.6,2540.0,1270.0,1270.0
SF01-PP-PP02-0068TA-8TP13R,210156.0,290.0,Mécanique,Inspection,4,175.3,,observée,175.3,10.8,0,0,0.0,Adéquat,175.3,175.3,200.0,200.0,0.0
SF01-PP-PP02-0068TA-8TP13R-GMOT-0MOTEUR,384825.0,310.0,Électrique,Inspection,6,13.8,,observée,13.8,2.1,0,0,0.0,Trop fréquent,13.8,27.6,2540.0,1270.0,1270.0
SF01-PP-PP02-0068TA-8TP13S,210157.0,290.0,Mécanique,Inspection,4,175.3,,observée,175.3,10.8,0,0,0.0,Adéquat,175.3,175.3,200.0,200.0,0.0
SF01-PP-PP02-0068TA-8TP13S-GMOT-0MOTEUR,384826.0,310.0,Électrique,Inspection,6,13.8,,observée,13.8,1.6,0,0,0.0,Trop fréquent,13.8,27.6,2540.0,1270.0,1270.0
SF01-PP-PP02-0068TA-8TP14R,210158.0,290.0,Mécanique,Inspection,4,175.3,,observée,175.3,10.8,0,0,0.0,Adéquat,175.3,175.3,200.0,200.0,0.0
SF01-PP-PP02-0068TA-8TP14R-GMOT-0MOTEUR,384827.0,310.0,Électrique,Inspection,6,13.8,,observée,13.8,2.3,0,0,0.0,Trop fréquent,13.8,27.6,2540.0,1270.0,1270.0
SF01-PP-PP02-0068TA-8TP14S,210159.0,290.0,Mécanique,Inspection,4,175.3,,observée,175.3,10.8,0,0,0.0,Adéquat,175.3,175.3,200.0,200.0,0.0
SF01-PP-PP02-0068TA-8TP14S-GMOT-0MOTEUR,384828.0,310.0,Électrique,Inspection,6,14.8,,observée,14.8,1.7,0,0,0.0,Trop fréquent,14.8,29.6,2368.0,1184.0,1184.0
SF01-PP-PP02-0068TA-8TP16R,210160.0,290.0,Mécanique,Inspection,4,175.3,,observée,175.3,10.8,0,0,0.0,Adéquat,175.3,175.3,200.0,200.0,0.0
SF01-PP-PP02-0068TA-8TP16R-GMOT-0MOTEUR,384829.0,310.0,Électrique,Inspection,6,13.8,,observée,13.8,2.1,0,0,0.0,Trop fréquent,13.8,27.6,2540.0,1270.0,1270.0
SF01-PP-PP02-0068TA-8TP16S,210161.0,290.0,Mécanique,Inspection,4,175.3,,observée,175.3,10.8,0,0,0.0,Adéquat,175.3,175.3,200.0,200.0,0.0
SF01-PP-PP02-0068TA-8TP16S-GMOT-0MOTEUR,384830.0,310.0,Électrique,Inspection,6,13.8,,observée,13.8,2.1,0,0,0.0,Trop fréquent,13.8,27.6,2540.0,1270.0,1270.0
SF01-PP-PP02-0068TA-8TP17A,210162.0,290.0,Mécanique,Inspection,4,175.3,,observée,175.3,10.8,2,1,0.33,Insuffisant,175.3,122.7,1730.0,1378.0,351.0
SF01-PP-PP02-0068TA-8TP17A-GMOT-0MOTEUR,384831.0,310.0,Électrique,Inspection,6,13.8,,observée,13.8,2.4,0,0,0.0,Trop fréquent,13.8,27.6,2540.0,1270.0,1270.0
SF01-PP-PP02-0068TA-8TP17B,210163.0,290.0,Mécanique,Inspection,4,175.3,,observée,175.3,10.8,0,0,0.0,Adéquat,175.3,175.3,200.0,200.0,0.0
SF01-PP-PP02-0068TA-8TP17B-GMOT-0MOTEUR,384832.0,310.0,Électrique,Inspection,6,13.8,,observée,13.8,2.3,0,0,0.0,Trop fréquent,13.8,27.6,2540.0,1270.0,1270.0
SF01-PP-PP02-0068TA-8TR10A,210164.0,290.0,Mécanique,Inspection,4,175.3,,observée,175.3,10.8,9,1,0.33,Insuffisant,175.3,122.7,1730.0,1378.0,351.0
SF01-PP-PP02-0068TA-8TR10A-MOAC,210165.0,290.0,Mécanique,Inspection,4,175.3,,observée,175.3,10.8,0,0,0.0,Adéquat,175.3,175.3,200.0,200.0,0.0
SF01-PP-PP02-0068TA-8TR10A-MOAC,210166.0,290.0,Mécanique,Inspection,18,29.4,,observée,29.4,2.7,0,0,0.0,Adéquat,29.4,29.4,1192.0,1192.0,0.0
SF01-PP-PP02-0068TA-8TR10B,210168.0,290.0,Mécanique,Inspection,4,175.3,,observée,175.3,10.8,4,1,0.33,Insuffisant,175.3,122.7,1730.0,1378.0,351.0
SF01-PP-PP02-0068TA-8TR10B-MOAC,210169.0,290.0,Mécanique,Inspection,4,175.3,,observée,175.3,10.8,0,0,0.0,Adéquat,175.3,175.3,200.0,200.0,0.0
SF01-PP-PP02-0068TA-8TR10B-MOAC,210170.0,290.0,Mécanique,Inspection,18,29.4,,observée,29.4,2.7,0,0,0.0,Adéquat,29.4,29.4,1192.0,1192.0,0.0
SF01-PP-PP02-0068TA-8TR34A,210172.0,290.0,Mécanique,Inspection,4,175.3,,observée,175.3,10.8,1,1,0.33,Insuffisant,175.3,122.7,1730.0,1378.0,351.0
SF01-PP-PP02-0068TA-8TR34B,210174.0,290.0,Mécanique,Inspection,4,175.3,,observée,175.3,10.8,0,0,0.0,Adéquat,175.3,175.3,200.0,200.0,0.0
SF01-PP-PP02-0068TA-MP1555,210629.0,290.0,Mécanique,Inspection,4,175.3,,observée,175.3,10.8,0,0,0.0,Adéquat,175.3,175.3,200.0,200.0,0.0
SF01-PP-PP02-0068TA-MP1555-GMOT-0MOTEUR,384833.0,310.0,Électrique,Inspection,6,14.8,,observée,14.8,1.9,0,0,0.0,Trop fréquent,14.8,29.6,2368.0,1184.0,1184.0
SF01-PP-PP02-0068TA-PSTFTA,212588.0,310.0,Électrique,Inspection,44,14.6,,observée,14.6,47.2,0,0,0.0,Trop fréquent,14.6,29.2,2400.0,1200.0,1200.0
SF01-PP-PP02-0068TA-PSTFTA,212589.0,360.0,Électrique,Systématique,45,14.5,,observée,14.5,47.9,0,0,0.0,Trop fréquent,14.5,29.0,2417.0,1208.0,1208.0
SF01-PP-PP02-0068TA-PSTFTA,384642.0,310.0,Électrique,Inspection,10,7.1,,observée,7.1,2.7,0,0,0.0,Trop fréquent,7.1,14.2,4936.0,2468.0,2468.0
SF01-PP-PP02-0068TA-PSTFTA,385743.0,360.0,Électrique,Systématique,3,28.0,,observée,28.0,3.0,0,0,0.0,Adéquat,28.0,28.0,1252.0,1252.0,0.0
SF01-PP-PP02-0068TA-PSTFTA-TGBT,385013.0,310.0,Électrique,Inspection,3,27.5,,observée,27.5,1.5,0,0,0.0,Adéquat,27.5,27.5,1274.0,1274.0,0.0
SF01-PP-PP02-0068TA-PSTMBT,212606.0,310.0,Électrique,Inspection,43,16.6,,observée,16.6,60.2,0,0,0.0,Trop fréquent,16.6,33.2,2111.0,1056.0,1056.0
SF01-PP-PP02-0068TA-PSTMBT,212607.0,360.0,Électrique,Systématique,45,16.4,,observée,16.4,60.1,0,0,0.0,Trop fréquent,16.4,32.8,2137.0,1068.0,1068.0
SF01-PP-PP02-0068TA-PSTMBT,384643.0,310.0,Électrique,Inspection,10,6.6,,observée,6.6,1.5,0,0,0.0,Trop fréquent,6.6,13.2,5310.0,2655.0,2655.0
SF01-PP-PP02-0068TA-PSTMBT,385744.0,360.0,Électrique,Systématique,3,28.0,,observée,28.0,3.0,0,0,0.0,Adéquat,28.0,28.0,1252.0,1252.0,0.0
SF01-PP-PP02-0068TA-PSTMBT-TGBT,385014.0,310.0,Électrique,Inspection,3,27.5,,observée,27.5,1.5,0,0,0.0,Adéquat,27.5,27.5,1274.0,1274.0,0.0
SF01-PP-PP02-0068TA-PSTTR1-TRSF,212850.0,310.0,Électrique,Inspection,13,50.7,,observée,50.7,61.5,0,0,0.0,Adéquat,50.7,50.7,691.0,691.0,0.0
SF01-PP-PP02-0068TA-PSTTR1-TRSF,385772.0,310.0,Électrique,Inspection,3,85.5,,observée,85.5,29.5,0,0,0.0,Adéquat,85.5,85.5,410.0,410.0,0.0
SF01-PP-PP02-0068TA-PSTTR1-TRSF,386108.0,300.0,Électrique,Inspection,3,85.0,,observée,85.0,29.0,0,0,0.0,Adéquat,85.0,85.0,412.0,412.0,0.0
SF01-PP-PP02-0068TA-PSTTR2-TRSF,212870.0,310.0,Électrique,Inspection,13,47.8,,observée,47.8,36.3,0,0,0.0,Adéquat,47.8,47.8,733.0,733.0,0.0
SF01-PP-PP02-0068TA-PSTTR2-TRSF,385773.0,310.0,Électrique,Inspection,3,85.0,,observée,85.0,29.0,0,0,0.0,Adéquat,85.0,85.0,412.0,412.0,0.0
SF01-PP-PP02-0068TA-PSTTR2-TRSF,386109.0,300.0,Électrique,Inspection,3,84.5,,observée,84.5,28.5,0,0,0.0,Adéquat,84.5,84.5,415.0,415.0,0.0
SF01-PP-PP02-00CAP2-FACIEL-ECL1,211623.0,360.0,Électrique,Systématique,6,140.6,,observée,140.6,71.0,0,0,0.0,Adéquat,140.6,140.6,249.0,249.0,0.0
SF01-PP-PP02-00CAP2-FACIEL-PC01,211624.0,360.0,Électrique,Systématique,6,142.0,,observée,142.0,74.3,0,0,0.0,Adéquat,142.0,142.0,247.0,247.0,0.0
SF01-PP-PP02-00CAP2-FACIEL-PC02,211625.0,360.0,Électrique,Systématique,6,143.4,,observée,143.4,76.3,0,0,0.0,Adéquat,143.4,143.4,244.0,244.0,0.0
SF01-PP-PP02-00CAP2-POSTBT,212584.0,310.0,Électrique,Inspection,44,14.3,,observée,14.3,45.2,0,0,0.0,Trop fréquent,14.3,28.6,2451.0,1225.0,1225.0
SF01-PP-PP02-00CAP2-POSTBT,212585.0,360.0,Électrique,Systématique,45,14.1,,observée,14.1,45.2,0,0,0.0,Trop fréquent,14.1,28.2,2485.0,1243.0,1243.0
SF01-PP-PP02-00CAP2-POSTBT,384644.0,310.0,Électrique,Inspection,10,7.1,,observée,7.1,1.4,0,0,0.0,Trop fréquent,7.1,14.2,4936.0,2468.0,2468.0
SF01-PP-PP02-00CAP2-POSTBT,385745.0,360.0,Électrique,Systématique,3,26.5,,observée,26.5,0.5,0,0,0.0,Adéquat,26.5,26.5,1322.0,1322.0,0.0
SF01-PP-PP02-00CAP2-POSTBT-TGBT,385015.0,310.0,Électrique,Inspection,3,28.5,,observée,28.5,0.5,1,0,0.0,Adéquat,28.5,28.5,1230.0,1230.0,0.0
SF01-PP-PP02-00CAP3-FACIEL-PC01,211626.0,360.0,Électrique,Systématique,6,144.8,,observée,144.8,75.7,1,0,0.0,Adéquat,144.8,144.8,242.0,242.0,0.0
SF01-PP-PP02-00CAP3-FACIEL-PC02,211627.0,360.0,Électrique,Systématique,6,146.2,,observée,146.2,77.7,0,0,0.0,Adéquat,146.2,146.2,240.0,240.0,0.0
SF01-PP-PP02-00CAP3-FACIEL-PC03,211628.0,360.0,Électrique,Systématique,6,151.8,,observée,151.8,87.2,0,0,0.0,Adéquat,151.8,151.8,231.0,231.0,0.0
SF01-PP-PP02-00CAP3-PSTMBT,212598.0,310.0,Électrique,Inspection,44,15.6,,observée,15.6,53.4,0,0,0.0,Trop fréquent,15.6,31.2,2246.0,1123.0,1123.0
SF01-PP-PP02-00CAP3-PSTMBT,212599.0,360.0,Électrique,Systématique,45,15.4,,observée,15.4,54.0,0,0,0.0,Trop fréquent,15.4,30.8,2276.0,1138.0,1138.0
SF01-PP-PP02-00CAP3-PSTMBT,384645.0,310.0,Électrique,Inspection,10,7.1,,observée,7.1,1.7,0,0,0.0,Trop fréquent,7.1,14.2,4936.0,2468.0,2468.0
SF01-PP-PP02-00CAP3-PSTMBT,385746.0,360.0,Électrique,Systématique,3,29.5,,observée,29.5,2.5,0,0,0.0,Adéquat,29.5,29.5,1188.0,1188.0,0.0
SF01-PP-PP02-00CAP3-PSTMBT-TGBT,385016.0,310.0,Électrique,Inspection,3,28.5,,observée,28.5,0.5,0,0,0.0,Adéquat,28.5,28.5,1230.0,1230.0,0.0
SF01-PP-PP02-00CAP3-PSTTR1-TRSF,212832.0,310.0,Électrique,Inspection,13,50.1,,observée,50.1,66.8,0,0,0.0,Adéquat,50.1,50.1,700.0,700.0,0.0
SF01-PP-PP02-00CAP3-PSTTR1-TRSF,385774.0,310.0,Électrique,Inspection,3,56.0,,observée,56.0,0.0,0,0,0.0,Adéquat,56.0,56.0,626.0,626.0,0.0
SF01-PP-PP02-00CAP3-PSTTR1-TRSF,386110.0,300.0,Électrique,Inspection,3,57.5,,observée,57.5,1.5,0,0,0.0,Adéquat,57.5,57.5,609.0,609.0,0.0
SF01-PP-PP02-00CAP3-PSTTR2-TRSF,212853.0,310.0,Électrique,Inspection,13,45.4,,observée,45.4,40.0,0,0,0.0,Adéquat,45.4,45.4,772.0,772.0,0.0
SF01-PP-PP02-00CAP3-PSTTR2-TRSF,385775.0,310.0,Électrique,Inspection,3,58.0,,observée,58.0,2.0,0,0,0.0,Adéquat,58.0,58.0,604.0,604.0,0.0
SF01-PP-PP02-00CAP3-PSTTR2-TRSF,386111.0,300.0,Électrique,Inspection,3,57.0,,observée,57.0,1.0,0,0,0.0,Adéquat,57.0,57.0,615.0,615.0,0.0
SF01-PP-PP02-0CAP2X-D6401X,210392.0,290.0,Mécanique,Inspection,18,29.4,,observée,29.4,8.0,12,7,0.41,Insuffisant,29.4,20.6,12524.0,9797.0,2727.0
SF01-PP-PP02-0CAP2X-D6401X,210393.0,290.0,Mécanique,Inspection,4,175.3,,observée,175.3,10.8,12,3,1.0,Insuffisant,175.3,122.7,4835.0,3597.0,1239.0
SF01-PP-PP02-0CAP2X-D6401X-CIRC-COMPENTR,210394.0,360.0,Mécanique,Systématique,3,337.5,,observée,337.5,27.5,0,0,0.0,Adéquat,337.5,337.5,104.0,104.0,0.0
SF01-PP-PP02-0CAP2X-D6401X-CIRC-COMPSORT,210395.0,360.0,Mécanique,Systématique,3,337.5,,observée,337.5,27.5,1,0,0.0,Adéquat,337.5,337.5,104.0,104.0,0.0
SF01-PP-PP02-0CAP2X-D6401X-MOAC,210396.0,290.0,Mécanique,Inspection,4,175.3,,observée,175.3,10.8,0,0,0.0,Adéquat,175.3,175.3,200.0,200.0,0.0
SF01-PP-PP02-0CAP2X-D6401X-MOAC,210397.0,290.0,Mécanique,Inspection,18,29.4,,observée,29.4,2.7,0,0,0.0,Adéquat,29.4,29.4,1192.0,1192.0,0.0
SF01-PP-PP02-0CAP2X-D6402X,210406.0,290.0,Mécanique,Inspection,4,175.3,,observée,175.3,10.8,0,0,0.0,Adéquat,175.3,175.3,200.0,200.0,0.0
SF01-PP-PP02-0CAP2X-D6403X,210411.0,290.0,Mécanique,Inspection,4,175.3,,observée,175.3,10.8,3,2,0.67,Insuffisant,175.3,122.7,3306.0,2504.0,802.0
SF01-PP-PP02-0CAP2X-D6403X,210412.0,290.0,Mécanique,Inspection,4,175.3,,observée,175.3,10.8,3,2,0.67,Insuffisant,175.3,122.7,3306.0,2504.0,802.0
SF01-PP-PP02-0CAP2X-E6401X,210470.0,290.0,Mécanique,Inspection,4,175.3,,observée,175.3,10.8,25,2,0.67,Insuffisant,175.3,122.7,3306.0,2504.0,802.0
SF01-PP-PP02-0CAP2X-E6401X,210471.0,300.0,Mécanique,Inspection,3,337.5,,observée,337.5,27.5,25,1,0.5,Insuffisant,337.5,236.2,1308.0,1008.0,299.0
SF01-PP-PP02-0CAP2X-E6401X,200000000458.0,290.0,Mécanique,Inspection,4,24.3,30.0,observée,24.3,16.6,25,1,0.33,Insuffisant,24.3,17.0,12477.0,9942.0,2535.0
SF01-PP-PP02-0CAP2X-E6402X,210476.0,290.0,Mécanique,Inspection,18,29.4,,observée,29.4,7.9,10,8,0.47,Insuffisant,29.4,20.6,14182.0,10982.0,3201.0
SF01-PP-PP02-0CAP2X-E6402X,210477.0,290.0,Mécanique,Inspection,4,175.3,,observée,175.3,10.8,10,3,1.0,Insuffisant,175.3,122.7,4835.0,3597.0,1239.0
SF01-PP-PP02-0CAP2X-E6402X-MOAC,210479.0,290.0,Mécanique,Inspection,4,175.3,,observée,175.3,10.8,0,0,0.0,Adéquat,175.3,175.3,200.0,200.0,0.0
SF01-PP-PP02-0CAP2X-E6402X-MOAC,210480.0,290.0,Mécanique,Inspection,18,29.4,,observée,29.4,2.7,0,0,0.0,Adéquat,29.4,29.4,1192.0,1192.0,0.0
SF01-PP-PP02-0CAP2X-E6403X,210488.0,290.0,Mécanique,Inspection,4,175.3,,observée,175.3,10.8,0,0,0.0,Adéquat,175.3,175.3,200.0,200.0,0.0
SF01-PP-PP02-0CAP2X-J6401X,210563.0,290.0,Mécanique,Inspection,4,175.3,,observée,175.3,10.8,2,1,0.33,Insuffisant,175.3,122.7,1730.0,1378.0,351.0
SF01-PP-PP02-0CAP2X-J6402X,210565.0,290.0,Mécanique,Inspection,4,175.3,,observée,175.3,10.8,2,1,0.33,Insuffisant,175.3,122.7,1730.0,1378.0,351.0
SF01-PP-PP02-0CAP2X-P6401X,210694.0,290.0,Mécanique,Inspection,12,44.1,,observée,44.1,13.5,46,6,0.55,Insuffisant,44.1,30.9,10929.0,8374.0,2555.0
SF01-PP-PP02-0CAP2X-P6401X,210695.0,290.0,Mécanique,Inspection,4,175.3,,observée,175.3,10.8,46,3,1.0,Insuffisant,175.3,122.7,4835.0,3597.0,1239.0
SF01-PP-PP02-0CAP2X-P6401X,200000000458.0,290.0,Mécanique,Inspection,4,24.3,30.0,observée,24.3,16.6,46,1,0.33,Insuffisant,24.3,17.0,12477.0,9942.0,2535.0
SF01-PP-PP02-0CAP2X-P6401X,200000000618.0,300.0,Mécanique,Inspection,28,18.4,30.0,observée,18.4,14.8,46,13,0.48,Insuffisant,18.4,12.9,23102.0,17862.0,5240.0
SF01-PP-PP02-0CAP2X-P6401X-CIRC,210696.0,290.0,Mécanique,Inspection,12,44.1,,observée,44.1,16.0,5,2,0.18,Insuffisant,44.1,30.9,4111.0,3504.0,607.0
SF01-PP-PP02-0CAP2X-P6401X-CIRC-COMPASPE,210697.0,360.0,Mécanique,Systématique,3,337.5,,observée,337.5,27.5,0,0,0.0,Adéquat,337.5,337.5,104.0,104.0,0.0
SF01-PP-PP02-0CAP2X-P6401X-CIRC-COMPREFO,210698.0,360.0,Mécanique,Systématique,3,337.5,,observée,337.5,27.5,0,0,0.0,Adéquat,337.5,337.5,104.0,104.0,0.0
SF01-PP-PP02-0CAP2X-P6401X-GMOT-0MOTEUR,212508.0,360.0,Électrique,Systématique,8,95.9,,observée,95.9,61.9,0,0,0.0,Adéquat,95.9,95.9,365.0,365.0,0.0
SF01-PP-PP02-0CAP2X-P6402X,210704.0,290.0,Mécanique,Inspection,4,175.3,,observée,175.3,10.8,19,3,1.0,Insuffisant,175.3,122.7,4835.0,3597.0,1239.0
SF01-PP-PP02-0CAP2X-P6402X-GMOT-0MOTEUR,384834.0,310.0,Électrique,Inspection,6,13.8,,observée,13.8,2.3,1,0,0.0,Trop fréquent,13.8,27.6,2540.0,1270.0,1270.0
SF01-PP-PP02-0CAP2X-P6403X,210706.0,290.0,Mécanique,Inspection,4,175.3,,observée,175.3,10.8,0,0,0.0,Adéquat,175.3,175.3,200.0,200.0,0.0
SF01-PP-PP02-0CAP2X-P6403X-GMOT-0MOTEUR,384835.0,310.0,Électrique,Inspection,6,13.8,,observée,13.8,2.3,0,0,0.0,Trop fréquent,13.8,27.6,2540.0,1270.0,1270.0
SF01-PP-PP02-0CAP2X-P6405X,210708.0,290.0,Mécanique,Inspection,4,175.3,,observée,175.3,10.8,0,0,0.0,Adéquat,175.3,175.3,200.0,200.0,0.0
SF01-PP-PP02-0CAP2X-P6405X-GMOT-0MOTEUR,384836.0,310.0,Électrique,Inspection,6,13.8,,observée,13.8,2.2,0,0,0.0,Trop fréquent,13.8,27.6,2540.0,1270.0,1270.0
SF01-PP-PP02-0CAP2X-S6401X,210847.0,290.0,Mécanique,Inspection,4,175.3,,observée,175.3,10.8,12,3,1.0,Insuffisant,175.3,122.7,4835.0,3597.0,1239.0
SF01-PP-PP02-0CAP2Y-D6401Y,210399.0,290.0,Mécanique,Inspection,18,29.4,,observée,29.4,7.9,13,5,0.29,Insuffisant,29.4,20.6,9207.0,7428.0,1779.0
SF01-PP-PP02-0CAP2Y-D6401Y,210400.0,290.0,Mécanique,Inspection,4,175.3,,observée,175.3,10.8,13,2,0.67,Insuffisant,175.3,122.7,3306.0,2504.0,802.0
SF01-PP-PP02-0CAP2Y-D6401Y-CIRC-COMPENTR,210401.0,360.0,Mécanique,Systématique,3,337.5,,observée,337.5,27.5,0,0,0.0,Adéquat,337.5,337.5,104.0,104.0,0.0
SF01-PP-PP02-0CAP2Y-D6401Y-CIRC-COMPSORT,210402.0,360.0,Mécanique,Systématique,3,337.5,,observée,337.5,27.5,1,0,0.0,Adéquat,337.5,337.5,104.0,104.0,0.0
SF01-PP-PP02-0CAP2Y-D6401Y-MOAC,210403.0,290.0,Mécanique,Inspection,4,175.3,,observée,175.3,10.8,0,0,0.0,Adéquat,175.3,175.3,200.0,200.0,0.0
SF01-PP-PP02-0CAP2Y-D6401Y-MOAC,210404.0,290.0,Mécanique,Inspection,18,29.4,,observée,29.4,2.7,0,0,0.0,Adéquat,29.4,29.4,1192.0,1192.0,0.0
SF01-PP-PP02-0CAP2Y-D6402Y,210408.0,290.0,Mécanique,Inspection,4,175.3,,observée,175.3,10.8,0,0,0.0,Adéquat,175.3,175.3,200.0,200.0,0.0
SF01-PP-PP02-0CAP2Y-D6403Y,210414.0,290.0,Mécanique,Inspection,4,175.3,,observée,175.3,10.8,4,2,0.67,Insuffisant,175.3,122.7,3306.0,2504.0,802.0
SF01-PP-PP02-0CAP2Y-D6403Y,210415.0,290.0,Mécanique,Inspection,4,175.3,,observée,175.3,10.8,4,2,0.67,Insuffisant,175.3,122.7,3306.0,2504.0,802.0
SF01-PP-PP02-0CAP2Y-E6401Y,210473.0,290.0,Mécanique,Inspection,4,175.3,,observée,175.3,10.8,18,2,0.67,Insuffisant,175.3,122.7,3306.0,2504.0,802.0
SF01-PP-PP02-0CAP2Y-E6401Y,210474.0,300.0,Mécanique,Inspection,3,337.5,,observée,337.5,27.5,18,2,1.0,Insuffisant,337.5,236.2,2511.0,1868.0,643.0
SF01-PP-PP02-0CAP2Y-E6401Y,200000000458.0,290.0,Mécanique,Inspection,4,24.3,30.0,observée,24.3,16.6,18,0,0.0,Adéquat,24.3,24.3,1442.0,1442.0,0.0
SF01-PP-PP02-0CAP2Y-E6402Y,210482.0,290.0,Mécanique,Inspection,18,29.4,,observée,29.4,7.9,13,7,0.41,Insuffisant,29.4,20.6,12524.0,9797.0,2727.0
SF01-PP-PP02-0CAP2Y-E6402Y,210483.0,290.0,Mécanique,Inspection,4,175.3,,observée,175.3,10.8,13,3,1.0,Insuffisant,175.3,122.7,4835.0,3597.0,1239.0
SF01-PP-PP02-0CAP2Y-E6402Y-MOAC,210485.0,290.0,Mécanique,Inspection,4,175.3,,observée,175.3,10.8,0,0,0.0,Adéquat,175.3,175.3,200.0,200.0,0.0
SF01-PP-PP02-0CAP2Y-E6402Y-MOAC,210486.0,290.0,Mécanique,Inspection,18,29.4,,observée,29.4,2.7,0,0,0.0,Adéquat,29.4,29.4,1192.0,1192.0,0.0
SF01-PP-PP02-0CAP2Y-E6403Y,210489.0,290.0,Mécanique,Inspection,4,175.3,,observée,175.3,10.8,2,1,0.33,Insuffisant,175.3,122.7,1730.0,1378.0,351.0
SF01-PP-PP02-0CAP2Y-J6401Y,210564.0,290.0,Mécanique,Inspection,4,175.3,,observée,175.3,10.8,0,0,0.0,Adéquat,175.3,175.3,200.0,200.0,0.0
SF01-PP-PP02-0CAP2Y-J6402Y,210566.0,290.0,Mécanique,Inspection,4,175.3,,observée,175.3,10.8,0,0,0.0,Adéquat,175.3,175.3,200.0,200.0,0.0
SF01-PP-PP02-0CAP2Y-P6401Y,210699.0,290.0,Mécanique,Inspection,12,44.1,,observée,44.1,8.8,16,5,0.45,Insuffisant,44.1,30.9,9086.0,7058.0,2028.0
SF01-PP-PP02-0CAP2Y-P6401Y,210700.0,290.0,Mécanique,Inspection,4,175.3,,observée,175.3,10.8,16,2,0.67,Insuffisant,175.3,122.7,3306.0,2504.0,802.0
SF01-PP-PP02-0CAP2Y-P6401Y,200000000458.0,290.0,Mécanique,Inspection,4,24.3,30.0,observée,24.3,16.6,16,0,0.0,Adéquat,24.3,24.3,1442.0,1442.0,0.0
SF01-PP-PP02-0CAP2Y-P6401Y,200000000618.0,300.0,Mécanique,Inspection,28,18.4,30.0,observée,18.4,14.8,16,9,0.33,Insuffisant,18.4,12.9,16478.0,13131.0,3348.0
SF01-PP-PP02-0CAP2Y-P6401Y-CIRC,210701.0,290.0,Mécanique,Inspection,12,44.1,,observée,44.1,15.6,0,0,0.0,Adéquat,44.1,44.1,795.0,795.0,0.0
SF01-PP-PP02-0CAP2Y-P6401Y-CIRC-COMPASPE,210702.0,360.0,Mécanique,Systématique,3,337.5,,observée,337.5,27.5,0,0,0.0,Adéquat,337.5,337.5,104.0,104.0,0.0
SF01-PP-PP02-0CAP2Y-P6401Y-CIRC-COMPREFO,210703.0,360.0,Mécanique,Systématique,3,337.5,,observée,337.5,27.5,0,0,0.0,Adéquat,337.5,337.5,104.0,104.0,0.0
SF01-PP-PP02-0CAP2Y-P6401Y-GMOT-0MOTEUR,212510.0,360.0,Électrique,Systématique,8,104.9,,observée,104.9,79.9,0,0,0.0,Adéquat,104.9,104.9,334.0,334.0,0.0
SF01-PP-PP02-0CAP2Y-P6401Y-GMOT-0MOTEUR,384837.0,310.0,Électrique,Inspection,6,13.8,,observée,13.8,2.2,0,0,0.0,Trop fréquent,13.8,27.6,2540.0,1270.0,1270.0
SF01-PP-PP02-0CAP2Y-P6401Y-GMOT-0MOTEUR,385603.0,360.0,Électrique,Systématique,3,56.0,,observée,56.0,0.0,0,0,0.0,Adéquat,56.0,56.0,626.0,626.0,0.0
SF01-PP-PP02-0CAP2Y-P6402Y,210705.0,290.0,Mécanique,Inspection,4,175.3,,observée,175.3,10.8,18,3,1.0,Insuffisant,175.3,122.7,4835.0,3597.0,1239.0
SF01-PP-PP02-0CAP2Y-P6402Y,200000000618.0,300.0,Mécanique,Inspection,28,18.4,30.0,observée,18.4,14.8,18,9,0.33,Insuffisant,18.4,12.9,16478.0,13131.0,3348.0
SF01-PP-PP02-0CAP2Y-P6402Y-GMOT-0MOTEUR,384838.0,310.0,Électrique,Inspection,6,14.8,,observée,14.8,2.3,0,0,0.0,Trop fréquent,14.8,29.6,2368.0,1184.0,1184.0
SF01-PP-PP02-0CAP2Y-P6403Y,210707.0,290.0,Mécanique,Inspection,4,175.3,,observée,175.3,10.8,0,0,0.0,Adéquat,175.3,175.3,200.0,200.0,0.0
SF01-PP-PP02-0CAP2Y-P6403Y-GMOT-0MOTEUR,384839.0,310.0,Électrique,Inspection,6,13.8,,observée,13.8,2.6,0,0,0.0,Trop fréquent,13.8,27.6,2540.0,1270.0,1270.0
SF01-PP-PP02-0CAP2Y-P6405Y,210709.0,290.0,Mécanique,Inspection,4,175.3,,observée,175.3,10.8,0,0,0.0,Adéquat,175.3,175.3,200.0,200.0,0.0
SF01-PP-PP02-0CAP2Y-S6401Y,210848.0,290.0,Mécanique,Inspection,4,175.3,,observée,175.3,10.8,13,2,0.67,Insuffisant,175.3,122.7,3306.0,2504.0,802.0
SF01-PP-PP02-0CAP3X-D6601X,210417.0,290.0,Mécanique,Inspection,18,29.4,,observée,29.4,3.3,48,11,0.65,Insuffisant,29.4,20.6,19157.0,14535.0,4622.0
SF01-PP-PP02-0CAP3X-D6601X,210418.0,290.0,Mécanique,Inspection,4,175.3,,observée,175.3,10.8,48,2,0.67,Insuffisant,175.3,122.7,3306.0,2504.0,802.0
SF01-PP-PP02-0CAP3X-D6601X-CIRC-COMPSORT,210420.0,360.0,Mécanique,Systématique,3,337.5,,observée,337.5,27.5,0,0,0.0,Adéquat,337.5,337.5,104.0,104.0,0.0
SF01-PP-PP02-0CAP3X-D6601X-MOAC,210421.0,290.0,Mécanique,Inspection,4,175.3,,observée,175.3,10.8,0,0,0.0,Adéquat,175.3,175.3,200.0,200.0,0.0
SF01-PP-PP02-0CAP3X-D6601X-MOAC,210422.0,290.0,Mécanique,Inspection,18,29.4,,observée,29.4,2.7,0,0,0.0,Adéquat,29.4,29.4,1192.0,1192.0,0.0
SF01-PP-PP02-0CAP3X-D6602X,210430.0,290.0,Mécanique,Inspection,4,175.3,,observée,175.3,10.8,0,0,0.0,Adéquat,175.3,175.3,200.0,200.0,0.0
SF01-PP-PP02-0CAP3X-D6603X,210435.0,290.0,Mécanique,Inspection,4,175.3,,observée,175.3,10.8,1,1,0.33,Insuffisant,175.3,122.7,1730.0,1378.0,351.0
SF01-PP-PP02-0CAP3X-D6603X,210436.0,290.0,Mécanique,Inspection,4,175.3,,observée,175.3,10.8,1,1,0.33,Insuffisant,175.3,122.7,1730.0,1378.0,351.0
SF01-PP-PP02-0CAP3X-E6601X,210490.0,290.0,Mécanique,Inspection,4,175.3,,observée,175.3,10.8,12,2,0.67,Insuffisant,175.3,122.7,3306.0,2504.0,802.0
SF01-PP-PP02-0CAP3X-E6601X,210491.0,300.0,Mécanique,Inspection,3,337.5,,observée,337.5,27.5,12,2,1.0,Insuffisant,337.5,236.2,2511.0,1868.0,643.0
SF01-PP-PP02-0CAP3X-E6601X,200000000458.0,290.0,Mécanique,Inspection,4,24.3,30.0,observée,24.3,16.6,12,1,0.33,Insuffisant,24.3,17.0,12477.0,9942.0,2535.0
SF01-PP-PP02-0CAP3X-E6602X,210497.0,290.0,Mécanique,Inspection,18,29.4,,observée,29.4,3.3,24,9,0.53,Insuffisant,29.4,20.6,15841.0,12166.0,3674.0
SF01-PP-PP02-0CAP3X-E6602X,210498.0,290.0,Mécanique,Inspection,4,175.3,,observée,175.3,10.8,24,2,0.67,Insuffisant,175.3,122.7,3306.0,2504.0,802.0
SF01-PP-PP02-0CAP3X-E6602X-MOAC,210500.0,290.0,Mécanique,Inspection,4,175.3,,observée,175.3,10.8,0,0,0.0,Adéquat,175.3,175.3,200.0,200.0,0.0
SF01-PP-PP02-0CAP3X-E6602X-MOAC,210501.0,290.0,Mécanique,Inspection,18,29.4,,observée,29.4,2.7,0,0,0.0,Adéquat,29.4,29.4,1192.0,1192.0,0.0
SF01-PP-PP02-0CAP3X-E6603X,210509.0,290.0,Mécanique,Inspection,4,175.3,,observée,175.3,10.8,2,1,0.33,Insuffisant,175.3,122.7,1730.0,1378.0,351.0
SF01-PP-PP02-0CAP3X-J6601X,210567.0,290.0,Mécanique,Inspection,4,175.3,,observée,175.3,10.8,0,0,0.0,Adéquat,175.3,175.3,200.0,200.0,0.0
SF01-PP-PP02-0CAP3X-J6602X,210569.0,290.0,Mécanique,Inspection,4,175.3,,observée,175.3,10.8,0,0,0.0,Adéquat,175.3,175.3,200.0,200.0,0.0
SF01-PP-PP02-0CAP3X-P6601X,210726.0,290.0,Mécanique,Inspection,12,44.1,,observée,44.1,13.5,49,8,0.73,Insuffisant,44.1,30.9,14246.0,10743.0,3503.0
SF01-PP-PP02-0CAP3X-P6601X,210727.0,290.0,Mécanique,Inspection,4,175.3,,observée,175.3,10.8,49,3,1.0,Insuffisant,175.3,122.7,4835.0,3597.0,1239.0
SF01-PP-PP02-0CAP3X-P6601X,200000000458.0,290.0,Mécanique,Inspection,4,24.3,30.0,observée,24.3,16.6,49,2,0.67,Insuffisant,24.3,17.0,23847.0,18064.0,5783.0
SF01-PP-PP02-0CAP3X-P6601X,200000000618.0,300.0,Mécanique,Inspection,27,19.1,30.0,observée,19.1,14.0,49,13,0.5,Insuffisant,19.1,13.4,23107.0,17815.0,5291.0
SF01-PP-PP02-0CAP3X-P6601X-CIRC,210728.0,290.0,Mécanique,Inspection,12,44.1,,observée,44.1,3.6,3,2,0.18,Insuffisant,44.1,30.9,4111.0,3504.0,607.0
SF01-PP-PP02-0CAP3X-P6601X-CIRC-COMPASPE,210729.0,360.0,Mécanique,Systématique,3,337.5,,observée,337.5,27.5,1,0,0.0,Adéquat,337.5,337.5,104.0,104.0,0.0
SF01-PP-PP02-0CAP3X-P6601X-CIRC-COMPREFO,210730.0,360.0,Mécanique,Systématique,3,337.5,,observée,337.5,27.5,0,0,0.0,Adéquat,337.5,337.5,104.0,104.0,0.0
SF01-PP-PP02-0CAP3X-P6601X-GMOT-0MOTEUR,212538.0,360.0,Électrique,Systématique,14,57.0,,observée,57.0,43.2,4,1,0.08,Adéquat,57.0,57.0,1755.0,1755.0,0.0
SF01-PP-PP02-0CAP3X-P6601X-GMOT-0MOTEUR,212539.0,360.0,Électrique,Systématique,7,102.5,,observée,102.5,86.2,4,1,0.17,Insuffisant,102.5,71.8,1690.0,1451.0,239.0
SF01-PP-PP02-0CAP3X-P6601X-GMOT-0MOTEUR,212540.0,360.0,Électrique,Systématique,4,131.7,,observée,131.7,68.0,4,0,0.0,Adéquat,131.7,131.7,266.0,266.0,0.0
SF01-PP-PP02-0CAP3X-P6601X-GMOT-0MOTEUR,384890.0,310.0,Électrique,Inspection,6,13.8,,observée,13.8,1.6,4,0,0.0,Trop fréquent,13.8,27.6,2540.0,1270.0,1270.0
SF01-PP-PP02-0CAP3X-P6601X-GMOT-0MOTEUR,385656.0,360.0,Électrique,Systématique,3,232.5,,observée,232.5,5.5,4,0,0.0,Adéquat,232.5,232.5,151.0,151.0,0.0
SF01-PP-PP02-0CAP3X-P6601X-GMOT-DEPARTM,212537.0,360.0,Électrique,Systématique,4,130.0,,observée,130.0,72.4,0,0,0.0,Adéquat,130.0,130.0,270.0,270.0,0.0
SF01-PP-PP02-0CAP3X-P6602X,210736.0,290.0,Mécanique,Inspection,4,175.3,,observée,175.3,10.8,13,2,0.67,Insuffisant,175.3,122.7,3306.0,2504.0,802.0
SF01-PP-PP02-0CAP3X-P6602X,200000000618.0,300.0,Mécanique,Inspection,27,19.1,30.0,observée,19.1,14.0,13,6,0.23,Insuffisant,19.1,13.4,11620.0,9611.0,2009.0
SF01-PP-PP02-0CAP3X-P6602X-GMOT-0MOTEUR,384840.0,310.0,Électrique,Inspection,6,13.8,,observée,13.8,2.3,0,0,0.0,Trop fréquent,13.8,27.6,2540.0,1270.0,1270.0
SF01-PP-PP02-0CAP3X-P6603X,210738.0,290.0,Mécanique,Inspection,4,175.3,,observée,175.3,10.8,1,1,0.33,Insuffisant,175.3,122.7,1730.0,1378.0,351.0
SF01-PP-PP02-0CAP3X-P6603X,200000000618.0,300.0,Mécanique,Inspection,27,19.1,30.0,observée,19.1,14.0,1,1,0.04,Adéquat,19.1,19.1,3537.0,3537.0,0.0
SF01-PP-PP02-0CAP3X-P6605X,210740.0,290.0,Mécanique,Inspection,4,175.3,,observée,175.3,10.8,16,2,0.67,Insuffisant,175.3,122.7,3306.0,2504.0,802.0
SF01-PP-PP02-0CAP3X-P6605X,200000000618.0,300.0,Mécanique,Inspection,27,19.1,30.0,observée,19.1,14.0,16,4,0.15,Adéquat,19.1,19.1,8216.0,8216.0,0.0
SF01-PP-PP02-0CAP3X-P6605X-GMOT-0MOTEUR,384841.0,310.0,Électrique,Inspection,6,13.8,,observée,13.8,1.5,0,0,0.0,Trop fréquent,13.8,27.6,2540.0,1270.0,1270.0
SF01-PP-PP02-0CAP3Y-D6601Y,210424.0,290.0,Mécanique,Inspection,18,29.4,,observée,29.4,7.3,15,8,0.47,Insuffisant,29.4,20.6,14182.0,10982.0,3201.0
SF01-PP-PP02-0CAP3Y-D6601Y,210425.0,290.0,Mécanique,Inspection,4,175.3,,observée,175.3,10.8,15,3,1.0,Insuffisant,175.3,122.7,4835.0,3597.0,1239.0
SF01-PP-PP02-0CAP3Y-D6601Y-MOAC,210427.0,290.0,Mécanique,Inspection,4,175.3,,observée,175.3,10.8,1,1,0.33,Insuffisant,175.3,122.7,1730.0,1378.0,351.0
SF01-PP-PP02-0CAP3Y-D6601Y-MOAC,210428.0,290.0,Mécanique,Inspection,18,29.4,,observée,29.4,2.7,1,1,0.06,Adéquat,29.4,29.4,2850.0,2850.0,0.0
SF01-PP-PP02-0CAP3Y-D6602Y,210432.0,290.0,Mécanique,Inspection,4,175.3,,observée,175.3,10.8,1,1,0.33,Insuffisant,175.3,122.7,1730.0,1378.0,351.0
SF01-PP-PP02-0CAP3Y-D6603Y,210438.0,290.0,Mécanique,Inspection,4,175.3,,observée,175.3,10.8,3,2,0.67,Insuffisant,175.3,122.7,3306.0,2504.0,802.0
SF01-PP-PP02-0CAP3Y-D6603Y,210439.0,290.0,Mécanique,Inspection,4,175.3,,observée,175.3,10.8,3,2,0.67,Insuffisant,175.3,122.7,3306.0,2504.0,802.0
SF01-PP-PP02-0CAP3Y-E6601Y,210493.0,290.0,Mécanique,Inspection,4,175.3,,observée,175.3,10.8,25,2,0.67,Insuffisant,175.3,122.7,3306.0,2504.0,802.0
SF01-PP-PP02-0CAP3Y-E6601Y,210494.0,300.0,Mécanique,Inspection,3,337.5,,observée,337.5,27.5,25,1,0.5,Insuffisant,337.5,236.2,1308.0,1008.0,299.0
SF01-PP-PP02-0CAP3Y-E6601Y,200000000458.0,290.0,Mécanique,Inspection,4,24.3,30.0,observée,24.3,16.6,25,1,0.33,Insuffisant,24.3,17.0,12477.0,9942.0,2535.0
SF01-PP-PP02-0CAP3Y-E6602Y,210503.0,290.0,Mécanique,Inspection,18,29.4,,observée,29.4,8.1,7,3,0.18,Insuffisant,29.4,20.6,6167.0,5256.0,911.0
SF01-PP-PP02-0CAP3Y-E6602Y,210504.0,290.0,Mécanique,Inspection,4,175.3,,observée,175.3,10.8,7,2,0.67,Insuffisant,175.3,122.7,3306.0,2504.0,802.0
SF01-PP-PP02-0CAP3Y-E6602Y-MOAC,210506.0,290.0,Mécanique,Inspection,4,175.3,,observée,175.3,10.8,0,0,0.0,Adéquat,175.3,175.3,200.0,200.0,0.0
SF01-PP-PP02-0CAP3Y-E6602Y-MOAC,210507.0,290.0,Mécanique,Inspection,18,29.4,,observée,29.4,2.7,0,0,0.0,Adéquat,29.4,29.4,1192.0,1192.0,0.0
SF01-PP-PP02-0CAP3Y-E6603Y,210510.0,290.0,Mécanique,Inspection,4,175.3,,observée,175.3,10.8,0,0,0.0,Adéquat,175.3,175.3,200.0,200.0,0.0
SF01-PP-PP02-0CAP3Y-J6601Y,210568.0,290.0,Mécanique,Inspection,4,175.3,,observée,175.3,10.8,0,0,0.0,Adéquat,175.3,175.3,200.0,200.0,0.0
SF01-PP-PP02-0CAP3Y-J6602Y,210570.0,290.0,Mécanique,Inspection,4,175.3,,observée,175.3,10.8,0,0,0.0,Adéquat,175.3,175.3,200.0,200.0,0.0
SF01-PP-PP02-0CAP3Y-P6601Y,210731.0,290.0,Mécanique,Inspection,12,44.1,,observée,44.1,11.3,24,6,0.55,Insuffisant,44.1,30.9,10929.0,8374.0,2555.0
SF01-PP-PP02-0CAP3Y-P6601Y,210732.0,290.0,Mécanique,Inspection,4,175.3,,observée,175.3,10.8,24,3,1.0,Insuffisant,175.3,122.7,4835.0,3597.0,1239.0
SF01-PP-PP02-0CAP3Y-P6601Y,210733.0,300.0,Mécanique,Inspection,3,337.5,,observée,337.5,27.5,24,2,1.0,Insuffisant,337.5,236.2,2511.0,1868.0,643.0
SF01-PP-PP02-0CAP3Y-P6601Y,200000000458.0,290.0,Mécanique,Inspection,4,24.3,30.0,observée,24.3,16.6,24,1,0.33,Insuffisant,24.3,17.0,12477.0,9942.0,2535.0
SF01-PP-PP02-0CAP3Y-P6601Y,200000000618.0,290.0,Mécanique,Inspection,7,20.2,30.0,observée,20.2,20.0,24,4,0.67,Insuffisant,20.2,14.1,28687.0,21730.0,6957.0
SF01-PP-PP02-0CAP3Y-P6601Y,200000000618.0,300.0,Mécanique,Inspection,33,15.5,30.0,observée,15.5,12.0,24,8,0.25,Insuffisant,15.5,10.8,15367.0,12592.0,2776.0
SF01-PP-PP02-0CAP3Y-P6601Y-CIRC,210734.0,290.0,Mécanique,Inspection,12,44.1,,observée,44.1,13.5,1,1,0.09,Adéquat,44.1,44.1,2453.0,2453.0,0.0
SF01-PP-PP02-0CAP3Y-P6601Y-GMOT-0MOTEUR,212543.0,360.0,Électrique,Systématique,13,58.8,,observée,58.8,57.3,0,0,0.0,Adéquat,58.8,58.8,596.0,596.0,0.0
SF01-PP-PP02-0CAP3Y-P6601Y-GMOT-0MOTEUR,212544.0,360.0,Électrique,Systématique,7,130.5,,observée,130.5,136.3,0,0,0.0,Adéquat,130.5,130.5,269.0,269.0,0.0
SF01-PP-PP02-0CAP3Y-P6601Y-GMOT-0MOTEUR,212545.0,360.0,Électrique,Systématique,4,82.7,,observée,82.7,37.6,0,0,0.0,Adéquat,82.7,82.7,424.0,424.0,0.0
SF01-PP-PP02-0CAP3Y-P6601Y-GMOT-0MOTEUR,384891.0,310.0,Électrique,Inspection,6,13.8,,observée,13.8,2.6,0,0,0.0,Trop fréquent,13.8,27.6,2540.0,1270.0,1270.0
SF01-PP-PP02-0CAP3Y-P6601Y-GMOT-0MOTEUR,385657.0,360.0,Électrique,Systématique,3,106.5,,observée,106.5,57.5,0,0,0.0,Adéquat,106.5,106.5,329.0,329.0,0.0
SF01-PP-PP02-0CAP3Y-P6601Y-GMOT-DEPARTM,212542.0,360.0,Électrique,Systématique,4,129.7,,observée,129.7,88.4,0,0,0.0,Adéquat,129.7,129.7,270.0,270.0,0.0
SF01-PP-PP02-0CAP3Y-P6602Y,210737.0,290.0,Mécanique,Inspection,4,175.3,,observée,175.3,10.8,8,2,0.67,Insuffisant,175.3,122.7,3306.0,2504.0,802.0
SF01-PP-PP02-0CAP3Y-P6602Y,200000000618.0,300.0,Mécanique,Inspection,27,19.1,30.0,observée,19.1,14.2,8,6,0.23,Insuffisant,19.1,13.4,11620.0,9611.0,2009.0
SF01-PP-PP02-0CAP3Y-P6602Y-GMOT-0MOTEUR,384842.0,310.0,Électrique,Inspection,6,13.8,,observée,13.8,2.3,0,0,0.0,Trop fréquent,13.8,27.6,2540.0,1270.0,1270.0
SF01-PP-PP02-0CAP3Y-P6603Y,210739.0,290.0,Mécanique,Inspection,4,175.3,,observée,175.3,10.8,0,0,0.0,Adéquat,175.3,175.3,200.0,200.0,0.0
SF01-PP-PP02-0CAP3Y-P6603Y-GMOT-0MOTEUR,384843.0,310.0,Électrique,Inspection,6,14.8,,observée,14.8,2.8,0,0,0.0,Trop fréquent,14.8,29.6,2368.0,1184.0,1184.0
SF01-PP-PP02-0CAP3Y-P6605Y,210741.0,290.0,Mécanique,Inspection,4,175.3,,observée,175.3,10.8,3,1,0.33,Insuffisant,175.3,122.7,1730.0,1378.0,351.0
SF01-PP-PP02-0CAP3Y-P6605Y,200000000618.0,300.0,Mécanique,Inspection,27,19.1,30.0,observée,19.1,14.2,3,3,0.12,Adéquat,19.1,19.1,6940.0,6940.0,0.0
SF01-PP-PP02-0CAP3Y-P6605Y-GMOT-0MOTEUR,384844.0,310.0,Électrique,Inspection,6,14.0,,observée,14.0,1.1,0,0,0.0,Trop fréquent,14.0,28.0,2503.0,1252.0,1252.0
SF01-PP-PP02-0CAP3Y-P6606Y,210742.0,290.0,Mécanique,Inspection,7,88.0,,observée,88.0,9.2,20,5,0.83,Insuffisant,88.0,61.6,8062.0,6043.0,2019.0
SF01-PP-PP02-0CAP3Y-P6606Y,210743.0,290.0,Mécanique,Inspection,4,175.3,,observée,175.3,10.8,20,3,1.0,Insuffisant,175.3,122.7,4835.0,3597.0,1239.0
SF01-PP-PP02-0CAP3Y-P6606Y-GMOT-0MOTEUR,384845.0,310.0,Électrique,Inspection,6,13.8,,observée,13.8,2.1,0,0,0.0,Trop fréquent,13.8,27.6,2540.0,1270.0,1270.0
SF01-PP-PP02-BRTBP2-0H6204,209382.0,290.0,Mécanique,Inspection,4,175.3,,observée,175.3,10.8,0,0,0.0,Adéquat,175.3,175.3,200.0,200.0,0.0
SF01-PP-PP02-BRTBP2-0H6204-GMOT-0MOTEUR,384846.0,310.0,Électrique,Inspection,6,14.4,,observée,14.4,2.1,0,0,0.0,Trop fréquent,14.4,28.8,2434.0,1217.0,1217.0
SF01-PP-PP02-BRTBP2-0H6205,209384.0,290.0,Mécanique,Inspection,4,175.3,,observée,175.3,10.8,0,0,0.0,Adéquat,175.3,175.3,200.0,200.0,0.0
SF01-PP-PP02-BRTBP2-0K6204,209393.0,290.0,Mécanique,Inspection,7,88.0,,observée,88.0,28.7,2,1,0.17,Insuffisant,88.0,61.6,1968.0,1690.0,278.0
SF01-PP-PP02-BRTBP2-0K6204,209394.0,290.0,Mécanique,Inspection,4,175.3,,observée,175.3,10.8,2,2,0.67,Insuffisant,175.3,122.7,3306.0,2504.0,802.0
SF01-PP-PP02-BRTBP2-0K6204,200000000458.0,290.0,Mécanique,Inspection,4,24.3,30.0,observée,24.3,16.6,2,0,0.0,Adéquat,24.3,24.3,1442.0,1442.0,0.0
SF01-PP-PP02-BRTBP2-0K6204-GMOT-0MOTEUR,384847.0,310.0,Électrique,Inspection,6,14.4,,observée,14.4,1.5,0,0,0.0,Trop fréquent,14.4,28.8,2434.0,1217.0,1217.0
SF01-PP-PP02-BRTBP2-0Q6207,209442.0,290.0,Mécanique,Inspection,4,175.3,,observée,175.3,10.8,4,1,0.33,Insuffisant,175.3,122.7,1730.0,1378.0,351.0
SF01-PP-PP02-BRTBP2-0Q6207,200000001719.0,300.0,Mécanique,Inspection,13,45.0,91.0,observée,45.0,16.9,4,1,0.08,Adéquat,45.0,45.0,2223.0,2223.0,0.0
SF01-PP-PP02-BRTBP2-0Q6207-GMOT-0MOTEUR,384848.0,310.0,Électrique,Inspection,6,13.4,,observée,13.4,1.7,0,0,0.0,Trop fréquent,13.4,26.8,2615.0,1308.0,1308.0
SF01-PP-PP02-BRTBP2-0Q6208,209443.0,290.0,Mécanique,Inspection,4,175.3,,observée,175.3,10.8,12,2,0.67,Insuffisant,175.3,122.7,3306.0,2504.0,802.0
SF01-PP-PP02-BRTBP2-0Q6208,200000000618.0,300.0,Mécanique,Inspection,29,17.8,30.0,observée,17.8,14.1,12,7,0.25,Insuffisant,17.8,12.5,13382.0,10965.0,2417.0
SF01-PP-PP02-BRTBP2-0Q6208,200000004559.0,290.0,Mécanique,Inspection,25,18.5,90.0,observée,18.5,10.2,12,5,0.21,Insuffisant,18.5,12.9,11118.0,9295.0,1824.0
SF01-PP-PP02-BRTBP2-0Q6208-GMOT-0MOTEUR,384849.0,310.0,Électrique,Inspection,6,13.4,,observée,13.4,1.7,0,0,0.0,Trop fréquent,13.4,26.8,2615.0,1308.0,1308.0
SF01-PP-PP02-BRTBP2-0Q6208-GMOT-DEPARTM,212664.0,310.0,Électrique,Inspection,13,25.9,,observée,25.9,5.6,0,0,0.0,Adéquat,25.9,25.9,1353.0,1353.0,0.0
SF01-PP-PP02-BRTBP2-0Q6208-GMOT-DEPARTM,384962.0,310.0,Électrique,Inspection,3,27.0,,observée,27.0,0.0,0,0,0.0,Adéquat,27.0,27.0,1298.0,1298.0,0.0
SF01-PP-PP02-BRTBP2-0Q6208-GMOT-DEPARTM,385672.0,360.0,Électrique,Systématique,3,83.0,,observée,83.0,27.0,0,0,0.0,Adéquat,83.0,83.0,422.0,422.0,0.0
SF01-PP-PP02-BRTBP2-0Q6209,209444.0,290.0,Mécanique,Inspection,4,175.3,,observée,175.3,10.8,1,1,0.33,Insuffisant,175.3,122.7,1730.0,1378.0,351.0
SF01-PP-PP02-BRTBP2-0Q6209-GMOT-0MOTEUR,384850.0,310.0,Électrique,Inspection,6,14.4,,observée,14.4,2.1,0,0,0.0,Trop fréquent,14.4,28.8,2434.0,1217.0,1217.0
SF01-PP-PP02-BRTBP2-0Q6209-GMOT-DEPARTM,212667.0,310.0,Électrique,Inspection,13,26.0,,observée,26.0,5.7,0,0,0.0,Adéquat,26.0,26.0,1348.0,1348.0,0.0
SF01-PP-PP02-BRTBP2-0Q6209-GMOT-DEPARTM,384963.0,310.0,Électrique,Inspection,3,29.5,,observée,29.5,2.5,0,0,0.0,Adéquat,29.5,29.5,1188.0,1188.0,0.0
SF01-PP-PP02-BRTBP2-0Q6209-GMOT-DEPARTM,385673.0,360.0,Électrique,Systématique,3,86.5,,observée,86.5,30.5,0,0,0.0,Adéquat,86.5,86.5,405.0,405.0,0.0
SF01-PP-PP02-BRTBP2-0Q6210,209445.0,290.0,Mécanique,Inspection,4,175.3,,observée,175.3,10.8,19,2,0.67,Insuffisant,175.3,122.7,3306.0,2504.0,802.0
SF01-PP-PP02-BRTBP2-0Q6210,200000000618.0,300.0,Mécanique,Inspection,29,17.8,30.0,observée,17.8,14.1,19,8,0.29,Insuffisant,17.8,12.5,15208.0,12269.0,2939.0
SF01-PP-PP02-BRTBP2-0Q6210,200000004559.0,290.0,Mécanique,Inspection,25,18.5,90.0,observée,18.5,10.2,19,7,0.29,Insuffisant,18.5,12.9,14632.0,11805.0,2828.0
SF01-PP-PP02-BRTBP2-0Q6210-GMOT-0MOTEUR,384851.0,310.0,Électrique,Inspection,6,14.4,,observée,14.4,2.1,0,0,0.0,Trop fréquent,14.4,28.8,2434.0,1217.0,1217.0
SF01-PP-PP02-BRTBP2-0Q6210-GMOT-DEPARTM,212670.0,310.0,Électrique,Inspection,13,25.7,,observée,25.7,5.5,0,0,0.0,Adéquat,25.7,25.7,1364.0,1364.0,0.0
SF01-PP-PP02-BRTBP2-0Q6210-GMOT-DEPARTM,384964.0,310.0,Électrique,Inspection,3,29.5,,observée,29.5,2.5,0,0,0.0,Adéquat,29.5,29.5,1188.0,1188.0,0.0
SF01-PP-PP02-BRTBP2-0Q6210-GMOT-DEPARTM,385674.0,360.0,Électrique,Systématique,3,90.0,,observée,90.0,34.0,0,0,0.0,Adéquat,90.0,90.0,389.0,389.0,0.0
SF01-PP-PP02-BRTBP2-0Q6210-MOAC,210781.0,290.0,Mécanique,Inspection,4,175.3,,observée,175.3,10.8,0,0,0.0,Adéquat,175.3,175.3,200.0,200.0,0.0
SF01-PP-PP02-BRTBP2-0Q6210-MOAC,210782.0,290.0,Mécanique,Inspection,18,29.4,,observée,29.4,2.7,0,0,0.0,Adéquat,29.4,29.4,1192.0,1192.0,0.0
SF01-PP-PP02-BRTBP2-0Q6211,209446.0,290.0,Mécanique,Inspection,4,175.3,,observée,175.3,10.8,30,3,1.0,Insuffisant,175.3,122.7,4835.0,3597.0,1239.0
SF01-PP-PP02-BRTBP2-0Q6211,200000000458.0,290.0,Mécanique,Inspection,4,24.3,30.0,observée,24.3,16.6,30,1,0.33,Insuffisant,24.3,17.0,12477.0,9942.0,2535.0
SF01-PP-PP02-BRTBP2-0Q6211,200000000618.0,300.0,Mécanique,Inspection,29,17.8,30.0,observée,17.8,14.1,30,15,0.54,Insuffisant,17.8,12.5,26620.0,20421.0,6199.0
SF01-PP-PP02-BRTBP2-0Q6211,200000004559.0,290.0,Mécanique,Inspection,24,17.7,90.0,observée,17.7,9.7,30,9,0.39,Insuffisant,17.7,12.4,19884.0,15617.0,4267.0
SF01-PP-PP02-BRTBP2-0Q6211-GMOT-0MOTEUR,212674.0,360.0,Électrique,Systématique,8,165.9,,observée,165.9,147.6,0,0,0.0,Adéquat,165.9,165.9,211.0,211.0,0.0
SF01-PP-PP02-BRTBP2-0Q6211-GMOT-0MOTEUR,384852.0,310.0,Électrique,Inspection,6,14.4,,observée,14.4,1.0,0,0,0.0,Trop fréquent,14.4,28.8,2434.0,1217.0,1217.0
SF01-PP-PP02-BRTBP2-0Q6211-GMOT-0MOTEUR,385618.0,360.0,Électrique,Systématique,3,177.0,,observée,177.0,121.0,0,0,0.0,Adéquat,177.0,177.0,198.0,198.0,0.0
SF01-PP-PP02-BRTBP2-0Q6211-GMOT-DEPARTM,212673.0,310.0,Électrique,Inspection,13,25.8,,observée,25.8,6.9,0,0,0.0,Adéquat,25.8,25.8,1358.0,1358.0,0.0
SF01-PP-PP02-BRTBP2-0Q6211-GMOT-DEPARTM,384965.0,310.0,Électrique,Inspection,3,27.0,,observée,27.0,0.0,0,0,0.0,Adéquat,27.0,27.0,1298.0,1298.0,0.0
SF01-PP-PP02-BRTBP2-0Q6211-GMOT-DEPARTM,385675.0,360.0,Électrique,Systématique,3,93.5,,observée,93.5,37.5,0,0,0.0,Adéquat,93.5,93.5,375.0,375.0,0.0
SF01-PP-PP02-BRTBP2-0Q6211-MOAC,210783.0,290.0,Mécanique,Inspection,4,175.3,,observée,175.3,10.8,0,0,0.0,Adéquat,175.3,175.3,200.0,200.0,0.0
SF01-PP-PP02-BRTBP2-0Q6211-MOAC,210784.0,290.0,Mécanique,Inspection,18,29.4,,observée,29.4,2.7,0,0,0.0,Adéquat,29.4,29.4,1192.0,1192.0,0.0
SF01-PP-PP02-BRTBP2-0Q6212,209447.0,290.0,Mécanique,Inspection,4,175.3,,observée,175.3,10.8,9,3,1.0,Insuffisant,175.3,122.7,4835.0,3597.0,1239.0
SF01-PP-PP02-BRTBP2-0Q6212,200000000618.0,300.0,Mécanique,Inspection,29,17.8,30.0,observée,17.8,14.1,9,5,0.18,Insuffisant,17.8,12.5,10186.0,8682.0,1504.0
SF01-PP-PP02-BRTBP2-0Q6212,200000004559.0,290.0,Mécanique,Inspection,25,18.4,90.0,observée,18.4,10.1,9,6,0.25,Insuffisant,18.4,12.9,12945.0,10607.0,2338.0
SF01-PP-PP02-BRTBP2-0Q6212-GMOT-0MOTEUR,384853.0,310.0,Électrique,Inspection,6,13.4,,observée,13.4,1.4,0,0,0.0,Trop fréquent,13.4,26.8,2615.0,1308.0,1308.0
SF01-PP-PP02-BRTBP2-0Q6212-GMOT-DEPARTM,212676.0,310.0,Électrique,Inspection,13,25.8,,observée,25.8,7.2,0,0,0.0,Adéquat,25.8,25.8,1358.0,1358.0,0.0
SF01-PP-PP02-BRTBP2-0Q6212-GMOT-DEPARTM,384966.0,310.0,Électrique,Inspection,3,27.0,,observée,27.0,0.0,0,0,0.0,Adéquat,27.0,27.0,1298.0,1298.0,0.0
SF01-PP-PP02-BRTBP2-0Q6212-GMOT-DEPARTM,385676.0,360.0,Électrique,Systématique,3,97.0,,observée,97.0,41.0,0,0,0.0,Adéquat,97.0,97.0,361.0,361.0,0.0
SF01-PP-PP02-BRTBP2-0Q6212-MOAC,210785.0,290.0,Mécanique,Inspection,4,175.3,,observée,175.3,10.8,0,0,0.0,Adéquat,175.3,175.3,200.0,200.0,0.0
SF01-PP-PP02-BRTBP2-0Q6212-MOAC,210786.0,290.0,Mécanique,Inspection,18,29.4,,observée,29.4,2.7,0,0,0.0,Adéquat,29.4,29.4,1192.0,1192.0,0.0
SF01-PP-PP02-BRTBP2-0Q6214,209448.0,290.0,Mécanique,Inspection,4,175.3,,observée,175.3,10.8,28,3,1.0,Insuffisant,175.3,122.7,4835.0,3597.0,1239.0
SF01-PP-PP02-BRTBP2-0Q6214,200000000458.0,290.0,Mécanique,Inspection,4,24.3,30.0,observée,24.3,16.6,28,2,0.67,Insuffisant,24.3,17.0,23847.0,18064.0,5783.0
SF01-PP-PP02-BRTBP2-0Q6214,200000000618.0,300.0,Mécanique,Inspection,29,17.8,30.0,observée,17.8,14.1,28,11,0.39,Insuffisant,17.8,12.5,19773.0,15530.0,4243.0
SF01-PP-PP02-BRTBP2-0Q6214,200000004559.0,290.0,Mécanique,Inspection,24,17.8,90.0,observée,17.8,9.9,28,8,0.35,Insuffisant,17.8,12.5,17947.0,14225.0,3721.0
SF01-PP-PP02-BRTBP2-0Q6214-GMOT-0MOTEUR,384854.0,310.0,Électrique,Inspection,6,13.4,,observée,13.4,1.4,0,0,0.0,Trop fréquent,13.4,26.8,2615.0,1308.0,1308.0
SF01-PP-PP02-BRTBP2-0Q6214-MOAC,210787.0,290.0,Mécanique,Inspection,4,175.3,,observée,175.3,10.8,0,0,0.0,Adéquat,175.3,175.3,200.0,200.0,0.0
SF01-PP-PP02-BRTBP2-0Q6214-MOAC,210788.0,290.0,Mécanique,Inspection,18,29.4,,observée,29.4,2.7,0,0,0.0,Adéquat,29.4,29.4,1192.0,1192.0,0.0
SF01-PP-PP02-BRTBP2-0Q6216,209449.0,290.0,Mécanique,Inspection,4,175.3,,observée,175.3,10.8,1,1,0.33,Insuffisant,175.3,122.7,1730.0,1378.0,351.0
SF01-PP-PP02-BRTBP2-0Q6216-GMOT-0MOTEUR,384855.0,310.0,Électrique,Inspection,6,14.4,,observée,14.4,2.7,0,0,0.0,Trop fréquent,14.4,28.8,2434.0,1217.0,1217.0
SF01-PP-PP02-BRTBP2-0Q6217,209450.0,290.0,Mécanique,Inspection,4,175.3,,observée,175.3,10.8,2,2,0.67,Insuffisant,175.3,122.7,3306.0,2504.0,802.0
SF01-PP-PP02-BRTBP2-0Q6217,200000001719.0,300.0,Mécanique,Inspection,13,45.0,91.0,observée,45.0,16.9,2,2,0.17,Insuffisant,45.0,31.5,3849.0,3305.0,543.0
SF01-PP-PP02-BRTBP2-0Q6217-GMOT-0MOTEUR,384856.0,310.0,Électrique,Inspection,6,14.4,,observée,14.4,1.0,0,0,0.0,Trop fréquent,14.4,28.8,2434.0,1217.0,1217.0
SF01-PP-PP02-BRTBP2-0Q6217-GMOT-DEPARTM,212683.0,310.0,Électrique,Inspection,13,47.8,,observée,47.8,71.0,0,0,0.0,Adéquat,47.8,47.8,733.0,733.0,0.0
SF01-PP-PP02-BRTBP2-0Q6217-GMOT-DEPARTM,384967.0,310.0,Électrique,Inspection,3,28.5,,observée,28.5,0.5,0,0,0.0,Adéquat,28.5,28.5,1230.0,1230.0,0.0
SF01-PP-PP02-BRTBP2-0Q6217-GMOT-DEPARTM,385677.0,360.0,Électrique,Systématique,3,114.5,,observée,114.5,58.5,0,0,0.0,Adéquat,114.5,114.5,306.0,306.0,0.0
SF01-PP-PP02-BRTBP2-0Q6217-MOAC,210789.0,290.0,Mécanique,Inspection,4,175.3,,observée,175.3,10.8,0,0,0.0,Adéquat,175.3,175.3,200.0,200.0,0.0
SF01-PP-PP02-BRTBP2-0Q6217-MOAC,210790.0,290.0,Mécanique,Inspection,18,29.4,,observée,29.4,2.7,0,0,0.0,Adéquat,29.4,29.4,1192.0,1192.0,0.0
SF01-PP-PP02-BRTBP2-0Q6218,209451.0,290.0,Mécanique,Inspection,4,175.3,,observée,175.3,10.8,8,3,1.0,Insuffisant,175.3,122.7,4835.0,3597.0,1239.0
SF01-PP-PP02-BRTBP2-0Q6218-GMOT-0MOTEUR,384857.0,310.0,Électrique,Inspection,6,14.4,,observée,14.4,1.5,0,0,0.0,Trop fréquent,14.4,28.8,2434.0,1217.0,1217.0
SF01-PP-PP02-BRTBP2-0Q6218-GMOT-DEPARTM,212686.0,310.0,Électrique,Inspection,13,48.9,,observée,48.9,74.6,0,0,0.0,Adéquat,48.9,48.9,717.0,717.0,0.0
SF01-PP-PP02-BRTBP2-0Q6300,209452.0,290.0,Mécanique,Inspection,4,175.3,,observée,175.3,10.8,15,3,1.0,Insuffisant,175.3,122.7,4835.0,3597.0,1239.0
SF01-PP-PP02-BRTBP2-0Q6300,200000000618.0,300.0,Mécanique,Inspection,29,17.8,30.0,observée,17.8,14.1,15,8,0.29,Insuffisant,17.8,12.5,15208.0,12269.0,2939.0
SF01-PP-PP02-BRTBP2-0Q6300,200000004559.0,290.0,Mécanique,Inspection,25,18.4,90.0,observée,18.4,10.7,15,6,0.25,Insuffisant,18.4,12.9,12945.0,10607.0,2338.0
SF01-PP-PP02-BRTBP2-0Q6300-GMOT-0MOTEUR,384858.0,310.0,Électrique,Inspection,6,13.4,,observée,13.4,1.7,1,0,0.0,Trop fréquent,13.4,26.8,2615.0,1308.0,1308.0
SF01-PP-PP02-BRTBP2-0Q6300-MOAC,210791.0,290.0,Mécanique,Inspection,4,175.3,,observée,175.3,10.8,0,0,0.0,Adéquat,175.3,175.3,200.0,200.0,0.0
SF01-PP-PP02-BRTBP2-0Q6300-MOAC,210792.0,290.0,Mécanique,Inspection,18,29.4,,observée,29.4,2.7,0,0,0.0,Adéquat,29.4,29.4,1192.0,1192.0,0.0
SF01-PP-PP02-BRTBP2-0Q6301,209453.0,290.0,Mécanique,Inspection,4,175.3,,observée,175.3,10.8,3,1,0.33,Insuffisant,175.3,122.7,1730.0,1378.0,351.0
SF01-PP-PP02-BRTBP2-0Q6301,200000000618.0,300.0,Mécanique,Inspection,29,17.8,30.0,observée,17.8,14.1,3,3,0.11,Adéquat,17.8,17.8,6990.0,6990.0,0.0
SF01-PP-PP02-BRTBP2-0Q6301,200000004559.0,290.0,Mécanique,Inspection,25,18.5,90.0,observée,18.5,10.2,3,1,0.04,Adéquat,18.5,18.5,3651.0,3651.0,0.0
SF01-PP-PP02-BRTBP2-0Q6301-GMOT-0MOTEUR,212691.0,360.0,Électrique,Systématique,8,110.9,,observée,110.9,116.7,0,0,0.0,Adéquat,110.9,110.9,316.0,316.0,0.0
SF01-PP-PP02-BRTBP2-0Q6301-GMOT-0MOTEUR,384859.0,310.0,Électrique,Inspection,6,13.4,,observée,13.4,1.7,0,0,0.0,Trop fréquent,13.4,26.8,2615.0,1308.0,1308.0
SF01-PP-PP02-BRTBP2-0Q6301-GMOT-0MOTEUR,385625.0,360.0,Électrique,Systématique,3,142.0,,observée,142.0,86.0,0,0,0.0,Adéquat,142.0,142.0,247.0,247.0,0.0
SF01-PP-PP02-BRTBP2-0S6204,209458.0,290.0,Mécanique,Inspection,4,175.3,,observée,175.3,10.8,12,2,0.67,Insuffisant,175.3,122.7,3306.0,2504.0,802.0
SF01-PP-PP02-BRTBP2-0S6204,209459.0,290.0,Mécanique,Inspection,4,175.3,,observée,175.3,10.8,12,2,0.67,Insuffisant,175.3,122.7,3306.0,2504.0,802.0
SF01-PP-PP02-BRTBP2-0S6204,200000000458.0,290.0,Mécanique,Inspection,4,24.3,30.0,observée,24.3,16.6,12,0,0.0,Adéquat,24.3,24.3,1442.0,1442.0,0.0
SF01-PP-PP02-BRTBP2-0S6204-GMOT-0MOTEUR,384860.0,310.0,Électrique,Inspection,6,14.4,,observée,14.4,2.1,0,0,0.0,Trop fréquent,14.4,28.8,2434.0,1217.0,1217.0
SF01-PP-PP02-BRTBP2-0S6204-MOAC,209460.0,290.0,Mécanique,Inspection,18,29.4,,observée,29.4,2.7,0,0,0.0,Adéquat,29.4,29.4,1192.0,1192.0,0.0
SF01-PP-PP02-BRTBP2-0S6204-MOAC,210829.0,290.0,Mécanique,Inspection,4,175.3,,observée,175.3,10.8,0,0,0.0,Adéquat,175.3,175.3,200.0,200.0,0.0
SF01-PP-PP02-BRTBP2-0V6201,209478.0,290.0,Mécanique,Inspection,4,175.3,,observée,175.3,10.8,0,0,0.0,Adéquat,175.3,175.3,200.0,200.0,0.0
SF01-PP-PP02-BRTBP2-0V6202,209479.0,290.0,Mécanique,Inspection,4,175.3,,observée,175.3,10.8,0,0,0.0,Adéquat,175.3,175.3,200.0,200.0,0.0
SF01-PP-PP02-BRTBP2-0V6204,209480.0,290.0,Mécanique,Inspection,4,175.3,,observée,175.3,10.8,9,2,0.67,Insuffisant,175.3,122.7,3306.0,2504.0,802.0
SF01-PP-PP02-BRTBP2-0V6204-MOAC,209481.0,290.0,Mécanique,Inspection,18,29.4,,observée,29.4,2.7,0,0,0.0,Adéquat,29.4,29.4,1192.0,1192.0,0.0
SF01-PP-PP02-BRTBP2-0V6204-MOAC,210909.0,290.0,Mécanique,Inspection,4,175.3,,observée,175.3,10.8,0,0,0.0,Adéquat,175.3,175.3,200.0,200.0,0.0
SF01-PP-PP02-BRTBP2-0W6301,209483.0,290.0,Mécanique,Inspection,4,175.3,,observée,175.3,10.8,27,2,0.67,Insuffisant,175.3,122.7,3306.0,2504.0,802.0
SF01-PP-PP02-BRTBP2-0W6301,200000001719.0,300.0,Mécanique,Inspection,13,45.0,91.0,observée,45.0,17.0,27,6,0.5,Insuffisant,45.0,31.5,9807.0,7562.0,2246.0
SF01-PP-PP02-BRTBP2-0W6301-GMOT-0MOTEUR,384861.0,310.0,Électrique,Inspection,6,14.4,,observée,14.4,2.1,0,0,0.0,Trop fréquent,14.4,28.8,2434.0,1217.0,1217.0
SF01-PP-PP02-BRTBP2-0W6301-MOAC,209484.0,290.0,Mécanique,Inspection,18,29.4,,observée,29.4,2.7,0,0,0.0,Adéquat,29.4,29.4,1192.0,1192.0,0.0
SF01-PP-PP02-BRTBP2-0W6301-MOAC,210910.0,290.0,Mécanique,Inspection,4,175.3,,observée,175.3,10.8,0,0,0.0,Adéquat,175.3,175.3,200.0,200.0,0.0
SF01-PP-PP02-BRTBP2-CVFMAA,210339.0,290.0,Mécanique,Inspection,4,175.3,,observée,175.3,10.8,0,0,0.0,Adéquat,175.3,175.3,200.0,200.0,0.0
SF01-PP-PP02-BRTBP2-CVFMAA-GMOT-0MOTEUR,384862.0,310.0,Électrique,Inspection,6,14.4,,observée,14.4,1.5,0,0,0.0,Trop fréquent,14.4,28.8,2434.0,1217.0,1217.0
SF01-PP-PP02-BRTBP2-CVFMAB,210340.0,290.0,Mécanique,Inspection,4,175.3,,observée,175.3,10.8,0,0,0.0,Adéquat,175.3,175.3,200.0,200.0,0.0
SF01-PP-PP02-BRTBP2-CVFMAB-GMOT-0MOTEUR,384863.0,310.0,Électrique,Inspection,6,13.4,,observée,13.4,1.2,0,0,0.0,Trop fréquent,13.4,26.8,2615.0,1308.0,1308.0
SF01-PP-PP02-BRTBP2-CVFMNE,210341.0,290.0,Mécanique,Inspection,4,175.3,,observée,175.3,10.8,0,0,0.0,Adéquat,175.3,175.3,200.0,200.0,0.0
SF01-PP-PP02-BRTBP2-CVFMNE-GMOT-0MOTEUR,384864.0,310.0,Électrique,Inspection,6,13.4,,observée,13.4,1.2,0,0,0.0,Trop fréquent,13.4,26.8,2615.0,1308.0,1308.0
SF01-PP-PP02-BRTBP2-FACIEL-ECL1,212914.0,360.0,Électrique,Systématique,6,91.0,,observée,91.0,53.8,0,0,0.0,Adéquat,91.0,91.0,385.0,385.0,0.0
SF01-PP-PP02-BRTBP2-FACIEL-ECL2,212915.0,360.0,Électrique,Systématique,6,91.0,,observée,91.0,55.3,0,0,0.0,Adéquat,91.0,91.0,385.0,385.0,0.0
SF01-PP-PP02-BRTBP2-FACIEL-ECL3,212916.0,360.0,Électrique,Systématique,6,91.0,,observée,91.0,54.6,0,0,0.0,Adéquat,91.0,91.0,385.0,385.0,0.0
SF01-PP-PP02-BRTBP2-FACIEL-ECL4,212917.0,360.0,Électrique,Systématique,6,91.0,,observée,91.0,54.8,0,0,0.0,Adéquat,91.0,91.0,385.0,385.0,0.0
SF01-PP-PP02-BRTBP2-FACIEL-ECL5,212918.0,360.0,Électrique,Systématique,6,91.0,,observée,91.0,54.2,0,0,0.0,Adéquat,91.0,91.0,385.0,385.0,0.0
SF01-PP-PP02-BRTBP2-FACIEL-ECL6,212919.0,360.0,Électrique,Systématique,6,91.0,,observée,91.0,53.6,0,0,0.0,Adéquat,91.0,91.0,385.0,385.0,0.0
SF01-PP-PP02-BRTBP2-FACIEL-ECL7,212920.0,360.0,Électrique,Systématique,6,91.0,,observée,91.0,55.0,0,0,0.0,Adéquat,91.0,91.0,385.0,385.0,0.0
SF01-PP-PP02-BRTBP2-FACIEL-PC01,212921.0,360.0,Électrique,Systématique,6,128.0,,observée,128.0,68.6,0,0,0.0,Adéquat,128.0,128.0,274.0,274.0,0.0
SF01-PP-PP02-BRTBP2-FACIEL-PC02,212922.0,360.0,Électrique,Systématique,6,146.2,,observée,146.2,89.7,0,0,0.0,Adéquat,146.2,146.2,240.0,240.0,0.0
SF01-PP-PP02-BRTBP2-FACIEL-STRL,212923.0,360.0,Électrique,Systématique,6,149.0,,observée,149.0,93.2,0,0,0.0,Adéquat,149.0,149.0,235.0,235.0,0.0
SF01-PP-PP02-BRTBP2-G6201A,210527.0,290.0,Mécanique,Inspection,4,175.3,,observée,175.3,10.8,117,3,1.0,Insuffisant,175.3,122.7,4835.0,3597.0,1239.0
SF01-PP-PP02-BRTBP2-G6201A,210528.0,290.0,Mécanique,Inspection,94,4.2,,observée,4.2,2.8,117,35,0.38,Insuffisant,4.2,2.9,81864.0,64434.0,17430.0
SF01-PP-PP02-BRTBP2-G6201A,200000000458.0,290.0,Mécanique,Inspection,6,14.6,30.0,observée,14.6,10.0,117,3,0.6,Insuffisant,14.6,10.2,35794.0,27282.0,8512.0
SF01-PP-PP02-BRTBP2-G6201A,200000000618.0,300.0,Mécanique,Inspection,29,17.8,30.0,observée,17.8,14.1,117,19,0.68,Insuffisant,17.8,12.5,33011.0,24986.0,8026.0
SF01-PP-PP02-BRTBP2-G6201A-GMOT-0MOTEUR,212291.0,360.0,Électrique,Systématique,12,75.0,,observée,75.0,60.5,0,0,0.0,Adéquat,75.0,75.0,467.0,467.0,0.0
SF01-PP-PP02-BRTBP2-G6201A-GMOT-0MOTEUR,212292.0,360.0,Électrique,Systématique,7,125.8,,observée,125.8,62.1,0,0,0.0,Adéquat,125.8,125.8,279.0,279.0,0.0
SF01-PP-PP02-BRTBP2-G6201A-GMOT-0MOTEUR,212293.0,360.0,Électrique,Systématique,4,243.7,,observée,243.7,225.8,0,0,0.0,Adéquat,243.7,243.7,144.0,144.0,0.0
SF01-PP-PP02-BRTBP2-G6201A-GMOT-0MOTEUR,384892.0,310.0,Électrique,Inspection,6,14.8,,observée,14.8,1.7,0,0,0.0,Trop fréquent,14.8,29.6,2368.0,1184.0,1184.0
SF01-PP-PP02-BRTBP2-G6201A-GMOT-0MOTEUR,385658.0,360.0,Électrique,Systématique,3,188.5,,observée,188.5,103.5,0,0,0.0,Adéquat,188.5,188.5,186.0,186.0,0.0
SF01-PP-PP02-BRTBP2-G6201A-GMOT-DEPARTM,212290.0,360.0,Électrique,Systématique,4,85.0,,observée,85.0,49.0,0,0,0.0,Adéquat,85.0,85.0,412.0,412.0,0.0
SF01-PP-PP02-BRTBP2-G6201A-MOAC,210529.0,290.0,Mécanique,Inspection,4,175.3,,observée,175.3,10.8,0,0,0.0,Adéquat,175.3,175.3,200.0,200.0,0.0
SF01-PP-PP02-BRTBP2-G6201A-MOAC,210530.0,290.0,Mécanique,Inspection,18,29.4,,observée,29.4,2.7,0,0,0.0,Adéquat,29.4,29.4,1192.0,1192.0,0.0
SF01-PP-PP02-BRTBP2-G6201B,210532.0,290.0,Mécanique,Inspection,4,175.3,,observée,175.3,10.8,45,3,1.0,Insuffisant,175.3,122.7,4835.0,3597.0,1239.0
SF01-PP-PP02-BRTBP2-G6201B,210533.0,290.0,Mécanique,Inspection,93,4.3,,observée,4.3,3.1,45,18,0.2,Insuffisant,4.3,3.0,45945.0,38639.0,7306.0
SF01-PP-PP02-BRTBP2-G6201B,200000000458.0,290.0,Mécanique,Inspection,5,18.2,30.0,observée,18.2,11.7,45,2,0.5,Insuffisant,18.2,12.7,24249.0,18696.0,5553.0
SF01-PP-PP02-BRTBP2-G6201B,200000000618.0,300.0,Mécanique,Inspection,29,17.8,30.0,observée,17.8,14.2,45,15,0.54,Insuffisant,17.8,12.5,26620.0,20421.0,6199.0
SF01-PP-PP02-BRTBP2-G6201B-GMOT-0MOTEUR,212298.0,360.0,Électrique,Systématique,13,67.0,,observée,67.0,41.8,1,1,0.08,Adéquat,67.0,67.0,1493.0,1493.0,0.0
SF01-PP-PP02-BRTBP2-G6201B-GMOT-0MOTEUR,212299.0,360.0,Électrique,Systématique,7,89.7,,observée,89.7,53.2,1,1,0.17,Insuffisant,89.7,62.8,1931.0,1658.0,273.0
SF01-PP-PP02-BRTBP2-G6201B-GMOT-0MOTEUR,212300.0,360.0,Électrique,Systématique,4,129.3,,observée,129.3,65.6,1,0,0.0,Adéquat,129.3,129.3,271.0,271.0,0.0
SF01-PP-PP02-BRTBP2-G6201B-GMOT-0MOTEUR,384893.0,310.0,Électrique,Inspection,6,13.8,,observée,13.8,2.1,1,0,0.0,Trop fréquent,13.8,27.6,2540.0,1270.0,1270.0
SF01-PP-PP02-BRTBP2-G6201B-GMOT-0MOTEUR,385659.0,360.0,Électrique,Systématique,3,232.5,,observée,232.5,50.5,1,0,0.0,Adéquat,232.5,232.5,151.0,151.0,0.0
SF01-PP-PP02-BRTBP2-G6201B-GMOT-DEPARTM,212297.0,360.0,Électrique,Systématique,4,101.3,,observée,101.3,25.8,0,0,0.0,Adéquat,101.3,101.3,346.0,346.0,0.0
SF01-PP-PP02-BRTBP2-G6201B-MOAC,210534.0,290.0,Mécanique,Inspection,4,175.3,,observée,175.3,10.8,0,0,0.0,Adéquat,175.3,175.3,200.0,200.0,0.0
SF01-PP-PP02-BRTBP2-G6201B-MOAC,210535.0,290.0,Mécanique,Inspection,18,29.4,,observée,29.4,2.7,0,0,0.0,Adéquat,29.4,29.4,1192.0,1192.0,0.0
SF01-PP-PP02-BRTBP2-G621A1,210537.0,290.0,Mécanique,Inspection,4,175.3,,observée,175.3,10.8,12,2,0.67,Insuffisant,175.3,122.7,3306.0,2504.0,802.0
SF01-PP-PP02-BRTBP2-G621A1-GMOT-0MOTEUR,212288.0,360.0,Électrique,Systématique,8,93.9,,observée,93.9,41.8,0,0,0.0,Adéquat,93.9,93.9,373.0,373.0,0.0
SF01-PP-PP02-BRTBP2-G621A1-GMOT-0MOTEUR,384865.0,310.0,Électrique,Inspection,6,14.2,,observée,14.2,1.0,0,0,0.0,Trop fréquent,14.2,28.4,2468.0,1234.0,1234.0
SF01-PP-PP02-BRTBP2-G621A1-GMOT-0MOTEUR,385631.0,360.0,Électrique,Systématique,3,56.0,,observée,56.0,0.0,0,0,0.0,Adéquat,56.0,56.0,626.0,626.0,0.0
SF01-PP-PP02-BRTBP2-G621B1,210538.0,290.0,Mécanique,Inspection,4,175.3,,observée,175.3,10.8,3,1,0.33,Insuffisant,175.3,122.7,1730.0,1378.0,351.0
SF01-PP-PP02-BRTBP2-G621B1-GMOT-0MOTEUR,384866.0,310.0,Électrique,Inspection,6,14.4,,observée,14.4,0.8,1,0,0.0,Trop fréquent,14.4,28.8,2434.0,1217.0,1217.0
SF01-PP-PP02-BRTBP2-K6201A,210571.0,290.0,Mécanique,Inspection,7,88.0,,observée,88.0,10.1,4,2,0.33,Insuffisant,88.0,61.6,3445.0,2745.0,700.0
SF01-PP-PP02-BRTBP2-K6201A,210572.0,290.0,Mécanique,Inspection,4,175.3,,observée,175.3,10.8,4,2,0.67,Insuffisant,175.3,122.7,3306.0,2504.0,802.0
SF01-PP-PP02-BRTBP2-K6201A-GMOT-0MOTEUR,384867.0,310.0,Électrique,Inspection,6,14.4,,observée,14.4,0.8,0,0,0.0,Trop fréquent,14.4,28.8,2434.0,1217.0,1217.0
SF01-PP-PP02-BRTBP2-K6201B,210573.0,290.0,Mécanique,Inspection,7,88.0,,observée,88.0,9.9,0,0,0.0,Adéquat,88.0,88.0,398.0,398.0,0.0
SF01-PP-PP02-BRTBP2-K6201B,210574.0,290.0,Mécanique,Inspection,4,175.3,,observée,175.3,10.8,0,0,0.0,Adéquat,175.3,175.3,200.0,200.0,0.0
SF01-PP-PP02-BRTBP2-K6201B-GMOT-0MOTEUR,384868.0,310.0,Électrique,Inspection,6,13.4,,observée,13.4,1.2,0,0,0.0,Trop fréquent,13.4,26.8,2615.0,1308.0,1308.0
SF01-PP-PP02-BRTBP2-K6202A,210575.0,290.0,Mécanique,Inspection,30,15.2,,observée,15.2,5.1,31,10,0.34,Insuffisant,15.2,10.6,20482.0,16277.0,4205.0
SF01-PP-PP02-BRTBP2-K6202A,210576.0,290.0,Mécanique,Inspection,4,175.3,,observée,175.3,10.8,31,3,1.0,Insuffisant,175.3,122.7,4835.0,3597.0,1239.0
SF01-PP-PP02-BRTBP2-K6202A,200000000618.0,300.0,Mécanique,Inspection,29,17.8,30.0,observée,17.8,14.1,31,10,0.36,Insuffisant,17.8,12.5,18403.0,14551.0,3852.0
SF01-PP-PP02-BRTBP2-K6202A-GMOT-0MOTEUR,212333.0,360.0,Électrique,Systématique,13,48.3,,observée,48.3,61.5,0,0,0.0,Adéquat,48.3,48.3,726.0,726.0,0.0
SF01-PP-PP02-BRTBP2-K6202A-GMOT-0MOTEUR,212334.0,360.0,Électrique,Systématique,7,95.5,,observée,95.5,47.4,0,0,0.0,Adéquat,95.5,95.5,367.0,367.0,0.0
SF01-PP-PP02-BRTBP2-K6202A-GMOT-0MOTEUR,212335.0,360.0,Électrique,Systématique,4,56.0,,observée,56.0,27.4,0,0,0.0,Adéquat,56.0,56.0,626.0,626.0,0.0
SF01-PP-PP02-BRTBP2-K6202A-GMOT-0MOTEUR,384894.0,310.0,Électrique,Inspection,6,13.8,,observée,13.8,2.1,0,0,0.0,Trop fréquent,13.8,27.6,2540.0,1270.0,1270.0
SF01-PP-PP02-BRTBP2-K6202A-GMOT-0MOTEUR,385660.0,360.0,Électrique,Systématique,3,56.0,,observée,56.0,42.0,0,0,0.0,Adéquat,56.0,56.0,626.0,626.0,0.0
SF01-PP-PP02-BRTBP2-K6202A-GMOT-DEPARTM,212332.0,360.0,Électrique,Systématique,4,56.0,,observée,56.0,30.3,0,0,0.0,Adéquat,56.0,56.0,626.0,626.0,0.0
SF01-PP-PP02-BRTBP2-K6202B,210577.0,290.0,Mécanique,Inspection,31,14.7,,observée,14.7,4.2,32,16,0.53,Insuffisant,14.7,10.3,31681.0,24332.0,7349.0
SF01-PP-PP02-BRTBP2-K6202B,210578.0,290.0,Mécanique,Inspection,4,175.3,,observée,175.3,10.8,32,2,0.67,Insuffisant,175.3,122.7,3306.0,2504.0,802.0
SF01-PP-PP02-BRTBP2-K6202B,200000000618.0,300.0,Mécanique,Inspection,29,17.8,30.0,observée,17.8,14.2,32,12,0.43,Insuffisant,17.8,12.5,21599.0,16834.0,4765.0
SF01-PP-PP02-BRTBP2-K6202B-GMOT-0MOTEUR,212338.0,360.0,Électrique,Systématique,13,62.9,,observée,62.9,58.0,0,0,0.0,Adéquat,62.9,62.9,557.0,557.0,0.0
SF01-PP-PP02-BRTBP2-K6202B-GMOT-0MOTEUR,212339.0,360.0,Électrique,Systématique,7,96.7,,observée,96.7,50.7,0,0,0.0,Adéquat,96.7,96.7,362.0,362.0,0.0
SF01-PP-PP02-BRTBP2-K6202B-GMOT-0MOTEUR,212340.0,360.0,Électrique,Systématique,4,56.0,,observée,56.0,22.7,0,0,0.0,Adéquat,56.0,56.0,626.0,626.0,0.0
SF01-PP-PP02-BRTBP2-K6202B-GMOT-0MOTEUR,384895.0,310.0,Électrique,Inspection,6,13.8,,observée,13.8,1.6,0,0,0.0,Trop fréquent,13.8,27.6,2540.0,1270.0,1270.0
SF01-PP-PP02-BRTBP2-K6202B-GMOT-0MOTEUR,385661.0,360.0,Électrique,Systématique,3,166.0,,observée,166.0,84.0,0,0,0.0,Adéquat,166.0,166.0,211.0,211.0,0.0
SF01-PP-PP02-BRTBP2-K6202B-GMOT-DEPARTM,212337.0,360.0,Électrique,Systématique,4,56.0,,observée,56.0,57.3,0,0,0.0,Adéquat,56.0,56.0,626.0,626.0,0.0
SF01-PP-PP02-BRTBP2-K6203A,210579.0,290.0,Mécanique,Inspection,7,88.0,,observée,88.0,9.4,14,5,0.83,Insuffisant,88.0,61.6,8062.0,6043.0,2019.0
SF01-PP-PP02-BRTBP2-K6203A,210580.0,290.0,Mécanique,Inspection,4,175.3,,observée,175.3,10.8,14,3,1.0,Insuffisant,175.3,122.7,4835.0,3597.0,1239.0
SF01-PP-PP02-BRTBP2-K6203A,200000000458.0,290.0,Mécanique,Inspection,4,24.3,30.0,observée,24.3,16.6,14,0,0.0,Adéquat,24.3,24.3,1442.0,1442.0,0.0
SF01-PP-PP02-BRTBP2-K6203A,200000000618.0,300.0,Mécanique,Inspection,29,17.8,30.0,observée,17.8,14.2,14,9,0.32,Insuffisant,17.8,12.5,16577.0,13247.0,3330.0
SF01-PP-PP02-BRTBP2-K6203A-GMOT-0MOTEUR,384869.0,310.0,Électrique,Inspection,6,13.6,,observée,13.6,1.4,0,0,0.0,Trop fréquent,13.6,27.2,2577.0,1288.0,1288.0
SF01-PP-PP02-BRTBP2-K6203B,210581.0,290.0,Mécanique,Inspection,7,88.0,,observée,88.0,9.4,25,5,0.83,Insuffisant,88.0,61.6,8062.0,6043.0,2019.0
SF01-PP-PP02-BRTBP2-K6203B,210582.0,290.0,Mécanique,Inspection,4,175.3,,observée,175.3,10.8,25,3,1.0,Insuffisant,175.3,122.7,4835.0,3597.0,1239.0
SF01-PP-PP02-BRTBP2-K6203B,200000000458.0,290.0,Mécanique,Inspection,4,24.3,30.0,observée,24.3,16.6,25,0,0.0,Adéquat,24.3,24.3,1442.0,1442.0,0.0
SF01-PP-PP02-BRTBP2-K6203B,200000000618.0,300.0,Mécanique,Inspection,29,17.8,30.0,observée,17.8,14.2,25,11,0.39,Insuffisant,17.8,12.5,19773.0,15530.0,4243.0
SF01-PP-PP02-BRTBP2-K6203B-GMOT-0MOTEUR,384870.0,310.0,Électrique,Inspection,6,14.4,,observée,14.4,0.8,0,0,0.0,Trop fréquent,14.4,28.8,2434.0,1217.0,1217.0
SF01-PP-PP02-BRTBP2-PAMAEL,210748.0,290.0,Mécanique,Inspection,4,175.3,,observée,175.3,10.8,0,0,0.0,Adéquat,175.3,175.3,200.0,200.0,0.0
SF01-PP-PP02-BRTBP2-POSTBT,212596.0,310.0,Électrique,Inspection,42,15.6,,observée,15.6,52.6,0,0,0.0,Trop fréquent,15.6,31.2,2246.0,1123.0,1123.0
SF01-PP-PP02-BRTBP2-POSTBT,212597.0,360.0,Électrique,Systématique,45,15.1,,observée,15.1,52.1,0,0,0.0,Trop fréquent,15.1,30.2,2321.0,1160.0,1160.0
SF01-PP-PP02-BRTBP2-POSTBT,384646.0,310.0,Électrique,Inspection,10,7.1,,observée,7.1,4.2,0,0,0.0,Trop fréquent,7.1,14.2,4936.0,2468.0,2468.0
SF01-PP-PP02-BRTBP2-POSTBT,385747.0,360.0,Électrique,Systématique,3,29.5,,observée,29.5,2.5,0,0,0.0,Adéquat,29.5,29.5,1188.0,1188.0,0.0
SF01-PP-PP02-BRTBP2-POSTBT-TGBT,385017.0,310.0,Électrique,Inspection,6,14.2,,observée,14.2,0.7,0,0,0.0,Trop fréquent,14.2,28.4,2468.0,1234.0,1234.0
SF01-PP-PP02-BRTBP2-Q6204A,210771.0,290.0,Mécanique,Inspection,4,175.3,,observée,175.3,10.8,9,2,0.67,Insuffisant,175.3,122.7,3306.0,2504.0,802.0
SF01-PP-PP02-BRTBP2-Q6204A,200000001719.0,300.0,Mécanique,Inspection,13,45.0,91.0,observée,45.0,17.0,9,5,0.42,Insuffisant,45.0,31.5,8363.0,6530.0,1833.0
SF01-PP-PP02-BRTBP2-Q6204A-GMOT-0MOTEUR,384871.0,310.0,Électrique,Inspection,6,14.4,,observée,14.4,0.8,0,0,0.0,Trop fréquent,14.4,28.8,2434.0,1217.0,1217.0
SF01-PP-PP02-BRTBP2-Q6204A-GMOT-DEPARTM,212648.0,310.0,Électrique,Inspection,13,38.4,,observée,38.4,40.3,0,0,0.0,Adéquat,38.4,38.4,913.0,913.0,0.0
SF01-PP-PP02-BRTBP2-Q6204A-GMOT-DEPARTM,384968.0,310.0,Électrique,Inspection,3,28.5,,observée,28.5,0.5,0,0,0.0,Adéquat,28.5,28.5,1230.0,1230.0,0.0
SF01-PP-PP02-BRTBP2-Q6204A-GMOT-DEPARTM,385678.0,360.0,Électrique,Systématique,3,93.5,,observée,93.5,37.5,0,0,0.0,Adéquat,93.5,93.5,375.0,375.0,0.0
SF01-PP-PP02-BRTBP2-Q6204A-MOAC,210772.0,290.0,Mécanique,Inspection,4,175.3,,observée,175.3,10.8,0,0,0.0,Adéquat,175.3,175.3,200.0,200.0,0.0
SF01-PP-PP02-BRTBP2-Q6204A-MOAC,210773.0,290.0,Mécanique,Inspection,18,29.4,,observée,29.4,2.7,0,0,0.0,Adéquat,29.4,29.4,1192.0,1192.0,0.0
SF01-PP-PP02-BRTBP2-Q6204B,210774.0,290.0,Mécanique,Inspection,4,175.3,,observée,175.3,10.8,5,1,0.33,Insuffisant,175.3,122.7,1730.0,1378.0,351.0
SF01-PP-PP02-BRTBP2-Q6204B,200000001719.0,300.0,Mécanique,Inspection,13,45.0,91.0,observée,45.0,17.0,5,3,0.25,Insuffisant,45.0,31.5,5293.0,4337.0,956.0
SF01-PP-PP02-BRTBP2-Q6204B-GMOT-0MOTEUR,384872.0,310.0,Électrique,Inspection,6,14.4,,observée,14.4,0.8,0,0,0.0,Trop fréquent,14.4,28.8,2434.0,1217.0,1217.0
SF01-PP-PP02-BRTBP2-Q6204B-GMOT-DEPARTM,212651.0,310.0,Électrique,Inspection,13,39.6,,observée,39.6,43.9,0,0,0.0,Adéquat,39.6,39.6,885.0,885.0,0.0
SF01-PP-PP02-BRTBP2-Q6204B-GMOT-DEPARTM,384969.0,310.0,Électrique,Inspection,3,28.5,,observée,28.5,0.5,0,0,0.0,Adéquat,28.5,28.5,1230.0,1230.0,0.0
SF01-PP-PP02-BRTBP2-Q6204B-GMOT-DEPARTM,385679.0,360.0,Électrique,Systématique,3,97.0,,observée,97.0,41.0,0,0,0.0,Adéquat,97.0,97.0,361.0,361.0,0.0
SF01-PP-PP02-BRTBP2-Q6204B-MOAC,210775.0,290.0,Mécanique,Inspection,4,175.3,,observée,175.3,10.8,0,0,0.0,Adéquat,175.3,175.3,200.0,200.0,0.0
SF01-PP-PP02-BRTBP2-Q6204B-MOAC,210776.0,290.0,Mécanique,Inspection,18,29.4,,observée,29.4,2.7,0,0,0.0,Adéquat,29.4,29.4,1192.0,1192.0,0.0
SF01-PP-PP02-BRTBP2-Q6205A,210777.0,290.0,Mécanique,Inspection,4,175.3,,observée,175.3,10.8,0,0,0.0,Adéquat,175.3,175.3,200.0,200.0,0.0
SF01-PP-PP02-BRTBP2-Q6205A-GMOT-0MOTEUR,384873.0,310.0,Électrique,Inspection,6,13.4,,observée,13.4,1.2,0,0,0.0,Trop fréquent,13.4,26.8,2615.0,1308.0,1308.0
SF01-PP-PP02-BRTBP2-Q6205B,210778.0,290.0,Mécanique,Inspection,4,175.3,,observée,175.3,10.8,0,0,0.0,Adéquat,175.3,175.3,200.0,200.0,0.0
SF01-PP-PP02-BRTBP2-Q6205B-GMOT-0MOTEUR,384874.0,310.0,Électrique,Inspection,6,14.0,,observée,14.0,1.9,0,0,0.0,Trop fréquent,14.0,28.0,2503.0,1252.0,1252.0
SF01-PP-PP02-BRTBP2-Q6206A,210779.0,290.0,Mécanique,Inspection,4,175.3,,observée,175.3,10.8,0,0,0.0,Adéquat,175.3,175.3,200.0,200.0,0.0
SF01-PP-PP02-BRTBP2-Q6206A-GMOT-0MOTEUR,384875.0,310.0,Électrique,Inspection,6,14.4,,observée,14.4,0.8,0,0,0.0,Trop fréquent,14.4,28.8,2434.0,1217.0,1217.0
SF01-PP-PP02-BRTBP2-Q6206B,210780.0,290.0,Mécanique,Inspection,4,175.3,,observée,175.3,10.8,0,0,0.0,Adéquat,175.3,175.3,200.0,200.0,0.0
SF01-PP-PP02-BRTBP2-Q6206B-GMOT-0MOTEUR,384876.0,310.0,Électrique,Inspection,6,14.4,,observée,14.4,0.8,0,0,0.0,Trop fréquent,14.4,28.8,2434.0,1217.0,1217.0
SF01-PP-PP02-BRTBP2-Q6301A,210793.0,290.0,Mécanique,Inspection,4,175.3,,observée,175.3,10.8,2,2,0.67,Insuffisant,175.3,122.7,3306.0,2504.0,802.0
SF01-PP-PP02-BRTBP2-Q6301A,200000000618.0,300.0,Mécanique,Inspection,29,17.8,30.0,observée,17.8,14.1,2,2,0.07,Adéquat,17.8,17.8,5164.0,5164.0,0.0
SF01-PP-PP02-BRTBP2-Q6301A,200000004559.0,290.0,Mécanique,Inspection,25,18.4,90.0,observée,18.4,10.1,2,2,0.08,Adéquat,18.4,18.4,5438.0,5438.0,0.0
SF01-PP-PP02-BRTBP2-Q6301A-GMOT-0MOTEUR,212689.0,360.0,Électrique,Systématique,8,101.9,,observée,101.9,84.6,0,0,0.0,Adéquat,101.9,101.9,344.0,344.0,0.0
SF01-PP-PP02-BRTBP2-Q6301A-GMOT-0MOTEUR,384877.0,310.0,Électrique,Inspection,6,14.4,,observée,14.4,0.8,0,0,0.0,Trop fréquent,14.4,28.8,2434.0,1217.0,1217.0
SF01-PP-PP02-BRTBP2-Q6301A-GMOT-0MOTEUR,385643.0,360.0,Électrique,Systématique,3,187.5,,observée,187.5,131.5,0,0,0.0,Adéquat,187.5,187.5,187.0,187.0,0.0
SF01-PP-PP02-BRTBP2-Q6301A-MOAC,210794.0,290.0,Mécanique,Inspection,4,175.3,,observée,175.3,10.8,0,0,0.0,Adéquat,175.3,175.3,200.0,200.0,0.0
SF01-PP-PP02-BRTBP2-Q6301A-MOAC,210795.0,290.0,Mécanique,Inspection,18,29.4,,observée,29.4,2.7,0,0,0.0,Adéquat,29.4,29.4,1192.0,1192.0,0.0
SF01-PP-PP02-BRTBP2-S6201A,210807.0,290.0,Mécanique,Inspection,18,29.4,,observée,29.4,3.8,68,9,0.53,Insuffisant,29.4,20.6,15841.0,12166.0,3674.0
SF01-PP-PP02-BRTBP2-S6201A,210808.0,290.0,Mécanique,Inspection,4,175.3,,observée,175.3,10.8,68,2,0.67,Insuffisant,175.3,122.7,3306.0,2504.0,802.0
SF01-PP-PP02-BRTBP2-S6201A,210809.0,290.0,Mécanique,Inspection,4,175.3,,observée,175.3,10.8,68,2,0.67,Insuffisant,175.3,122.7,3306.0,2504.0,802.0
SF01-PP-PP02-BRTBP2-S6201A,200000000618.0,300.0,Mécanique,Inspection,29,17.8,30.0,observée,17.8,14.1,68,13,0.46,Insuffisant,17.8,12.5,22968.0,17812.0,5156.0
SF01-PP-PP02-BRTBP2-S6201A-GMOT-0MOTEUR,384878.0,310.0,Électrique,Inspection,6,13.4,,observée,13.4,1.2,0,0,0.0,Trop fréquent,13.4,26.8,2615.0,1308.0,1308.0
SF01-PP-PP02-BRTBP2-S6201A-MOAC,210810.0,290.0,Mécanique,Inspection,4,175.3,,observée,175.3,10.8,0,0,0.0,Adéquat,175.3,175.3,200.0,200.0,0.0
SF01-PP-PP02-BRTBP2-S6201A-MOAC,210811.0,290.0,Mécanique,Inspection,18,29.4,,observée,29.4,2.7,0,0,0.0,Adéquat,29.4,29.4,1192.0,1192.0,0.0
SF01-PP-PP02-BRTBP2-S6201B,210812.0,290.0,Mécanique,Inspection,18,29.4,,observée,29.4,3.5,39,10,0.59,Insuffisant,29.4,20.6,17499.0,13351.0,4148.0
SF01-PP-PP02-BRTBP2-S6201B,210813.0,290.0,Mécanique,Inspection,4,175.3,,observée,175.3,10.8,39,3,1.0,Insuffisant,175.3,122.7,4835.0,3597.0,1239.0
SF01-PP-PP02-BRTBP2-S6201B,210814.0,290.0,Mécanique,Inspection,4,175.3,,observée,175.3,10.8,39,3,1.0,Insuffisant,175.3,122.7,4835.0,3597.0,1239.0
SF01-PP-PP02-BRTBP2-S6201B,200000000618.0,300.0,Mécanique,Inspection,29,17.8,30.0,observée,17.8,14.1,39,10,0.36,Insuffisant,17.8,12.5,18403.0,14551.0,3852.0
SF01-PP-PP02-BRTBP2-S6201B-GMOT-0MOTEUR,384879.0,310.0,Électrique,Inspection,6,13.4,,observée,13.4,1.2,3,0,0.0,Trop fréquent,13.4,26.8,2615.0,1308.0,1308.0
SF01-PP-PP02-BRTBP2-S6201B-MOAC,210815.0,290.0,Mécanique,Inspection,4,175.3,,observée,175.3,10.8,0,0,0.0,Adéquat,175.3,175.3,200.0,200.0,0.0
SF01-PP-PP02-BRTBP2-S6201B-MOAC,210816.0,290.0,Mécanique,Inspection,18,29.4,,observée,29.4,2.7,0,0,0.0,Adéquat,29.4,29.4,1192.0,1192.0,0.0
SF01-PP-PP02-BRTBP2-S6202A,210817.0,290.0,Mécanique,Inspection,4,175.3,,observée,175.3,10.8,2,1,0.33,Insuffisant,175.3,122.7,1730.0,1378.0,351.0
SF01-PP-PP02-BRTBP2-S6202A,210818.0,290.0,Mécanique,Inspection,4,175.3,,observée,175.3,10.8,2,1,0.33,Insuffisant,175.3,122.7,1730.0,1378.0,351.0
SF01-PP-PP02-BRTBP2-S6202B,210819.0,290.0,Mécanique,Inspection,4,175.3,,observée,175.3,10.8,1,1,0.33,Insuffisant,175.3,122.7,1730.0,1378.0,351.0
SF01-PP-PP02-BRTBP2-S6202B,210820.0,290.0,Mécanique,Inspection,4,175.3,,observée,175.3,10.8,1,1,0.33,Insuffisant,175.3,122.7,1730.0,1378.0,351.0
SF01-PP-PP02-BRTBP2-S6203A,210821.0,290.0,Mécanique,Inspection,4,175.3,,observée,175.3,10.8,27,3,1.0,Insuffisant,175.3,122.7,4835.0,3597.0,1239.0
SF01-PP-PP02-BRTBP2-S6203A,210822.0,290.0,Mécanique,Inspection,4,175.3,,observée,175.3,10.8,27,3,1.0,Insuffisant,175.3,122.7,4835.0,3597.0,1239.0
SF01-PP-PP02-BRTBP2-S6203A,200000000458.0,290.0,Mécanique,Inspection,4,24.3,30.0,observée,24.3,16.6,27,0,0.0,Adéquat,24.3,24.3,1442.0,1442.0,0.0
SF01-PP-PP02-BRTBP2-S6203A-GMOT-0MOTEUR,384880.0,310.0,Électrique,Inspection,6,14.4,,observée,14.4,0.8,0,0,0.0,Trop fréquent,14.4,28.8,2434.0,1217.0,1217.0
SF01-PP-PP02-BRTBP2-S6203A-MOAC,210823.0,290.0,Mécanique,Inspection,4,175.3,,observée,175.3,10.8,0,0,0.0,Adéquat,175.3,175.3,200.0,200.0,0.0
SF01-PP-PP02-BRTBP2-S6203A-MOAC,210824.0,290.0,Mécanique,Inspection,18,29.4,,observée,29.4,2.7,0,0,0.0,Adéquat,29.4,29.4,1192.0,1192.0,0.0
SF01-PP-PP02-BRTBP2-S6203B,210825.0,290.0,Mécanique,Inspection,4,175.3,,observée,175.3,10.8,26,2,0.67,Insuffisant,175.3,122.7,3306.0,2504.0,802.0
SF01-PP-PP02-BRTBP2-S6203B,210826.0,290.0,Mécanique,Inspection,4,175.3,,observée,175.3,10.8,26,2,0.67,Insuffisant,175.3,122.7,3306.0,2504.0,802.0
SF01-PP-PP02-BRTBP2-S6203B,200000000458.0,290.0,Mécanique,Inspection,4,24.3,30.0,observée,24.3,16.6,26,1,0.33,Insuffisant,24.3,17.0,12477.0,9942.0,2535.0
SF01-PP-PP02-BRTBP2-S6203B-GMOT-0MOTEUR,384881.0,310.0,Électrique,Inspection,6,14.4,,observée,14.4,0.8,0,0,0.0,Trop fréquent,14.4,28.8,2434.0,1217.0,1217.0
SF01-PP-PP02-BRTBP2-S6203B-MOAC,210827.0,290.0,Mécanique,Inspection,4,175.3,,observée,175.3,10.8,0,0,0.0,Adéquat,175.3,175.3,200.0,200.0,0.0
SF01-PP-PP02-BRTBP2-S6203B-MOAC,210828.0,290.0,Mécanique,Inspection,18,29.4,,observée,29.4,2.7,0,0,0.0,Adéquat,29.4,29.4,1192.0,1192.0,0.0
SF01-PP-PP02-BRTBP2-SAFMAA,210849.0,290.0,Mécanique,Inspection,4,175.3,,observée,175.3,10.8,0,0,0.0,Adéquat,175.3,175.3,200.0,200.0,0.0
SF01-PP-PP02-BRTBP2-SAFMAA-GMOT-0MOTEUR,384882.0,310.0,Électrique,Inspection,6,14.4,,observée,14.4,0.8,0,0,0.0,Trop fréquent,14.4,28.8,2434.0,1217.0,1217.0
SF01-PP-PP02-BRTBP2-SAFMAB,210850.0,290.0,Mécanique,Inspection,4,175.3,,observée,175.3,10.8,0,0,0.0,Adéquat,175.3,175.3,200.0,200.0,0.0
SF01-PP-PP02-BRTBP2-SAFMAB-GMOT-0MOTEUR,384883.0,310.0,Électrique,Inspection,6,13.4,,observée,13.4,1.2,0,0,0.0,Trop fréquent,13.4,26.8,2615.0,1308.0,1308.0
SF01-PP-PP02-BRTBP2-SASOSI,210851.0,290.0,Mécanique,Inspection,4,175.3,,observée,175.3,10.8,0,0,0.0,Adéquat,175.3,175.3,200.0,200.0,0.0
SF01-PP-PP02-BRTBP2-SASOSI-GMOT-0MOTEUR,384884.0,310.0,Électrique,Inspection,6,13.4,,observée,13.4,1.2,0,0,0.0,Trop fréquent,13.4,26.8,2615.0,1308.0,1308.0
SF01-PP-PP02-BRTBP2-SFMANE,210852.0,290.0,Mécanique,Inspection,4,175.3,,observée,175.3,10.8,0,0,0.0,Adéquat,175.3,175.3,200.0,200.0,0.0
SF01-PP-PP02-BRTBP2-SFMANE-GMOT-0MOTEUR,384885.0,310.0,Électrique,Inspection,6,14.4,,observée,14.4,0.8,0,0,0.0,Trop fréquent,14.4,28.8,2434.0,1217.0,1217.0
SF01-PP-PP02-BRTBP2-V6203A,210907.0,290.0,Mécanique,Inspection,4,175.3,,observée,175.3,10.8,0,0,0.0,Adéquat,175.3,175.3,200.0,200.0,0.0
SF01-PP-PP02-BRTBP2-V6203B,210908.0,290.0,Mécanique,Inspection,4,175.3,,observée,175.3,10.8,0,0,0.0,Adéquat,175.3,175.3,200.0,200.0,0.0
SF01-PS,211499.0,290.0,Électrique,Inspection,5,91.0,,observée,91.0,0.0,21,3,0.75,Insuffisant,91.0,63.7,7082.0,5334.0,1748.0
SF01-PS,211500.0,290.0,Électrique,Inspection,5,91.0,,observée,91.0,0.0,21,3,0.75,Insuffisant,91.0,63.7,7082.0,5334.0,1748.0
SF01-PS,211501.0,290.0,Électrique,Inspection,5,91.0,,observée,91.0,0.0,21,3,0.75,Insuffisant,91.0,63.7,7082.0,5334.0,1748.0
SF01-PS,211503.0,290.0,Électrique,Inspection,5,91.0,,observée,91.0,0.0,21,3,0.75,Insuffisant,91.0,63.7,7082.0,5334.0,1748.0
SF01-PS,213433.0,290.0,Électrique,Inspection,4,88.0,,observée,88.0,4.2,21,3,1.0,Insuffisant,88.0,61.6,9632.0,7165.0,2468.0
SF01-PS,213434.0,290.0,Électrique,Inspection,4,88.0,,observée,88.0,4.2,21,3,1.0,Insuffisant,88.0,61.6,9632.0,7165.0,2468.0
SF01-PS,213435.0,290.0,Électrique,Inspection,4,88.0,,observée,88.0,4.2,21,3,1.0,Insuffisant,88.0,61.6,9632.0,7165.0,2468.0
SF01-PS,213436.0,290.0,Électrique,Inspection,4,88.0,,observée,88.0,4.2,21,3,1.0,Insuffisant,88.0,61.6,9632.0,7165.0,2468.0
SF01-PS-PS03,184631.0,290.0,Mécanique,Inspection,58,7.3,,observée,7.3,3.2,206,38,0.67,Insuffisant,7.3,5.1,79380.0,60129.0,19251.0
SF01-PS-PS03,184632.0,290.0,Mécanique,Inspection,58,7.3,,observée,7.3,3.4,206,40,0.7,Insuffisant,7.3,5.1,82720.0,62515.0,20205.0
SF01-PS-PS03,184633.0,290.0,Mécanique,Inspection,58,7.3,,observée,7.3,3.1,206,41,0.72,Insuffisant,7.3,5.1,84946.0,64105.0,20841.0
SF01-PS-PS03,184634.0,290.0,Mécanique,Inspection,58,7.3,,observée,7.3,2.8,206,42,0.74,Insuffisant,7.3,5.1,87172.0,65695.0,21477.0
SF01-PS-PS03,184635.0,290.0,Mécanique,Inspection,57,7.5,,observée,7.5,3.0,206,42,0.75,Insuffisant,7.5,5.2,85931.0,64717.0,21214.0
SF01-PS-PS03,184636.0,290.0,Mécanique,Inspection,57,7.4,,observée,7.4,2.9,206,41,0.73,Insuffisant,7.4,5.2,84896.0,64023.0,20873.0
SF01-PS-PS03,213449.0,350.0,Électrique,Graissage,3,139.5,,observée,139.5,20.5,206,2,1.0,Insuffisant,139.5,97.6,6076.0,4520.0,1557.0
SF01-PS-PS03-FACIEL-POROSF,184235.0,290.0,Mécanique,Inspection,16,28.4,,observée,28.4,6.0,0,0,0.0,Adéquat,28.4,28.4,1234.0,1234.0,0.0
SF01-PS-PS03-FACIEL-POROSF,211509.0,310.0,Électrique,Inspection,16,28.2,,observée,28.2,8.2,0,0,0.0,Adéquat,28.2,28.2,1243.0,1243.0,0.0
SF01-PS-PS03-FACIEL-POROSF,213442.0,310.0,Électrique,Inspection,11,30.0,,observée,30.0,3.1,0,0,0.0,Adéquat,30.0,30.0,1168.0,1168.0,0.0
SF01-PS-PS03-LIMBAT-0P501A,184669.0,290.0,Mécanique,Inspection,16,29.0,,observée,29.0,6.5,12,8,0.53,Insuffisant,29.0,20.3,16059.0,12334.0,3725.0
SF01-PS-PS03-LIMBAT-0P501A,184670.0,350.0,Mécanique,Graissage,60,7.0,,observée,7.0,2.0,12,8,0.14,Adéquat,7.0,7.0,21258.0,21258.0,0.0
SF01-PS-PS03-LIMBAT-0P501A,184671.0,290.0,Mécanique,Inspection,30,14.6,,observée,14.6,2.5,12,8,0.28,Insuffisant,14.6,10.2,17984.0,14560.0,3424.0
SF01-PS-PS03-LIMBAT-0P5402,184672.0,290.0,Mécanique,Inspection,16,29.1,,observée,29.1,6.2,1,0,0.0,Adéquat,29.1,29.1,1204.0,1204.0,0.0
SF01-PS-PS03-LIMBAT-0P5402,184673.0,350.0,Mécanique,Graissage,29,14.8,,observée,14.8,1.0,1,0,0.0,Trop fréquent,14.8,29.6,2368.0,1184.0,1184.0
SF01-PS-PS03-LIMBAT-0P5402,184674.0,290.0,Mécanique,Inspection,16,29.2,,observée,29.2,3.1,1,0,0.0,Adéquat,29.2,29.2,1200.0,1200.0,0.0
SF01-PS-PS03-LIMBAT-0T7402,184675.0,290.0,Mécanique,Inspection,16,29.1,,observée,29.1,5.7,17,7,0.47,Insuffisant,29.1,20.4,14329.0,11095.0,3234.0
SF01-PS-PS03-LIMBAT-0T7402-MOAC,183268.0,320.0,Mécanique,Autre,4,176.3,,observée,176.3,5.2,2,1,0.33,Insuffisant,176.3,123.4,1720.0,1370.0,349.0
SF01-PS-PS03-LIMBAT-ACIDTR,184678.0,290.0,Mécanique,Inspection,16,29.2,,observée,29.2,11.5,9,2,0.13,Adéquat,29.2,29.2,4818.0,4818.0,0.0
SF01-PS-PS03-LIMBAT-CIRAIR,184679.0,290.0,Mécanique,Inspection,16,29.3,,observée,29.3,11.5,1,1,0.07,Adéquat,29.3,29.3,3137.0,3137.0,0.0
SF01-PS-PS03-LIMBAT-EAUALI,184680.0,290.0,Mécanique,Inspection,16,29.3,,observée,29.3,11.5,7,3,0.2,Insuffisant,29.3,20.5,6743.0,5671.0,1072.0
SF01-PS-PS03-LIMBAT-EAUCON,184681.0,290.0,Mécanique,Inspection,16,29.4,,observée,29.4,4.0,4,0,0.0,Adéquat,29.4,29.4,1192.0,1192.0,0.0
SF01-PS-PS03-LIMBAT-EAUFIL,184682.0,290.0,Mécanique,Inspection,15,29.4,,observée,29.4,3.7,9,4,0.29,Insuffisant,29.4,20.6,9207.0,7428.0,1779.0
SF01-PS-PS03-LIMBAT-EAUINC,184683.0,290.0,Mécanique,Inspection,15,29.5,,observée,29.5,2.9,4,1,0.07,Adéquat,29.5,29.5,3116.0,3116.0,0.0
SF01-PS-PS03-LIMBAT-EAUMER,184684.0,290.0,Mécanique,Inspection,15,29.6,,observée,29.6,2.3,1,1,0.07,Adéquat,29.6,29.6,3106.0,3106.0,0.0
SF01-PS-PS03-LIMBAT-EAUPOT,184685.0,290.0,Mécanique,Inspection,15,29.6,,observée,29.6,2.0,2,1,0.07,Adéquat,29.6,29.6,3106.0,3106.0,0.0
SF01-PS-PS03-LIMBAT-GASOIL,184686.0,290.0,Mécanique,Inspection,15,29.7,,observée,29.7,1.7,0,0,0.0,Adéquat,29.7,29.7,1180.0,1180.0,0.0
SF01-PS-PS03-LIMBAT-P5401B,184687.0,290.0,Mécanique,Inspection,15,29.8,,observée,29.8,1.2,8,6,0.43,Insuffisant,29.8,20.9,12901.0,10055.0,2846.0
SF01-PS-PS03-LIMBAT-P5401B,184688.0,350.0,Mécanique,Graissage,60,7.0,,observée,7.0,2.3,8,6,0.1,Adéquat,7.0,7.0,16615.0,16615.0,0.0
SF01-PS-PS03-LIMBAT-P5401B,184689.0,290.0,Mécanique,Inspection,30,14.6,,observée,14.6,2.0,8,6,0.21,Insuffisant,14.6,10.2,14088.0,11778.0,2311.0
SF01-PS-PS03-LIMBAT-P5401B-GMOT-0MOTEUR,211330.0,360.0,Électrique,Systématique,3,198.0,,observée,198.0,166.0,0,0,0.0,Adéquat,198.0,198.0,177.0,177.0,0.0
SF01-PS-PS03-LIMBAT-P5401B-GMOT-0MOTEUR,384300.0,310.0,Électrique,Inspection,3,30.5,,observée,30.5,2.5,0,0,0.0,Adéquat,30.5,30.5,1149.0,1149.0,0.0
SF01-PS-PS03-LIMBAT-P5403A,184690.0,290.0,Mécanique,Inspection,15,29.9,,observée,29.9,0.9,8,2,0.14,Adéquat,29.9,29.9,4977.0,4977.0,0.0
SF01-PS-PS03-LIMBAT-P5403A,184691.0,350.0,Mécanique,Graissage,29,14.9,,observée,14.9,0.7,8,3,0.11,Adéquat,14.9,14.9,8351.0,8351.0,0.0
SF01-PS-PS03-LIMBAT-P5403A,184692.0,290.0,Mécanique,Inspection,16,29.3,,observée,29.3,2.5,8,2,0.13,Adéquat,29.3,29.3,4801.0,4801.0,0.0
SF01-PS-PS03-LIMBAT-P5403B,184693.0,290.0,Mécanique,Inspection,16,28.9,,observée,28.9,6.8,0,0,0.0,Adéquat,28.9,28.9,1213.0,1213.0,0.0
SF01-PS-PS03-LIMBAT-P5403B,184694.0,290.0,Mécanique,Inspection,16,29.4,,observée,29.4,2.2,0,0,0.0,Adéquat,29.4,29.4,1192.0,1192.0,0.0
SF01-PS-PS03-LIMBAT-PASSRE,184695.0,290.0,Mécanique,Inspection,16,28.9,,observée,28.9,6.8,0,0,0.0,Adéquat,28.9,28.9,1213.0,1213.0,0.0
SF01-PS-PS03-LIMBAT-PASSRE-MOAC,184755.0,320.0,Mécanique,Autre,4,176.0,,observée,176.0,5.7,0,0,0.0,Adéquat,176.0,176.0,199.0,199.0,0.0
SF01-PS-PS03-LIMBAT-SOUFRE,184696.0,290.0,Mécanique,Inspection,16,29.0,,observée,29.0,6.5,17,9,0.6,Insuffisant,29.0,20.3,18021.0,13735.0,4286.0
SF01-PS-PS03-LIMBAT-T5401A,184697.0,290.0,Mécanique,Inspection,16,29.1,,observée,29.1,6.2,2,1,0.07,Adéquat,29.1,29.1,3159.0,3159.0,0.0
SF01-PS-PS03-LIMBAT-T5401A-MOAC,184849.0,320.0,Mécanique,Autre,4,176.3,,observée,176.3,3.9,0,0,0.0,Adéquat,176.3,176.3,199.0,199.0,0.0
SF01-PS-PS03-LIMBAT-VAPRBP,184700.0,290.0,Mécanique,Inspection,16,29.1,,observée,29.1,5.7,3,3,0.2,Insuffisant,29.1,20.4,6789.0,5710.0,1080.0
SF01-PS-PS03-LIMBAT-VAPRHP,184701.0,290.0,Mécanique,Inspection,16,29.2,,observée,29.2,11.5,5,3,0.2,Insuffisant,29.2,20.4,6766.0,5690.0,1076.0
SF01-PS-PS03-LIMBAT-VAPRMP,184702.0,290.0,Mécanique,Inspection,16,29.3,,observée,29.3,11.5,5,1,0.07,Adéquat,29.3,29.3,3137.0,3137.0,0.0
SF01-PS-PS03-PONDLU,211240.0,360.0,Électrique,Systématique,56,7.4,,observée,7.4,3.0,2,1,0.02,Adéquat,7.4,7.4,6932.0,6932.0,0.0
SF01-PS-PS03-PONDLU,211253.0,360.0,Électrique,Systématique,16,27.9,,observée,27.9,3.3,2,1,0.07,Adéquat,27.9,27.9,3295.0,3295.0,0.0
SF01-PS-PS03-PONDLU,211396.0,310.0,Électrique,Inspection,56,7.3,,observée,7.3,3.0,2,1,0.02,Adéquat,7.3,7.3,7027.0,7027.0,0.0
SF01-PS-PS03-PONDLU,213174.0,360.0,Électrique,Systématique,39,11.4,,observée,11.4,16.2,2,1,0.03,Adéquat,11.4,11.4,5213.0,5213.0,0.0
SF01-PS-PS03-PONDLU,213187.0,360.0,Électrique,Systématique,12,28.0,,observée,28.0,12.2,2,1,0.09,Adéquat,28.0,28.0,3863.0,3863.0,0.0
SF01-PS-PS03-PONDLU,213330.0,290.0,Électrique,Inspection,39,11.6,,observée,11.6,18.3,2,1,0.03,Adéquat,11.6,11.6,5123.0,5123.0,0.0
SF01-PS-PS03-PONDLU,384297.0,310.0,Électrique,Inspection,13,6.6,,observée,6.6,3.6,2,0,0.0,Trop fréquent,6.6,13.2,5310.0,2655.0,2655.0
SF01-PS-PS03-PONDLU,384459.0,360.0,Électrique,Systématique,3,28.0,,observée,28.0,0.0,2,0,0.0,Adéquat,28.0,28.0,1252.0,1252.0,0.0
SF01-PS-PS03-PONDLU-AROND1,211225.0,360.0,Électrique,Systématique,3,182.0,,observée,182.0,0.0,0,0,0.0,Adéquat,182.0,182.0,193.0,193.0,0.0
SF01-PS-PS03-PONDLU-AROND2,211226.0,360.0,Électrique,Systématique,3,182.0,,observée,182.0,0.0,0,0,0.0,Adéquat,182.0,182.0,193.0,193.0,0.0
SF01-PS-PS03-POSTBT,211232.0,360.0,Électrique,Systématique,56,7.7,,observée,7.7,3.7,0,0,0.0,Trop fréquent,7.7,15.4,4551.0,2276.0,2276.0
SF01-PS-PS03-POSTBT,211245.0,360.0,Électrique,Systématique,16,27.9,,observée,27.9,3.3,0,0,0.0,Adéquat,27.9,27.9,1256.0,1256.0,0.0
SF01-PS-PS03-POSTBT,211388.0,310.0,Électrique,Inspection,56,7.3,,observée,7.3,2.7,0,0,0.0,Trop fréquent,7.3,14.6,4801.0,2400.0,2400.0
SF01-PS-PS03-POSTBT,213166.0,360.0,Électrique,Systématique,40,10.0,,observée,10.0,9.7,0,0,0.0,Trop fréquent,10.0,20.0,3505.0,1752.0,1752.0
SF01-PS-PS03-POSTBT,213179.0,360.0,Électrique,Systématique,12,28.0,,observée,28.0,12.1,0,0,0.0,Adéquat,28.0,28.0,1252.0,1252.0,0.0
SF01-PS-PS03-POSTBT,213322.0,290.0,Électrique,Inspection,40,10.4,,observée,10.4,12.8,0,0,0.0,Trop fréquent,10.4,20.8,3370.0,1685.0,1685.0
SF01-PS-PS03-POSTBT,384298.0,310.0,Électrique,Inspection,13,6.7,,observée,6.7,3.3,0,0,0.0,Trop fréquent,6.7,13.4,5231.0,2615.0,2615.0
SF01-PS-PS03-POSTBT,384460.0,360.0,Électrique,Systématique,3,29.0,,observée,29.0,1.0,0,0,0.0,Adéquat,29.0,29.0,1208.0,1208.0,0.0
SF01-PS-PS03-POSTBT-TBTDL1,384337.0,310.0,Électrique,Inspection,3,28.0,,observée,28.0,0.0,1,0,0.0,Adéquat,28.0,28.0,1252.0,1252.0,0.0
SF01-PS-PS03-POSTBT-TBTDL2,384338.0,310.0,Électrique,Inspection,3,28.0,,observée,28.0,0.0,0,0,0.0,Adéquat,28.0,28.0,1252.0,1252.0,0.0
SF01-PS-PS03-POSTBT-TBTDS1,384339.0,310.0,Électrique,Inspection,3,28.0,,observée,28.0,0.0,0,0,0.0,Adéquat,28.0,28.0,1252.0,1252.0,0.0
SF01-PS-PS03-POSTMT,211238.0,360.0,Électrique,Systématique,55,7.5,,observée,7.5,3.3,0,0,0.0,Trop fréquent,7.5,15.0,4673.0,2336.0,2336.0
SF01-PS-PS03-POSTMT,211251.0,360.0,Électrique,Systématique,16,27.9,,observée,27.9,3.3,0,0,0.0,Adéquat,27.9,27.9,1256.0,1256.0,0.0
SF01-PS-PS03-POSTMT,211394.0,310.0,Électrique,Inspection,56,7.3,,observée,7.3,2.7,0,0,0.0,Trop fréquent,7.3,14.6,4801.0,2400.0,2400.0
SF01-PS-PS03-POSTMT,213172.0,360.0,Électrique,Systématique,39,11.0,,observée,11.0,12.0,0,0,0.0,Trop fréquent,11.0,22.0,3186.0,1593.0,1593.0
SF01-PS-PS03-POSTMT,213185.0,360.0,Électrique,Systématique,12,28.0,,observée,28.0,11.9,0,0,0.0,Adéquat,28.0,28.0,1252.0,1252.0,0.0
SF01-PS-PS03-POSTMT,213328.0,290.0,Électrique,Inspection,40,10.6,,observée,10.6,13.7,0,0,0.0,Trop fréquent,10.6,21.2,3306.0,1653.0,1653.0
SF01-PS-PS03-POSTMT,384299.0,310.0,Électrique,Inspection,12,6.7,,observée,6.7,3.1,0,0,0.0,Trop fréquent,6.7,13.4,5231.0,2615.0,2615.0
SF01-PS-PS03-POSTMT,384461.0,360.0,Électrique,Systématique,3,28.0,,observée,28.0,0.0,0,0,0.0,Adéquat,28.0,28.0,1252.0,1252.0,0.0
SF01-PS-PS03-POSTMT-00TGMT-CMSR,211079.0,360.0,Électrique,Systématique,3,182.0,,observée,182.0,82.0,1,1,0.5,Insuffisant,182.0,127.4,2425.0,1870.0,555.0
SF01-PS-PS03-PSTTR1-TRMTBT,211044.0,310.0,Électrique,Inspection,16,27.9,,observée,27.9,3.3,0,0,0.0,Adéquat,27.9,27.9,1256.0,1256.0,0.0
SF01-PS-PS03-PSTTR1-TRMTBT,212977.0,310.0,Électrique,Inspection,12,28.0,,observée,28.0,12.7,0,0,0.0,Adéquat,28.0,28.0,1252.0,1252.0,0.0
SF01-PS-PS03-PSTTR2-TRMTBT,211047.0,310.0,Électrique,Inspection,16,27.9,,observée,27.9,3.3,0,0,0.0,Adéquat,27.9,27.9,1256.0,1256.0,0.0
SF01-PS-PS03-PSTTR2-TRMTBT,212980.0,310.0,Électrique,Inspection,12,28.0,,observée,28.0,8.7,0,0,0.0,Adéquat,28.0,28.0,1252.0,1252.0,0.0
SF01-PS-PS03-PSTTR3-TRMTBT,211048.0,310.0,Électrique,Inspection,16,27.9,,observée,27.9,11.2,0,0,0.0,Adéquat,27.9,27.9,1256.0,1256.0,0.0
SF01-PS-PS03-PSTTR3-TRMTBT,212981.0,310.0,Électrique,Inspection,12,28.0,,observée,28.0,12.2,0,0,0.0,Adéquat,28.0,28.0,1252.0,1252.0,0.0
SF01-PS-PS03-PSTTR4-TRMTBT,211049.0,310.0,Électrique,Inspection,16,27.9,,observée,27.9,3.3,1,1,0.07,Adéquat,27.9,27.9,3295.0,3295.0,0.0
SF01-PS-PS03-PSTTR4-TRMTBT,212982.0,310.0,Électrique,Inspection,12,28.0,,observée,28.0,12.2,1,1,0.09,Adéquat,28.0,28.0,3863.0,3863.0,0.0
SF01-PS-PS03-SECACI-0B7301,183352.0,290.0,Mécanique,Inspection,16,29.4,,observée,29.4,11.4,2,2,0.13,Adéquat,29.4,29.4,4785.0,4785.0,0.0
SF01-PS-PS03-SECACI-0B7301-MOAC,183158.0,320.0,Mécanique,Autre,4,180.0,,observée,180.0,0.0,0,0,0.0,Adéquat,180.0,180.0,195.0,195.0,0.0
SF01-PS-PS03-SECACI-0C7302,183363.0,290.0,Mécanique,Inspection,16,28.1,,observée,28.1,7.2,8,5,0.33,Insuffisant,28.1,19.7,10790.0,8598.0,2192.0
SF01-PS-PS03-SECACI-0C7302,183364.0,290.0,Mécanique,Inspection,16,29.5,,observée,29.5,3.7,8,6,0.4,Insuffisant,29.5,20.6,12206.0,9567.0,2639.0
SF01-PS-PS03-SECACI-0C7302,183366.0,290.0,Mécanique,Inspection,4,175.3,,observée,175.3,6.6,8,3,1.0,Insuffisant,175.3,122.7,4835.0,3597.0,1239.0
SF01-PS-PS03-SECACI-0C7302-MOAC,183182.0,320.0,Mécanique,Autre,4,180.0,,observée,180.0,0.0,0,0,0.0,Adéquat,180.0,180.0,195.0,195.0,0.0
SF01-PS-PS03-SECACI-0C7303,183375.0,290.0,Mécanique,Inspection,16,28.8,,observée,28.8,8.6,83,11,0.73,Insuffisant,28.8,20.2,21814.0,16450.0,5363.0
SF01-PS-PS03-SECACI-0C7303,183376.0,290.0,Mécanique,Inspection,15,29.6,,observée,29.6,3.4,83,12,0.86,Insuffisant,29.6,20.7,24793.0,18555.0,6238.0
SF01-PS-PS03-SECACI-0C7303-MOAC,183183.0,320.0,Mécanique,Autre,4,180.0,,observée,180.0,0.0,0,0,0.0,Adéquat,180.0,180.0,195.0,195.0,0.0
SF01-PS-PS03-SECACI-0D7303,183401.0,350.0,Mécanique,Graissage,6,90.0,,observée,90.0,0.0,28,5,1.0,Insuffisant,90.0,63.0,9418.0,7005.0,2413.0
SF01-PS-PS03-SECACI-0D7303,183402.0,290.0,Mécanique,Inspection,16,28.9,,observée,28.9,8.1,28,11,0.73,Insuffisant,28.9,20.2,21738.0,16393.0,5345.0
SF01-PS-PS03-SECACI-0D7303,183404.0,290.0,Mécanique,Inspection,15,29.6,,observée,29.6,2.6,28,12,0.86,Insuffisant,29.6,20.7,24793.0,18555.0,6238.0
SF01-PS-PS03-SECACI-0D7303,183407.0,290.0,Mécanique,Inspection,4,175.3,,observée,175.3,6.6,28,3,1.0,Insuffisant,175.3,122.7,4835.0,3597.0,1239.0
SF01-PS-PS03-SECACI-0D7303-MOAC,183229.0,320.0,Mécanique,Autre,4,178.3,,observée,178.3,3.4,0,0,0.0,Adéquat,178.3,178.3,197.0,197.0,0.0
SF01-PS-PS03-SECACI-0D7305,183408.0,290.0,Mécanique,Inspection,15,29.7,,observée,29.7,2.0,9,5,0.36,Insuffisant,29.7,20.8,11029.0,8721.0,2308.0
SF01-PS-PS03-SECACI-0D7305-MOAC,183230.0,320.0,Mécanique,Autre,4,175.3,,observée,175.3,6.6,0,0,0.0,Adéquat,175.3,175.3,200.0,200.0,0.0
SF01-PS-PS03-SECACI-0E7301,183411.0,360.0,Mécanique,Systématique,3,365.0,,observée,365.0,0.0,24,1,0.5,Insuffisant,365.0,255.5,1209.0,932.0,277.0
SF01-PS-PS03-SECACI-0E7301,183413.0,290.0,Mécanique,Inspection,4,175.3,,observée,175.3,6.8,24,3,1.0,Insuffisant,175.3,122.7,4835.0,3597.0,1239.0
SF01-PS-PS03-SECACI-0E7301,183414.0,290.0,Mécanique,Inspection,16,28.5,,observée,28.5,5.5,24,7,0.47,Insuffisant,28.5,19.9,14630.0,11328.0,3302.0
SF01-PS-PS03-SECACI-0E7301,183415.0,290.0,Mécanique,Inspection,15,29.8,,observée,29.8,1.7,24,7,0.5,Insuffisant,29.8,20.9,14810.0,11419.0,3391.0
SF01-PS-PS03-SECACI-0E7301-MOAC,183231.0,320.0,Mécanique,Autre,4,176.3,,observée,176.3,5.2,0,0,0.0,Adéquat,176.3,176.3,199.0,199.0,0.0
SF01-PS-PS03-SECACI-0E7302,183420.0,360.0,Mécanique,Systématique,3,365.0,,observée,365.0,0.0,15,1,0.5,Insuffisant,365.0,255.5,1209.0,932.0,277.0
SF01-PS-PS03-SECACI-0E7302,183422.0,290.0,Mécanique,Inspection,4,175.3,,observée,175.3,6.8,15,3,1.0,Insuffisant,175.3,122.7,4835.0,3597.0,1239.0
SF01-PS-PS03-SECACI-0E7302,183423.0,290.0,Mécanique,Inspection,16,28.7,,observée,28.7,5.0,15,6,0.4,Insuffisant,28.7,20.1,12546.0,9834.0,2712.0
SF01-PS-PS03-SECACI-0E7302,183424.0,290.0,Mécanique,Inspection,15,29.9,,observée,29.9,1.5,15,5,0.36,Insuffisant,29.9,20.9,10956.0,8663.0,2293.0
SF01-PS-PS03-SECACI-0E7303,183428.0,290.0,Mécanique,Inspection,15,29.9,,observée,29.9,1.0,23,4,0.29,Insuffisant,29.9,20.9,9053.0,7304.0,1749.0
SF01-PS-PS03-SECACI-0M7301,183478.0,290.0,Mécanique,Inspection,16,28.5,,observée,28.5,5.7,16,8,0.53,Insuffisant,28.5,19.9,16341.0,12550.0,3790.0
SF01-PS-PS03-SECACI-0M7301,183480.0,290.0,Mécanique,Inspection,15,30.0,,observée,30.0,0.8,16,8,0.57,Insuffisant,30.0,21.0,16607.0,12697.0,3911.0
SF01-PS-PS03-SECACI-0M7301-MOAC,183250.0,320.0,Mécanique,Autre,4,176.7,,observée,176.7,4.7,0,0,0.0,Adéquat,176.7,176.7,198.0,198.0,0.0
SF01-PS-PS03-SECACI-0P7301,183496.0,290.0,Mécanique,Inspection,4,175.3,,observée,175.3,3.8,6,2,0.67,Insuffisant,175.3,122.7,3306.0,2504.0,802.0
SF01-PS-PS03-SECACI-0P7301,183497.0,350.0,Mécanique,Graissage,4,175.3,,observée,175.3,6.6,6,2,0.67,Insuffisant,175.3,122.7,3306.0,2504.0,802.0
SF01-PS-PS03-SECACI-0P7301,183499.0,290.0,Mécanique,Inspection,16,29.1,,observée,29.1,6.6,6,4,0.27,Insuffisant,29.1,20.4,8744.0,7106.0,1638.0
SF01-PS-PS03-SECACI-0P7301,183500.0,290.0,Mécanique,Inspection,16,28.1,,observée,28.1,7.2,6,4,0.27,Insuffisant,28.1,19.7,9055.0,7359.0,1696.0
SF01-PS-PS03-SECACI-0P7301,183501.0,350.0,Mécanique,Graissage,60,7.1,,observée,7.1,1.5,6,6,0.1,Adéquat,7.1,7.1,16381.0,16381.0,0.0
SF01-PS-PS03-SECACI-0P7301,183502.0,290.0,Mécanique,Inspection,60,7.1,,observée,7.1,2.0,6,5,0.08,Adéquat,7.1,7.1,14092.0,14092.0,0.0
SF01-PS-PS03-SECACI-0P7301-GMOT-0MOTEUR,211019.0,360.0,Électrique,Systématique,3,198.0,,observée,198.0,166.0,4,1,0.5,Insuffisant,198.0,138.6,2229.0,1719.0,510.0
SF01-PS-PS03-SECACI-0P7301-GMOT-0MOTEUR,211373.0,360.0,Électrique,Systématique,6,97.4,,observée,97.4,48.1,4,2,0.4,Insuffisant,97.4,68.2,3697.0,2898.0,799.0
SF01-PS-PS03-SECACI-0P7301-GMOT-0MOTEUR,213307.0,360.0,Électrique,Systématique,4,88.0,,observée,88.0,4.2,4,1,0.33,Insuffisant,88.0,61.6,3445.0,2745.0,700.0
SF01-PS-PS03-SECACI-0P7301-GMOT-0MOTEUR,384323.0,310.0,Électrique,Inspection,3,28.0,,observée,28.0,0.0,4,0,0.0,Adéquat,28.0,28.0,1252.0,1252.0,0.0
SF01-PS-PS03-SECACI-0P7301-GMOT-DEPARTM,211089.0,360.0,Électrique,Systématique,3,198.0,,observée,198.0,166.0,0,0,0.0,Adéquat,198.0,198.0,177.0,177.0,0.0
SF01-PS-PS03-SECACI-0P7302,183510.0,290.0,Mécanique,Inspection,4,175.3,,observée,175.3,3.8,1,1,0.33,Insuffisant,175.3,122.7,1730.0,1378.0,351.0
SF01-PS-PS03-SECACI-0P7302,183511.0,350.0,Mécanique,Graissage,4,175.3,,observée,175.3,6.6,1,1,0.33,Insuffisant,175.3,122.7,1730.0,1378.0,351.0
SF01-PS-PS03-SECACI-0P7302,183513.0,290.0,Mécanique,Inspection,16,28.4,,observée,28.4,6.0,1,1,0.07,Adéquat,28.4,28.4,3237.0,3237.0,0.0
SF01-PS-PS03-SECACI-0P7302,183514.0,290.0,Mécanique,Inspection,16,28.1,,observée,28.1,7.0,1,1,0.07,Adéquat,28.1,28.1,3271.0,3271.0,0.0
SF01-PS-PS03-SECACI-0P7302,183515.0,350.0,Mécanique,Graissage,60,7.1,,observée,7.1,2.0,1,1,0.02,Adéquat,7.1,7.1,7225.0,7225.0,0.0
SF01-PS-PS03-SECACI-0P7302,183516.0,290.0,Mécanique,Inspection,60,7.1,,observée,7.1,1.8,1,1,0.02,Adéquat,7.1,7.1,7225.0,7225.0,0.0
SF01-PS-PS03-SECACI-0P7302-GMOT-0MOTEUR,211340.0,360.0,Électrique,Systématique,3,198.0,,observée,198.0,166.0,3,1,0.5,Insuffisant,198.0,138.6,2229.0,1719.0,510.0
SF01-PS-PS03-SECACI-0P7302-GMOT-0MOTEUR,384301.0,310.0,Électrique,Inspection,3,30.5,,observée,30.5,2.5,3,0,0.0,Adéquat,30.5,30.5,1149.0,1149.0,0.0
SF01-PS-PS03-SECACI-0P7302-GMOT-DEPARTM,211191.0,360.0,Électrique,Systématique,3,198.0,,observée,198.0,166.0,0,0,0.0,Adéquat,198.0,198.0,177.0,177.0,0.0
SF01-PS-PS03-SECACI-0P7303,183521.0,290.0,Mécanique,Inspection,16,28.2,,observée,28.2,6.7,4,4,0.27,Insuffisant,28.2,19.7,9023.0,7333.0,1690.0
SF01-PS-PS03-SECACI-0P7303,183522.0,350.0,Mécanique,Graissage,29,15.0,,observée,15.0,0.0,4,4,0.14,Adéquat,15.0,15.0,9920.0,9920.0,0.0
SF01-PS-PS03-SECACI-0P7303,183523.0,290.0,Mécanique,Inspection,15,29.7,,observée,29.7,1.0,4,4,0.29,Insuffisant,29.7,20.8,9114.0,7353.0,1761.0
SF01-PS-PS03-SECACI-0P7303-GMOT-0MOTEUR,211341.0,360.0,Électrique,Systématique,3,182.0,,observée,182.0,0.0,2,1,0.5,Insuffisant,182.0,127.4,2425.0,1870.0,555.0
SF01-PS-PS03-SECACI-0P7303-GMOT-0MOTEUR,384302.0,310.0,Électrique,Inspection,3,30.5,,observée,30.5,2.5,2,0,0.0,Adéquat,30.5,30.5,1149.0,1149.0,0.0
SF01-PS-PS03-SECACI-0P7303-GMOT-DEPARTM,211192.0,360.0,Électrique,Systématique,3,182.0,,observée,182.0,0.0,0,0,0.0,Adéquat,182.0,182.0,193.0,193.0,0.0
SF01-PS-PS03-SECACI-0P7304,183531.0,290.0,Mécanique,Inspection,4,175.3,,observée,175.3,3.8,25,2,0.67,Insuffisant,175.3,122.7,3306.0,2504.0,802.0
SF01-PS-PS03-SECACI-0P7304,183532.0,350.0,Mécanique,Graissage,4,175.3,,observée,175.3,6.6,25,2,0.67,Insuffisant,175.3,122.7,3306.0,2504.0,802.0
SF01-PS-PS03-SECACI-0P7304,183534.0,290.0,Mécanique,Inspection,16,28.9,,observée,28.9,8.1,25,7,0.47,Insuffisant,28.9,20.2,14428.0,11172.0,3256.0
SF01-PS-PS03-SECACI-0P7304,183535.0,290.0,Mécanique,Inspection,16,28.3,,observée,28.3,6.5,25,6,0.4,Insuffisant,28.3,19.8,12724.0,9973.0,2751.0
SF01-PS-PS03-SECACI-0P7304,183536.0,350.0,Mécanique,Graissage,60,7.1,,observée,7.1,1.8,25,7,0.12,Adéquat,7.1,7.1,18670.0,18670.0,0.0
SF01-PS-PS03-SECACI-0P7304,183537.0,290.0,Mécanique,Inspection,60,7.1,,observée,7.1,1.1,25,8,0.14,Adéquat,7.1,7.1,20959.0,20959.0,0.0
SF01-PS-PS03-SECACI-0P7304-GMOT-0MOTEUR,211020.0,360.0,Électrique,Systématique,3,198.0,,observée,198.0,166.0,2,1,0.5,Insuffisant,198.0,138.6,2229.0,1719.0,510.0
SF01-PS-PS03-SECACI-0P7304-GMOT-0MOTEUR,211374.0,360.0,Électrique,Systématique,6,97.4,,observée,97.4,48.1,2,2,0.4,Insuffisant,97.4,68.2,3697.0,2898.0,799.0
SF01-PS-PS03-SECACI-0P7304-GMOT-0MOTEUR,213308.0,360.0,Électrique,Systématique,4,88.0,,observée,88.0,4.2,2,1,0.33,Insuffisant,88.0,61.6,3445.0,2745.0,700.0
SF01-PS-PS03-SECACI-0P7304-GMOT-DEPARTM,211090.0,360.0,Électrique,Systématique,3,198.0,,observée,198.0,166.0,1,1,0.5,Insuffisant,198.0,138.6,2229.0,1719.0,510.0
SF01-PS-PS03-SECACI-0P7304-GMOT-DEPARTM,211224.0,360.0,Électrique,Systématique,3,198.0,,observée,198.0,166.0,1,1,0.5,Insuffisant,198.0,138.6,2229.0,1719.0,510.0
SF01-PS-PS03-SECACI-ACIHRS,183616.0,290.0,Mécanique,Inspection,16,28.3,,observée,28.3,6.2,8,3,0.2,Insuffisant,28.3,19.8,6981.0,5871.0,1110.0
SF01-PS-PS03-SECACI-ACIREN,183617.0,290.0,Mécanique,Inspection,16,28.4,,observée,28.4,6.0,2,0,0.0,Adéquat,28.4,28.4,1234.0,1234.0,0.0
SF01-PS-PS03-SECACI-CIRHRS,183618.0,290.0,Mécanique,Inspection,16,28.5,,observée,28.5,5.7,2,0,0.0,Adéquat,28.5,28.5,1230.0,1230.0,0.0
SF01-PS-PS03-SECACI-CIRREN,183619.0,290.0,Mécanique,Inspection,16,28.5,,observée,28.5,5.5,0,0,0.0,Adéquat,28.5,28.5,1230.0,1230.0,0.0
SF01-PS-PS03-SECACI-COMMUN,183620.0,290.0,Mécanique,Inspection,15,29.9,,observée,29.9,1.0,2,2,0.14,Adéquat,29.9,29.9,4977.0,4977.0,0.0
SF01-PS-PS03-SECACI-P7306A,183621.0,290.0,Mécanique,Inspection,16,28.7,,observée,28.7,5.0,9,2,0.13,Adéquat,28.7,28.7,4902.0,4902.0,0.0
SF01-PS-PS03-SECACI-P7306A,183622.0,350.0,Mécanique,Graissage,29,14.8,,observée,14.8,1.0,9,3,0.11,Adéquat,14.8,14.8,8407.0,8407.0,0.0
SF01-PS-PS03-SECACI-P7306A,183623.0,290.0,Mécanique,Inspection,15,29.9,,observée,29.9,0.5,9,3,0.21,Insuffisant,29.9,20.9,6879.0,5751.0,1128.0
SF01-PS-PS03-SECACI-P7306A-GMOT-0MOTEUR,384303.0,310.0,Électrique,Inspection,3,28.0,,observée,28.0,0.0,1,0,0.0,Adéquat,28.0,28.0,1252.0,1252.0,0.0
SF01-PS-PS03-SECACI-P7306A-GMOT-DEPARTM,211195.0,360.0,Électrique,Systématique,3,182.0,,observée,182.0,0.0,1,1,0.5,Insuffisant,182.0,127.4,2425.0,1870.0,555.0
SF01-PS-PS03-SECACI-P7306B,183624.0,290.0,Mécanique,Inspection,16,28.7,,observée,28.7,8.9,4,2,0.13,Adéquat,28.7,28.7,4902.0,4902.0,0.0
SF01-PS-PS03-SECACI-P7306B,183625.0,350.0,Mécanique,Graissage,30,14.5,,observée,14.5,2.6,4,4,0.14,Adéquat,14.5,14.5,10263.0,10263.0,0.0
SF01-PS-PS03-SECACI-P7306B,183626.0,290.0,Mécanique,Inspection,15,29.9,,observée,29.9,1.0,4,3,0.21,Insuffisant,29.9,20.9,6879.0,5751.0,1128.0
SF01-PS-PS03-SECACI-P7306B-GMOT-0MOTEUR,211344.0,360.0,Électrique,Systématique,3,182.0,,observée,182.0,0.0,1,1,0.5,Insuffisant,182.0,127.4,2425.0,1870.0,555.0
SF01-PS-PS03-SECACI-P7306B-GMOT-0MOTEUR,384304.0,310.0,Électrique,Inspection,3,28.0,,observée,28.0,0.0,1,0,0.0,Adéquat,28.0,28.0,1252.0,1252.0,0.0
SF01-PS-PS03-SECACI-P7306B-GMOT-DEPARTM,211196.0,360.0,Électrique,Systématique,3,182.0,,observée,182.0,0.0,1,1,0.5,Insuffisant,182.0,127.4,2425.0,1870.0,555.0
SF01-PS-PS03-SECAIR-0C7301,183669.0,290.0,Mécanique,Inspection,15,29.8,,observée,29.8,1.7,11,5,0.36,Insuffisant,29.8,20.9,10992.0,8692.0,2301.0
SF01-PS-PS03-SECAIR-0C7301,183670.0,290.0,Mécanique,Inspection,16,28.8,,observée,28.8,8.6,11,5,0.33,Insuffisant,28.8,20.2,10528.0,8389.0,2139.0
SF01-PS-PS03-SECAIR-0C7301,183672.0,290.0,Mécanique,Inspection,4,175.3,,observée,175.3,6.6,11,2,0.67,Insuffisant,175.3,122.7,3306.0,2504.0,802.0
SF01-PS-PS03-SECAIR-0C7301-MOAC,183181.0,320.0,Mécanique,Autre,4,180.0,,observée,180.0,7.3,0,0,0.0,Adéquat,180.0,180.0,195.0,195.0,0.0
SF01-PS-PS03-SECAIR-0K7301,183679.0,350.0,Mécanique,Graissage,4,175.3,,observée,175.3,6.6,55,3,1.0,Insuffisant,175.3,122.7,4835.0,3597.0,1239.0
SF01-PS-PS03-SECAIR-0K7301,183680.0,290.0,Mécanique,Inspection,16,28.9,,observée,28.9,8.0,55,11,0.73,Insuffisant,28.9,20.2,21738.0,16393.0,5345.0
SF01-PS-PS03-SECAIR-0K7301,183681.0,350.0,Mécanique,Graissage,4,175.3,,observée,175.3,6.6,55,3,1.0,Insuffisant,175.3,122.7,4835.0,3597.0,1239.0
SF01-PS-PS03-SECAIR-0K7301,183682.0,290.0,Mécanique,Inspection,59,7.2,,observée,7.2,1.9,55,25,0.43,Insuffisant,7.2,5.0,53397.0,41617.0,11779.0
SF01-PS-PS03-SECAIR-0K7301-LUBR-CAISPRIN,183333.0,290.0,Mécanique,Inspection,15,29.6,,observée,29.6,1.3,3,2,0.14,Adéquat,29.6,29.6,5027.0,5027.0,0.0
SF01-PS-PS03-SECAIR-0K7301-LUBR-CAISPRIN,183334.0,290.0,Mécanique,Inspection,15,29.7,,observée,29.7,1.0,3,2,0.14,Adéquat,29.7,29.7,5010.0,5010.0,0.0
SF01-PS-PS03-SECAIR-0K7301-LUBR-CENTRIFU,183335.0,290.0,Mécanique,Inspection,9,59.1,,observée,59.1,2.3,0,0,0.0,Adéquat,59.1,59.1,593.0,593.0,0.0
SF01-PS-PS03-SECAIR-0K7301-LUBR-POMPATLE,183340.0,290.0,Mécanique,Inspection,16,29.4,,observée,29.4,11.4,0,0,0.0,Adéquat,29.4,29.4,1192.0,1192.0,0.0
SF01-PS-PS03-SECAIR-0K7301-LUBR-REFHUIL1,183348.0,290.0,Mécanique,Inspection,15,29.9,,observée,29.9,1.0,0,0,0.0,Adéquat,29.9,29.9,1172.0,1172.0,0.0
SF01-PS-PS03-SECAIR-0K7301-LUBR-REFHUIL2,183350.0,290.0,Mécanique,Inspection,8,59.7,,observée,59.7,0.7,0,0,0.0,Adéquat,59.7,59.7,587.0,587.0,0.0
SF01-PS-PS03-SECAIR-0K7301-MOAC,183247.0,320.0,Mécanique,Autre,4,177.3,,observée,177.3,3.8,0,0,0.0,Adéquat,177.3,177.3,198.0,198.0,0.0
SF01-PS-PS03-SECAIR-0K7301-REFR-POMPEEAU,184637.0,350.0,Mécanique,Graissage,16,28.3,,observée,28.3,6.2,1,1,0.07,Adéquat,28.3,28.3,3248.0,3248.0,0.0
SF01-PS-PS03-SECAIR-0K7301-SOUF,183248.0,290.0,Mécanique,Inspection,16,29.4,,observée,29.4,14.2,1,0,0.0,Adéquat,29.4,29.4,1192.0,1192.0,0.0
SF01-PS-PS03-SECAIR-0K7301-SOUF,183249.0,290.0,Mécanique,Inspection,60,7.1,,observée,7.1,1.1,1,0,0.0,Trop fréquent,7.1,14.2,4936.0,2468.0,2468.0
SF01-PS-PS03-SECAIR-0K7302,183683.0,290.0,Mécanique,Inspection,8,59.4,,observée,59.4,2.3,0,0,0.0,Adéquat,59.4,59.4,590.0,590.0,0.0
SF01-PS-PS03-SECAIR-0K7302,183684.0,290.0,Mécanique,Inspection,16,28.9,,observée,28.9,8.0,0,0,0.0,Adéquat,28.9,28.9,1213.0,1213.0,0.0
SF01-PS-PS03-SECAIR-0K7302,183685.0,290.0,Mécanique,Inspection,15,30.0,,observée,30.0,0.0,0,0,0.0,Adéquat,30.0,30.0,1168.0,1168.0,0.0
SF01-PS-PS03-SECAIR-0K7302-GMOT-0MOTEUR,211290.0,360.0,Électrique,Systématique,3,182.0,,observée,182.0,0.0,0,0,0.0,Adéquat,182.0,182.0,193.0,193.0,0.0
SF01-PS-PS03-SECAIR-0K7302-GMOT-0MOTEUR,384305.0,310.0,Électrique,Inspection,3,28.0,,observée,28.0,0.0,0,0,0.0,Adéquat,28.0,28.0,1252.0,1252.0,0.0
SF01-PS-PS03-SECAIR-0P7322,183702.0,290.0,Mécanique,Inspection,16,29.0,,observée,29.0,7.2,3,2,0.13,Adéquat,29.0,29.0,4851.0,4851.0,0.0
SF01-PS-PS03-SECAIR-0P7322,183703.0,290.0,Mécanique,Inspection,30,14.6,,observée,14.6,2.2,3,3,0.1,Adéquat,14.6,14.6,7966.0,7966.0,0.0
SF01-PS-PS03-SECAIR-0S7301,183704.0,360.0,Mécanique,Systématique,4,175.3,,observée,175.3,6.8,0,0,0.0,Adéquat,175.3,175.3,200.0,200.0,0.0
SF01-PS-PS03-SECAIR-0S7301,183705.0,360.0,Mécanique,Systématique,4,175.3,,observée,175.3,6.8,0,0,0.0,Adéquat,175.3,175.3,200.0,200.0,0.0
SF01-PS-PS03-SECAIR-0S7301,183706.0,290.0,Mécanique,Inspection,16,29.1,,observée,29.1,6.6,0,0,0.0,Adéquat,29.1,29.1,1204.0,1204.0,0.0
SF01-PS-PS03-SECAIR-0S7301-MOAC,183253.0,320.0,Mécanique,Autre,3,365.0,,observée,365.0,0.0,0,0,0.0,Adéquat,365.0,365.0,96.0,96.0,0.0
SF01-PS-PS03-SECEAU-0T7101,183767.0,290.0,Mécanique,Inspection,16,29.1,,observée,29.1,6.2,3,3,0.2,Insuffisant,29.1,20.4,6789.0,5710.0,1080.0
SF01-PS-PS03-SECEAU-0T7101-MOAC,183258.0,320.0,Mécanique,Autre,3,365.0,,observée,365.0,0.0,0,0,0.0,Adéquat,365.0,365.0,96.0,96.0,0.0
SF01-PS-PS03-SECEAU-0T7102,183769.0,290.0,Mécanique,Inspection,16,29.2,,observée,29.2,5.9,3,1,0.07,Adéquat,29.2,29.2,3148.0,3148.0,0.0
SF01-PS-PS03-SECEAU-0T7102-MOAC,183259.0,320.0,Mécanique,Autre,3,365.0,,observée,365.0,0.0,0,0,0.0,Adéquat,365.0,365.0,96.0,96.0,0.0
SF01-PS-PS03-SECEAU-0T7103,183771.0,290.0,Mécanique,Inspection,16,29.3,,observée,29.3,5.5,4,1,0.07,Adéquat,29.3,29.3,3137.0,3137.0,0.0
SF01-PS-PS03-SECEAU-0T7103-STRC-AGITATEU,184503.0,290.0,Mécanique,Inspection,6,90.0,,observée,90.0,0.0,0,0,0.0,Adéquat,90.0,90.0,389.0,389.0,0.0
SF01-PS-PS03-SECEAU-0T7104,183772.0,290.0,Mécanique,Inspection,16,29.3,,observée,29.3,11.4,0,0,0.0,Adéquat,29.3,29.3,1196.0,1196.0,0.0
SF01-PS-PS03-SECEAU-0T7104-GMOT-0MOTEUR,211337.0,360.0,Électrique,Systématique,3,198.0,,observée,198.0,166.0,0,0,0.0,Adéquat,198.0,198.0,177.0,177.0,0.0
SF01-PS-PS03-SECEAU-0T7104-STRC-AGITATEU,184504.0,290.0,Mécanique,Inspection,6,90.0,,observée,90.0,0.0,0,0,0.0,Adéquat,90.0,90.0,389.0,389.0,0.0
SF01-PS-PS03-SECEAU-CIREAU,183809.0,290.0,Mécanique,Inspection,16,29.4,,observée,29.4,11.4,3,1,0.07,Adéquat,29.4,29.4,3127.0,3127.0,0.0
SF01-PS-PS03-SECEAU-COMMUN,183810.0,290.0,Mécanique,Inspection,16,29.4,,observée,29.4,11.4,2,2,0.13,Adéquat,29.4,29.4,4785.0,4785.0,0.0
SF01-PS-PS03-SECEAU-P7101A,183811.0,290.0,Mécanique,Inspection,16,29.5,,observée,29.5,3.7,3,3,0.2,Insuffisant,29.5,20.6,6697.0,5632.0,1065.0
SF01-PS-PS03-SECEAU-P7101A,183812.0,350.0,Mécanique,Graissage,60,7.1,,observée,7.1,1.5,3,3,0.05,Adéquat,7.1,7.1,10658.0,10658.0,0.0
SF01-PS-PS03-SECEAU-P7101A,183813.0,290.0,Mécanique,Inspection,30,14.7,,observée,14.7,1.9,3,3,0.1,Adéquat,14.7,14.7,7912.0,7912.0,0.0
SF01-PS-PS03-SECEAU-P7101A-GMOT-0MOTEUR,211298.0,360.0,Électrique,Systématique,3,182.0,,observée,182.0,0.0,2,1,0.5,Insuffisant,182.0,127.4,2425.0,1870.0,555.0
SF01-PS-PS03-SECEAU-P7101A-GMOT-0MOTEUR,211331.0,360.0,Électrique,Systématique,3,182.0,,observée,182.0,0.0,2,1,0.5,Insuffisant,182.0,127.4,2425.0,1870.0,555.0
SF01-PS-PS03-SECEAU-P7101A-GMOT-0MOTEUR,384306.0,310.0,Électrique,Inspection,3,28.0,,observée,28.0,0.0,2,0,0.0,Adéquat,28.0,28.0,1252.0,1252.0,0.0
SF01-PS-PS03-SECEAU-P7101A-GMOT-DEPARTM,211187.0,360.0,Électrique,Systématique,3,182.0,,observée,182.0,0.0,0,0,0.0,Adéquat,182.0,182.0,193.0,193.0,0.0
SF01-PS-PS03-SECEAU-P7101B,183814.0,290.0,Mécanique,Inspection,15,29.6,,observée,29.6,3.4,0,0,0.0,Adéquat,29.6,29.6,1184.0,1184.0,0.0
SF01-PS-PS03-SECEAU-P7101B,183815.0,350.0,Mécanique,Graissage,60,7.1,,observée,7.1,1.1,0,0,0.0,Trop fréquent,7.1,14.2,4936.0,2468.0,2468.0
SF01-PS-PS03-SECEAU-P7101B,183816.0,290.0,Mécanique,Inspection,29,15.0,,observée,15.0,0.0,0,0,0.0,Trop fréquent,15.0,30.0,2336.0,1168.0,1168.0
SF01-PS-PS03-SECEAU-P7101B-GMOT-0MOTEUR,211332.0,360.0,Électrique,Systématique,3,182.0,,observée,182.0,0.0,2,1,0.5,Insuffisant,182.0,127.4,2425.0,1870.0,555.0
SF01-PS-PS03-SECEAU-P7101B-GMOT-0MOTEUR,384307.0,310.0,Électrique,Inspection,3,28.0,,observée,28.0,0.0,2,0,0.0,Adéquat,28.0,28.0,1252.0,1252.0,0.0
SF01-PS-PS03-SECEAU-P7101B-GMOT-DEPARTM,211188.0,360.0,Électrique,Systématique,4,182.0,,observée,182.0,0.0,1,1,0.33,Insuffisant,182.0,127.4,1666.0,1327.0,338.0
SF01-PS-PS03-SECEAU-P7101B-GMOT-DEPARTM,213122.0,360.0,Électrique,Systématique,3,78.0,,observée,78.0,64.0,1,0,0.0,Adéquat,78.0,78.0,449.0,449.0,0.0
SF01-PS-PS03-SECEAU-P7101C,183817.0,290.0,Mécanique,Inspection,15,29.6,,observée,29.6,2.6,0,0,0.0,Adéquat,29.6,29.6,1184.0,1184.0,0.0
SF01-PS-PS03-SECEAU-P7101C,183818.0,290.0,Mécanique,Inspection,30,14.8,,observée,14.8,1.3,0,0,0.0,Trop fréquent,14.8,29.6,2368.0,1184.0,1184.0
SF01-PS-PS03-SECEAU-P7102A,183822.0,290.0,Mécanique,Inspection,60,7.1,,observée,7.1,1.1,11,5,0.08,Adéquat,7.1,7.1,14092.0,14092.0,0.0
SF01-PS-PS03-SECEAU-P7102A,183823.0,290.0,Mécanique,Inspection,15,29.7,,observée,29.7,2.0,11,4,0.29,Insuffisant,29.7,20.8,9114.0,7353.0,1761.0
SF01-PS-PS03-SECEAU-P7102A,183824.0,350.0,Mécanique,Graissage,60,7.1,,observée,7.1,1.5,11,5,0.08,Adéquat,7.1,7.1,14092.0,14092.0,0.0
SF01-PS-PS03-SECEAU-P7102A,183825.0,290.0,Mécanique,Inspection,60,7.1,,observée,7.1,1.8,11,7,0.12,Adéquat,7.1,7.1,18670.0,18670.0,0.0
SF01-PS-PS03-SECEAU-P7102A-GMOT-0MOTEUR,211017.0,360.0,Électrique,Systématique,3,198.0,,observée,198.0,166.0,2,1,0.5,Insuffisant,198.0,138.6,2229.0,1719.0,510.0
SF01-PS-PS03-SECEAU-P7102A-GMOT-0MOTEUR,211371.0,360.0,Électrique,Systématique,6,97.4,,observée,97.4,48.1,2,2,0.4,Insuffisant,97.4,68.2,3697.0,2898.0,799.0
SF01-PS-PS03-SECEAU-P7102A-GMOT-0MOTEUR,213305.0,360.0,Électrique,Systématique,4,88.0,,observée,88.0,10.4,2,2,0.67,Insuffisant,88.0,61.6,6585.0,4988.0,1597.0
SF01-PS-PS03-SECEAU-P7102A-GMOT-0MOTEUR,384321.0,310.0,Électrique,Inspection,3,30.5,,observée,30.5,2.5,2,0,0.0,Adéquat,30.5,30.5,1149.0,1149.0,0.0
SF01-PS-PS03-SECEAU-P7102A-GMOT-DEPARTM,211087.0,360.0,Électrique,Systématique,3,198.0,,observée,198.0,166.0,0,0,0.0,Adéquat,198.0,198.0,177.0,177.0,0.0
SF01-PS-PS03-SECEAU-P7102B,183831.0,290.0,Mécanique,Inspection,60,7.1,,observée,7.1,2.0,11,8,0.14,Adéquat,7.1,7.1,20959.0,20959.0,0.0
SF01-PS-PS03-SECEAU-P7102B,183832.0,290.0,Mécanique,Inspection,15,29.8,,observée,29.8,1.7,11,4,0.29,Insuffisant,29.8,20.9,9084.0,7328.0,1755.0
SF01-PS-PS03-SECEAU-P7102B,183833.0,350.0,Mécanique,Graissage,60,7.1,,observée,7.1,1.8,11,8,0.14,Adéquat,7.1,7.1,20959.0,20959.0,0.0
SF01-PS-PS03-SECEAU-P7102B,183834.0,290.0,Mécanique,Inspection,60,7.1,,observée,7.1,1.5,11,8,0.14,Adéquat,7.1,7.1,20959.0,20959.0,0.0
SF01-PS-PS03-SECEAU-P7102B-GMOT-0MOTEUR,211018.0,360.0,Électrique,Systématique,3,198.0,,observée,198.0,166.0,0,0,0.0,Adéquat,198.0,198.0,177.0,177.0,0.0
SF01-PS-PS03-SECEAU-P7102B-GMOT-0MOTEUR,211299.0,360.0,Électrique,Systématique,3,198.0,,observée,198.0,166.0,0,0,0.0,Adéquat,198.0,198.0,177.0,177.0,0.0
SF01-PS-PS03-SECEAU-P7102B-GMOT-0MOTEUR,211372.0,360.0,Électrique,Systématique,6,97.4,,observée,97.4,48.1,0,0,0.0,Adéquat,97.4,97.4,360.0,360.0,0.0
SF01-PS-PS03-SECEAU-P7102B-GMOT-0MOTEUR,213306.0,360.0,Électrique,Systématique,4,88.7,,observée,88.7,3.3,0,0,0.0,Adéquat,88.7,88.7,395.0,395.0,0.0
SF01-PS-PS03-SECEAU-P7102B-GMOT-0MOTEUR,384322.0,310.0,Électrique,Inspection,3,28.0,,observée,28.0,0.0,0,0,0.0,Adéquat,28.0,28.0,1252.0,1252.0,0.0
SF01-PS-PS03-SECEAU-P7102B-GMOT-DEPARTM,211088.0,360.0,Électrique,Systématique,3,198.0,,observée,198.0,166.0,0,0,0.0,Adéquat,198.0,198.0,177.0,177.0,0.0
SF01-PS-PS03-SECEAU-P7102C,183840.0,290.0,Mécanique,Inspection,60,7.1,,observée,7.1,1.8,2,0,0.0,Trop fréquent,7.1,14.2,4936.0,2468.0,2468.0
SF01-PS-PS03-SECEAU-P7102C,183841.0,290.0,Mécanique,Inspection,15,29.9,,observée,29.9,1.5,2,0,0.0,Adéquat,29.9,29.9,1172.0,1172.0,0.0
SF01-PS-PS03-SECEAU-P7102C,183842.0,350.0,Mécanique,Graissage,29,15.0,,observée,15.0,0.6,2,0,0.0,Trop fréquent,15.0,30.0,2336.0,1168.0,1168.0
SF01-PS-PS03-SECEAU-P7102C-GPPE-CIRASPIR,184756.0,290.0,Mécanique,Inspection,9,58.6,,observée,58.6,5.8,0,0,0.0,Adéquat,58.6,58.6,598.0,598.0,0.0
SF01-PS-PS03-SECEAU-P7103A,183849.0,290.0,Mécanique,Inspection,60,7.1,,observée,7.1,1.1,7,3,0.05,Adéquat,7.1,7.1,10658.0,10658.0,0.0
SF01-PS-PS03-SECEAU-P7103A,183850.0,290.0,Mécanique,Inspection,15,29.9,,observée,29.9,1.0,7,3,0.21,Insuffisant,29.9,20.9,6879.0,5751.0,1128.0
SF01-PS-PS03-SECEAU-P7103A,183851.0,350.0,Mécanique,Graissage,60,7.1,,observée,7.1,1.1,7,3,0.05,Adéquat,7.1,7.1,10658.0,10658.0,0.0
SF01-PS-PS03-SECEAU-P7103A,183852.0,290.0,Mécanique,Inspection,60,7.1,,observée,7.1,1.1,7,3,0.05,Adéquat,7.1,7.1,10658.0,10658.0,0.0
SF01-PS-PS03-SECEAU-P7103A,183855.0,290.0,Mécanique,Inspection,4,175.3,,observée,175.3,6.8,7,2,0.67,Insuffisant,175.3,122.7,3306.0,2504.0,802.0
SF01-PS-PS03-SECEAU-P7103A-GMOT-0MOTEUR,211333.0,360.0,Électrique,Systématique,3,182.0,,observée,182.0,0.0,2,1,0.5,Insuffisant,182.0,127.4,2425.0,1870.0,555.0
SF01-PS-PS03-SECEAU-P7103A-GMOT-0MOTEUR,384308.0,310.0,Électrique,Inspection,3,28.0,,observée,28.0,0.0,2,0,0.0,Adéquat,28.0,28.0,1252.0,1252.0,0.0
SF01-PS-PS03-SECEAU-P7103A-GMOT-DEPARTM,211189.0,360.0,Électrique,Systématique,3,182.0,,observée,182.0,0.0,1,1,0.5,Insuffisant,182.0,127.4,2425.0,1870.0,555.0
SF01-PS-PS03-SECEAU-P7103B,183859.0,290.0,Mécanique,Inspection,59,7.1,,observée,7.1,2.8,19,6,0.1,Adéquat,7.1,7.1,16381.0,16381.0,0.0
SF01-PS-PS03-SECEAU-P7103B,183860.0,290.0,Mécanique,Inspection,4,175.3,,observée,175.3,6.8,19,3,1.0,Insuffisant,175.3,122.7,4835.0,3597.0,1239.0
SF01-PS-PS03-SECEAU-P7103B,183861.0,290.0,Mécanique,Inspection,15,30.0,,observée,30.0,0.8,19,4,0.29,Insuffisant,30.0,21.0,9023.0,7280.0,1744.0
SF01-PS-PS03-SECEAU-P7103B,183862.0,350.0,Mécanique,Graissage,60,7.1,,observée,7.1,1.5,19,6,0.1,Adéquat,7.1,7.1,16381.0,16381.0,0.0
SF01-PS-PS03-SECEAU-P7103B,183863.0,290.0,Mécanique,Inspection,59,7.2,,observée,7.2,1.9,19,6,0.1,Adéquat,7.2,7.2,16153.0,16153.0,0.0
SF01-PS-PS03-SECEAU-P7103B-GMOT-0MOTEUR,211334.0,360.0,Électrique,Systématique,3,182.0,,observée,182.0,0.0,2,1,0.5,Insuffisant,182.0,127.4,2425.0,1870.0,555.0
SF01-PS-PS03-SECEAU-P7103B-GMOT-0MOTEUR,384309.0,310.0,Électrique,Inspection,3,28.0,,observée,28.0,0.0,2,0,0.0,Adéquat,28.0,28.0,1252.0,1252.0,0.0
SF01-PS-PS03-SECEAU-P7103B-GMOT-DEPARTM,211190.0,360.0,Électrique,Systématique,3,182.0,,observée,182.0,0.0,0,0,0.0,Adéquat,182.0,182.0,193.0,193.0,0.0
SF01-PS-PS03-SECEAU-P7104A,183866.0,290.0,Mécanique,Inspection,30,14.8,,observée,14.8,1.3,10,2,0.07,Adéquat,14.8,14.8,6211.0,6211.0,0.0
SF01-PS-PS03-SECEAU-P7104A,183867.0,290.0,Mécanique,Inspection,16,28.1,,observée,28.1,7.2,10,3,0.2,Insuffisant,28.1,19.7,7031.0,5913.0,1118.0
SF01-PS-PS03-SECEAU-P7104A,183868.0,350.0,Mécanique,Graissage,30,14.7,,observée,14.7,1.5,10,2,0.07,Adéquat,14.7,14.7,6253.0,6253.0,0.0
SF01-PS-PS03-SECEAU-P7104A,183869.0,290.0,Mécanique,Inspection,16,28.9,,observée,28.9,4.2,10,2,0.13,Adéquat,28.9,28.9,4868.0,4868.0,0.0
SF01-PS-PS03-SECEAU-P7104A-GMOT-0MOTEUR,211335.0,360.0,Électrique,Systématique,3,182.0,,observée,182.0,0.0,0,0,0.0,Adéquat,182.0,182.0,193.0,193.0,0.0
SF01-PS-PS03-SECEAU-P7104A-GMOT-0MOTEUR,384310.0,310.0,Électrique,Inspection,3,28.0,,observée,28.0,0.0,0,0,0.0,Adéquat,28.0,28.0,1252.0,1252.0,0.0
SF01-PS-PS03-SECEAU-P7104B,183871.0,290.0,Mécanique,Inspection,29,14.8,,observée,14.8,1.2,0,0,0.0,Trop fréquent,14.8,29.6,2368.0,1184.0,1184.0
SF01-PS-PS03-SECEAU-P7104B,183872.0,290.0,Mécanique,Inspection,16,28.1,,observée,28.1,7.0,0,0,0.0,Adéquat,28.1,28.1,1247.0,1247.0,0.0
SF01-PS-PS03-SECEAU-P7104B,183873.0,350.0,Mécanique,Graissage,30,14.8,,observée,14.8,1.3,0,0,0.0,Trop fréquent,14.8,29.6,2368.0,1184.0,1184.0
SF01-PS-PS03-SECEAU-P7104B,183874.0,290.0,Mécanique,Inspection,16,29.0,,observée,29.0,3.7,0,0,0.0,Adéquat,29.0,29.0,1208.0,1208.0,0.0
SF01-PS-PS03-SECEAU-P7104B-GMOT-0MOTEUR,211336.0,360.0,Électrique,Systématique,3,182.0,,observée,182.0,0.0,0,0,0.0,Adéquat,182.0,182.0,193.0,193.0,0.0
SF01-PS-PS03-SECEAU-P7104B-GMOT-0MOTEUR,384311.0,310.0,Électrique,Inspection,3,28.0,,observée,28.0,0.0,0,0,0.0,Adéquat,28.0,28.0,1252.0,1252.0,0.0
SF01-PS-PS03-SECEAU-P7104C,183876.0,290.0,Mécanique,Inspection,16,28.2,,observée,28.2,6.7,4,0,0.0,Adéquat,28.2,28.2,1243.0,1243.0,0.0
SF01-PS-PS03-SECEAU-P7104C,183877.0,290.0,Mécanique,Inspection,16,28.9,,observée,28.9,4.0,4,0,0.0,Adéquat,28.9,28.9,1213.0,1213.0,0.0
SF01-PS-PS03-SECEAU-P7104C-GMOT-0MOTEUR,384312.0,310.0,Électrique,Inspection,3,28.0,,observée,28.0,0.0,0,0,0.0,Adéquat,28.0,28.0,1252.0,1252.0,0.0
SF01-PS-PS03-SECEAU-P7105A,183878.0,290.0,Mécanique,Inspection,30,14.7,,observée,14.7,1.6,2,0,0.0,Trop fréquent,14.7,29.4,2384.0,1192.0,1192.0
SF01-PS-PS03-SECEAU-P7105A,183879.0,290.0,Mécanique,Inspection,16,28.3,,observée,28.3,6.5,2,0,0.0,Adéquat,28.3,28.3,1238.0,1238.0,0.0
SF01-PS-PS03-SECEAU-P7105A,183880.0,350.0,Mécanique,Graissage,30,14.7,,observée,14.7,1.6,2,0,0.0,Trop fréquent,14.7,29.4,2384.0,1192.0,1192.0
SF01-PS-PS03-SECEAU-P7105A,183881.0,290.0,Mécanique,Inspection,16,28.1,,observée,28.1,7.0,2,0,0.0,Adéquat,28.1,28.1,1247.0,1247.0,0.0
SF01-PS-PS03-SECEAU-P7105A-GMOT-0MOTEUR,211338.0,360.0,Électrique,Systématique,3,182.0,,observée,182.0,0.0,0,0,0.0,Adéquat,182.0,182.0,193.0,193.0,0.0
SF01-PS-PS03-SECEAU-P7105A-GMOT-0MOTEUR,384313.0,310.0,Électrique,Inspection,3,28.0,,observée,28.0,0.0,0,0,0.0,Adéquat,28.0,28.0,1252.0,1252.0,0.0
SF01-PS-PS03-SECEAU-P7105B,183883.0,290.0,Mécanique,Inspection,30,14.6,,observée,14.6,2.4,0,0,0.0,Trop fréquent,14.6,29.2,2400.0,1200.0,1200.0
SF01-PS-PS03-SECEAU-P7105B,183884.0,290.0,Mécanique,Inspection,16,28.3,,observée,28.3,6.2,0,0,0.0,Adéquat,28.3,28.3,1238.0,1238.0,0.0
SF01-PS-PS03-SECEAU-P7105B,183885.0,350.0,Mécanique,Graissage,30,14.7,,observée,14.7,1.9,0,0,0.0,Trop fréquent,14.7,29.4,2384.0,1192.0,1192.0
SF01-PS-PS03-SECEAU-P7105B,183886.0,290.0,Mécanique,Inspection,16,28.2,,observée,28.2,6.7,0,0,0.0,Adéquat,28.2,28.2,1243.0,1243.0,0.0
SF01-PS-PS03-SECEAU-P7105B-GMOT-0MOTEUR,211339.0,360.0,Électrique,Systématique,3,182.0,,observée,182.0,0.0,0,0,0.0,Adéquat,182.0,182.0,193.0,193.0,0.0
SF01-PS-PS03-SECEAU-P7105B-GMOT-0MOTEUR,384314.0,310.0,Électrique,Inspection,3,28.0,,observée,28.0,0.0,0,0,0.0,Adéquat,28.0,28.0,1252.0,1252.0,0.0
SF01-PS-PS03-SECEMR-EAUMER,184010.0,290.0,Mécanique,Inspection,16,28.4,,observée,28.4,6.0,0,0,0.0,Adéquat,28.4,28.4,1234.0,1234.0,0.0
SF01-PS-PS03-SECEMR-S7306A,184018.0,290.0,Mécanique,Inspection,16,28.5,,observée,28.5,5.7,14,6,0.4,Insuffisant,28.5,19.9,12634.0,9903.0,2731.0
SF01-PS-PS03-SECEMR-S7306A,184020.0,350.0,Mécanique,Graissage,16,29.5,,observée,29.5,1.7,14,7,0.47,Insuffisant,29.5,20.6,14134.0,10944.0,3190.0
SF01-PS-PS03-SECEMR-S7306A,184023.0,290.0,Mécanique,Inspection,16,28.3,,observée,28.3,6.2,14,6,0.4,Insuffisant,28.3,19.8,12724.0,9973.0,2751.0
SF01-PS-PS03-SECEMR-S7306A,184024.0,290.0,Mécanique,Inspection,16,28.5,,observée,28.5,5.7,14,6,0.4,Insuffisant,28.5,19.9,12634.0,9903.0,2731.0
SF01-PS-PS03-SECEMR-S7306A-MOAC,184771.0,320.0,Mécanique,Autre,4,178.0,,observée,178.0,3.3,1,1,0.33,Insuffisant,178.0,124.6,1703.0,1357.0,346.0
SF01-PS-PS03-SECEMR-S7306B,184033.0,290.0,Mécanique,Inspection,16,28.2,,observée,28.2,12.4,2,2,0.13,Adéquat,28.2,28.2,4989.0,4989.0,0.0
SF01-PS-PS03-SECEMR-S7306B,184035.0,350.0,Mécanique,Graissage,16,29.1,,observée,29.1,3.6,2,1,0.07,Adéquat,29.1,29.1,3159.0,3159.0,0.0
SF01-PS-PS03-SECEMR-S7306B,184037.0,350.0,Mécanique,Graissage,6,90.0,,observée,90.0,0.0,2,1,0.2,Insuffisant,90.0,63.0,2195.0,1846.0,349.0
SF01-PS-PS03-SECEMR-S7306B,184038.0,290.0,Mécanique,Inspection,16,28.1,,observée,28.1,7.2,2,2,0.13,Adéquat,28.1,28.1,5006.0,5006.0,0.0
SF01-PS-PS03-SECEMR-S7306B,184039.0,290.0,Mécanique,Inspection,16,28.5,,observée,28.5,5.5,2,1,0.07,Adéquat,28.5,28.5,3225.0,3225.0,0.0
SF01-PS-PS03-SECEMR-S7306B-MOAC,184772.0,320.0,Mécanique,Autre,4,178.3,,observée,178.3,2.5,0,0,0.0,Adéquat,178.3,178.3,197.0,197.0,0.0
SF01-PS-PS03-SECGAS-0P7309,184050.0,290.0,Mécanique,Inspection,6,90.0,,observée,90.0,0.0,0,0,0.0,Adéquat,90.0,90.0,389.0,389.0,0.0
SF01-PS-PS03-SECGAS-0P7309,184051.0,290.0,Mécanique,Inspection,15,29.9,,observée,29.9,1.0,0,0,0.0,Adéquat,29.9,29.9,1172.0,1172.0,0.0
SF01-PS-PS03-SECGAS-0P7309,184052.0,290.0,Mécanique,Inspection,16,28.3,,observée,28.3,6.5,0,0,0.0,Adéquat,28.3,28.3,1238.0,1238.0,0.0
SF01-PS-PS03-SECGAS-0P7309-GMOT-0MOTEUR,211345.0,360.0,Électrique,Systématique,3,182.0,,observée,182.0,0.0,0,0,0.0,Adéquat,182.0,182.0,193.0,193.0,0.0
SF01-PS-PS03-SECGAS-0P7309-GMOT-0MOTEUR,384315.0,310.0,Électrique,Inspection,3,28.0,,observée,28.0,0.0,0,0,0.0,Adéquat,28.0,28.0,1252.0,1252.0,0.0
SF01-PS-PS03-SECGAS-0P7309-GMOT-DEPARTM,211197.0,360.0,Électrique,Systématique,3,182.0,,observée,182.0,0.0,0,0,0.0,Adéquat,182.0,182.0,193.0,193.0,0.0
SF01-PS-PS03-SECGAS-0T7305,184064.0,290.0,Mécanique,Inspection,8,59.6,,observée,59.6,30.5,0,0,0.0,Adéquat,59.6,59.6,588.0,588.0,0.0
SF01-PS-PS03-SECGAS-0T7305,184065.0,350.0,Mécanique,Graissage,9,58.4,,observée,58.4,4.3,0,0,0.0,Adéquat,58.4,58.4,600.0,600.0,0.0
SF01-PS-PS03-SECGAS-0T7305,184066.0,290.0,Mécanique,Inspection,15,29.7,,observée,29.7,2.0,0,0,0.0,Adéquat,29.7,29.7,1180.0,1180.0,0.0
SF01-PS-PS03-SECGAS-0T7305,184068.0,290.0,Mécanique,Inspection,16,28.7,,observée,28.7,5.0,0,0,0.0,Adéquat,28.7,28.7,1221.0,1221.0,0.0
SF01-PS-PS03-SECGAS-0T7305-MOAC,183265.0,320.0,Mécanique,Autre,3,365.0,,observée,365.0,0.0,0,0,0.0,Adéquat,365.0,365.0,96.0,96.0,0.0
SF01-PS-PS03-SECGAS-CIRGAS,184076.0,290.0,Mécanique,Inspection,16,28.7,,observée,28.7,8.9,0,0,0.0,Adéquat,28.7,28.7,1221.0,1221.0,0.0
SF01-PS-PS03-SECGAZ-0E7304,184098.0,290.0,Mécanique,Inspection,16,28.8,,observée,28.8,8.6,34,10,0.67,Insuffisant,28.8,20.2,20121.0,15241.0,4880.0
SF01-PS-PS03-SECGAZ-0E7304-MOAC,183232.0,320.0,Mécanique,Autre,3,365.0,,observée,365.0,0.0,0,0,0.0,Adéquat,365.0,365.0,96.0,96.0,0.0
SF01-PS-PS03-SECGAZ-0E7309,184100.0,290.0,Mécanique,Inspection,16,28.9,,observée,28.9,8.1,8,4,0.27,Insuffisant,28.9,20.2,8804.0,7155.0,1649.0
SF01-PS-PS03-SECGAZ-0E7309-MOAC,183233.0,320.0,Mécanique,Autre,3,365.0,,observée,365.0,0.0,0,0,0.0,Adéquat,365.0,365.0,96.0,96.0,0.0
SF01-PS-PS03-SECGAZ-0E7315,184103.0,290.0,Mécanique,Inspection,16,29.0,,observée,29.0,7.2,14,6,0.4,Insuffisant,29.0,20.3,12417.0,9732.0,2684.0
SF01-PS-PS03-SECGAZ-0E7315,184106.0,290.0,Mécanique,Inspection,16,28.9,,observée,28.9,8.0,14,6,0.4,Insuffisant,28.9,20.2,12459.0,9766.0,2694.0
SF01-PS-PS03-SECGAZ-0E7315-MOAC,183234.0,320.0,Mécanique,Autre,3,365.0,,observée,365.0,0.0,0,0,0.0,Adéquat,365.0,365.0,96.0,96.0,0.0
SF01-PS-PS03-SECGAZ-0E7316,184111.0,290.0,Mécanique,Inspection,16,29.1,,observée,29.1,6.6,19,7,0.47,Insuffisant,29.1,20.4,14329.0,11095.0,3234.0
SF01-PS-PS03-SECGAZ-0E7316,184114.0,290.0,Mécanique,Inspection,16,29.0,,observée,29.0,7.2,19,6,0.4,Insuffisant,29.0,20.3,12417.0,9732.0,2684.0
SF01-PS-PS03-SECGAZ-0E7316-MOAC,183235.0,320.0,Mécanique,Autre,3,365.0,,observée,365.0,0.0,0,0,0.0,Adéquat,365.0,365.0,96.0,96.0,0.0
SF01-PS-PS03-SECGAZ-0F7301,184162.0,360.0,Mécanique,Systématique,4,175.3,,observée,175.3,6.8,33,3,1.0,Insuffisant,175.3,122.7,4835.0,3597.0,1239.0
SF01-PS-PS03-SECGAZ-0F7301,184167.0,360.0,Mécanique,Systématique,8,66.7,,observée,66.7,22.6,33,5,0.71,Insuffisant,66.7,46.7,9175.0,6929.0,2246.0
SF01-PS-PS03-SECGAZ-0F7301,184169.0,290.0,Mécanique,Inspection,16,28.1,,observée,28.1,12.7,33,9,0.6,Insuffisant,28.1,19.7,18598.0,14175.0,4423.0
SF01-PS-PS03-SECGAZ-0F7301,184170.0,290.0,Mécanique,Inspection,7,70.0,,observée,70.0,22.4,33,6,1.0,Insuffisant,70.0,49.0,12109.0,9007.0,3102.0
SF01-PS-PS03-SECGAZ-0F7301,184172.0,350.0,Mécanique,Graissage,6,90.0,,observée,90.0,0.0,33,4,0.8,Insuffisant,90.0,63.0,7612.0,5716.0,1897.0
SF01-PS-PS03-SECGAZ-0F7301,184174.0,290.0,Mécanique,Inspection,15,29.9,,observée,29.9,1.0,33,10,0.71,Insuffisant,29.9,20.9,20468.0,15457.0,5011.0
SF01-PS-PS03-SECGAZ-0F7301,184177.0,290.0,Mécanique,Inspection,16,29.1,,observée,29.1,6.6,33,10,0.67,Insuffisant,29.1,20.4,19913.0,15084.0,4829.0
SF01-PS-PS03-SECGAZ-0F7301,184180.0,290.0,Mécanique,Inspection,4,175.3,,observée,175.3,6.6,33,3,1.0,Insuffisant,175.3,122.7,4835.0,3597.0,1239.0
SF01-PS-PS03-SECGAZ-0F7301-MOAC,183240.0,320.0,Mécanique,Autre,3,365.0,,observée,365.0,0.0,0,0,0.0,Adéquat,365.0,365.0,96.0,96.0,0.0
SF01-PS-PS03-SECGAZ-0F7302,184187.0,290.0,Mécanique,Inspection,16,29.1,,observée,29.1,6.2,0,0,0.0,Adéquat,29.1,29.1,1204.0,1204.0,0.0
SF01-PS-PS03-SECGAZ-0R7301,184206.0,290.0,Mécanique,Inspection,16,29.2,,observée,29.2,11.2,35,9,0.6,Insuffisant,29.2,20.4,17897.0,13641.0,4256.0
SF01-PS-PS03-SECGAZ-0R7301,184207.0,290.0,Mécanique,Inspection,16,29.2,,observée,29.2,5.9,35,9,0.6,Insuffisant,29.2,20.4,17897.0,13641.0,4256.0
SF01-PS-PS03-SECGAZ-0R7301-MOAC,183251.0,320.0,Mécanique,Autre,3,365.0,,observée,365.0,0.0,0,0,0.0,Adéquat,365.0,365.0,96.0,96.0,0.0
SF01-PS-PS03-SECGAZ-0S7305,184221.0,290.0,Mécanique,Inspection,16,29.3,,observée,29.3,5.5,3,1,0.07,Adéquat,29.3,29.3,3137.0,3137.0,0.0
SF01-PS-PS03-SECGAZ-0S7305-MOAC,183254.0,320.0,Mécanique,Autre,3,365.0,,observée,365.0,0.0,0,0,0.0,Adéquat,365.0,365.0,96.0,96.0,0.0
SF01-PS-PS03-SECGAZ-COMMUN,184223.0,290.0,Mécanique,Inspection,16,29.3,,observée,29.3,11.4,3,2,0.13,Adéquat,29.3,29.3,4801.0,4801.0,0.0
SF01-PS-PS03-SECGAZ-DUCTGZ,184224.0,290.0,Mécanique,Inspection,16,29.4,,observée,29.4,11.4,1,1,0.07,Adéquat,29.4,29.4,3127.0,3127.0,0.0
SF01-PS-PS03-SECGAZ-SEC4AC,184225.0,290.0,Mécanique,Inspection,16,29.4,,observée,29.4,11.4,1,0,0.0,Adéquat,29.4,29.4,1192.0,1192.0,0.0
SF01-PS-PS03-SECGAZ-SEC4AC-7305,184779.0,350.0,Mécanique,Graissage,6,90.0,,observée,90.0,0.0,0,0,0.0,Adéquat,90.0,90.0,389.0,389.0,0.0
SF01-PS-PS03-SECGAZ-SEC4AC-7306,184787.0,350.0,Mécanique,Graissage,6,90.0,,observée,90.0,0.0,0,0,0.0,Adéquat,90.0,90.0,389.0,389.0,0.0
SF01-PS-PS03-SECGAZ-SEC4AC-7307,184795.0,350.0,Mécanique,Graissage,6,90.0,,observée,90.0,0.0,1,0,0.0,Adéquat,90.0,90.0,389.0,389.0,0.0
SF01-PS-PS03-SECGAZ-SEC4AC-7307,184797.0,290.0,Mécanique,Inspection,16,28.9,,observée,28.9,6.8,1,0,0.0,Adéquat,28.9,28.9,1213.0,1213.0,0.0
SF01-PS-PS03-SECGAZ-SEC4AC-7308,184803.0,350.0,Mécanique,Graissage,6,90.0,,observée,90.0,0.0,1,1,0.2,Insuffisant,90.0,63.0,2195.0,1846.0,349.0
SF01-PS-PS03-SECSAS-0P7402,184242.0,290.0,Mécanique,Inspection,16,29.5,,observée,29.5,3.7,30,8,0.53,Insuffisant,29.5,20.6,15787.0,12125.0,3662.0
SF01-PS-PS03-SECSAS-0P7402,184243.0,350.0,Mécanique,Graissage,29,14.8,,observée,14.8,1.2,30,10,0.36,Insuffisant,14.8,10.4,22133.0,17501.0,4632.0
SF01-PS-PS03-SECSAS-0P7402,184244.0,290.0,Mécanique,Inspection,16,28.3,,observée,28.3,6.2,30,8,0.53,Insuffisant,28.3,19.8,16456.0,12639.0,3817.0
SF01-PS-PS03-SECSAS-0P7402-GMOT-0MOTEUR,211348.0,360.0,Électrique,Systématique,3,182.0,,observée,182.0,0.0,5,1,0.5,Insuffisant,182.0,127.4,2425.0,1870.0,555.0
SF01-PS-PS03-SECSAS-0P7402-GMOT-0MOTEUR,384316.0,310.0,Électrique,Inspection,3,28.0,,observée,28.0,0.0,5,0,0.0,Adéquat,28.0,28.0,1252.0,1252.0,0.0
SF01-PS-PS03-SECSAS-0P7402-GMOT-DEPARTM,211200.0,360.0,Électrique,Systématique,3,182.0,,observée,182.0,0.0,0,0,0.0,Adéquat,182.0,182.0,193.0,193.0,0.0
SF01-PS-PS03-SECSAS-0T7401,184257.0,290.0,Mécanique,Inspection,8,60.0,,observée,60.0,30.9,14,4,0.57,Insuffisant,60.0,42.0,8304.0,6348.0,1955.0
SF01-PS-PS03-SECSAS-0T7401,184258.0,290.0,Mécanique,Inspection,16,28.9,,observée,28.9,8.0,14,5,0.33,Insuffisant,28.9,20.2,10491.0,8360.0,2131.0
SF01-PS-PS03-SECSAS-0T7401,184260.0,290.0,Mécanique,Inspection,15,29.6,,observée,29.6,3.4,14,4,0.29,Insuffisant,29.6,20.7,9145.0,7378.0,1767.0
SF01-PS-PS03-SECSAS-0T7401-CANA-SECHEAIR,184506.0,290.0,Mécanique,Inspection,16,29.3,,observée,29.3,11.5,0,0,0.0,Adéquat,29.3,29.3,1196.0,1196.0,0.0
SF01-PS-PS03-SECSAS-0T7401-MOAC,183267.0,320.0,Mécanique,Autre,4,180.0,,observée,180.0,0.0,0,0,0.0,Adéquat,180.0,180.0,195.0,195.0,0.0
SF01-PS-PS03-SECSAS-0T7402,184267.0,290.0,Mécanique,Inspection,9,58.4,,observée,58.4,4.3,16,2,0.25,Insuffisant,58.4,40.9,4079.0,3342.0,737.0
SF01-PS-PS03-SECSAS-0T7402,184268.0,290.0,Mécanique,Inspection,16,29.1,,observée,29.1,6.6,16,3,0.2,Insuffisant,29.1,20.4,6789.0,5710.0,1080.0
SF01-PS-PS03-SECSAS-0T7402,184270.0,290.0,Mécanique,Inspection,15,29.6,,observée,29.6,2.6,16,3,0.21,Insuffisant,29.6,20.7,6949.0,5809.0,1140.0
SF01-PS-PS03-SECSAS-0T7402-CANA-SECHEAIR,184507.0,290.0,Mécanique,Inspection,16,29.3,,observée,29.3,11.5,0,0,0.0,Adéquat,29.3,29.3,1196.0,1196.0,0.0
SF01-PS-PS03-SECSAS-0T7402-MOAC,183269.0,320.0,Mécanique,Autre,3,365.0,,observée,365.0,0.0,0,0,0.0,Adéquat,365.0,365.0,96.0,96.0,0.0
SF01-PS-PS03-SECSAS-CIRACS,184274.0,290.0,Mécanique,Inspection,15,29.7,,observée,29.7,2.0,7,1,0.07,Adéquat,29.7,29.7,3095.0,3095.0,0.0
SF01-PS-PS03-SECSAS-COMMUN,184275.0,290.0,Mécanique,Inspection,15,29.8,,observée,29.8,1.7,2,2,0.14,Adéquat,29.8,29.8,4994.0,4994.0,0.0
SF01-PS-PS03-SECSAS-FOSPUI,184276.0,290.0,Mécanique,Inspection,15,29.9,,observée,29.9,1.5,1,0,0.0,Adéquat,29.9,29.9,1172.0,1172.0,0.0
SF01-PS-PS03-SECSAS-P7401A,184279.0,290.0,Mécanique,Inspection,16,28.8,,observée,28.8,8.6,15,6,0.4,Insuffisant,28.8,20.2,12503.0,9800.0,2703.0
SF01-PS-PS03-SECSAS-P7401A,184280.0,290.0,Mécanique,Inspection,15,29.9,,observée,29.9,1.0,15,6,0.43,Insuffisant,29.9,20.9,12858.0,10022.0,2837.0
SF01-PS-PS03-SECSAS-P7401A,184281.0,350.0,Mécanique,Graissage,60,7.1,,observée,7.1,2.0,15,6,0.1,Adéquat,7.1,7.1,16381.0,16381.0,0.0
SF01-PS-PS03-SECSAS-P7401A,184282.0,290.0,Mécanique,Inspection,60,7.0,,observée,7.0,2.4,15,6,0.1,Adéquat,7.0,7.0,16615.0,16615.0,0.0
SF01-PS-PS03-SECSAS-P7401A-GMOT-0MOTEUR,211346.0,360.0,Électrique,Systématique,3,182.0,,observée,182.0,0.0,3,1,0.5,Insuffisant,182.0,127.4,2425.0,1870.0,555.0
SF01-PS-PS03-SECSAS-P7401A-GMOT-0MOTEUR,384317.0,310.0,Électrique,Inspection,3,28.0,,observée,28.0,0.0,3,0,0.0,Adéquat,28.0,28.0,1252.0,1252.0,0.0
SF01-PS-PS03-SECSAS-P7401A-GMOT-DEPARTM,211198.0,360.0,Électrique,Systématique,3,182.0,,observée,182.0,0.0,0,0,0.0,Adéquat,182.0,182.0,193.0,193.0,0.0
SF01-PS-PS03-SECSAS-P7401B,184287.0,290.0,Mécanique,Inspection,16,29.5,,observée,29.5,3.7,13,3,0.2,Insuffisant,29.5,20.6,6697.0,5632.0,1065.0
SF01-PS-PS03-SECSAS-P7401B,184288.0,290.0,Mécanique,Inspection,15,30.0,,observée,30.0,0.8,13,3,0.21,Insuffisant,30.0,21.0,6856.0,5732.0,1125.0
SF01-PS-PS03-SECSAS-P7401B,184289.0,350.0,Mécanique,Graissage,60,7.1,,observée,7.1,1.1,13,5,0.08,Adéquat,7.1,7.1,14092.0,14092.0,0.0
SF01-PS-PS03-SECSAS-P7401B,184290.0,290.0,Mécanique,Inspection,60,7.1,,observée,7.1,2.0,13,4,0.07,Adéquat,7.1,7.1,12947.0,12947.0,0.0
SF01-PS-PS03-SECSAS-P7401B-GMOT-0MOTEUR,211347.0,360.0,Électrique,Systématique,3,198.0,,observée,198.0,166.0,0,0,0.0,Adéquat,198.0,198.0,177.0,177.0,0.0
SF01-PS-PS03-SECSAS-P7401B-GMOT-0MOTEUR,384318.0,310.0,Électrique,Inspection,3,28.0,,observée,28.0,0.0,0,0,0.0,Adéquat,28.0,28.0,1252.0,1252.0,0.0
SF01-PS-PS03-SECSAS-P7401B-GMOT-DEPARTM,211199.0,360.0,Électrique,Systématique,3,198.0,,observée,198.0,166.0,0,0,0.0,Adéquat,198.0,198.0,177.0,177.0,0.0
SF01-PS-PS03-SECSAS-P7401B-GPPE-CIRCASPI,184757.0,290.0,Mécanique,Inspection,8,59.0,,observée,59.0,2.9,0,0,0.0,Adéquat,59.0,59.0,594.0,594.0,0.0
SF01-PS-PS03-SECSSL-0T7201,184306.0,350.0,Mécanique,Graissage,6,90.0,,observée,90.0,0.0,9,4,0.8,Insuffisant,90.0,63.0,7612.0,5716.0,1897.0
SF01-PS-PS03-SECSSL-0T7201,184307.0,290.0,Mécanique,Inspection,9,59.1,,observée,59.1,2.3,9,6,0.75,Insuffisant,59.1,41.4,10905.0,8213.0,2692.0
SF01-PS-PS03-SECSSL-0T7201,184309.0,290.0,Mécanique,Inspection,16,28.1,,observée,28.1,7.2,9,7,0.47,Insuffisant,28.1,19.7,14838.0,11490.0,3349.0
SF01-PS-PS03-SECSSL-0T7201,184312.0,290.0,Mécanique,Inspection,4,175.3,,observée,175.3,6.6,9,3,1.0,Insuffisant,175.3,122.7,4835.0,3597.0,1239.0
SF01-PS-PS03-SECSSL-0T7201-MOAC,183260.0,320.0,Mécanique,Autre,3,365.0,,observée,365.0,0.0,0,0,0.0,Adéquat,365.0,365.0,96.0,96.0,0.0
SF01-PS-PS03-SECSSL-0T7202,184320.0,290.0,Mécanique,Inspection,8,58.9,,observée,58.9,2.8,7,5,0.71,Insuffisant,58.9,41.2,10390.0,7847.0,2544.0
SF01-PS-PS03-SECSSL-0T7202,184322.0,290.0,Mécanique,Inspection,15,30.0,,observée,30.0,0.0,7,5,0.36,Insuffisant,30.0,21.0,10919.0,8634.0,2285.0
SF01-PS-PS03-SECSSL-0T7202,184325.0,290.0,Mécanique,Inspection,4,174.7,,observée,174.7,7.5,7,2,0.67,Insuffisant,174.7,122.3,3317.0,2513.0,804.0
SF01-PS-PS03-SECSSL-0T7202-MOAC,183261.0,320.0,Mécanique,Autre,4,180.0,,observée,180.0,0.0,0,0,0.0,Adéquat,180.0,180.0,195.0,195.0,0.0
SF01-PS-PS03-SECSSL-0T7307,184332.0,290.0,Mécanique,Inspection,6,90.0,,observée,90.0,0.0,2,2,0.4,Insuffisant,90.0,63.0,4001.0,3136.0,865.0
SF01-PS-PS03-SECSSL-0T7307,184333.0,290.0,Mécanique,Inspection,4,174.7,,observée,174.7,7.7,2,2,0.67,Insuffisant,174.7,122.3,3317.0,2513.0,804.0
SF01-PS-PS03-SECSSL-0T7307,184335.0,350.0,Mécanique,Graissage,6,90.0,,observée,90.0,0.0,2,2,0.4,Insuffisant,90.0,63.0,4001.0,3136.0,865.0
SF01-PS-PS03-SECSSL-0T7307,184336.0,290.0,Mécanique,Inspection,28,15.6,,observée,15.6,2.9,2,2,0.07,Adéquat,15.6,15.6,5893.0,5893.0,0.0
SF01-PS-PS03-SECSSL-0T7307,184338.0,290.0,Mécanique,Inspection,16,28.1,,observée,28.1,7.2,2,2,0.13,Adéquat,28.1,28.1,5006.0,5006.0,0.0
SF01-PS-PS03-SECSSL-0T7307-MOAC,183266.0,320.0,Mécanique,Autre,4,180.7,,observée,180.7,0.9,3,1,0.33,Insuffisant,180.7,126.5,1678.0,1337.0,341.0
SF01-PS-PS03-SECSSL-CIRAIR,184368.0,290.0,Mécanique,Inspection,16,28.1,,observée,28.1,7.0,2,1,0.07,Adéquat,28.1,28.1,3271.0,3271.0,0.0
SF01-PS-PS03-SECSSL-CIRCDE,184369.0,290.0,Mécanique,Inspection,16,28.2,,observée,28.2,6.7,1,0,0.0,Adéquat,28.2,28.2,1243.0,1243.0,0.0
SF01-PS-PS03-SECSSL-CIRSOU,184370.0,290.0,Mécanique,Inspection,16,28.3,,observée,28.3,6.5,4,2,0.13,Adéquat,28.3,28.3,4971.0,4971.0,0.0
SF01-PS-PS03-SECSSL-CIRVAP,184371.0,290.0,Mécanique,Inspection,16,28.3,,observée,28.3,6.2,6,3,0.2,Insuffisant,28.3,19.8,6981.0,5871.0,1110.0
SF01-PS-PS03-SECSSL-COMMUN,184372.0,290.0,Mécanique,Inspection,16,28.4,,observée,28.4,6.0,2,1,0.07,Adéquat,28.4,28.4,3237.0,3237.0,0.0
SF01-PS-PS03-SECSSL-P7305A,184376.0,290.0,Mécanique,Inspection,29,14.9,,observée,14.9,1.3,7,7,0.25,Insuffisant,14.9,10.4,15986.0,13099.0,2887.0
SF01-PS-PS03-SECSSL-P7305A,184377.0,290.0,Mécanique,Inspection,15,29.8,,observée,29.8,1.2,7,6,0.43,Insuffisant,29.8,20.9,12901.0,10055.0,2846.0
SF01-PS-PS03-SECSSL-P7305A,184378.0,350.0,Mécanique,Graissage,60,7.0,,observée,7.0,2.3,7,7,0.12,Adéquat,7.0,7.0,18936.0,18936.0,0.0
SF01-PS-PS03-SECSSL-P7305A,184379.0,290.0,Mécanique,Inspection,60,7.0,,observée,7.0,2.0,7,7,0.12,Adéquat,7.0,7.0,18936.0,18936.0,0.0
SF01-PS-PS03-SECSSL-P7305A,184381.0,290.0,Mécanique,Inspection,4,174.7,,observée,174.7,7.7,7,2,0.67,Insuffisant,174.7,122.3,3317.0,2513.0,804.0
SF01-PS-PS03-SECSSL-P7305A-GMOT-0MOTEUR,211342.0,360.0,Électrique,Systématique,3,198.0,,observée,198.0,166.0,2,1,0.5,Insuffisant,198.0,138.6,2229.0,1719.0,510.0
SF01-PS-PS03-SECSSL-P7305A-GMOT-0MOTEUR,384319.0,310.0,Électrique,Inspection,3,28.0,,observée,28.0,0.0,2,0,0.0,Adéquat,28.0,28.0,1252.0,1252.0,0.0
SF01-PS-PS03-SECSSL-P7305A-GMOT-DEPARTM,211193.0,360.0,Électrique,Systématique,4,182.0,,observée,182.0,137.4,2,1,0.33,Insuffisant,182.0,127.4,1666.0,1327.0,338.0
SF01-PS-PS03-SECSSL-P7305A-GMOT-DEPARTM,213127.0,360.0,Électrique,Systématique,3,251.5,,observée,251.5,108.5,2,1,0.5,Insuffisant,251.5,176.0,1755.0,1353.0,402.0
SF01-PS-PS03-SECSSL-P7305B,184385.0,290.0,Mécanique,Inspection,29,14.8,,observée,14.8,2.0,21,6,0.21,Insuffisant,14.8,10.4,13898.0,11618.0,2279.0
SF01-PS-PS03-SECSSL-P7305B,184386.0,290.0,Mécanique,Inspection,16,28.5,,observée,28.5,5.5,21,4,0.27,Insuffisant,28.5,19.9,8928.0,7255.0,1672.0
SF01-PS-PS03-SECSSL-P7305B,184387.0,350.0,Mécanique,Graissage,60,7.0,,observée,7.0,2.0,21,6,0.1,Adéquat,7.0,7.0,16615.0,16615.0,0.0
SF01-PS-PS03-SECSSL-P7305B,184388.0,290.0,Mécanique,Inspection,59,7.1,,observée,7.1,2.3,21,6,0.1,Adéquat,7.1,7.1,16381.0,16381.0,0.0
SF01-PS-PS03-SECSSL-P7305B,184390.0,290.0,Mécanique,Inspection,4,174.7,,observée,174.7,7.7,21,3,1.0,Insuffisant,174.7,122.3,4852.0,3609.0,1243.0
SF01-PS-PS03-SECSSL-P7305B-GMOT-0MOTEUR,211343.0,360.0,Électrique,Systématique,3,182.0,,observée,182.0,0.0,3,2,1.0,Insuffisant,182.0,127.4,4657.0,3464.0,1193.0
SF01-PS-PS03-SECSSL-P7305B-GMOT-0MOTEUR,384320.0,310.0,Électrique,Inspection,3,28.0,,observée,28.0,0.0,3,1,0.5,Insuffisant,28.0,19.6,15762.0,12153.0,3609.0
SF01-PS-PS03-SECSSL-P7305B-GMOT-DEPARTM,211194.0,360.0,Électrique,Systématique,3,182.0,,observée,182.0,0.0,1,1,0.5,Insuffisant,182.0,127.4,2425.0,1870.0,555.0
SF01-PS-PS03-SECSSL-PALNFS,184407.0,290.0,Mécanique,Inspection,30,14.6,,observée,14.6,3.8,0,0,0.0,Trop fréquent,14.6,29.2,2400.0,1200.0,1200.0
SF01-PS-PS03-SECSSL-PALNFS,211510.0,310.0,Électrique,Inspection,16,28.2,,observée,28.2,8.2,0,0,0.0,Adéquat,28.2,28.2,1243.0,1243.0,0.0
SF01-PS-PS03-SECSSL-PALNFS,211511.0,360.0,Électrique,Systématique,29,14.6,,observée,14.6,3.9,0,0,0.0,Trop fréquent,14.6,29.2,2400.0,1200.0,1200.0
SF01-PS-PS03-SECSSL-PALNFS,211513.0,360.0,Électrique,Systématique,8,60.0,,observée,60.0,30.1,0,0,0.0,Adéquat,60.0,60.0,584.0,584.0,0.0
SF01-PS-PS03-SECSSL-PALNFS,213443.0,290.0,Mécanique,Inspection,11,32.0,,observée,32.0,6.8,0,0,0.0,Adéquat,32.0,32.0,1095.0,1095.0,0.0
SF01-PS-PS03-SECSSL-PALNFS,213444.0,360.0,Électrique,Systématique,21,18.4,,observée,18.4,9.8,0,0,0.0,Trop fréquent,18.4,36.8,1905.0,952.0,952.0
SF01-PS-PS03-SECSSL-PALNFS,213446.0,350.0,Électrique,Graissage,6,60.0,,observée,60.0,0.0,0,0,0.0,Adéquat,60.0,60.0,584.0,584.0,0.0
SF01-PS-PS03-SECVAP-0D7301,184428.0,290.0,Mécanique,Inspection,16,28.6,,observée,28.6,9.1,1,0,0.0,Adéquat,28.6,28.6,1225.0,1225.0,0.0
SF01-PS-PS03-SECVAP-0D7301-MOAC,183227.0,320.0,Mécanique,Autre,4,180.0,,observée,180.0,0.0,0,0,0.0,Adéquat,180.0,180.0,195.0,195.0,0.0
SF01-PS-PS03-SECVAP-0D7302,184438.0,290.0,Mécanique,Inspection,16,28.7,,observée,28.7,8.9,0,0,0.0,Adéquat,28.7,28.7,1221.0,1221.0,0.0
SF01-PS-PS03-SECVAP-0D7302-MOAC,183228.0,320.0,Mécanique,Autre,4,180.0,,observée,180.0,0.0,0,0,0.0,Adéquat,180.0,180.0,195.0,195.0,0.0
SF01-PS-PS03-SECVAP-0H7301,184461.0,290.0,Mécanique,Inspection,16,28.7,,observée,28.7,8.4,14,6,0.4,Insuffisant,28.7,20.1,12546.0,9834.0,2712.0
SF01-PS-PS03-SECVAP-0H7301-MOAC,183242.0,320.0,Mécanique,Autre,4,180.0,,observée,180.0,0.0,0,0,0.0,Adéquat,180.0,180.0,195.0,195.0,0.0
SF01-PS-PS03-SECVAP-0H7301-STEX-P7106,184848.0,350.0,Mécanique,Graissage,15,29.9,,observée,29.9,0.5,0,0,0.0,Adéquat,29.9,29.9,1172.0,1172.0,0.0
SF01-PS-PS03-SECVAP-0H7302,184467.0,290.0,Mécanique,Inspection,16,28.8,,observée,28.8,8.0,7,2,0.13,Adéquat,28.8,28.8,4885.0,4885.0,0.0
SF01-PS-PS03-SECVAP-0H7302-MOAC,183243.0,320.0,Mécanique,Autre,4,180.3,,observée,180.3,0.5,0,0,0.0,Adéquat,180.3,180.3,194.0,194.0,0.0
SF01-PS-PS03-SECVAP-0T7301,184477.0,290.0,Mécanique,Inspection,16,28.9,,observée,28.9,7.5,1,1,0.07,Adéquat,28.9,28.9,3181.0,3181.0,0.0
SF01-PS-PS03-SECVAP-0T7301-MOAC,183262.0,320.0,Mécanique,Autre,4,180.0,,observée,180.0,0.0,0,0,0.0,Adéquat,180.0,180.0,195.0,195.0,0.0
SF01-PS-PS03-SECVAP-0T7303,184478.0,290.0,Mécanique,Inspection,16,28.9,,observée,28.9,6.8,0,0,0.0,Adéquat,28.9,28.9,1213.0,1213.0,0.0
SF01-PS-PS03-SECVAP-0T7303-MOAC,183263.0,320.0,Mécanique,Autre,4,180.7,,observée,180.7,0.9,0,0,0.0,Adéquat,180.7,180.7,194.0,194.0,0.0
SF01-PS-PS03-SECVAP-0T7304,184479.0,290.0,Mécanique,Inspection,16,29.0,,observée,29.0,6.5,0,0,0.0,Adéquat,29.0,29.0,1208.0,1208.0,0.0
SF01-PS-PS03-SECVAP-0T7304-MOAC,183264.0,320.0,Mécanique,Autre,4,175.3,,observée,175.3,6.6,0,0,0.0,Adéquat,175.3,175.3,200.0,200.0,0.0
SF01-PS-PS03-SECVAP-COMMUN,184492.0,290.0,Mécanique,Inspection,16,29.1,,observée,29.1,6.2,4,4,0.27,Insuffisant,29.1,20.4,8744.0,7106.0,1638.0
SF01-PS-PS04,214299.0,350.0,Électrique,Graissage,5,96.0,,observée,96.0,39.8,358,4,1.0,Insuffisant,96.0,67.2,8829.0,6568.0,2262.0
SF01-PS-PS04,214300.0,290.0,Électrique,Inspection,5,83.8,,observée,83.8,12.6,358,4,1.0,Insuffisant,83.8,58.7,10115.0,7524.0,2591.0
SF01-PS-PS04,214301.0,290.0,Électrique,Inspection,5,83.8,,observée,83.8,12.6,358,4,1.0,Insuffisant,83.8,58.7,10115.0,7524.0,2591.0
SF01-PS-PS04,214302.0,290.0,Électrique,Inspection,5,83.8,,observée,83.8,12.6,358,4,1.0,Insuffisant,83.8,58.7,10115.0,7524.0,2591.0
SF01-PS-PS04,214303.0,290.0,Électrique,Inspection,14,25.9,,observée,25.9,11.7,358,13,1.0,Insuffisant,25.9,18.1,32727.0,24343.0,8384.0
SF01-PS-PS04,214304.0,290.0,Électrique,Inspection,39,8.3,,observée,8.3,5.5,358,26,0.68,Insuffisant,8.3,5.8,70795.0,53584.0,17211.0
SF01-PS-PS04-FACIEL,214305.0,290.0,Électrique,Inspection,5,83.8,,observée,83.8,9.4,2,1,0.25,Insuffisant,83.8,58.7,2842.0,2329.0,513.0
SF01-PS-PS04-FACIEL-ECLRGE,214306.0,310.0,Électrique,Inspection,5,83.8,,observée,83.8,12.6,3,1,0.25,Insuffisant,83.8,58.7,2842.0,2329.0,513.0
SF01-PS-PS04-FACIEL-ECLRGE,214307.0,310.0,Électrique,Inspection,5,83.8,,observée,83.8,12.6,3,1,0.25,Insuffisant,83.8,58.7,2842.0,2329.0,513.0
SF01-PS-PS04-POSTBT,214308.0,360.0,Électrique,Systématique,13,36.0,,observée,36.0,22.3,0,0,0.0,Adéquat,36.0,36.0,973.0,973.0,0.0
SF01-PS-PS04-POSTBT,214309.0,290.0,Électrique,Inspection,5,83.8,,observée,83.8,12.6,0,0,0.0,Adéquat,83.8,83.8,418.0,418.0,0.0
SF01-PS-PS04-POSTBT,387671.0,310.0,Électrique,Inspection,8,6.6,,observée,6.6,1.9,0,0,0.0,Trop fréquent,6.6,13.2,5310.0,2655.0,2655.0
SF01-PS-PS04-POSTBT,387931.0,360.0,Électrique,Systématique,3,21.5,,observée,21.5,6.5,0,0,0.0,Adéquat,21.5,21.5,1630.0,1630.0,0.0
SF01-PS-PS04-POSTBT-F831AD,214310.0,360.0,Électrique,Systématique,3,165.0,,observée,165.0,109.0,0,0,0.0,Adéquat,165.0,165.0,212.0,212.0,0.0
SF01-PS-PS04-POSTBT-F831AD,214311.0,290.0,Électrique,Inspection,5,83.8,,observée,83.8,12.6,0,0,0.0,Adéquat,83.8,83.8,418.0,418.0,0.0
SF01-PS-PS04-POSTBT-F831AD,214312.0,290.0,Électrique,Inspection,13,28.1,,observée,28.1,11.1,0,0,0.0,Adéquat,28.1,28.1,1247.0,1247.0,0.0
SF01-PS-PS04-POSTBT-PFCWC1,214313.0,290.0,Électrique,Inspection,14,25.9,,observée,25.9,11.5,0,0,0.0,Adéquat,25.9,25.9,1353.0,1353.0,0.0
SF01-PS-PS04-POSTBT-PFCWC2,214314.0,290.0,Électrique,Inspection,13,28.1,,observée,28.1,12.0,0,0,0.0,Adéquat,28.1,28.1,1247.0,1247.0,0.0
SF01-PS-PS04-POSTBT-TBTRB2,214315.0,360.0,Électrique,Systématique,3,168.0,,observée,168.0,111.0,0,0,0.0,Adéquat,168.0,168.0,209.0,209.0,0.0
SF01-PS-PS04-POSTBT-TBTRB2,214316.0,290.0,Électrique,Inspection,5,83.8,,observée,83.8,12.6,0,0,0.0,Adéquat,83.8,83.8,418.0,418.0,0.0
SF01-PS-PS04-POSTBT-TBTRB2,214317.0,290.0,Électrique,Inspection,13,36.6,,observée,36.6,22.5,0,0,0.0,Adéquat,36.6,36.6,958.0,958.0,0.0
SF01-PS-PS04-POSTBT-TBTWC1,214325.0,290.0,Électrique,Inspection,13,28.1,,observée,28.1,11.1,1,1,0.08,Adéquat,28.1,28.1,3561.0,3561.0,0.0
SF01-PS-PS04-POSTBT-TBTWC1,387772.0,310.0,Électrique,Inspection,3,18.5,,observée,18.5,9.5,1,0,0.0,Trop fréquent,18.5,37.0,1894.0,947.0,947.0
SF01-PS-PS04-POSTBT-TBTWC2,214332.0,290.0,Électrique,Inspection,14,32.7,,observée,32.7,21.4,0,0,0.0,Adéquat,32.7,32.7,1072.0,1072.0,0.0
SF01-PS-PS04-POSTBT-TBTWC2,387773.0,310.0,Électrique,Inspection,3,18.0,,observée,18.0,10.0,0,0,0.0,Trop fréquent,18.0,36.0,1947.0,973.0,973.0
SF01-PS-PS04-POSTMT,214334.0,360.0,Électrique,Systématique,13,27.7,,observée,27.7,8.0,1,0,0.0,Adéquat,27.7,27.7,1265.0,1265.0,0.0
SF01-PS-PS04-POSTMT,387672.0,310.0,Électrique,Inspection,8,6.6,,observée,6.6,1.9,1,0,0.0,Trop fréquent,6.6,13.2,5310.0,2655.0,2655.0
SF01-PS-PS04-POSTMT,387932.0,360.0,Électrique,Systématique,3,21.5,,observée,21.5,6.5,1,0,0.0,Adéquat,21.5,21.5,1630.0,1630.0,0.0
SF01-PS-PS04-POSTMT-00TGMT,214344.0,290.0,Électrique,Inspection,5,83.8,,observée,83.8,12.6,0,0,0.0,Adéquat,83.8,83.8,418.0,418.0,0.0
SF01-PS-PS04-POSTMT-00TGMT,214345.0,290.0,Électrique,Inspection,13,28.1,,observée,28.1,15.6,0,0,0.0,Adéquat,28.1,28.1,1247.0,1247.0,0.0
SF01-PS-PS04-POSTMT-00TGMT-DTR1,214338.0,360.0,Électrique,Systématique,3,168.5,,observée,168.5,83.5,0,0,0.0,Adéquat,168.5,168.5,208.0,208.0,0.0
SF01-PS-PS04-POSTMT-00TGMT-DTR2,214339.0,360.0,Électrique,Systématique,3,165.0,,observée,165.0,80.0,0,0,0.0,Adéquat,165.0,165.0,212.0,212.0,0.0
SF01-PS-PS04-POSTMT-00TGMT-DTR3,214340.0,360.0,Électrique,Systématique,3,165.0,,observée,165.0,80.0,0,0,0.0,Adéquat,165.0,165.0,212.0,212.0,0.0
SF01-PS-PS04-POSTMT-00TGMT-DTR4,214341.0,360.0,Électrique,Systématique,3,165.0,,observée,165.0,80.0,0,0,0.0,Adéquat,165.0,165.0,212.0,212.0,0.0
SF01-PS-PS04-POSTMT-P832TB,214347.0,360.0,Électrique,Systématique,5,83.0,,observée,83.0,15.0,0,0,0.0,Adéquat,83.0,83.0,422.0,422.0,0.0
SF01-PS-PS04-POSTMT-P832TB,214348.0,290.0,Électrique,Inspection,14,25.9,,observée,25.9,11.5,0,0,0.0,Adéquat,25.9,25.9,1353.0,1353.0,0.0
SF01-PS-PS04-POSTMT-TBTRB1,214350.0,360.0,Électrique,Systématique,3,165.0,,observée,165.0,108.0,0,0,0.0,Adéquat,165.0,165.0,212.0,212.0,0.0
SF01-PS-PS04-POSTMT-TBTRB1,214351.0,290.0,Électrique,Inspection,13,28.1,,observée,28.1,7.6,0,0,0.0,Adéquat,28.1,28.1,1247.0,1247.0,0.0
SF01-PS-PS04-POSTMT-TMTRTU,214352.0,360.0,Électrique,Systématique,3,165.0,,observée,165.0,108.0,0,0,0.0,Adéquat,165.0,165.0,212.0,212.0,0.0
SF01-PS-PS04-POSTMT-TMTRTU,214353.0,290.0,Électrique,Inspection,13,28.4,,observée,28.4,13.1,0,0,0.0,Adéquat,28.4,28.4,1234.0,1234.0,0.0
SF01-PS-PS04-PSTAUX,387673.0,310.0,Électrique,Inspection,6,16.0,,observée,16.0,11.6,0,0,0.0,Trop fréquent,16.0,32.0,2190.0,1095.0,1095.0
SF01-PS-PS04-PSTAUX,387933.0,360.0,Électrique,Systématique,3,21.5,,observée,21.5,6.5,0,0,0.0,Adéquat,21.5,21.5,1630.0,1630.0,0.0
SF01-PS-PS04-PSTAUX-CFCCTV,214354.0,310.0,Électrique,Inspection,5,83.8,,observée,83.8,12.6,0,0,0.0,Adéquat,83.8,83.8,418.0,418.0,0.0
SF01-PS-PS04-PSTAUX-CFELBT,214355.0,310.0,Électrique,Inspection,5,83.8,,observée,83.8,12.6,0,0,0.0,Adéquat,83.8,83.8,418.0,418.0,0.0
SF01-PS-PS04-PSTAUX-CFELBT,214356.0,310.0,Électrique,Inspection,5,83.8,,observée,83.8,12.6,0,0,0.0,Adéquat,83.8,83.8,418.0,418.0,0.0
SF01-PS-PS04-PSTAUX-CFELBT,214357.0,310.0,Électrique,Inspection,5,83.8,,observée,83.8,12.6,0,0,0.0,Adéquat,83.8,83.8,418.0,418.0,0.0
SF01-PS-PS04-PSTAUX-CFELBT,214358.0,310.0,Électrique,Inspection,5,83.8,,observée,83.8,12.6,0,0,0.0,Adéquat,83.8,83.8,418.0,418.0,0.0
SF01-PS-PS04-PSTAUX-CFHVAC,214359.0,310.0,Électrique,Inspection,5,83.8,,observée,83.8,12.6,0,0,0.0,Adéquat,83.8,83.8,418.0,418.0,0.0
SF01-PS-PS04-PSTAUX-CFPINC,214360.0,310.0,Électrique,Inspection,5,83.8,,observée,83.8,12.6,0,0,0.0,Adéquat,83.8,83.8,418.0,418.0,0.0
SF01-PS-PS04-PSTBAT,387674.0,310.0,Électrique,Inspection,8,6.6,,observée,6.6,1.9,0,0,0.0,Trop fréquent,6.6,13.2,5310.0,2655.0,2655.0
SF01-PS-PS04-PSTBAT,387934.0,360.0,Électrique,Systématique,3,18.0,,observée,18.0,10.0,0,0,0.0,Trop fréquent,18.0,36.0,1947.0,973.0,973.0
SF01-PS-PS04-PSTGEL,214361.0,290.0,Électrique,Inspection,13,28.1,,observée,28.1,7.6,1,1,0.08,Adéquat,28.1,28.1,3561.0,3561.0,0.0
SF01-PS-PS04-PSTGEL,214362.0,290.0,Électrique,Inspection,39,9.2,,observée,9.2,6.9,1,1,0.03,Adéquat,9.2,9.2,6459.0,6459.0,0.0
SF01-PS-PS04-PSTTR1-TRMTBT,214363.0,290.0,Électrique,Inspection,13,28.1,,observée,28.1,7.6,0,0,0.0,Adéquat,28.1,28.1,1247.0,1247.0,0.0
SF01-PS-PS04-PSTTR2-TRMTBT,214364.0,290.0,Électrique,Inspection,13,28.1,,observée,28.1,7.6,0,0,0.0,Adéquat,28.1,28.1,1247.0,1247.0,0.0
SF01-PS-PS04-PSTTR3-TRMTBT,214365.0,290.0,Électrique,Inspection,13,28.1,,observée,28.1,7.6,0,0,0.0,Adéquat,28.1,28.1,1247.0,1247.0,0.0
SF01-PS-PS04-PSTTR4-TRMTBT,214366.0,290.0,Électrique,Inspection,13,28.1,,observée,28.1,7.6,0,0,0.0,Adéquat,28.1,28.1,1247.0,1247.0,0.0
SF01-PS-PS04-SECACI-0C8302,183380.0,290.0,Mécanique,Inspection,16,29.1,,observée,29.1,6.4,7,4,0.27,Insuffisant,29.1,20.4,8744.0,7106.0,1638.0
SF01-PS-PS04-SECACI-0C8302,183384.0,290.0,Mécanique,Inspection,4,175.3,,observée,175.3,6.6,7,2,0.67,Insuffisant,175.3,122.7,3306.0,2504.0,802.0
SF01-PS-PS04-SECACI-0C8302-MOAC,183185.0,320.0,Mécanique,Autre,4,178.7,,observée,178.7,1.9,0,0,0.0,Adéquat,178.7,178.7,196.0,196.0,0.0
SF01-PS-PS04-SECACI-0C8303,183387.0,290.0,Mécanique,Inspection,16,29.1,,observée,29.1,6.9,0,0,0.0,Adéquat,29.1,29.1,1204.0,1204.0,0.0
SF01-PS-PS04-SECACI-0C8303,183391.0,290.0,Mécanique,Inspection,4,175.3,,observée,175.3,6.6,0,0,0.0,Adéquat,175.3,175.3,200.0,200.0,0.0
SF01-PS-PS04-SECACI-0C8304,183394.0,290.0,Mécanique,Inspection,16,29.1,,observée,29.1,6.4,4,2,0.13,Adéquat,29.1,29.1,4834.0,4834.0,0.0
SF01-PS-PS04-SECACI-0C8304,183397.0,290.0,Mécanique,Inspection,4,175.3,,observée,175.3,6.6,4,2,0.67,Insuffisant,175.3,122.7,3306.0,2504.0,802.0
SF01-PS-PS04-SECACI-0C8304-MOAC,183186.0,320.0,Mécanique,Autre,4,178.7,,observée,178.7,1.9,0,0,0.0,Adéquat,178.7,178.7,196.0,196.0,0.0
SF01-PS-PS04-SECACI-0E8301,183433.0,290.0,Mécanique,Inspection,16,29.1,,observée,29.1,6.4,16,6,0.4,Insuffisant,29.1,20.4,12374.0,9699.0,2675.0
SF01-PS-PS04-SECACI-0E8302,183439.0,290.0,Mécanique,Inspection,16,29.1,,observée,29.1,6.4,2,1,0.07,Adéquat,29.1,29.1,3159.0,3159.0,0.0
SF01-PS-PS04-SECACI-0E8303,183445.0,290.0,Mécanique,Inspection,16,29.1,,observée,29.1,6.4,5,2,0.13,Adéquat,29.1,29.1,4834.0,4834.0,0.0
SF01-PS-PS04-SECACI-0E8304,183451.0,290.0,Mécanique,Inspection,16,29.1,,observée,29.1,6.4,26,6,0.4,Insuffisant,29.1,20.4,12374.0,9699.0,2675.0
SF01-PS-PS04-SECACI-0E8306,183457.0,290.0,Mécanique,Inspection,16,29.1,,observée,29.1,6.4,9,3,0.2,Insuffisant,29.1,20.4,6789.0,5710.0,1080.0
SF01-PS-PS04-SECACI-0E8307,183463.0,290.0,Mécanique,Inspection,16,29.1,,observée,29.1,6.4,8,3,0.2,Insuffisant,29.1,20.4,6789.0,5710.0,1080.0
SF01-PS-PS04-SECACI-0E8330,183467.0,290.0,Mécanique,Inspection,16,29.1,,observée,29.1,6.4,0,0,0.0,Adéquat,29.1,29.1,1204.0,1204.0,0.0
SF01-PS-PS04-SECACI-0M8301,183483.0,290.0,Mécanique,Inspection,16,29.1,,observée,29.1,6.9,6,3,0.2,Insuffisant,29.1,20.4,6789.0,5710.0,1080.0
SF01-PS-PS04-SECACI-0M8302,183486.0,290.0,Mécanique,Inspection,16,29.1,,observée,29.1,6.9,0,0,0.0,Adéquat,29.1,29.1,1204.0,1204.0,0.0
SF01-PS-PS04-SECACI-0M8303,183489.0,290.0,Mécanique,Inspection,16,29.1,,observée,29.1,6.9,4,1,0.07,Adéquat,29.1,29.1,3159.0,3159.0,0.0
SF01-PS-PS04-SECACI-0P8301,183542.0,310.0,Mécanique,Inspection,4,175.3,,observée,175.3,6.8,5,2,0.67,Insuffisant,175.3,122.7,3306.0,2504.0,802.0
SF01-PS-PS04-SECACI-0P8301,183543.0,310.0,Mécanique,Inspection,4,175.3,,observée,175.3,6.8,5,2,0.67,Insuffisant,175.3,122.7,3306.0,2504.0,802.0
SF01-PS-PS04-SECACI-0P8301,183544.0,350.0,Mécanique,Graissage,6,90.0,,observée,90.0,3.2,5,1,0.2,Insuffisant,90.0,63.0,2195.0,1846.0,349.0
SF01-PS-PS04-SECACI-0P8301,183545.0,290.0,Mécanique,Inspection,59,7.2,,observée,7.2,2.1,5,3,0.05,Adéquat,7.2,7.2,10510.0,10510.0,0.0
SF01-PS-PS04-SECACI-0P8301,183546.0,290.0,Mécanique,Inspection,60,7.1,,observée,7.1,1.2,5,3,0.05,Adéquat,7.1,7.1,10658.0,10658.0,0.0
SF01-PS-PS04-SECACI-0P8301-GMOT,214367.0,310.0,Électrique,Inspection,3,165.0,,observée,165.0,10.0,0,0,0.0,Adéquat,165.0,165.0,212.0,212.0,0.0
SF01-PS-PS04-SECACI-0P8301-GMOT,214368.0,360.0,Électrique,Systématique,3,165.0,,observée,165.0,80.0,0,0,0.0,Adéquat,165.0,165.0,212.0,212.0,0.0
SF01-PS-PS04-SECACI-0P8301-GMOT,214369.0,360.0,Électrique,Systématique,3,165.0,,observée,165.0,80.0,0,0,0.0,Adéquat,165.0,165.0,212.0,212.0,0.0
SF01-PS-PS04-SECACI-0P8301-GMOT-MOTEUBT,387675.0,310.0,Électrique,Inspection,3,19.5,,observée,19.5,8.5,1,0,0.0,Trop fréquent,19.5,39.0,1797.0,899.0,899.0
SF01-PS-PS04-SECACI-0P8302,183550.0,310.0,Mécanique,Inspection,4,175.3,,observée,175.3,6.8,0,0,0.0,Adéquat,175.3,175.3,200.0,200.0,0.0
SF01-PS-PS04-SECACI-0P8302,183551.0,310.0,Mécanique,Inspection,4,175.3,,observée,175.3,6.8,0,0,0.0,Adéquat,175.3,175.3,200.0,200.0,0.0
SF01-PS-PS04-SECACI-0P8302,183552.0,290.0,Mécanique,Inspection,59,7.2,,observée,7.2,2.1,0,0,0.0,Trop fréquent,7.2,14.4,4867.0,2434.0,2434.0
SF01-PS-PS04-SECACI-0P8302,183553.0,350.0,Mécanique,Graissage,6,90.0,,observée,90.0,3.2,0,0,0.0,Adéquat,90.0,90.0,389.0,389.0,0.0
SF01-PS-PS04-SECACI-0P8302,183554.0,290.0,Mécanique,Inspection,60,7.1,,observée,7.1,1.3,0,0,0.0,Trop fréquent,7.1,14.2,4936.0,2468.0,2468.0
SF01-PS-PS04-SECACI-0P8302-GMOT,214372.0,360.0,Électrique,Systématique,5,83.8,,observée,83.8,12.6,8,1,0.25,Insuffisant,83.8,58.7,2842.0,2329.0,513.0
SF01-PS-PS04-SECACI-0P8302-GMOT,214373.0,360.0,Électrique,Systématique,3,165.0,,observée,165.0,80.0,8,1,0.5,Insuffisant,165.0,115.5,2675.0,2062.0,613.0
SF01-PS-PS04-SECACI-0P8302-GMOT,214374.0,350.0,Électrique,Graissage,3,165.0,,observée,165.0,17.0,8,1,0.5,Insuffisant,165.0,115.5,2675.0,2062.0,613.0
SF01-PS-PS04-SECACI-0P8302-GMOT,214375.0,290.0,Électrique,Inspection,5,83.8,,observée,83.8,12.6,8,1,0.25,Insuffisant,83.8,58.7,2842.0,2329.0,513.0
SF01-PS-PS04-SECACI-0P8302-GMOT-MOTEUMT,387740.0,310.0,Électrique,Inspection,3,21.5,,observée,21.5,6.5,0,0,0.0,Adéquat,21.5,21.5,1630.0,1630.0,0.0
SF01-PS-PS04-SECACI-0P8303,183560.0,310.0,Mécanique,Inspection,4,174.7,,observée,174.7,7.7,1,1,0.33,Insuffisant,174.7,122.3,1736.0,1383.0,353.0
SF01-PS-PS04-SECACI-0P8303,183561.0,310.0,Mécanique,Inspection,4,174.7,,observée,174.7,7.7,1,1,0.33,Insuffisant,174.7,122.3,1736.0,1383.0,353.0
SF01-PS-PS04-SECACI-0P8303,183562.0,350.0,Mécanique,Graissage,6,90.0,,observée,90.0,3.2,1,1,0.2,Insuffisant,90.0,63.0,2195.0,1846.0,349.0
SF01-PS-PS04-SECACI-0P8303,183563.0,290.0,Mécanique,Inspection,59,7.2,,observée,7.2,2.2,1,1,0.02,Adéquat,7.2,7.2,7125.0,7125.0,0.0
SF01-PS-PS04-SECACI-0P8303,183564.0,290.0,Mécanique,Inspection,60,7.1,,observée,7.1,1.3,1,1,0.02,Adéquat,7.1,7.1,7225.0,7225.0,0.0
SF01-PS-PS04-SECACI-0P8303-GMOT,214377.0,310.0,Électrique,Inspection,3,165.0,,observée,165.0,10.0,0,0,0.0,Adéquat,165.0,165.0,212.0,212.0,0.0
SF01-PS-PS04-SECACI-0P8303-GMOT,214378.0,360.0,Électrique,Systématique,3,165.0,,observée,165.0,10.0,0,0,0.0,Adéquat,165.0,165.0,212.0,212.0,0.0
SF01-PS-PS04-SECACI-0P8303-GMOT,214379.0,360.0,Électrique,Systématique,3,165.0,,observée,165.0,10.0,0,0,0.0,Adéquat,165.0,165.0,212.0,212.0,0.0
SF01-PS-PS04-SECACI-0P8303-GMOT-MOTEUBT,387676.0,310.0,Électrique,Inspection,3,19.5,,observée,19.5,8.5,1,0,0.0,Trop fréquent,19.5,39.0,1797.0,899.0,899.0
SF01-PS-PS04-SECACI-0P8304,183568.0,310.0,Mécanique,Inspection,4,174.7,,observée,174.7,7.7,2,0,0.0,Adéquat,174.7,174.7,201.0,201.0,0.0
SF01-PS-PS04-SECACI-0P8304,183569.0,310.0,Mécanique,Inspection,4,174.7,,observée,174.7,7.7,2,0,0.0,Adéquat,174.7,174.7,201.0,201.0,0.0
SF01-PS-PS04-SECACI-0P8304,183570.0,350.0,Mécanique,Graissage,6,90.0,,observée,90.0,3.2,2,0,0.0,Adéquat,90.0,90.0,389.0,389.0,0.0
SF01-PS-PS04-SECACI-0P8304,183571.0,290.0,Mécanique,Inspection,59,7.2,,observée,7.2,2.2,2,0,0.0,Trop fréquent,7.2,14.4,4867.0,2434.0,2434.0
SF01-PS-PS04-SECACI-0P8304,183572.0,290.0,Mécanique,Inspection,60,7.1,,observée,7.1,1.3,2,0,0.0,Trop fréquent,7.1,14.2,4936.0,2468.0,2468.0
SF01-PS-PS04-SECACI-0P8304-GMOT,214381.0,360.0,Électrique,Systématique,3,165.0,,observée,165.0,10.0,0,0,0.0,Adéquat,165.0,165.0,212.0,212.0,0.0
SF01-PS-PS04-SECACI-0P8304-GMOT,214382.0,360.0,Électrique,Systématique,3,165.0,,observée,165.0,10.0,0,0,0.0,Adéquat,165.0,165.0,212.0,212.0,0.0
SF01-PS-PS04-SECACI-0P8304-GMOT-MOTEUBT,387677.0,310.0,Électrique,Inspection,3,19.5,,observée,19.5,8.5,0,0,0.0,Trop fréquent,19.5,39.0,1797.0,899.0,899.0
SF01-PS-PS04-SECACI-0P8315,183574.0,310.0,Mécanique,Inspection,4,174.7,,observée,174.7,7.7,16,2,0.67,Insuffisant,174.7,122.3,3317.0,2513.0,804.0
SF01-PS-PS04-SECACI-0P8315,183575.0,290.0,Mécanique,Inspection,16,29.0,,observée,29.0,6.6,16,6,0.4,Insuffisant,29.0,20.3,12417.0,9732.0,2684.0
SF01-PS-PS04-SECACI-0P8315,183576.0,310.0,Mécanique,Inspection,4,174.7,,observée,174.7,7.5,16,2,0.67,Insuffisant,174.7,122.3,3317.0,2513.0,804.0
SF01-PS-PS04-SECACI-0P8315,183577.0,350.0,Mécanique,Graissage,5,113.5,,observée,113.5,28.6,16,3,0.75,Insuffisant,113.5,79.4,5678.0,4276.0,1402.0
SF01-PS-PS04-SECACI-0P8315,183581.0,310.0,Mécanique,Inspection,4,174.7,,observée,174.7,7.7,16,2,0.67,Insuffisant,174.7,122.3,3317.0,2513.0,804.0
SF01-PS-PS04-SECACI-0P8315-GMOT,214384.0,360.0,Électrique,Systématique,3,165.0,,observée,165.0,10.0,0,0,0.0,Adéquat,165.0,165.0,212.0,212.0,0.0
SF01-PS-PS04-SECACI-0P8315-GMOT,214385.0,360.0,Électrique,Systématique,3,165.0,,observée,165.0,10.0,0,0,0.0,Adéquat,165.0,165.0,212.0,212.0,0.0
SF01-PS-PS04-SECACI-0P8315-GMOT-MOTEUBT,387678.0,310.0,Électrique,Inspection,3,19.5,,observée,19.5,8.5,0,0,0.0,Trop fréquent,19.5,39.0,1797.0,899.0,899.0
SF01-PS-PS04-SECACI-0T8301,183584.0,290.0,Mécanique,Inspection,16,29.0,,observée,29.0,6.6,6,3,0.2,Insuffisant,29.0,20.3,6812.0,5729.0,1083.0
SF01-PS-PS04-SECACI-0T8301-MOAC,183272.0,320.0,Mécanique,Autre,4,175.3,,observée,175.3,6.6,0,0,0.0,Adéquat,175.3,175.3,200.0,200.0,0.0
SF01-PS-PS04-SECACI-0T8302,183590.0,290.0,Mécanique,Inspection,16,29.0,,observée,29.0,6.6,3,2,0.13,Adéquat,29.0,29.0,4851.0,4851.0,0.0
SF01-PS-PS04-SECACI-0T8302-MOAC,183273.0,320.0,Mécanique,Autre,4,175.3,,observée,175.3,6.6,0,0,0.0,Adéquat,175.3,175.3,200.0,200.0,0.0
SF01-PS-PS04-SECACI-0T8303,183596.0,290.0,Mécanique,Inspection,16,29.0,,observée,29.0,6.6,1,1,0.07,Adéquat,29.0,29.0,3170.0,3170.0,0.0
SF01-PS-PS04-SECACI-0T8401,183602.0,290.0,Mécanique,Inspection,16,29.0,,observée,29.0,6.6,8,5,0.33,Insuffisant,29.0,20.3,10455.0,8331.0,2124.0
SF01-PS-PS04-SECACI-0T8401,183606.0,290.0,Mécanique,Inspection,4,174.7,,observée,174.7,7.5,8,2,0.67,Insuffisant,174.7,122.3,3317.0,2513.0,804.0
SF01-PS-PS04-SECACI-0T8401-MOAC,183281.0,320.0,Mécanique,Autre,4,175.3,,observée,175.3,6.6,0,0,0.0,Adéquat,175.3,175.3,200.0,200.0,0.0
SF01-PS-PS04-SECACI-0T8402,183610.0,290.0,Mécanique,Inspection,16,29.0,,observée,29.0,6.6,2,1,0.07,Adéquat,29.0,29.0,3170.0,3170.0,0.0
SF01-PS-PS04-SECACI-0T8402,183614.0,290.0,Mécanique,Inspection,4,174.7,,observée,174.7,7.5,2,1,0.33,Insuffisant,174.7,122.3,1736.0,1383.0,353.0
SF01-PS-PS04-SECACI-0T8402-MOAC,183282.0,320.0,Mécanique,Autre,4,175.3,,observée,175.3,6.6,0,0,0.0,Adéquat,175.3,175.3,200.0,200.0,0.0
SF01-PS-PS04-SECACI-P8316A,183627.0,310.0,Mécanique,Inspection,4,175.3,,observée,175.3,6.8,2,1,0.33,Insuffisant,175.3,122.7,1730.0,1378.0,351.0
SF01-PS-PS04-SECACI-P8316A,183628.0,290.0,Mécanique,Inspection,59,7.2,,observée,7.2,2.2,2,1,0.02,Adéquat,7.2,7.2,7125.0,7125.0,0.0
SF01-PS-PS04-SECACI-P8316A,183629.0,290.0,Mécanique,Inspection,60,7.1,,observée,7.1,1.2,2,1,0.02,Adéquat,7.1,7.1,7225.0,7225.0,0.0
SF01-PS-PS04-SECACI-P8316A,183632.0,350.0,Mécanique,Graissage,5,104.2,,observée,104.2,35.9,2,1,0.25,Insuffisant,104.2,72.9,2286.0,1873.0,413.0
SF01-PS-PS04-SECACI-P8316A,183634.0,310.0,Mécanique,Inspection,4,175.3,,observée,175.3,6.8,2,1,0.33,Insuffisant,175.3,122.7,1730.0,1378.0,351.0
SF01-PS-PS04-SECACI-P8316A-GMOT,214387.0,360.0,Électrique,Systématique,3,165.0,,observée,165.0,10.0,1,1,0.5,Insuffisant,165.0,115.5,2675.0,2062.0,613.0
SF01-PS-PS04-SECACI-P8316A-GMOT,214388.0,360.0,Électrique,Systématique,3,165.0,,observée,165.0,10.0,1,1,0.5,Insuffisant,165.0,115.5,2675.0,2062.0,613.0
SF01-PS-PS04-SECACI-P8316A-GMOT-MOTEUBT,387679.0,310.0,Électrique,Inspection,3,19.5,,observée,19.5,8.5,0,0,0.0,Trop fréquent,19.5,39.0,1797.0,899.0,899.0
SF01-PS-PS04-SECACI-P8316B,183635.0,310.0,Mécanique,Inspection,4,175.3,,observée,175.3,6.8,4,1,0.33,Insuffisant,175.3,122.7,1730.0,1378.0,351.0
SF01-PS-PS04-SECACI-P8316B,183636.0,290.0,Mécanique,Inspection,59,7.2,,observée,7.2,2.1,4,2,0.03,Adéquat,7.2,7.2,8253.0,8253.0,0.0
SF01-PS-PS04-SECACI-P8316B,183637.0,290.0,Mécanique,Inspection,60,7.1,,observée,7.1,1.2,4,2,0.03,Adéquat,7.1,7.1,8369.0,8369.0,0.0
SF01-PS-PS04-SECACI-P8316B,183640.0,350.0,Mécanique,Graissage,5,104.2,,observée,104.2,35.9,4,1,0.25,Insuffisant,104.2,72.9,2286.0,1873.0,413.0
SF01-PS-PS04-SECACI-P8316B,183642.0,310.0,Mécanique,Inspection,4,175.3,,observée,175.3,6.8,4,1,0.33,Insuffisant,175.3,122.7,1730.0,1378.0,351.0
SF01-PS-PS04-SECACI-P8316B-GMOT,214390.0,360.0,Électrique,Systématique,3,168.0,,observée,168.0,13.0,0,0,0.0,Adéquat,168.0,168.0,209.0,209.0,0.0
SF01-PS-PS04-SECACI-P8316B-GMOT,214391.0,360.0,Électrique,Systématique,3,165.0,,observée,165.0,10.0,0,0,0.0,Adéquat,165.0,165.0,212.0,212.0,0.0
SF01-PS-PS04-SECACI-P8316B-GMOT-MOTEUBT,387680.0,310.0,Électrique,Inspection,3,19.5,,observée,19.5,8.5,0,0,0.0,Trop fréquent,19.5,39.0,1797.0,899.0,899.0
SF01-PS-PS04-SECACI-P8401A,183644.0,310.0,Mécanique,Inspection,4,175.3,,observée,175.3,6.8,0,0,0.0,Adéquat,175.3,175.3,200.0,200.0,0.0
SF01-PS-PS04-SECACI-P8401A,183645.0,290.0,Mécanique,Inspection,29,15.1,,observée,15.1,3.8,0,0,0.0,Trop fréquent,15.1,30.2,2321.0,1160.0,1160.0
SF01-PS-PS04-SECACI-P8401A,183646.0,290.0,Mécanique,Inspection,30,14.6,,observée,14.6,2.7,0,0,0.0,Trop fréquent,14.6,29.2,2400.0,1200.0,1200.0
SF01-PS-PS04-SECACI-P8401A-GMOT,214393.0,310.0,Électrique,Inspection,3,165.0,,observée,165.0,10.0,0,0,0.0,Adéquat,165.0,165.0,212.0,212.0,0.0
SF01-PS-PS04-SECACI-P8401A-GMOT,214394.0,360.0,Électrique,Systématique,3,168.0,,observée,168.0,13.0,0,0,0.0,Adéquat,168.0,168.0,209.0,209.0,0.0
SF01-PS-PS04-SECACI-P8401A-GMOT,214395.0,360.0,Électrique,Systématique,3,168.0,,observée,168.0,13.0,0,0,0.0,Adéquat,168.0,168.0,209.0,209.0,0.0
SF01-PS-PS04-SECACI-P8401A-GMOT-MOTEUBT,387681.0,310.0,Électrique,Inspection,3,19.5,,observée,19.5,8.5,0,0,0.0,Trop fréquent,19.5,39.0,1797.0,899.0,899.0
SF01-PS-PS04-SECACI-P8401B,183650.0,310.0,Mécanique,Inspection,4,175.3,,observée,175.3,6.8,0,0,0.0,Adéquat,175.3,175.3,200.0,200.0,0.0
SF01-PS-PS04-SECACI-P8401B,183651.0,290.0,Mécanique,Inspection,29,15.1,,observée,15.1,3.8,0,0,0.0,Trop fréquent,15.1,30.2,2321.0,1160.0,1160.0
SF01-PS-PS04-SECACI-P8401B,183652.0,290.0,Mécanique,Inspection,30,14.6,,observée,14.6,2.7,0,0,0.0,Trop fréquent,14.6,29.2,2400.0,1200.0,1200.0
SF01-PS-PS04-SECACI-P8401B-GMOT,214397.0,310.0,Électrique,Inspection,3,165.0,,observée,165.0,10.0,0,0,0.0,Adéquat,165.0,165.0,212.0,212.0,0.0
SF01-PS-PS04-SECACI-P8401B-GMOT,214398.0,360.0,Électrique,Systématique,3,168.5,,observée,168.5,13.5,0,0,0.0,Adéquat,168.5,168.5,208.0,208.0,0.0
SF01-PS-PS04-SECACI-P8401B-GMOT,214399.0,360.0,Électrique,Systématique,3,165.0,,observée,165.0,10.0,0,0,0.0,Adéquat,165.0,165.0,212.0,212.0,0.0
SF01-PS-PS04-SECACI-P8401B-GMOT-MOTEUBT,387682.0,310.0,Électrique,Inspection,3,19.5,,observée,19.5,8.5,0,0,0.0,Trop fréquent,19.5,39.0,1797.0,899.0,899.0
SF01-PS-PS04-SECACI-P8401C,183656.0,310.0,Mécanique,Inspection,4,175.3,,observée,175.3,6.8,0,0,0.0,Adéquat,175.3,175.3,200.0,200.0,0.0
SF01-PS-PS04-SECACI-P8401C,183657.0,290.0,Mécanique,Inspection,29,15.1,,observée,15.1,3.8,0,0,0.0,Trop fréquent,15.1,30.2,2321.0,1160.0,1160.0
SF01-PS-PS04-SECACI-P8401C,183658.0,290.0,Mécanique,Inspection,30,14.6,,observée,14.6,2.7,0,0,0.0,Trop fréquent,14.6,29.2,2400.0,1200.0,1200.0
SF01-PS-PS04-SECACI-P8401C-GMOT,214401.0,310.0,Électrique,Inspection,3,165.0,,observée,165.0,10.0,0,0,0.0,Adéquat,165.0,165.0,212.0,212.0,0.0
SF01-PS-PS04-SECACI-P8401C-GMOT,214402.0,360.0,Électrique,Systématique,3,168.5,,observée,168.5,13.5,0,0,0.0,Adéquat,168.5,168.5,208.0,208.0,0.0
SF01-PS-PS04-SECACI-P8401C-GMOT,214403.0,360.0,Électrique,Systématique,3,168.5,,observée,168.5,13.5,0,0,0.0,Adéquat,168.5,168.5,208.0,208.0,0.0
SF01-PS-PS04-SECACI-P8401C-GMOT-MOTEUBT,387683.0,310.0,Électrique,Inspection,3,19.5,,observée,19.5,8.5,0,0,0.0,Trop fréquent,19.5,39.0,1797.0,899.0,899.0
SF01-PS-PS04-SECAIR-0C8301,183674.0,290.0,Mécanique,Inspection,16,29.1,,observée,29.1,6.4,8,4,0.27,Insuffisant,29.1,20.4,8744.0,7106.0,1638.0
SF01-PS-PS04-SECAIR-0C8301,183677.0,290.0,Mécanique,Inspection,4,175.3,,observée,175.3,6.6,8,2,0.67,Insuffisant,175.3,122.7,3306.0,2504.0,802.0
SF01-PS-PS04-SECAIR-0C8301-MOAC,183184.0,320.0,Mécanique,Autre,4,178.7,,observée,178.7,1.9,0,0,0.0,Adéquat,178.7,178.7,196.0,196.0,0.0
SF01-PS-PS04-SECAIR-0K8301,183687.0,290.0,Mécanique,Inspection,59,7.2,,observée,7.2,2.2,11,6,0.1,Adéquat,7.2,7.2,16153.0,16153.0,0.0
SF01-PS-PS04-SECAIR-0K8301,183689.0,290.0,Mécanique,Inspection,4,175.3,,observée,175.3,6.6,11,3,1.0,Insuffisant,175.3,122.7,4835.0,3597.0,1239.0
SF01-PS-PS04-SECAIR-0K8301,183690.0,290.0,Mécanique,Inspection,60,7.1,,observée,7.1,1.2,11,6,0.1,Adéquat,7.1,7.1,16381.0,16381.0,0.0
SF01-PS-PS04-SECAIR-0K8301,183691.0,290.0,Mécanique,Inspection,4,175.3,,observée,175.3,6.6,11,3,1.0,Insuffisant,175.3,122.7,4835.0,3597.0,1239.0
SF01-PS-PS04-SECAIR-0K8301,183692.0,350.0,Mécanique,Graissage,4,175.3,,observée,175.3,6.6,11,3,1.0,Insuffisant,175.3,122.7,4835.0,3597.0,1239.0
SF01-PS-PS04-SECAIR-0K8302,183693.0,310.0,Mécanique,Inspection,4,175.3,,observée,175.3,6.8,0,0,0.0,Adéquat,175.3,175.3,200.0,200.0,0.0
SF01-PS-PS04-SECAIR-0K8302,183695.0,290.0,Mécanique,Inspection,59,7.2,,observée,7.2,2.2,0,0,0.0,Trop fréquent,7.2,14.4,4867.0,2434.0,2434.0
SF01-PS-PS04-SECAIR-0K8302,183696.0,350.0,Mécanique,Graissage,4,175.3,,observée,175.3,6.6,0,0,0.0,Adéquat,175.3,175.3,200.0,200.0,0.0
SF01-PS-PS04-SECAIR-0K8302,183697.0,290.0,Mécanique,Inspection,60,7.1,,observée,7.1,1.2,0,0,0.0,Trop fréquent,7.1,14.2,4936.0,2468.0,2468.0
SF01-PS-PS04-SECAIR-0K8302,183701.0,310.0,Mécanique,Inspection,4,175.3,,observée,175.3,6.8,0,0,0.0,Adéquat,175.3,175.3,200.0,200.0,0.0
SF01-PS-PS04-SECAIR-0K8302-GMOT,214405.0,360.0,Électrique,Systématique,3,168.5,,observée,168.5,13.5,0,0,0.0,Adéquat,168.5,168.5,208.0,208.0,0.0
SF01-PS-PS04-SECAIR-0K8302-GMOT,214406.0,360.0,Électrique,Systématique,3,168.5,,observée,168.5,13.5,0,0,0.0,Adéquat,168.5,168.5,208.0,208.0,0.0
SF01-PS-PS04-SECAIR-0K8302-GMOT-MOTEUBT,387687.0,310.0,Électrique,Inspection,3,19.5,,observée,19.5,8.5,0,0,0.0,Trop fréquent,19.5,39.0,1797.0,899.0,899.0
SF01-PS-PS04-SECAIR-K83111-GMOT,214408.0,360.0,Électrique,Systématique,3,168.5,,observée,168.5,13.5,0,0,0.0,Adéquat,168.5,168.5,208.0,208.0,0.0
SF01-PS-PS04-SECAIR-K83111-GMOT,214409.0,360.0,Électrique,Systématique,3,169.0,,observée,169.0,14.0,0,0,0.0,Adéquat,169.0,169.0,207.0,207.0,0.0
SF01-PS-PS04-SECAIR-K83111-GMOT-MOTEUBT,387688.0,310.0,Électrique,Inspection,3,19.5,,observée,19.5,8.5,0,0,0.0,Trop fréquent,19.5,39.0,1797.0,899.0,899.0
SF01-PS-PS04-SECAIR-K83112-GMOT,214411.0,360.0,Électrique,Systématique,3,165.0,,observée,165.0,10.0,0,0,0.0,Adéquat,165.0,165.0,212.0,212.0,0.0
SF01-PS-PS04-SECAIR-K83112-GMOT,214412.0,360.0,Électrique,Systématique,3,165.0,,observée,165.0,10.0,0,0,0.0,Adéquat,165.0,165.0,212.0,212.0,0.0
SF01-PS-PS04-SECAIR-K83112-GMOT-MOTEUBT,387689.0,310.0,Électrique,Inspection,3,19.5,,observée,19.5,8.5,0,0,0.0,Trop fréquent,19.5,39.0,1797.0,899.0,899.0
SF01-PS-PS04-SECAIR-K83113-GMOT,214414.0,360.0,Électrique,Systématique,3,165.0,,observée,165.0,10.0,0,0,0.0,Adéquat,165.0,165.0,212.0,212.0,0.0
SF01-PS-PS04-SECAIR-K83113-GMOT,214415.0,360.0,Électrique,Systématique,3,165.0,,observée,165.0,10.0,0,0,0.0,Adéquat,165.0,165.0,212.0,212.0,0.0
SF01-PS-PS04-SECAIR-K83113-GMOT-MOTEUBT,387690.0,310.0,Électrique,Inspection,3,19.5,,observée,19.5,8.5,0,0,0.0,Trop fréquent,19.5,39.0,1797.0,899.0,899.0
SF01-PS-PS04-SECAIR-K83121-GMOT,214417.0,360.0,Électrique,Systématique,3,165.0,,observée,165.0,10.0,0,0,0.0,Adéquat,165.0,165.0,212.0,212.0,0.0
SF01-PS-PS04-SECAIR-K83121-GMOT,214418.0,360.0,Électrique,Systématique,3,165.0,,observée,165.0,10.0,0,0,0.0,Adéquat,165.0,165.0,212.0,212.0,0.0
SF01-PS-PS04-SECAIR-K83121-GMOT-MOTEUBT,387691.0,310.0,Électrique,Inspection,3,19.5,,observée,19.5,8.5,0,0,0.0,Trop fréquent,19.5,39.0,1797.0,899.0,899.0
SF01-PS-PS04-SECAIR-K83122-GMOT,214420.0,360.0,Électrique,Systématique,3,165.0,,observée,165.0,10.0,0,0,0.0,Adéquat,165.0,165.0,212.0,212.0,0.0
SF01-PS-PS04-SECAIR-K83122-GMOT,214421.0,360.0,Électrique,Systématique,3,165.0,,observée,165.0,10.0,0,0,0.0,Adéquat,165.0,165.0,212.0,212.0,0.0
SF01-PS-PS04-SECAIR-K83122-GMOT-MOTEUBT,387692.0,310.0,Électrique,Inspection,3,19.5,,observée,19.5,8.5,0,0,0.0,Trop fréquent,19.5,39.0,1797.0,899.0,899.0
SF01-PS-PS04-SECAIR-KT8301,183707.0,290.0,Mécanique,Inspection,59,7.2,,observée,7.2,2.1,16,5,0.09,Adéquat,7.2,7.2,15025.0,15025.0,0.0
SF01-PS-PS04-SECAIR-KT8301,183708.0,290.0,Mécanique,Inspection,4,175.3,,observée,175.3,6.6,16,2,0.67,Insuffisant,175.3,122.7,3306.0,2504.0,802.0
SF01-PS-PS04-SECAIR-KT8301,183709.0,290.0,Mécanique,Inspection,60,7.1,,observée,7.1,1.2,16,5,0.08,Adéquat,7.1,7.1,14092.0,14092.0,0.0
SF01-PS-PS04-SECAIR-KT8301,183710.0,350.0,Mécanique,Graissage,4,175.3,,observée,175.3,6.6,16,2,0.67,Insuffisant,175.3,122.7,3306.0,2504.0,802.0
SF01-PS-PS04-SECEAU-0AP09A,183711.0,350.0,Mécanique,Graissage,6,90.0,,observée,90.0,3.2,0,0,0.0,Adéquat,90.0,90.0,389.0,389.0,0.0
SF01-PS-PS04-SECEAU-0AP09A,183712.0,310.0,Mécanique,Inspection,4,175.3,,observée,175.3,6.8,0,0,0.0,Adéquat,175.3,175.3,200.0,200.0,0.0
SF01-PS-PS04-SECEAU-0AP09A,183713.0,290.0,Mécanique,Inspection,29,15.1,,observée,15.1,3.8,0,0,0.0,Trop fréquent,15.1,30.2,2321.0,1160.0,1160.0
SF01-PS-PS04-SECEAU-0AP09A,183714.0,290.0,Mécanique,Inspection,30,14.6,,observée,14.6,2.7,0,0,0.0,Trop fréquent,14.6,29.2,2400.0,1200.0,1200.0
SF01-PS-PS04-SECEAU-0AP09A,183718.0,310.0,Mécanique,Inspection,4,175.3,,observée,175.3,6.8,0,0,0.0,Adéquat,175.3,175.3,200.0,200.0,0.0
SF01-PS-PS04-SECEAU-0AP09A-GMOT,214423.0,360.0,Électrique,Systématique,3,165.0,,observée,165.0,10.0,1,0,0.0,Adéquat,165.0,165.0,212.0,212.0,0.0
SF01-PS-PS04-SECEAU-0AP09A-GMOT,214424.0,360.0,Électrique,Systématique,3,165.0,,observée,165.0,10.0,1,0,0.0,Adéquat,165.0,165.0,212.0,212.0,0.0
SF01-PS-PS04-SECEAU-0AP09A-GMOT-MOTEUBT,387693.0,310.0,Électrique,Inspection,3,19.5,,observée,19.5,8.5,1,1,0.5,Insuffisant,19.5,13.6,22633.0,17450.0,5183.0
SF01-PS-PS04-SECEAU-0AP09B,183719.0,350.0,Mécanique,Graissage,6,90.0,,observée,90.0,3.2,0,0,0.0,Adéquat,90.0,90.0,389.0,389.0,0.0
SF01-PS-PS04-SECEAU-0AP09B,183720.0,310.0,Mécanique,Inspection,4,175.3,,observée,175.3,6.8,0,0,0.0,Adéquat,175.3,175.3,200.0,200.0,0.0
SF01-PS-PS04-SECEAU-0AP09B,183721.0,290.0,Mécanique,Inspection,29,15.1,,observée,15.1,3.8,0,0,0.0,Trop fréquent,15.1,30.2,2321.0,1160.0,1160.0
SF01-PS-PS04-SECEAU-0AP09B,183722.0,290.0,Mécanique,Inspection,30,14.6,,observée,14.6,2.7,0,0,0.0,Trop fréquent,14.6,29.2,2400.0,1200.0,1200.0
SF01-PS-PS04-SECEAU-0AP09B,183726.0,310.0,Mécanique,Inspection,4,175.3,,observée,175.3,6.8,0,0,0.0,Adéquat,175.3,175.3,200.0,200.0,0.0
SF01-PS-PS04-SECEAU-0AP09B-GMOT,214426.0,360.0,Électrique,Systématique,3,165.0,,observée,165.0,10.0,0,0,0.0,Adéquat,165.0,165.0,212.0,212.0,0.0
SF01-PS-PS04-SECEAU-0AP09B-GMOT,214427.0,360.0,Électrique,Systématique,3,165.0,,observée,165.0,10.0,0,0,0.0,Adéquat,165.0,165.0,212.0,212.0,0.0
SF01-PS-PS04-SECEAU-0AP09B-GMOT-MOTEUBT,387694.0,310.0,Électrique,Inspection,3,21.0,,observée,21.0,7.0,0,0,0.0,Adéquat,21.0,21.0,1669.0,1669.0,0.0
SF01-PS-PS04-SECEAU-0AP10A,183729.0,350.0,Mécanique,Graissage,4,175.3,,observée,175.3,6.6,7,2,0.67,Insuffisant,175.3,122.7,3306.0,2504.0,802.0
SF01-PS-PS04-SECEAU-0AP10A,183730.0,310.0,Mécanique,Inspection,4,175.3,,observée,175.3,6.8,7,2,0.67,Insuffisant,175.3,122.7,3306.0,2504.0,802.0
SF01-PS-PS04-SECEAU-0AP10A,183731.0,290.0,Mécanique,Inspection,29,15.1,,observée,15.1,3.8,7,4,0.14,Adéquat,15.1,15.1,9855.0,9855.0,0.0
SF01-PS-PS04-SECEAU-0AP10A,183732.0,290.0,Mécanique,Inspection,30,14.6,,observée,14.6,2.7,7,4,0.14,Adéquat,14.6,14.6,10192.0,10192.0,0.0
SF01-PS-PS04-SECEAU-0AP10A,183734.0,310.0,Mécanique,Inspection,4,175.3,,observée,175.3,6.8,7,2,0.67,Insuffisant,175.3,122.7,3306.0,2504.0,802.0
SF01-PS-PS04-SECEAU-0AP10A-GMOT,214429.0,360.0,Électrique,Systématique,3,165.0,,observée,165.0,10.0,0,0,0.0,Adéquat,165.0,165.0,212.0,212.0,0.0
SF01-PS-PS04-SECEAU-0AP10A-GMOT,214430.0,360.0,Électrique,Systématique,3,165.0,,observée,165.0,10.0,0,0,0.0,Adéquat,165.0,165.0,212.0,212.0,0.0
SF01-PS-PS04-SECEAU-0AP10A-GMOT-MOTEUBT,387695.0,310.0,Électrique,Inspection,3,21.0,,observée,21.0,7.0,0,0,0.0,Adéquat,21.0,21.0,1669.0,1669.0,0.0
SF01-PS-PS04-SECEAU-0AP10B,183737.0,350.0,Mécanique,Graissage,4,175.3,,observée,175.3,6.6,1,1,0.33,Insuffisant,175.3,122.7,1730.0,1378.0,351.0
SF01-PS-PS04-SECEAU-0AP10B,183738.0,310.0,Mécanique,Inspection,4,175.3,,observée,175.3,6.8,1,1,0.33,Insuffisant,175.3,122.7,1730.0,1378.0,351.0
SF01-PS-PS04-SECEAU-0AP10B,183739.0,290.0,Mécanique,Inspection,29,15.1,,observée,15.1,3.8,1,1,0.04,Adéquat,15.1,15.1,4473.0,4473.0,0.0
SF01-PS-PS04-SECEAU-0AP10B,183740.0,290.0,Mécanique,Inspection,30,14.6,,observée,14.6,2.7,1,1,0.03,Adéquat,14.6,14.6,4070.0,4070.0,0.0
SF01-PS-PS04-SECEAU-0AP10B,183742.0,310.0,Mécanique,Inspection,4,175.3,,observée,175.3,6.8,1,1,0.33,Insuffisant,175.3,122.7,1730.0,1378.0,351.0
SF01-PS-PS04-SECEAU-0AP10B-GMOT,214432.0,360.0,Électrique,Systématique,3,165.0,,observée,165.0,10.0,0,0,0.0,Adéquat,165.0,165.0,212.0,212.0,0.0
SF01-PS-PS04-SECEAU-0AP10B-GMOT,214433.0,360.0,Électrique,Systématique,3,165.0,,observée,165.0,10.0,0,0,0.0,Adéquat,165.0,165.0,212.0,212.0,0.0
SF01-PS-PS04-SECEAU-0AP10B-GMOT-MOTEUBT,387696.0,310.0,Électrique,Inspection,3,21.0,,observée,21.0,7.0,0,0,0.0,Adéquat,21.0,21.0,1669.0,1669.0,0.0
SF01-PS-PS04-SECEAU-0FP07A,183746.0,310.0,Mécanique,Inspection,4,175.3,,observée,175.3,6.8,0,0,0.0,Adéquat,175.3,175.3,200.0,200.0,0.0
SF01-PS-PS04-SECEAU-0FP07A,183747.0,290.0,Mécanique,Inspection,29,15.1,,observée,15.1,3.8,0,0,0.0,Trop fréquent,15.1,30.2,2321.0,1160.0,1160.0
SF01-PS-PS04-SECEAU-0FP07A,183748.0,290.0,Mécanique,Inspection,30,14.6,,observée,14.6,2.7,0,0,0.0,Trop fréquent,14.6,29.2,2400.0,1200.0,1200.0
SF01-PS-PS04-SECEAU-0FP07A,183750.0,310.0,Mécanique,Inspection,4,175.3,,observée,175.3,6.8,0,0,0.0,Adéquat,175.3,175.3,200.0,200.0,0.0
SF01-PS-PS04-SECEAU-0FP07A-GMOT,214435.0,360.0,Électrique,Systématique,3,165.0,,observée,165.0,10.0,0,0,0.0,Adéquat,165.0,165.0,212.0,212.0,0.0
SF01-PS-PS04-SECEAU-0FP07A-GMOT,214436.0,360.0,Électrique,Systématique,3,165.0,,observée,165.0,10.0,0,0,0.0,Adéquat,165.0,165.0,212.0,212.0,0.0
SF01-PS-PS04-SECEAU-0FP07A-GMOT-MOTEUBT,387697.0,310.0,Électrique,Inspection,3,21.0,,observée,21.0,7.0,0,0,0.0,Adéquat,21.0,21.0,1669.0,1669.0,0.0
SF01-PS-PS04-SECEAU-0FP07B,183754.0,310.0,Mécanique,Inspection,4,175.3,,observée,175.3,6.8,0,0,0.0,Adéquat,175.3,175.3,200.0,200.0,0.0
SF01-PS-PS04-SECEAU-0FP07B,183755.0,290.0,Mécanique,Inspection,29,15.1,,observée,15.1,3.8,0,0,0.0,Trop fréquent,15.1,30.2,2321.0,1160.0,1160.0
SF01-PS-PS04-SECEAU-0FP07B,183756.0,290.0,Mécanique,Inspection,30,14.6,,observée,14.6,2.7,0,0,0.0,Trop fréquent,14.6,29.2,2400.0,1200.0,1200.0
SF01-PS-PS04-SECEAU-0FP07B,183758.0,310.0,Mécanique,Inspection,4,175.3,,observée,175.3,6.8,0,0,0.0,Adéquat,175.3,175.3,200.0,200.0,0.0
SF01-PS-PS04-SECEAU-0FP07B-GMOT,214438.0,360.0,Électrique,Systématique,3,165.0,,observée,165.0,10.0,0,0,0.0,Adéquat,165.0,165.0,212.0,212.0,0.0
SF01-PS-PS04-SECEAU-0FP07B-GMOT,214439.0,360.0,Électrique,Systématique,3,165.0,,observée,165.0,10.0,0,0,0.0,Adéquat,165.0,165.0,212.0,212.0,0.0
SF01-PS-PS04-SECEAU-0FP07B-GMOT-MOTEUBT,387698.0,310.0,Électrique,Inspection,3,21.0,,observée,21.0,7.0,0,0,0.0,Adéquat,21.0,21.0,1669.0,1669.0,0.0
SF01-PS-PS04-SECEAU-0P8306,183759.0,350.0,Mécanique,Graissage,6,90.0,,observée,90.0,3.2,0,0,0.0,Adéquat,90.0,90.0,389.0,389.0,0.0
SF01-PS-PS04-SECEAU-0P8306,183760.0,310.0,Mécanique,Inspection,4,175.3,,observée,175.3,6.8,0,0,0.0,Adéquat,175.3,175.3,200.0,200.0,0.0
SF01-PS-PS04-SECEAU-0P8306,183761.0,290.0,Mécanique,Inspection,59,7.2,,observée,7.2,2.1,0,0,0.0,Trop fréquent,7.2,14.4,4867.0,2434.0,2434.0
SF01-PS-PS04-SECEAU-0P8306,183762.0,310.0,Mécanique,Inspection,4,175.3,,observée,175.3,6.6,0,0,0.0,Adéquat,175.3,175.3,200.0,200.0,0.0
SF01-PS-PS04-SECEAU-0P8306,183763.0,290.0,Mécanique,Inspection,60,7.1,,observée,7.1,1.2,0,0,0.0,Trop fréquent,7.1,14.2,4936.0,2468.0,2468.0
SF01-PS-PS04-SECEAU-0P8306-GMOT,214441.0,310.0,Électrique,Inspection,3,165.0,,observée,165.0,10.0,0,0,0.0,Adéquat,165.0,165.0,212.0,212.0,0.0
SF01-PS-PS04-SECEAU-0P8306-GMOT,214442.0,360.0,Électrique,Systématique,3,165.0,,observée,165.0,10.0,0,0,0.0,Adéquat,165.0,165.0,212.0,212.0,0.0
SF01-PS-PS04-SECEAU-0P8306-GMOT,214443.0,360.0,Électrique,Systématique,3,165.0,,observée,165.0,10.0,0,0,0.0,Adéquat,165.0,165.0,212.0,212.0,0.0
SF01-PS-PS04-SECEAU-0P8306-GMOT-MOTEUBT,387699.0,310.0,Électrique,Inspection,3,21.0,,observée,21.0,7.0,0,0,0.0,Adéquat,21.0,21.0,1669.0,1669.0,0.0
SF01-PS-PS04-SECEAU-0T8305,183776.0,290.0,Mécanique,Inspection,16,29.1,,observée,29.1,6.4,5,3,0.2,Insuffisant,29.1,20.4,6789.0,5710.0,1080.0
SF01-PS-PS04-SECEAU-0T8306-GMOT,214445.0,360.0,Électrique,Systématique,3,165.0,,observée,165.0,10.0,0,0,0.0,Adéquat,165.0,165.0,212.0,212.0,0.0
SF01-PS-PS04-SECEAU-0T8306-GMOT,214446.0,360.0,Électrique,Systématique,3,165.0,,observée,165.0,10.0,0,0,0.0,Adéquat,165.0,165.0,212.0,212.0,0.0
SF01-PS-PS04-SECEAU-0T8306-GMOT-MOTEUBT,387700.0,310.0,Électrique,Inspection,3,21.0,,observée,21.0,7.0,0,0,0.0,Adéquat,21.0,21.0,1669.0,1669.0,0.0
SF01-PS-PS04-SECEAU-0T8307,183784.0,290.0,Mécanique,Inspection,16,29.1,,observée,29.1,6.4,5,2,0.13,Adéquat,29.1,29.1,4834.0,4834.0,0.0
SF01-PS-PS04-SECEAU-0T8307-MOAC,183275.0,320.0,Mécanique,Autre,4,175.3,,observée,175.3,6.6,0,0,0.0,Adéquat,175.3,175.3,200.0,200.0,0.0
SF01-PS-PS04-SECEAU-0T8308-GMOT,214448.0,360.0,Électrique,Systématique,3,165.0,,observée,165.0,10.0,0,0,0.0,Adéquat,165.0,165.0,212.0,212.0,0.0
SF01-PS-PS04-SECEAU-0T8308-GMOT,214449.0,360.0,Électrique,Systématique,3,165.0,,observée,165.0,10.0,0,0,0.0,Adéquat,165.0,165.0,212.0,212.0,0.0
SF01-PS-PS04-SECEAU-0T8308-GMOT-MOTEUBT,387701.0,310.0,Électrique,Inspection,3,21.0,,observée,21.0,7.0,0,0,0.0,Adéquat,21.0,21.0,1669.0,1669.0,0.0
SF01-PS-PS04-SECEAU-0T8309,183790.0,290.0,Mécanique,Inspection,16,29.1,,observée,29.1,6.4,0,0,0.0,Adéquat,29.1,29.1,1204.0,1204.0,0.0
SF01-PS-PS04-SECEAU-0T8311,183796.0,290.0,Mécanique,Inspection,16,29.1,,observée,29.1,6.4,0,0,0.0,Adéquat,29.1,29.1,1204.0,1204.0,0.0
SF01-PS-PS04-SECEAU-0T8311-MOAC,183277.0,320.0,Mécanique,Autre,4,175.3,,observée,175.3,6.6,0,0,0.0,Adéquat,175.3,175.3,200.0,200.0,0.0
SF01-PS-PS04-SECEAU-0T8312-GMOT,214451.0,360.0,Électrique,Systématique,3,168.0,,observée,168.0,13.0,0,0,0.0,Adéquat,168.0,168.0,209.0,209.0,0.0
SF01-PS-PS04-SECEAU-0T8312-GMOT,214452.0,360.0,Électrique,Systématique,3,168.0,,observée,168.0,13.0,0,0,0.0,Adéquat,168.0,168.0,209.0,209.0,0.0
SF01-PS-PS04-SECEAU-0T8312-GMOT-MOTEUBT,387702.0,310.0,Électrique,Inspection,3,21.0,,observée,21.0,7.0,0,0,0.0,Adéquat,21.0,21.0,1669.0,1669.0,0.0
SF01-PS-PS04-SECEAU-0T8322,183801.0,290.0,Mécanique,Inspection,16,29.1,,observée,29.1,6.4,1,1,0.07,Adéquat,29.1,29.1,3159.0,3159.0,0.0
SF01-PS-PS04-SECEAU-0T8322-MOAC,183279.0,320.0,Mécanique,Autre,4,175.3,,observée,175.3,6.6,0,0,0.0,Adéquat,175.3,175.3,200.0,200.0,0.0
SF01-PS-PS04-SECEAU-0T8323,183806.0,290.0,Mécanique,Inspection,16,29.1,,observée,29.1,6.4,2,1,0.07,Adéquat,29.1,29.1,3159.0,3159.0,0.0
SF01-PS-PS04-SECEAU-0T8323-MOAC,183280.0,320.0,Mécanique,Autre,4,175.3,,observée,175.3,6.6,0,0,0.0,Adéquat,175.3,175.3,200.0,200.0,0.0
SF01-PS-PS04-SECEAU-P8305A,183888.0,350.0,Mécanique,Graissage,3,365.0,,observée,365.0,0.0,9,1,0.5,Insuffisant,365.0,255.5,1209.0,932.0,277.0
SF01-PS-PS04-SECEAU-P8305A,183889.0,310.0,Mécanique,Inspection,4,175.3,,observée,175.3,6.8,9,2,0.67,Insuffisant,175.3,122.7,3306.0,2504.0,802.0
SF01-PS-PS04-SECEAU-P8305A,183890.0,290.0,Mécanique,Inspection,59,7.2,,observée,7.2,2.2,9,5,0.09,Adéquat,7.2,7.2,15025.0,15025.0,0.0
SF01-PS-PS04-SECEAU-P8305A,183891.0,310.0,Mécanique,Inspection,4,175.3,,observée,175.3,6.6,9,2,0.67,Insuffisant,175.3,122.7,3306.0,2504.0,802.0
SF01-PS-PS04-SECEAU-P8305A,183892.0,290.0,Mécanique,Inspection,60,7.1,,observée,7.1,1.2,9,5,0.08,Adéquat,7.1,7.1,14092.0,14092.0,0.0
SF01-PS-PS04-SECEAU-P8305A-GMOT,214455.0,360.0,Électrique,Systématique,5,83.8,,observée,83.8,12.6,0,0,0.0,Adéquat,83.8,83.8,418.0,418.0,0.0
SF01-PS-PS04-SECEAU-P8305A-GMOT,214456.0,360.0,Électrique,Systématique,3,165.0,,observée,165.0,10.0,0,0,0.0,Adéquat,165.0,165.0,212.0,212.0,0.0
SF01-PS-PS04-SECEAU-P8305A-GMOT,214457.0,350.0,Électrique,Graissage,3,168.0,,observée,168.0,20.0,0,0,0.0,Adéquat,168.0,168.0,209.0,209.0,0.0
SF01-PS-PS04-SECEAU-P8305A-GMOT,214458.0,290.0,Électrique,Inspection,5,83.8,,observée,83.8,12.6,0,0,0.0,Adéquat,83.8,83.8,418.0,418.0,0.0
SF01-PS-PS04-SECEAU-P8305A-GMOT,214459.0,290.0,Électrique,Inspection,13,28.1,,observée,28.1,11.1,0,0,0.0,Adéquat,28.1,28.1,1247.0,1247.0,0.0
SF01-PS-PS04-SECEAU-P8305A-GMOT-MOTEUMT,387741.0,310.0,Électrique,Inspection,3,21.5,,observée,21.5,6.5,0,0,0.0,Adéquat,21.5,21.5,1630.0,1630.0,0.0
SF01-PS-PS04-SECEAU-P8305B,183896.0,350.0,Mécanique,Graissage,3,365.0,,observée,365.0,0.0,7,1,0.5,Insuffisant,365.0,255.5,1209.0,932.0,277.0
SF01-PS-PS04-SECEAU-P8305B,183897.0,310.0,Mécanique,Inspection,4,175.3,,observée,175.3,6.8,7,2,0.67,Insuffisant,175.3,122.7,3306.0,2504.0,802.0
SF01-PS-PS04-SECEAU-P8305B,183898.0,290.0,Mécanique,Inspection,59,7.2,,observée,7.2,2.2,7,5,0.09,Adéquat,7.2,7.2,15025.0,15025.0,0.0
SF01-PS-PS04-SECEAU-P8305B,183899.0,310.0,Mécanique,Inspection,4,175.3,,observée,175.3,6.6,7,2,0.67,Insuffisant,175.3,122.7,3306.0,2504.0,802.0
SF01-PS-PS04-SECEAU-P8305B,183900.0,290.0,Mécanique,Inspection,60,7.1,,observée,7.1,1.2,7,5,0.08,Adéquat,7.1,7.1,14092.0,14092.0,0.0
SF01-PS-PS04-SECEAU-P8305B-GMOT,214462.0,360.0,Électrique,Systématique,5,83.8,,observée,83.8,9.4,0,0,0.0,Adéquat,83.8,83.8,418.0,418.0,0.0
SF01-PS-PS04-SECEAU-P8305B-GMOT,214463.0,360.0,Électrique,Systématique,3,168.5,,observée,168.5,13.5,0,0,0.0,Adéquat,168.5,168.5,208.0,208.0,0.0
SF01-PS-PS04-SECEAU-P8305B-GMOT,214464.0,350.0,Électrique,Graissage,3,168.5,,observée,168.5,20.5,0,0,0.0,Adéquat,168.5,168.5,208.0,208.0,0.0
SF01-PS-PS04-SECEAU-P8305B-GMOT,214465.0,290.0,Électrique,Inspection,5,83.8,,observée,83.8,12.6,0,0,0.0,Adéquat,83.8,83.8,418.0,418.0,0.0
SF01-PS-PS04-SECEAU-P8305B-GMOT-MOTEUMT,387742.0,310.0,Électrique,Inspection,3,22.0,,observée,22.0,6.0,0,0,0.0,Adéquat,22.0,22.0,1593.0,1593.0,0.0
SF01-PS-PS04-SECEAU-P8307A,183907.0,350.0,Mécanique,Graissage,3,365.0,,observée,365.0,0.0,1,0,0.0,Adéquat,365.0,365.0,96.0,96.0,0.0
SF01-PS-PS04-SECEAU-P8307A,183908.0,290.0,Mécanique,Inspection,29,15.1,,observée,15.1,3.8,1,1,0.04,Adéquat,15.1,15.1,4473.0,4473.0,0.0
SF01-PS-PS04-SECEAU-P8307A,183909.0,290.0,Mécanique,Inspection,30,14.6,,observée,14.6,2.7,1,1,0.03,Adéquat,14.6,14.6,4070.0,4070.0,0.0
SF01-PS-PS04-SECEAU-P8307A-GMOT,214467.0,310.0,Électrique,Inspection,3,165.0,,observée,165.0,10.0,0,0,0.0,Adéquat,165.0,165.0,212.0,212.0,0.0
SF01-PS-PS04-SECEAU-P8307A-GMOT,214468.0,360.0,Électrique,Systématique,3,169.0,,observée,169.0,14.0,0,0,0.0,Adéquat,169.0,169.0,207.0,207.0,0.0
SF01-PS-PS04-SECEAU-P8307A-GMOT,214469.0,360.0,Électrique,Systématique,3,169.0,,observée,169.0,14.0,0,0,0.0,Adéquat,169.0,169.0,207.0,207.0,0.0
SF01-PS-PS04-SECEAU-P8307A-GMOT-MOTEUBT,387703.0,310.0,Électrique,Inspection,3,21.0,,observée,21.0,7.0,0,0,0.0,Adéquat,21.0,21.0,1669.0,1669.0,0.0
SF01-PS-PS04-SECEAU-P8307B,183914.0,350.0,Mécanique,Graissage,3,365.0,,observée,365.0,0.0,0,0,0.0,Adéquat,365.0,365.0,96.0,96.0,0.0
SF01-PS-PS04-SECEAU-P8307B,183915.0,290.0,Mécanique,Inspection,29,15.1,,observée,15.1,3.8,0,0,0.0,Trop fréquent,15.1,30.2,2321.0,1160.0,1160.0
SF01-PS-PS04-SECEAU-P8307B,183916.0,290.0,Mécanique,Inspection,30,14.6,,observée,14.6,2.7,0,0,0.0,Trop fréquent,14.6,29.2,2400.0,1200.0,1200.0
SF01-PS-PS04-SECEAU-P8307B-GMOT,214471.0,310.0,Électrique,Inspection,3,165.0,,observée,165.0,10.0,0,0,0.0,Adéquat,165.0,165.0,212.0,212.0,0.0
SF01-PS-PS04-SECEAU-P8307B-GMOT,214472.0,360.0,Électrique,Systématique,3,165.0,,observée,165.0,10.0,0,0,0.0,Adéquat,165.0,165.0,212.0,212.0,0.0
SF01-PS-PS04-SECEAU-P8307B-GMOT,214473.0,360.0,Électrique,Systématique,3,165.0,,observée,165.0,10.0,0,0,0.0,Adéquat,165.0,165.0,212.0,212.0,0.0
SF01-PS-PS04-SECEAU-P8307B-GMOT-MOTEUBT,387704.0,310.0,Électrique,Inspection,3,21.0,,observée,21.0,7.0,0,0,0.0,Adéquat,21.0,21.0,1669.0,1669.0,0.0
SF01-PS-PS04-SECEAU-P8308A,183921.0,350.0,Mécanique,Graissage,3,365.0,,observée,365.0,0.0,6,1,0.5,Insuffisant,365.0,255.5,1209.0,932.0,277.0
SF01-PS-PS04-SECEAU-P8308A,183922.0,290.0,Mécanique,Inspection,29,15.1,,observée,15.1,3.8,6,3,0.11,Adéquat,15.1,15.1,8240.0,8240.0,0.0
SF01-PS-PS04-SECEAU-P8308A,183923.0,290.0,Mécanique,Inspection,30,14.6,,observée,14.6,2.7,6,3,0.1,Adéquat,14.6,14.6,7966.0,7966.0,0.0
SF01-PS-PS04-SECEAU-P8308A-GMOT,214475.0,310.0,Électrique,Inspection,3,165.0,,observée,165.0,10.0,0,0,0.0,Adéquat,165.0,165.0,212.0,212.0,0.0
SF01-PS-PS04-SECEAU-P8308A-GMOT,214476.0,360.0,Électrique,Systématique,3,165.0,,observée,165.0,10.0,0,0,0.0,Adéquat,165.0,165.0,212.0,212.0,0.0
SF01-PS-PS04-SECEAU-P8308A-GMOT,214477.0,360.0,Électrique,Systématique,3,165.0,,observée,165.0,10.0,0,0,0.0,Adéquat,165.0,165.0,212.0,212.0,0.0
SF01-PS-PS04-SECEAU-P8308A-GMOT-MOTEUBT,387705.0,310.0,Électrique,Inspection,3,21.0,,observée,21.0,7.0,0,0,0.0,Adéquat,21.0,21.0,1669.0,1669.0,0.0
SF01-PS-PS04-SECEAU-P8308B,183928.0,350.0,Mécanique,Graissage,3,365.0,,observée,365.0,0.0,2,1,0.5,Insuffisant,365.0,255.5,1209.0,932.0,277.0
SF01-PS-PS04-SECEAU-P8308B,183929.0,290.0,Mécanique,Inspection,29,15.1,,observée,15.1,3.8,2,2,0.07,Adéquat,15.1,15.1,6088.0,6088.0,0.0
SF01-PS-PS04-SECEAU-P8308B,183930.0,290.0,Mécanique,Inspection,30,14.6,,observée,14.6,2.7,2,2,0.07,Adéquat,14.6,14.6,6296.0,6296.0,0.0
SF01-PS-PS04-SECEAU-P8308B-GMOT,214479.0,310.0,Électrique,Inspection,3,165.0,,observée,165.0,8.0,0,0,0.0,Adéquat,165.0,165.0,212.0,212.0,0.0
SF01-PS-PS04-SECEAU-P8308B-GMOT,214480.0,360.0,Électrique,Systématique,3,165.0,,observée,165.0,10.0,0,0,0.0,Adéquat,165.0,165.0,212.0,212.0,0.0
SF01-PS-PS04-SECEAU-P8308B-GMOT,214481.0,360.0,Électrique,Systématique,3,165.0,,observée,165.0,10.0,0,0,0.0,Adéquat,165.0,165.0,212.0,212.0,0.0
SF01-PS-PS04-SECEAU-P8308B-GMOT-MOTEUBT,387706.0,310.0,Électrique,Inspection,3,21.0,,observée,21.0,7.0,0,0,0.0,Adéquat,21.0,21.0,1669.0,1669.0,0.0
SF01-PS-PS04-SECEAU-P8309A,183933.0,350.0,Mécanique,Graissage,6,90.0,,observée,90.0,3.2,2,1,0.2,Insuffisant,90.0,63.0,2195.0,1846.0,349.0
SF01-PS-PS04-SECEAU-P8309A,183934.0,310.0,Mécanique,Inspection,4,175.3,,observée,175.3,6.8,2,1,0.33,Insuffisant,175.3,122.7,1730.0,1378.0,351.0
SF01-PS-PS04-SECEAU-P8309A,183935.0,290.0,Mécanique,Inspection,59,7.2,,observée,7.2,2.1,2,1,0.02,Adéquat,7.2,7.2,7125.0,7125.0,0.0
SF01-PS-PS04-SECEAU-P8309A,183936.0,290.0,Mécanique,Inspection,60,7.1,,observée,7.1,1.2,2,1,0.02,Adéquat,7.1,7.1,7225.0,7225.0,0.0
SF01-PS-PS04-SECEAU-P8309A,183939.0,310.0,Mécanique,Inspection,4,175.3,,observée,175.3,6.8,2,1,0.33,Insuffisant,175.3,122.7,1730.0,1378.0,351.0
SF01-PS-PS04-SECEAU-P8309A-GMOT,214483.0,360.0,Électrique,Systématique,3,165.0,,observée,165.0,10.0,0,0,0.0,Adéquat,165.0,165.0,212.0,212.0,0.0
SF01-PS-PS04-SECEAU-P8309A-GMOT,214484.0,360.0,Électrique,Systématique,3,165.0,,observée,165.0,10.0,0,0,0.0,Adéquat,165.0,165.0,212.0,212.0,0.0
SF01-PS-PS04-SECEAU-P8309A-GMOT-MOTEUBT,387707.0,310.0,Électrique,Inspection,3,21.0,,observée,21.0,7.0,0,0,0.0,Adéquat,21.0,21.0,1669.0,1669.0,0.0
SF01-PS-PS04-SECEAU-P8309B,183941.0,350.0,Mécanique,Graissage,6,90.0,,observée,90.0,3.2,5,2,0.4,Insuffisant,90.0,63.0,4001.0,3136.0,865.0
SF01-PS-PS04-SECEAU-P8309B,183942.0,310.0,Mécanique,Inspection,4,175.3,,observée,175.3,6.8,5,2,0.67,Insuffisant,175.3,122.7,3306.0,2504.0,802.0
SF01-PS-PS04-SECEAU-P8309B,183943.0,290.0,Mécanique,Inspection,59,7.2,,observée,7.2,2.1,5,4,0.07,Adéquat,7.2,7.2,12768.0,12768.0,0.0
SF01-PS-PS04-SECEAU-P8309B,183944.0,290.0,Mécanique,Inspection,60,7.1,,observée,7.1,1.2,5,4,0.07,Adéquat,7.1,7.1,12947.0,12947.0,0.0
SF01-PS-PS04-SECEAU-P8309B,183947.0,310.0,Mécanique,Inspection,4,175.3,,observée,175.3,6.8,5,2,0.67,Insuffisant,175.3,122.7,3306.0,2504.0,802.0
SF01-PS-PS04-SECEAU-P8309B-GMOT,214486.0,360.0,Électrique,Systématique,3,165.0,,observée,165.0,8.0,0,0,0.0,Adéquat,165.0,165.0,212.0,212.0,0.0
SF01-PS-PS04-SECEAU-P8309B-GMOT,214487.0,360.0,Électrique,Systématique,3,165.0,,observée,165.0,8.0,0,0,0.0,Adéquat,165.0,165.0,212.0,212.0,0.0
SF01-PS-PS04-SECEAU-P8309B-GMOT-MOTEUBT,387708.0,310.0,Électrique,Inspection,3,21.0,,observée,21.0,7.0,0,0,0.0,Adéquat,21.0,21.0,1669.0,1669.0,0.0
SF01-PS-PS04-SECEAU-P8311A,183950.0,310.0,Mécanique,Inspection,4,175.3,,observée,175.3,6.8,1,0,0.0,Adéquat,175.3,175.3,200.0,200.0,0.0
SF01-PS-PS04-SECEAU-P8311A,183951.0,290.0,Mécanique,Inspection,59,7.2,,observée,7.2,2.1,1,0,0.0,Trop fréquent,7.2,14.4,4867.0,2434.0,2434.0
SF01-PS-PS04-SECEAU-P8311A,183952.0,310.0,Mécanique,Inspection,4,175.3,,observée,175.3,6.6,1,0,0.0,Adéquat,175.3,175.3,200.0,200.0,0.0
SF01-PS-PS04-SECEAU-P8311A,183953.0,350.0,Mécanique,Graissage,6,90.0,,observée,90.0,3.2,1,0,0.0,Adéquat,90.0,90.0,389.0,389.0,0.0
SF01-PS-PS04-SECEAU-P8311A,183954.0,290.0,Mécanique,Inspection,60,7.1,,observée,7.1,1.2,1,0,0.0,Trop fréquent,7.1,14.2,4936.0,2468.0,2468.0
SF01-PS-PS04-SECEAU-P8311A-GMOT,214489.0,360.0,Électrique,Systématique,3,165.0,,observée,165.0,8.0,0,0,0.0,Adéquat,165.0,165.0,212.0,212.0,0.0
SF01-PS-PS04-SECEAU-P8311A-GMOT,214490.0,360.0,Électrique,Systématique,3,165.0,,observée,165.0,8.0,0,0,0.0,Adéquat,165.0,165.0,212.0,212.0,0.0
SF01-PS-PS04-SECEAU-P8311A-GMOT-MOTEUBT,387709.0,310.0,Électrique,Inspection,3,21.0,,observée,21.0,7.0,0,0,0.0,Adéquat,21.0,21.0,1669.0,1669.0,0.0
SF01-PS-PS04-SECEAU-P8311B,183958.0,310.0,Mécanique,Inspection,4,175.3,,observée,175.3,6.8,0,0,0.0,Adéquat,175.3,175.3,200.0,200.0,0.0
SF01-PS-PS04-SECEAU-P8311B,183959.0,290.0,Mécanique,Inspection,59,7.2,,observée,7.2,2.1,0,0,0.0,Trop fréquent,7.2,14.4,4867.0,2434.0,2434.0
SF01-PS-PS04-SECEAU-P8311B,183960.0,310.0,Mécanique,Inspection,4,175.3,,observée,175.3,6.6,0,0,0.0,Adéquat,175.3,175.3,200.0,200.0,0.0
SF01-PS-PS04-SECEAU-P8311B,183961.0,350.0,Mécanique,Graissage,6,90.0,,observée,90.0,3.2,0,0,0.0,Adéquat,90.0,90.0,389.0,389.0,0.0
SF01-PS-PS04-SECEAU-P8311B,183962.0,290.0,Mécanique,Inspection,60,7.1,,observée,7.1,1.2,0,0,0.0,Trop fréquent,7.1,14.2,4936.0,2468.0,2468.0
SF01-PS-PS04-SECEAU-P8311B-GMOT,214492.0,360.0,Électrique,Systématique,3,165.0,,observée,165.0,8.0,0,0,0.0,Adéquat,165.0,165.0,212.0,212.0,0.0
SF01-PS-PS04-SECEAU-P8311B-GMOT,214493.0,360.0,Électrique,Systématique,3,165.0,,observée,165.0,8.0,0,0,0.0,Adéquat,165.0,165.0,212.0,212.0,0.0
SF01-PS-PS04-SECEAU-P8311B-GMOT-MOTEUBT,387710.0,310.0,Électrique,Inspection,3,21.0,,observée,21.0,7.0,0,0,0.0,Adéquat,21.0,21.0,1669.0,1669.0,0.0
SF01-PS-PS04-SECEAU-P8312A,183966.0,350.0,Mécanique,Graissage,6,90.0,,observée,90.0,3.2,1,1,0.2,Insuffisant,90.0,63.0,2195.0,1846.0,349.0
SF01-PS-PS04-SECEAU-P8312A,183967.0,310.0,Mécanique,Inspection,4,175.3,,observée,175.3,6.8,1,1,0.33,Insuffisant,175.3,122.7,1730.0,1378.0,351.0
SF01-PS-PS04-SECEAU-P8312A,183968.0,290.0,Mécanique,Inspection,59,7.2,,observée,7.2,2.1,1,1,0.02,Adéquat,7.2,7.2,7125.0,7125.0,0.0
SF01-PS-PS04-SECEAU-P8312A,183969.0,310.0,Mécanique,Inspection,4,175.3,,observée,175.3,6.6,1,1,0.33,Insuffisant,175.3,122.7,1730.0,1378.0,351.0
SF01-PS-PS04-SECEAU-P8312A,183970.0,290.0,Mécanique,Inspection,60,7.1,,observée,7.1,1.2,1,1,0.02,Adéquat,7.1,7.1,7225.0,7225.0,0.0
SF01-PS-PS04-SECEAU-P8312A-GMOT,214495.0,360.0,Électrique,Systématique,3,165.0,,observée,165.0,8.0,0,0,0.0,Adéquat,165.0,165.0,212.0,212.0,0.0
SF01-PS-PS04-SECEAU-P8312A-GMOT,214496.0,360.0,Électrique,Systématique,3,165.0,,observée,165.0,8.0,0,0,0.0,Adéquat,165.0,165.0,212.0,212.0,0.0
SF01-PS-PS04-SECEAU-P8312A-GMOT-MOTEUBT,387711.0,310.0,Électrique,Inspection,3,21.0,,observée,21.0,7.0,0,0,0.0,Adéquat,21.0,21.0,1669.0,1669.0,0.0
SF01-PS-PS04-SECEAU-P8312B,183974.0,350.0,Mécanique,Graissage,6,90.0,,observée,90.0,3.2,0,0,0.0,Adéquat,90.0,90.0,389.0,389.0,0.0
SF01-PS-PS04-SECEAU-P8312B,183975.0,310.0,Mécanique,Inspection,4,175.3,,observée,175.3,6.8,0,0,0.0,Adéquat,175.3,175.3,200.0,200.0,0.0
SF01-PS-PS04-SECEAU-P8312B,183976.0,290.0,Mécanique,Inspection,59,7.2,,observée,7.2,2.2,0,0,0.0,Trop fréquent,7.2,14.4,4867.0,2434.0,2434.0
SF01-PS-PS04-SECEAU-P8312B,183977.0,310.0,Mécanique,Inspection,4,175.3,,observée,175.3,6.6,0,0,0.0,Adéquat,175.3,175.3,200.0,200.0,0.0
SF01-PS-PS04-SECEAU-P8312B,183978.0,290.0,Mécanique,Inspection,60,7.1,,observée,7.1,1.2,0,0,0.0,Trop fréquent,7.1,14.2,4936.0,2468.0,2468.0
SF01-PS-PS04-SECEAU-P8312B-GMOT,214498.0,360.0,Électrique,Systématique,3,165.0,,observée,165.0,8.0,0,0,0.0,Adéquat,165.0,165.0,212.0,212.0,0.0
SF01-PS-PS04-SECEAU-P8312B-GMOT,214499.0,360.0,Électrique,Systématique,3,165.0,,observée,165.0,8.0,0,0,0.0,Adéquat,165.0,165.0,212.0,212.0,0.0
SF01-PS-PS04-SECEAU-P8312B-GMOT-MOTEUBT,387712.0,310.0,Électrique,Inspection,3,21.0,,observée,21.0,7.0,0,0,0.0,Adéquat,21.0,21.0,1669.0,1669.0,0.0
SF01-PS-PS04-SECEAU-P8313A,183984.0,290.0,Mécanique,Inspection,29,15.1,,observée,15.1,3.8,0,0,0.0,Trop fréquent,15.1,30.2,2321.0,1160.0,1160.0
SF01-PS-PS04-SECEAU-P8313A,183985.0,290.0,Mécanique,Inspection,30,14.6,,observée,14.6,2.7,0,0,0.0,Trop fréquent,14.6,29.2,2400.0,1200.0,1200.0
SF01-PS-PS04-SECEAU-P8313A-GMOT,214501.0,310.0,Électrique,Inspection,3,165.0,,observée,165.0,8.0,0,0,0.0,Adéquat,165.0,165.0,212.0,212.0,0.0
SF01-PS-PS04-SECEAU-P8313A-GMOT,214502.0,360.0,Électrique,Systématique,3,165.0,,observée,165.0,8.0,0,0,0.0,Adéquat,165.0,165.0,212.0,212.0,0.0
SF01-PS-PS04-SECEAU-P8313A-GMOT,214503.0,360.0,Électrique,Systématique,3,165.0,,observée,165.0,8.0,0,0,0.0,Adéquat,165.0,165.0,212.0,212.0,0.0
SF01-PS-PS04-SECEAU-P8313A-GMOT-MOTEUBT,387713.0,310.0,Électrique,Inspection,3,21.0,,observée,21.0,7.0,0,0,0.0,Adéquat,21.0,21.0,1669.0,1669.0,0.0
SF01-PS-PS04-SECEAU-P8313B,183990.0,350.0,Mécanique,Graissage,3,365.0,,observée,365.0,0.0,0,0,0.0,Adéquat,365.0,365.0,96.0,96.0,0.0
SF01-PS-PS04-SECEAU-P8313B,183991.0,290.0,Mécanique,Inspection,29,15.1,,observée,15.1,3.8,0,0,0.0,Trop fréquent,15.1,30.2,2321.0,1160.0,1160.0
SF01-PS-PS04-SECEAU-P8313B,183992.0,290.0,Mécanique,Inspection,30,14.6,,observée,14.6,2.7,0,0,0.0,Trop fréquent,14.6,29.2,2400.0,1200.0,1200.0
SF01-PS-PS04-SECEAU-P8313B-GMOT,214505.0,310.0,Électrique,Inspection,3,165.0,,observée,165.0,8.0,0,0,0.0,Adéquat,165.0,165.0,212.0,212.0,0.0
SF01-PS-PS04-SECEAU-P8313B-GMOT,214506.0,360.0,Électrique,Systématique,3,165.0,,observée,165.0,8.0,0,0,0.0,Adéquat,165.0,165.0,212.0,212.0,0.0
SF01-PS-PS04-SECEAU-P8313B-GMOT,214507.0,360.0,Électrique,Systématique,3,168.0,,observée,168.0,11.0,0,0,0.0,Adéquat,168.0,168.0,209.0,209.0,0.0
SF01-PS-PS04-SECEAU-P8313B-GMOT-MOTEUBT,387714.0,310.0,Électrique,Inspection,3,21.0,,observée,21.0,7.0,0,0,0.0,Adéquat,21.0,21.0,1669.0,1669.0,0.0
SF01-PS-PS04-SECEAU-P8314A,183995.0,310.0,Mécanique,Inspection,4,175.3,,observée,175.3,6.8,0,0,0.0,Adéquat,175.3,175.3,200.0,200.0,0.0
SF01-PS-PS04-SECEAU-P8314A,183996.0,290.0,Mécanique,Inspection,59,7.2,,observée,7.2,2.2,0,0,0.0,Trop fréquent,7.2,14.4,4867.0,2434.0,2434.0
SF01-PS-PS04-SECEAU-P8314A,183997.0,350.0,Mécanique,Graissage,6,90.0,,observée,90.0,3.2,0,0,0.0,Adéquat,90.0,90.0,389.0,389.0,0.0
SF01-PS-PS04-SECEAU-P8314A,183998.0,290.0,Mécanique,Inspection,60,7.1,,observée,7.1,1.2,0,0,0.0,Trop fréquent,7.1,14.2,4936.0,2468.0,2468.0
SF01-PS-PS04-SECEAU-P8314A,184001.0,310.0,Mécanique,Inspection,4,175.3,,observée,175.3,6.8,0,0,0.0,Adéquat,175.3,175.3,200.0,200.0,0.0
SF01-PS-PS04-SECEAU-P8314A-GMOT,214509.0,360.0,Électrique,Systématique,3,165.0,,observée,165.0,8.0,0,0,0.0,Adéquat,165.0,165.0,212.0,212.0,0.0
SF01-PS-PS04-SECEAU-P8314A-GMOT,214510.0,360.0,Électrique,Systématique,3,168.0,,observée,168.0,11.0,0,0,0.0,Adéquat,168.0,168.0,209.0,209.0,0.0
SF01-PS-PS04-SECEAU-P8314A-GMOT-MOTEUBT,387715.0,310.0,Électrique,Inspection,3,21.0,,observée,21.0,7.0,0,0,0.0,Adéquat,21.0,21.0,1669.0,1669.0,0.0
SF01-PS-PS04-SECEAU-P8314B,184003.0,310.0,Mécanique,Inspection,4,175.3,,observée,175.3,6.8,0,0,0.0,Adéquat,175.3,175.3,200.0,200.0,0.0
SF01-PS-PS04-SECEAU-P8314B,184004.0,290.0,Mécanique,Inspection,59,7.2,,observée,7.2,2.1,0,0,0.0,Trop fréquent,7.2,14.4,4867.0,2434.0,2434.0
SF01-PS-PS04-SECEAU-P8314B,184005.0,350.0,Mécanique,Graissage,6,90.0,,observée,90.0,3.2,0,0,0.0,Adéquat,90.0,90.0,389.0,389.0,0.0
SF01-PS-PS04-SECEAU-P8314B,184006.0,290.0,Mécanique,Inspection,60,7.1,,observée,7.1,1.2,0,0,0.0,Trop fréquent,7.1,14.2,4936.0,2468.0,2468.0
SF01-PS-PS04-SECEAU-P8314B,184009.0,310.0,Mécanique,Inspection,4,175.3,,observée,175.3,6.8,0,0,0.0,Adéquat,175.3,175.3,200.0,200.0,0.0
SF01-PS-PS04-SECEAU-P8314B-GMOT,214512.0,360.0,Électrique,Systématique,3,168.0,,observée,168.0,11.0,0,0,0.0,Adéquat,168.0,168.0,209.0,209.0,0.0
SF01-PS-PS04-SECEAU-P8314B-GMOT,214513.0,360.0,Électrique,Systématique,3,168.0,,observée,168.0,11.0,0,0,0.0,Adéquat,168.0,168.0,209.0,209.0,0.0
SF01-PS-PS04-SECEAU-P8314B-GMOT-MOTEUBT,387716.0,310.0,Électrique,Inspection,3,21.0,,observée,21.0,7.0,0,0,0.0,Adéquat,21.0,21.0,1669.0,1669.0,0.0
SF01-PS-PS04-SECEMR-S8304A,184041.0,350.0,Mécanique,Graissage,3,365.0,,observée,365.0,0.0,19,1,0.5,Insuffisant,365.0,255.5,1209.0,932.0,277.0
SF01-PS-PS04-SECEMR-S8304A,184042.0,290.0,Mécanique,Inspection,29,15.1,,observée,15.1,6.3,19,5,0.18,Insuffisant,15.1,10.6,12007.0,10234.0,1773.0
SF01-PS-PS04-SECEMR-S8304A-MOAC,184775.0,320.0,Mécanique,Autre,4,174.7,,observée,174.7,7.5,0,0,0.0,Adéquat,174.7,174.7,201.0,201.0,0.0
SF01-PS-PS04-SECEMR-S8304B,184043.0,350.0,Mécanique,Graissage,3,365.0,,observée,365.0,0.0,4,1,0.5,Insuffisant,365.0,255.5,1209.0,932.0,277.0
SF01-PS-PS04-SECEMR-S8304B,184044.0,290.0,Mécanique,Inspection,29,15.1,,observée,15.1,6.3,4,4,0.14,Adéquat,15.1,15.1,9855.0,9855.0,0.0
SF01-PS-PS04-SECEMR-S8304B-MOAC,184776.0,320.0,Mécanique,Autre,4,174.7,,observée,174.7,7.5,0,0,0.0,Adéquat,174.7,174.7,201.0,201.0,0.0
SF01-PS-PS04-SECEMR-S834A1-GMOT,214515.0,360.0,Électrique,Systématique,3,168.0,,observée,168.0,11.0,0,0,0.0,Adéquat,168.0,168.0,209.0,209.0,0.0
SF01-PS-PS04-SECEMR-S834A1-GMOT,214516.0,360.0,Électrique,Systématique,3,168.0,,observée,168.0,11.0,0,0,0.0,Adéquat,168.0,168.0,209.0,209.0,0.0
SF01-PS-PS04-SECEMR-S834A1-GMOT-MOTEUBT,387721.0,310.0,Électrique,Inspection,3,21.5,,observée,21.5,6.5,0,0,0.0,Adéquat,21.5,21.5,1630.0,1630.0,0.0
SF01-PS-PS04-SECEMR-S834A2-GMOT,214518.0,360.0,Électrique,Systématique,3,169.0,,observée,169.0,12.0,0,0,0.0,Adéquat,169.0,169.0,207.0,207.0,0.0
SF01-PS-PS04-SECEMR-S834A2-GMOT,214519.0,360.0,Électrique,Systématique,3,168.5,,observée,168.5,11.5,0,0,0.0,Adéquat,168.5,168.5,208.0,208.0,0.0
SF01-PS-PS04-SECEMR-S834A2-GMOT-MOTEUBT,387722.0,310.0,Électrique,Inspection,3,21.5,,observée,21.5,6.5,0,0,0.0,Adéquat,21.5,21.5,1630.0,1630.0,0.0
SF01-PS-PS04-SECEMR-S834B1-GMOT,214521.0,360.0,Électrique,Systématique,3,168.5,,observée,168.5,11.5,0,0,0.0,Adéquat,168.5,168.5,208.0,208.0,0.0
SF01-PS-PS04-SECEMR-S834B1-GMOT,214522.0,360.0,Électrique,Systématique,3,168.5,,observée,168.5,11.5,0,0,0.0,Adéquat,168.5,168.5,208.0,208.0,0.0
SF01-PS-PS04-SECEMR-S834B1-GMOT-MOTEUBT,387723.0,310.0,Électrique,Inspection,3,21.5,,observée,21.5,6.5,0,0,0.0,Adéquat,21.5,21.5,1630.0,1630.0,0.0
SF01-PS-PS04-SECEMR-S834B2-GMOT,214524.0,360.0,Électrique,Systématique,3,168.5,,observée,168.5,11.5,0,0,0.0,Adéquat,168.5,168.5,208.0,208.0,0.0
SF01-PS-PS04-SECEMR-S834B2-GMOT,214525.0,360.0,Électrique,Systématique,3,165.0,,observée,165.0,8.0,0,0,0.0,Adéquat,165.0,165.0,212.0,212.0,0.0
SF01-PS-PS04-SECEMR-S834B2-GMOT-MOTEUBT,387724.0,310.0,Électrique,Inspection,3,21.5,,observée,21.5,6.5,0,0,0.0,Adéquat,21.5,21.5,1630.0,1630.0,0.0
SF01-PS-PS04-SECGAS-0P8318,184054.0,310.0,Mécanique,Inspection,4,175.3,,observée,175.3,6.8,1,1,0.33,Insuffisant,175.3,122.7,1730.0,1378.0,351.0
SF01-PS-PS04-SECGAS-0P8318,184055.0,290.0,Mécanique,Inspection,16,29.1,,observée,29.1,6.4,1,1,0.07,Adéquat,29.1,29.1,3159.0,3159.0,0.0
SF01-PS-PS04-SECGAS-0P8318,184056.0,310.0,Mécanique,Inspection,4,175.3,,observée,175.3,6.6,1,1,0.33,Insuffisant,175.3,122.7,1730.0,1378.0,351.0
SF01-PS-PS04-SECGAS-0P8318,184057.0,350.0,Mécanique,Graissage,5,114.0,,observée,114.0,27.7,1,1,0.25,Insuffisant,114.0,79.8,2089.0,1712.0,377.0
SF01-PS-PS04-SECGAS-0P8318,184061.0,310.0,Mécanique,Inspection,4,175.3,,observée,175.3,6.8,1,1,0.33,Insuffisant,175.3,122.7,1730.0,1378.0,351.0
SF01-PS-PS04-SECGAS-0P8318-GMOT,214527.0,360.0,Électrique,Systématique,3,168.5,,observée,168.5,11.5,0,0,0.0,Adéquat,168.5,168.5,208.0,208.0,0.0
SF01-PS-PS04-SECGAS-0P8318-GMOT,214528.0,360.0,Électrique,Systématique,3,168.5,,observée,168.5,11.5,0,0,0.0,Adéquat,168.5,168.5,208.0,208.0,0.0
SF01-PS-PS04-SECGAS-0P8318-GMOT-MOTEUBT,387725.0,310.0,Électrique,Inspection,3,22.0,,observée,22.0,6.0,0,0,0.0,Adéquat,22.0,22.0,1593.0,1593.0,0.0
SF01-PS-PS04-SECGAS-0T8313,184073.0,290.0,Mécanique,Inspection,16,29.1,,observée,29.1,6.4,0,0,0.0,Adéquat,29.1,29.1,1204.0,1204.0,0.0
SF01-PS-PS04-SECGAS-0T8313-MOAC,183278.0,320.0,Mécanique,Autre,4,175.3,,observée,175.3,6.6,0,0,0.0,Adéquat,175.3,175.3,200.0,200.0,0.0
SF01-PS-PS04-SECGAS-P8317A,184078.0,310.0,Mécanique,Inspection,3,365.0,,observée,365.0,0.0,0,0,0.0,Adéquat,365.0,365.0,96.0,96.0,0.0
SF01-PS-PS04-SECGAS-P8317A,184079.0,290.0,Mécanique,Inspection,8,60.0,,observée,60.0,7.8,0,0,0.0,Adéquat,60.0,60.0,584.0,584.0,0.0
SF01-PS-PS04-SECGAS-P8317A,184080.0,290.0,Mécanique,Inspection,8,60.0,,observée,60.0,2.4,0,0,0.0,Adéquat,60.0,60.0,584.0,584.0,0.0
SF01-PS-PS04-SECGAS-P8317A,184084.0,310.0,Mécanique,Inspection,3,365.0,,observée,365.0,0.0,0,0,0.0,Adéquat,365.0,365.0,96.0,96.0,0.0
SF01-PS-PS04-SECGAS-P8317A-GMOT,214530.0,360.0,Électrique,Systématique,3,169.0,,observée,169.0,12.0,1,1,0.5,Insuffisant,169.0,118.3,2611.0,2013.0,598.0
SF01-PS-PS04-SECGAS-P8317A-GMOT,214531.0,360.0,Électrique,Systématique,3,169.0,,observée,169.0,12.0,1,1,0.5,Insuffisant,169.0,118.3,2611.0,2013.0,598.0
SF01-PS-PS04-SECGAS-P8317B,184086.0,310.0,Mécanique,Inspection,3,365.0,,observée,365.0,0.0,0,0,0.0,Adéquat,365.0,365.0,96.0,96.0,0.0
SF01-PS-PS04-SECGAS-P8317B,184087.0,290.0,Mécanique,Inspection,8,60.0,,observée,60.0,7.8,0,0,0.0,Adéquat,60.0,60.0,584.0,584.0,0.0
SF01-PS-PS04-SECGAS-P8317B,184088.0,290.0,Mécanique,Inspection,8,60.0,,observée,60.0,2.4,0,0,0.0,Adéquat,60.0,60.0,584.0,584.0,0.0
SF01-PS-PS04-SECGAS-P8317B,184092.0,310.0,Mécanique,Inspection,3,365.0,,observée,365.0,0.0,0,0,0.0,Adéquat,365.0,365.0,96.0,96.0,0.0
SF01-PS-PS04-SECGAS-P8317B-GMOT,214533.0,360.0,Électrique,Systématique,3,165.0,,observée,165.0,8.0,1,1,0.5,Insuffisant,165.0,115.5,2675.0,2062.0,613.0
SF01-PS-PS04-SECGAS-P8317B-GMOT,214534.0,360.0,Électrique,Systématique,3,165.0,,observée,165.0,8.0,1,1,0.5,Insuffisant,165.0,115.5,2675.0,2062.0,613.0
SF01-PS-PS04-SECGAS-P8317B-GMOT-MOTEUBT,387727.0,310.0,Électrique,Inspection,3,22.0,,observée,22.0,6.0,0,0,0.0,Adéquat,22.0,22.0,1593.0,1593.0,0.0
SF01-PS-PS04-SECGAZ-0B8301,184094.0,290.0,Mécanique,Inspection,16,29.1,,observée,29.1,6.4,5,1,0.07,Adéquat,29.1,29.1,3159.0,3159.0,0.0
SF01-PS-PS04-SECGAZ-0B8301-MOAC,183159.0,320.0,Mécanique,Autre,4,178.7,,observée,178.7,1.9,0,0,0.0,Adéquat,178.7,178.7,196.0,196.0,0.0
SF01-PS-PS04-SECGAZ-0E8308,184119.0,290.0,Mécanique,Inspection,16,29.1,,observée,29.1,6.9,0,0,0.0,Adéquat,29.1,29.1,1204.0,1204.0,0.0
SF01-PS-PS04-SECGAZ-0E8309,184126.0,290.0,Mécanique,Inspection,16,29.1,,observée,29.1,6.9,11,5,0.33,Insuffisant,29.1,20.4,10419.0,8302.0,2117.0
SF01-PS-PS04-SECGAZ-0E8309-MOAC,183236.0,320.0,Mécanique,Autre,4,175.3,,observée,175.3,6.6,0,0,0.0,Adéquat,175.3,175.3,200.0,200.0,0.0
SF01-PS-PS04-SECGAZ-0E8310,184133.0,290.0,Mécanique,Inspection,16,29.1,,observée,29.1,6.9,7,2,0.13,Adéquat,29.1,29.1,4834.0,4834.0,0.0
SF01-PS-PS04-SECGAZ-0E8310,184137.0,290.0,Mécanique,Inspection,4,175.3,,observée,175.3,6.6,7,1,0.33,Insuffisant,175.3,122.7,1730.0,1378.0,351.0
SF01-PS-PS04-SECGAZ-0E8310-MOAC,183237.0,320.0,Mécanique,Autre,4,175.3,,observée,175.3,6.6,0,0,0.0,Adéquat,175.3,175.3,200.0,200.0,0.0
SF01-PS-PS04-SECGAZ-0E8311,184141.0,290.0,Mécanique,Inspection,16,29.1,,observée,29.1,6.9,7,3,0.2,Insuffisant,29.1,20.4,6789.0,5710.0,1080.0
SF01-PS-PS04-SECGAZ-0E8311,184145.0,290.0,Mécanique,Inspection,4,175.3,,observée,175.3,6.6,7,2,0.67,Insuffisant,175.3,122.7,3306.0,2504.0,802.0
SF01-PS-PS04-SECGAZ-0E8311-MOAC,183238.0,320.0,Mécanique,Autre,4,175.3,,observée,175.3,6.6,0,0,0.0,Adéquat,175.3,175.3,200.0,200.0,0.0
SF01-PS-PS04-SECGAZ-0E8314,184149.0,290.0,Mécanique,Inspection,16,29.1,,observée,29.1,6.9,6,2,0.13,Adéquat,29.1,29.1,4834.0,4834.0,0.0
SF01-PS-PS04-SECGAZ-0E8314,184153.0,290.0,Mécanique,Inspection,4,175.3,,observée,175.3,6.6,6,2,0.67,Insuffisant,175.3,122.7,3306.0,2504.0,802.0
SF01-PS-PS04-SECGAZ-0E8314-MOAC,183239.0,320.0,Mécanique,Autre,4,175.3,,observée,175.3,6.6,0,0,0.0,Adéquat,175.3,175.3,200.0,200.0,0.0
SF01-PS-PS04-SECGAZ-0F8301,184188.0,290.0,Mécanique,Inspection,59,7.2,,observée,7.2,2.1,21,8,0.14,Adéquat,7.2,7.2,20668.0,20668.0,0.0
SF01-PS-PS04-SECGAZ-0F8301,184189.0,290.0,Mécanique,Inspection,60,7.1,,observée,7.1,1.2,21,8,0.14,Adéquat,7.1,7.1,20959.0,20959.0,0.0
SF01-PS-PS04-SECGAZ-0F8301,184191.0,290.0,Mécanique,Inspection,60,7.1,,observée,7.1,1.2,21,8,0.14,Adéquat,7.1,7.1,20959.0,20959.0,0.0
SF01-PS-PS04-SECGAZ-0F8301-GMOT,214536.0,310.0,Électrique,Inspection,3,165.0,,observée,165.0,8.0,1,0,0.0,Adéquat,165.0,165.0,212.0,212.0,0.0
SF01-PS-PS04-SECGAZ-0F8301-GMOT,214537.0,360.0,Électrique,Systématique,3,165.0,,observée,165.0,8.0,1,0,0.0,Adéquat,165.0,165.0,212.0,212.0,0.0
SF01-PS-PS04-SECGAZ-0F8301-GMOT,214538.0,360.0,Électrique,Systématique,3,165.0,,observée,165.0,8.0,1,0,0.0,Adéquat,165.0,165.0,212.0,212.0,0.0
SF01-PS-PS04-SECGAZ-0F8302,184193.0,290.0,Mécanique,Inspection,59,7.2,,observée,7.2,2.1,12,6,0.1,Adéquat,7.2,7.2,16153.0,16153.0,0.0
SF01-PS-PS04-SECGAZ-0F8302,184197.0,290.0,Mécanique,Inspection,4,175.3,,observée,175.3,6.6,12,3,1.0,Insuffisant,175.3,122.7,4835.0,3597.0,1239.0
SF01-PS-PS04-SECGAZ-0F8302-GMOT,214540.0,360.0,Électrique,Systématique,3,165.0,,observée,165.0,8.0,0,0,0.0,Adéquat,165.0,165.0,212.0,212.0,0.0
SF01-PS-PS04-SECGAZ-0F8302-GMOT,214541.0,360.0,Électrique,Systématique,3,165.0,,observée,165.0,8.0,0,0,0.0,Adéquat,165.0,165.0,212.0,212.0,0.0
SF01-PS-PS04-SECGAZ-0F8302-GMOT-MOTEUBT,387729.0,310.0,Électrique,Inspection,3,22.0,,observée,22.0,6.0,1,0,0.0,Adéquat,22.0,22.0,1593.0,1593.0,0.0
SF01-PS-PS04-SECGAZ-0F8302-MOAC,183241.0,320.0,Mécanique,Autre,4,175.3,,observée,175.3,6.6,0,0,0.0,Adéquat,175.3,175.3,200.0,200.0,0.0
SF01-PS-PS04-SECGAZ-0R8301,184214.0,290.0,Mécanique,Inspection,16,29.1,,observée,29.1,6.4,8,2,0.13,Adéquat,29.1,29.1,4834.0,4834.0,0.0
SF01-PS-PS04-SECGAZ-0R8301,184220.0,290.0,Mécanique,Inspection,4,175.3,,observée,175.3,6.6,8,1,0.33,Insuffisant,175.3,122.7,1730.0,1378.0,351.0
SF01-PS-PS04-SECGAZ-0R8301-MOAC,183252.0,320.0,Mécanique,Autre,4,175.3,,observée,175.3,6.6,0,0,0.0,Adéquat,175.3,175.3,200.0,200.0,0.0
SF01-PS-PS04-SECSAS-0P8402,184246.0,310.0,Mécanique,Inspection,4,175.3,,observée,175.3,6.8,0,0,0.0,Adéquat,175.3,175.3,200.0,200.0,0.0
SF01-PS-PS04-SECSAS-0P8402,184247.0,290.0,Mécanique,Inspection,16,29.1,,observée,29.1,6.4,0,0,0.0,Adéquat,29.1,29.1,1204.0,1204.0,0.0
SF01-PS-PS04-SECSAS-0P8402,184248.0,310.0,Mécanique,Inspection,4,175.3,,observée,175.3,6.6,0,0,0.0,Adéquat,175.3,175.3,200.0,200.0,0.0
SF01-PS-PS04-SECSAS-0P8402,184249.0,350.0,Mécanique,Graissage,5,114.0,,observée,114.0,27.7,0,0,0.0,Adéquat,114.0,114.0,307.0,307.0,0.0
SF01-PS-PS04-SECSAS-0P8402,184253.0,310.0,Mécanique,Inspection,4,175.3,,observée,175.3,6.8,0,0,0.0,Adéquat,175.3,175.3,200.0,200.0,0.0
SF01-PS-PS04-SECSAS-0P8402-GMOT,214543.0,360.0,Électrique,Systématique,3,165.0,,observée,165.0,8.0,0,0,0.0,Adéquat,165.0,165.0,212.0,212.0,0.0
SF01-PS-PS04-SECSAS-0P8402-GMOT,214544.0,360.0,Électrique,Systématique,3,165.0,,observée,165.0,8.0,0,0,0.0,Adéquat,165.0,165.0,212.0,212.0,0.0
SF01-PS-PS04-SECSAS-0P8402-GMOT-MOTEUBT,387730.0,310.0,Électrique,Inspection,3,22.0,,observée,22.0,6.0,0,0,0.0,Adéquat,22.0,22.0,1593.0,1593.0,0.0
SF01-PS-PS04-SECSSL-0P8202,184293.0,310.0,Mécanique,Inspection,4,175.3,,observée,175.3,6.8,5,2,0.67,Insuffisant,175.3,122.7,3306.0,2504.0,802.0
SF01-PS-PS04-SECSSL-0P8202,184294.0,290.0,Mécanique,Inspection,16,29.1,,observée,29.1,6.4,5,3,0.2,Insuffisant,29.1,20.4,6789.0,5710.0,1080.0
SF01-PS-PS04-SECSSL-0P8202,184295.0,310.0,Mécanique,Inspection,4,175.3,,observée,175.3,6.6,5,2,0.67,Insuffisant,175.3,122.7,3306.0,2504.0,802.0
SF01-PS-PS04-SECSSL-0P8202,184296.0,350.0,Mécanique,Graissage,5,114.0,,observée,114.0,27.7,5,2,0.5,Insuffisant,114.0,79.8,3871.0,2985.0,887.0
SF01-PS-PS04-SECSSL-0P8202,184300.0,310.0,Mécanique,Inspection,4,175.3,,observée,175.3,6.8,5,2,0.67,Insuffisant,175.3,122.7,3306.0,2504.0,802.0
SF01-PS-PS04-SECSSL-0P8202-GMOT,214546.0,360.0,Électrique,Systématique,3,165.0,,observée,165.0,8.0,0,0,0.0,Adéquat,165.0,165.0,212.0,212.0,0.0
SF01-PS-PS04-SECSSL-0P8202-GMOT,214547.0,360.0,Électrique,Systématique,3,165.0,,observée,165.0,8.0,0,0,0.0,Adéquat,165.0,165.0,212.0,212.0,0.0
SF01-PS-PS04-SECSSL-0P8202-GMOT-MOTEUBT,387731.0,310.0,Électrique,Inspection,3,22.0,,observée,22.0,6.0,0,0,0.0,Adéquat,22.0,22.0,1593.0,1593.0,0.0
SF01-PS-PS04-SECSSL-0T8201,184343.0,290.0,Mécanique,Inspection,16,29.0,,observée,29.0,6.6,8,4,0.27,Insuffisant,29.0,20.3,8774.0,7130.0,1644.0
SF01-PS-PS04-SECSSL-0T8201,184347.0,290.0,Mécanique,Inspection,4,174.7,,observée,174.7,7.5,8,3,1.0,Insuffisant,174.7,122.3,4852.0,3609.0,1243.0
SF01-PS-PS04-SECSSL-0T8201-MOAC,183270.0,320.0,Mécanique,Autre,4,175.3,,observée,175.3,6.6,0,0,0.0,Adéquat,175.3,175.3,200.0,200.0,0.0
SF01-PS-PS04-SECSSL-0T8202,184352.0,290.0,Mécanique,Inspection,16,29.0,,observée,29.0,6.6,1,1,0.07,Adéquat,29.0,29.0,3170.0,3170.0,0.0
SF01-PS-PS04-SECSSL-0T8202,184356.0,290.0,Mécanique,Inspection,4,174.7,,observée,174.7,7.5,1,1,0.33,Insuffisant,174.7,122.3,1736.0,1383.0,353.0
SF01-PS-PS04-SECSSL-0T8202-MOAC,183271.0,320.0,Mécanique,Autre,4,175.3,,observée,175.3,6.6,0,0,0.0,Adéquat,175.3,175.3,200.0,200.0,0.0
SF01-PS-PS04-SECSSL-0T8203,184364.0,290.0,Mécanique,Inspection,16,29.0,,observée,29.0,6.6,8,3,0.2,Insuffisant,29.0,20.3,6812.0,5729.0,1083.0
SF01-PS-PS04-SECSSL-P8201A,184393.0,310.0,Mécanique,Inspection,4,174.7,,observée,174.7,7.7,3,1,0.33,Insuffisant,174.7,122.3,1736.0,1383.0,353.0
SF01-PS-PS04-SECSSL-P8201A,184394.0,310.0,Mécanique,Inspection,4,174.7,,observée,174.7,7.7,3,1,0.33,Insuffisant,174.7,122.3,1736.0,1383.0,353.0
SF01-PS-PS04-SECSSL-P8201A,184395.0,350.0,Mécanique,Graissage,6,90.0,,observée,90.0,3.2,3,1,0.2,Insuffisant,90.0,63.0,2195.0,1846.0,349.0
SF01-PS-PS04-SECSSL-P8201A,184396.0,290.0,Mécanique,Inspection,59,7.2,,observée,7.2,2.2,3,1,0.02,Adéquat,7.2,7.2,7125.0,7125.0,0.0
SF01-PS-PS04-SECSSL-P8201A,184397.0,290.0,Mécanique,Inspection,60,7.1,,observée,7.1,1.3,3,1,0.02,Adéquat,7.1,7.1,7225.0,7225.0,0.0
SF01-PS-PS04-SECSSL-P8201A-GMOT,214549.0,360.0,Électrique,Systématique,3,165.0,,observée,165.0,8.0,1,1,0.5,Insuffisant,165.0,115.5,2675.0,2062.0,613.0
SF01-PS-PS04-SECSSL-P8201A-GMOT,214550.0,360.0,Électrique,Systématique,3,165.0,,observée,165.0,8.0,1,1,0.5,Insuffisant,165.0,115.5,2675.0,2062.0,613.0
SF01-PS-PS04-SECSSL-P8201A-GMOT-MOTEUBT,387732.0,310.0,Électrique,Inspection,3,22.0,,observée,22.0,6.0,0,0,0.0,Adéquat,22.0,22.0,1593.0,1593.0,0.0
SF01-PS-PS04-SECSSL-P8201B,184401.0,310.0,Mécanique,Inspection,4,174.7,,observée,174.7,7.7,1,1,0.33,Insuffisant,174.7,122.3,1736.0,1383.0,353.0
SF01-PS-PS04-SECSSL-P8201B,184402.0,310.0,Mécanique,Inspection,4,174.7,,observée,174.7,7.7,1,1,0.33,Insuffisant,174.7,122.3,1736.0,1383.0,353.0
SF01-PS-PS04-SECSSL-P8201B,184403.0,350.0,Mécanique,Graissage,6,90.0,,observée,90.0,3.2,1,1,0.2,Insuffisant,90.0,63.0,2195.0,1846.0,349.0
SF01-PS-PS04-SECSSL-P8201B,184404.0,290.0,Mécanique,Inspection,59,7.2,,observée,7.2,2.2,1,1,0.02,Adéquat,7.2,7.2,7125.0,7125.0,0.0
SF01-PS-PS04-SECSSL-P8201B,184405.0,290.0,Mécanique,Inspection,60,7.1,,observée,7.1,1.3,1,1,0.02,Adéquat,7.1,7.1,7225.0,7225.0,0.0
SF01-PS-PS04-SECSSL-P8201B-GMOT,214552.0,360.0,Électrique,Systématique,3,165.0,,observée,165.0,8.0,0,0,0.0,Adéquat,165.0,165.0,212.0,212.0,0.0
SF01-PS-PS04-SECSSL-P8201B-GMOT,214553.0,360.0,Électrique,Systématique,3,165.0,,observée,165.0,8.0,0,0,0.0,Adéquat,165.0,165.0,212.0,212.0,0.0
SF01-PS-PS04-SECSSL-P8201B-GMOT-MOTEUBT,387733.0,310.0,Électrique,Inspection,3,25.5,,observée,25.5,2.5,0,0,0.0,Adéquat,25.5,25.5,1374.0,1374.0,0.0
SF01-PS-PS04-SECSSL-S8201A,184409.0,290.0,Mécanique,Inspection,28,15.6,,observée,15.6,5.9,10,4,0.15,Adéquat,15.6,15.6,10060.0,10060.0,0.0
SF01-PS-PS04-SECSSL-S8201A,184410.0,350.0,Mécanique,Graissage,4,174.7,,observée,174.7,7.5,10,2,0.67,Insuffisant,174.7,122.3,3317.0,2513.0,804.0
SF01-PS-PS04-SECSSL-S8201A,184411.0,290.0,Mécanique,Inspection,4,174.7,,observée,174.7,7.5,10,2,0.67,Insuffisant,174.7,122.3,3317.0,2513.0,804.0
SF01-PS-PS04-SECSSL-S8201A-MOAC,184773.0,320.0,Mécanique,Autre,4,174.7,,observée,174.7,7.5,0,0,0.0,Adéquat,174.7,174.7,201.0,201.0,0.0
SF01-PS-PS04-SECSSL-S8201B,184413.0,290.0,Mécanique,Inspection,28,15.6,,observée,15.6,5.9,3,3,0.11,Adéquat,15.6,15.6,7976.0,7976.0,0.0
SF01-PS-PS04-SECSSL-S8201B,184414.0,350.0,Mécanique,Graissage,4,174.7,,observée,174.7,7.5,3,3,1.0,Insuffisant,174.7,122.3,4852.0,3609.0,1243.0
SF01-PS-PS04-SECSSL-S8201B,184415.0,290.0,Mécanique,Inspection,4,174.7,,observée,174.7,7.5,3,3,1.0,Insuffisant,174.7,122.3,4852.0,3609.0,1243.0
SF01-PS-PS04-SECSSL-S8201B-MOAC,184774.0,320.0,Mécanique,Autre,4,174.7,,observée,174.7,7.5,0,0,0.0,Adéquat,174.7,174.7,201.0,201.0,0.0
SF01-PS-PS04-SECVAP-00FR03,184419.0,290.0,Mécanique,Inspection,16,29.0,,observée,29.0,6.6,0,0,0.0,Adéquat,29.0,29.0,1208.0,1208.0,0.0
SF01-PS-PS04-SECVAP-0E8312,184444.0,290.0,Mécanique,Inspection,16,29.0,,observée,29.0,7.1,0,0,0.0,Adéquat,29.0,29.0,1208.0,1208.0,0.0
SF01-PS-PS04-SECVAP-0E8312,184448.0,290.0,Mécanique,Inspection,4,174.7,,observée,174.7,7.5,0,0,0.0,Adéquat,174.7,174.7,201.0,201.0,0.0
SF01-PS-PS04-SECVAP-0E8313,184452.0,290.0,Mécanique,Inspection,16,29.0,,observée,29.0,7.1,1,1,0.07,Adéquat,29.0,29.0,3170.0,3170.0,0.0
SF01-PS-PS04-SECVAP-0E8313,184456.0,290.0,Mécanique,Inspection,4,174.7,,observée,174.7,7.5,1,1,0.33,Insuffisant,174.7,122.3,1736.0,1383.0,353.0
SF01-PS-PS04-SECVAP-0H8301,184472.0,290.0,Mécanique,Inspection,16,29.0,,observée,29.0,6.6,25,7,0.47,Insuffisant,29.0,20.3,14378.0,11133.0,3245.0
SF01-PS-PS04-SECVAP-0H8301,184476.0,290.0,Mécanique,Inspection,4,174.7,,observée,174.7,7.5,25,2,0.67,Insuffisant,174.7,122.3,3317.0,2513.0,804.0
SF01-PS-PS04-SECVAP-0H8301-MOAC,183244.0,320.0,Mécanique,Autre,4,175.3,,observée,175.3,6.6,0,0,0.0,Adéquat,175.3,175.3,200.0,200.0,0.0
SF01-PS-PS04-SECVAP-0T8304,184483.0,290.0,Mécanique,Inspection,16,29.0,,observée,29.0,6.6,5,2,0.13,Adéquat,29.0,29.0,4851.0,4851.0,0.0
SF01-PS-PS04-SECVAP-0T8304-MOAC,183274.0,320.0,Mécanique,Autre,4,175.3,,observée,175.3,6.6,0,0,0.0,Adéquat,175.3,175.3,200.0,200.0,0.0
SF01-PS-PS04-SECVAP-0T8310,184489.0,290.0,Mécanique,Inspection,16,29.0,,observée,29.0,6.6,0,0,0.0,Adéquat,29.0,29.0,1208.0,1208.0,0.0
SF01-PS-PS04-SECVAP-0T8310-MOAC,183276.0,320.0,Mécanique,Autre,4,175.3,,observée,175.3,6.6,0,0,0.0,Adéquat,175.3,175.3,200.0,200.0,0.0
SF01-PS-PS04-SECVAP-E83271-GMOT,214555.0,310.0,Électrique,Inspection,3,165.0,,observée,165.0,8.0,0,0,0.0,Adéquat,165.0,165.0,212.0,212.0,0.0
SF01-PS-PS04-SECVAP-E83271-GMOT,214556.0,360.0,Électrique,Systématique,3,168.0,,observée,168.0,11.0,0,0,0.0,Adéquat,168.0,168.0,209.0,209.0,0.0
SF01-PS-PS04-SECVAP-E83271-GMOT,214557.0,360.0,Électrique,Systématique,3,168.0,,observée,168.0,11.0,0,0,0.0,Adéquat,168.0,168.0,209.0,209.0,0.0
SF01-PS-PS04-SECVAP-E83271-GMOT-MOTEURBT,387737.0,310.0,Électrique,Inspection,3,25.5,,observée,25.5,2.5,0,0,0.0,Adéquat,25.5,25.5,1374.0,1374.0,0.0
SF01-PS-PS04-SECVAP-E83272-GMOT,214559.0,310.0,Électrique,Inspection,3,165.0,,observée,165.0,8.0,0,0,0.0,Adéquat,165.0,165.0,212.0,212.0,0.0
SF01-PS-PS04-SECVAP-E83272-GMOT,214560.0,360.0,Électrique,Systématique,3,168.0,,observée,168.0,11.0,0,0,0.0,Adéquat,168.0,168.0,209.0,209.0,0.0
SF01-PS-PS04-SECVAP-E83272-GMOT,214561.0,360.0,Électrique,Systématique,3,166.0,,observée,166.0,9.0,0,0,0.0,Adéquat,166.0,166.0,211.0,211.0,0.0
SF01-PS-PS04-SECVAP-E83272-GMOT-MOTEURBT,387738.0,310.0,Électrique,Inspection,3,25.5,,observée,25.5,2.5,0,0,0.0,Adéquat,25.5,25.5,1374.0,1374.0,0.0
SF01-PS-PS04-SECVAP-E83273-GMOT,214563.0,310.0,Électrique,Inspection,3,165.0,,observée,165.0,8.0,0,0,0.0,Adéquat,165.0,165.0,212.0,212.0,0.0
SF01-PS-PS04-SECVAP-E83273-GMOT,214564.0,360.0,Électrique,Systématique,3,165.0,,observée,165.0,8.0,0,0,0.0,Adéquat,165.0,165.0,212.0,212.0,0.0
SF01-PS-PS04-SECVAP-E83273-GMOT,214565.0,360.0,Électrique,Systématique,3,165.0,,observée,165.0,8.0,0,0,0.0,Adéquat,165.0,165.0,212.0,212.0,0.0
SF01-PS-PS04-SECVAP-E83273-GMOT-MOTEURBT,387739.0,310.0,Électrique,Inspection,3,25.5,,observée,25.5,2.5,0,0,0.0,Adéquat,25.5,25.5,1374.0,1374.0,0.0
SF01-UT,184814.0,290.0,Mécanique,Inspection,58,7.3,,observée,7.3,2.9,233,25,0.44,Insuffisant,7.3,5.1,53778.0,41842.0,11936.0
SF01-UT,184815.0,290.0,Mécanique,Inspection,58,7.3,,observée,7.3,3.4,233,24,0.42,Insuffisant,7.3,5.1,51552.0,40252.0,11300.0
SF01-UT,184816.0,290.0,Mécanique,Inspection,58,7.3,,observée,7.3,3.1,233,23,0.4,Insuffisant,7.3,5.1,49326.0,38662.0,10664.0
SF01-UT,184817.0,290.0,Mécanique,Inspection,57,7.5,,observée,7.5,3.1,233,23,0.41,Insuffisant,7.5,5.2,49094.0,38405.0,10689.0
SF01-UT,184818.0,290.0,Mécanique,Inspection,57,7.5,,observée,7.5,3.1,233,23,0.41,Insuffisant,7.5,5.2,49094.0,38405.0,10689.0
SF01-UT,218608.0,310.0,Régulation/Instrumentation,Inspection,18,20.6,,observée,20.6,9.7,233,11,0.65,Insuffisant,20.6,14.4,27341.0,20744.0,6597.0
SF01-UT,218609.0,310.0,Régulation/Instrumentation,Inspection,18,20.6,,observée,20.6,9.7,233,11,0.65,Insuffisant,20.6,14.4,27341.0,20744.0,6597.0
SF01-UT,218610.0,310.0,Régulation/Instrumentation,Inspection,5,78.2,,observée,78.2,22.8,233,3,0.75,Insuffisant,78.2,54.7,8241.0,6207.0,2035.0
SF01-UT-00PC,211494.0,290.0,Électrique,Inspection,5,91.0,,observée,91.0,0.0,264,3,0.75,Insuffisant,91.0,63.7,7082.0,5334.0,1748.0
SF01-UT-00PC,211495.0,290.0,Électrique,Inspection,5,91.0,,observée,91.0,0.0,264,3,0.75,Insuffisant,91.0,63.7,7082.0,5334.0,1748.0
SF01-UT-00PC,211496.0,290.0,Électrique,Inspection,5,91.0,,observée,91.0,21.2,264,3,0.75,Insuffisant,91.0,63.7,7082.0,5334.0,1748.0
SF01-UT-00PC,211497.0,290.0,Électrique,Inspection,5,91.0,,observée,91.0,0.0,264,3,0.75,Insuffisant,91.0,63.7,7082.0,5334.0,1748.0
SF01-UT-00PC,211498.0,290.0,Électrique,Inspection,5,91.0,,observée,91.0,0.0,264,3,0.75,Insuffisant,91.0,63.7,7082.0,5334.0,1748.0
SF01-UT-00PC,211502.0,290.0,Électrique,Inspection,5,91.0,,observée,91.0,0.0,264,3,0.75,Insuffisant,91.0,63.7,7082.0,5334.0,1748.0
SF01-UT-00PC,212987.0,290.0,Électrique,Inspection,5,88.8,,observée,88.8,3.9,264,4,1.0,Insuffisant,88.8,62.2,9545.0,7100.0,2445.0
SF01-UT-00PC,213428.0,290.0,Électrique,Inspection,5,88.8,,observée,88.8,3.9,264,4,1.0,Insuffisant,88.8,62.2,9545.0,7100.0,2445.0
SF01-UT-00PC,213429.0,290.0,Électrique,Inspection,5,88.8,,observée,88.8,3.9,264,4,1.0,Insuffisant,88.8,62.2,9545.0,7100.0,2445.0
SF01-UT-00PC,213430.0,290.0,Électrique,Inspection,5,88.8,,observée,88.8,3.9,264,4,1.0,Insuffisant,88.8,62.2,9545.0,7100.0,2445.0
SF01-UT-00PC,213431.0,290.0,Électrique,Inspection,5,88.5,,observée,88.5,4.3,264,4,1.0,Insuffisant,88.5,61.9,9578.0,7124.0,2454.0
SF01-UT-00PC,213432.0,290.0,Électrique,Inspection,5,88.8,,observée,88.8,3.9,264,4,1.0,Insuffisant,88.8,62.2,9545.0,7100.0,2445.0
SF01-UT-00PC,213447.0,350.0,Électrique,Graissage,4,119.0,,observée,119.0,0.0,264,3,1.0,Insuffisant,119.0,83.3,7123.0,5298.0,1825.0
SF01-UT-00PC,213448.0,350.0,Électrique,Graissage,3,182.0,,observée,182.0,0.0,264,2,1.0,Insuffisant,182.0,127.4,4657.0,3464.0,1193.0
SF01-UT-00PC,218611.0,310.0,Régulation/Instrumentation,Inspection,18,20.6,,observée,20.6,9.7,264,12,0.71,Insuffisant,20.6,14.4,29708.0,22435.0,7273.0
SF01-UT-00PC-000BW2,218888.0,310.0,Régulation/Instrumentation,Inspection,18,20.6,,observée,20.6,9.7,61,11,0.65,Insuffisant,20.6,14.4,27341.0,20744.0,6597.0
SF01-UT-00PC-000BW2,218889.0,360.0,Régulation/Instrumentation,Systématique,14,26.9,,observée,26.9,11.1,61,9,0.69,Insuffisant,26.9,18.8,22146.0,16749.0,5397.0
SF01-UT-00PC-000BW2,218890.0,360.0,Régulation/Instrumentation,Systématique,3,168.0,,observée,168.0,0.0,61,2,1.0,Insuffisant,168.0,117.6,5045.0,3753.0,1293.0
SF01-UT-00PC-000BW2-BAC100-CANA-00LT1204,218963.0,360.0,Régulation/Instrumentation,Systématique,3,182.0,,observée,182.0,0.0,0,0,0.0,Adéquat,182.0,182.0,193.0,193.0,0.0
SF01-UT-00PC-000BW2-BAC100-CANA-00TE1204,218884.0,360.0,Régulation/Instrumentation,Systématique,8,54.0,,observée,54.0,22.1,0,0,0.0,Adéquat,54.0,54.0,649.0,649.0,0.0
SF01-UT-00PC-000BW2-BAC100-MOAC,183330.0,330.0,Mécanique,Autre,3,365.0,,observée,365.0,0.0,0,0,0.0,Adéquat,365.0,365.0,96.0,96.0,0.0
SF01-UT-00PC-000BW2-CHAUDI-0DCS,218898.0,360.0,Régulation/Instrumentation,Systématique,14,26.9,,observée,26.9,11.2,1,1,0.08,Adéquat,26.9,26.9,3719.0,3719.0,0.0
SF01-UT-00PC-000BW2-CHAUDI-0DCS,218899.0,360.0,Régulation/Instrumentation,Systématique,5,75.2,,observée,75.2,15.2,1,0,0.0,Adéquat,75.2,75.2,466.0,466.0,0.0
SF01-UT-00PC-000BW2-CHAUDI-0DCS,218903.0,360.0,Régulation/Instrumentation,Systématique,4,142.0,,observée,142.0,22.6,1,0,0.0,Adéquat,142.0,142.0,247.0,247.0,0.0
SF01-UT-00PC-000BW2-CHAUDI-CANA,218881.0,360.0,Régulation/Instrumentation,Systématique,5,77.5,,observée,77.5,23.4,1,0,0.0,Adéquat,77.5,77.5,452.0,452.0,0.0
SF01-UT-00PC-000BW2-CHAUDI-CANA-00LT1202,218882.0,360.0,Régulation/Instrumentation,Systématique,5,77.5,,observée,77.5,23.4,0,0,0.0,Adéquat,77.5,77.5,452.0,452.0,0.0
SF01-UT-00PC-000BW2-CHAUDI-CANA-00TV1203,218885.0,360.0,Régulation/Instrumentation,Systématique,5,77.5,,observée,77.5,23.4,0,0,0.0,Adéquat,77.5,77.5,452.0,452.0,0.0
SF01-UT-00PC-000BW2-CHAUDI-CANA-920XV701,218835.0,360.0,Régulation/Instrumentation,Systématique,5,77.5,,observée,77.5,23.4,1,1,0.25,Insuffisant,77.5,54.2,3073.0,2518.0,555.0
SF01-UT-00PC-000BW2-CHAUDI-CANA-920XV702,218836.0,360.0,Régulation/Instrumentation,Systématique,5,77.5,,observée,77.5,23.4,1,1,0.25,Insuffisant,77.5,54.2,3073.0,2518.0,555.0
SF01-UT-00PC-000BW2-CHAUDI-FOYE-00PV1001,218883.0,360.0,Régulation/Instrumentation,Systématique,5,77.5,,observée,77.5,23.4,0,0,0.0,Adéquat,77.5,77.5,452.0,452.0,0.0
SF01-UT-00PC-000BW2-PPGAV1-GMOT-0MOTEUR,211351.0,360.0,Électrique,Systématique,3,182.0,,observée,182.0,0.0,0,0,0.0,Adéquat,182.0,182.0,193.0,193.0,0.0
SF01-UT-00PC-000BW2-PPGAV1-GMOT-0MOTEUR,213285.0,360.0,Électrique,Systématique,3,182.0,,observée,182.0,0.0,0,0,0.0,Adéquat,182.0,182.0,193.0,193.0,0.0
SF01-UT-00PC-000BW2-PPGAV1-GMOT-DEPARTM,211208.0,360.0,Électrique,Systématique,3,182.0,,observée,182.0,0.0,1,0,0.0,Adéquat,182.0,182.0,193.0,193.0,0.0
SF01-UT-00PC-000BW2-PPGAV1-GMOT-DEPARTM,213142.0,360.0,Électrique,Systématique,3,182.0,,observée,182.0,0.0,1,0,0.0,Adéquat,182.0,182.0,193.0,193.0,0.0
SF01-UT-00PC-000BW2-PPGAV2-GMOT-0MOTEUR,211352.0,360.0,Électrique,Systématique,3,182.0,,observée,182.0,0.0,0,0,0.0,Adéquat,182.0,182.0,193.0,193.0,0.0
SF01-UT-00PC-000BW2-PPGAV2-GMOT-0MOTEUR,213286.0,360.0,Électrique,Systématique,3,182.0,,observée,182.0,0.0,0,0,0.0,Adéquat,182.0,182.0,193.0,193.0,0.0
SF01-UT-00PC-000BW2-PPGAV2-GMOT-DEPARTM,211209.0,360.0,Électrique,Systématique,3,182.0,,observée,182.0,0.0,1,0,0.0,Adéquat,182.0,182.0,193.0,193.0,0.0
SF01-UT-00PC-000BW2-PPGAV2-GMOT-DEPARTM,213143.0,360.0,Électrique,Systématique,3,182.0,,observée,182.0,0.0,1,0,0.0,Adéquat,182.0,182.0,193.0,193.0,0.0
SF01-UT-00PC-000BW2-PPHPF1-GMOT-0MOTEUR,211349.0,360.0,Électrique,Systématique,3,182.0,,observée,182.0,0.0,0,0,0.0,Adéquat,182.0,182.0,193.0,193.0,0.0
SF01-UT-00PC-000BW2-PPHPF1-GMOT-0MOTEUR,213283.0,360.0,Électrique,Systématique,3,182.0,,observée,182.0,0.0,0,0,0.0,Adéquat,182.0,182.0,193.0,193.0,0.0
SF01-UT-00PC-000BW2-PPHPF1-GMOT-DEPARTM,211206.0,360.0,Électrique,Systématique,3,182.0,,observée,182.0,0.0,1,0,0.0,Adéquat,182.0,182.0,193.0,193.0,0.0
SF01-UT-00PC-000BW2-PPHPF1-GMOT-DEPARTM,213140.0,360.0,Électrique,Systématique,3,182.0,,observée,182.0,0.0,1,0,0.0,Adéquat,182.0,182.0,193.0,193.0,0.0
SF01-UT-00PC-000BW2-PPHPF2-GMOT-0MOTEUR,211350.0,360.0,Électrique,Systématique,3,182.0,,observée,182.0,0.0,0,0,0.0,Adéquat,182.0,182.0,193.0,193.0,0.0
SF01-UT-00PC-000BW2-PPHPF2-GMOT-0MOTEUR,213284.0,360.0,Électrique,Systématique,3,182.0,,observée,182.0,0.0,0,0,0.0,Adéquat,182.0,182.0,193.0,193.0,0.0
SF01-UT-00PC-000BW2-PPHPF2-GMOT-DEPARTM,211207.0,360.0,Électrique,Systématique,3,182.0,,observée,182.0,0.0,1,0,0.0,Adéquat,182.0,182.0,193.0,193.0,0.0
SF01-UT-00PC-000BW2-PPHPF2-GMOT-DEPARTM,213141.0,360.0,Électrique,Systématique,3,182.0,,observée,182.0,0.0,1,0,0.0,Adéquat,182.0,182.0,193.0,193.0,0.0
SF01-UT-00PC-000BW2-VENTIL,183179.0,310.0,Mécanique,Inspection,3,365.0,,observée,365.0,0.0,0,0,0.0,Adéquat,365.0,365.0,96.0,96.0,0.0
SF01-UT-00PC-000BW2-VENTIL,183180.0,290.0,Mécanique,Inspection,30,14.8,,observée,14.8,1.5,0,0,0.0,Trop fréquent,14.8,29.6,2368.0,1184.0,1184.0
SF01-UT-00PC-0NORIA-0IE01A,184731.0,290.0,Mécanique,Inspection,16,29.1,,observée,29.1,6.2,79,11,0.73,Insuffisant,29.1,20.4,21589.0,16281.0,5308.0
SF01-UT-00PC-0NORIA-0IE01A-CRSV-922FT401,218852.0,360.0,Régulation/Instrumentation,Systématique,3,182.0,,observée,182.0,0.0,0,0,0.0,Adéquat,182.0,182.0,193.0,193.0,0.0
SF01-UT-00PC-0NORIA-0IE01A-CRSV-922PI013,218854.0,360.0,Régulation/Instrumentation,Systématique,3,182.0,,observée,182.0,0.0,0,0,0.0,Adéquat,182.0,182.0,193.0,193.0,0.0
SF01-UT-00PC-0NORIA-0IE01A-CRSV-922PT004,218853.0,360.0,Régulation/Instrumentation,Systématique,3,182.0,,observée,182.0,0.0,0,0,0.0,Adéquat,182.0,182.0,193.0,193.0,0.0
SF01-UT-00PC-0NORIA-0IE01A-CRSV-922TT101,218855.0,360.0,Régulation/Instrumentation,Systématique,5,77.5,,observée,77.5,23.4,0,0,0.0,Adéquat,77.5,77.5,452.0,452.0,0.0
SF01-UT-00PC-0NORIA-0IE01A-CRSV-922TT102,218856.0,360.0,Régulation/Instrumentation,Systématique,5,77.5,,observée,77.5,23.4,0,0,0.0,Adéquat,77.5,77.5,452.0,452.0,0.0
SF01-UT-00PC-0NORIA-0IE01A-CRSV-922XV701,218857.0,360.0,Régulation/Instrumentation,Systématique,5,77.5,,observée,77.5,23.4,0,0,0.0,Adéquat,77.5,77.5,452.0,452.0,0.0
SF01-UT-00PC-0NORIA-0IE01A-CRSV-922XV703,218858.0,360.0,Régulation/Instrumentation,Systématique,5,77.5,,observée,77.5,23.4,0,0,0.0,Adéquat,77.5,77.5,452.0,452.0,0.0
SF01-UT-00PC-0NORIA-0IE01B,184739.0,290.0,Mécanique,Inspection,16,29.0,,observée,29.0,6.5,47,11,0.73,Insuffisant,29.0,20.3,21663.0,16337.0,5326.0
SF01-UT-00PC-0NORIA-PPNORA,184745.0,290.0,Mécanique,Inspection,15,29.9,,observée,29.9,0.9,11,2,0.14,Adéquat,29.9,29.9,4977.0,4977.0,0.0
SF01-UT-00PC-0NORIA-PPNORA,184746.0,350.0,Mécanique,Graissage,60,7.1,,observée,7.1,1.7,11,3,0.05,Adéquat,7.1,7.1,10658.0,10658.0,0.0
SF01-UT-00PC-0NORIA-PPNORA-CANA-ENTREEAU,184708.0,290.0,Mécanique,Inspection,4,180.0,,observée,180.0,0.0,0,0,0.0,Adéquat,180.0,180.0,195.0,195.0,0.0
SF01-UT-00PC-0NORIA-PPNORA-CANA-SORTIEAU,184706.0,290.0,Mécanique,Inspection,4,177.3,,observée,177.3,3.8,0,0,0.0,Adéquat,177.3,177.3,198.0,198.0,0.0
SF01-UT-00PC-0NORIA-PPNORA-GMOT-0MOTEUR,211282.0,360.0,Électrique,Systématique,3,182.0,,observée,182.0,0.0,0,0,0.0,Adéquat,182.0,182.0,193.0,193.0,0.0
SF01-UT-00PC-0NORIA-PPNORA-GMOT-0MOTEUR,213216.0,360.0,Électrique,Systématique,3,182.0,,observée,182.0,0.0,0,0,0.0,Adéquat,182.0,182.0,193.0,193.0,0.0
SF01-UT-00PC-0NORIA-PPNORA-GMOT-DEPARTM,211131.0,360.0,Électrique,Systématique,3,198.0,,observée,198.0,166.0,0,0,0.0,Adéquat,198.0,198.0,177.0,177.0,0.0
SF01-UT-00PC-0NORIA-PPNORA-GMOT-DEPARTM,213065.0,360.0,Électrique,Systématique,3,182.0,,observée,182.0,0.0,0,0,0.0,Adéquat,182.0,182.0,193.0,193.0,0.0
SF01-UT-00PC-0NORIA-PPNORB,184751.0,290.0,Mécanique,Inspection,16,28.1,,observée,28.1,7.2,8,2,0.13,Adéquat,28.1,28.1,5006.0,5006.0,0.0
SF01-UT-00PC-0NORIA-PPNORB,184752.0,350.0,Mécanique,Graissage,59,7.2,,observée,7.2,2.1,8,2,0.03,Adéquat,7.2,7.2,8253.0,8253.0,0.0
SF01-UT-00PC-0NORIA-PPNORB-CANA-ENTREEAU,184709.0,290.0,Mécanique,Inspection,4,180.0,,observée,180.0,0.0,0,0,0.0,Adéquat,180.0,180.0,195.0,195.0,0.0
SF01-UT-00PC-0NORIA-PPNORB-CANA-SORTIEAU,184707.0,290.0,Mécanique,Inspection,8,60.0,,observée,60.0,0.0,0,0,0.0,Adéquat,60.0,60.0,584.0,584.0,0.0
SF01-UT-00PC-0NORIA-PPNORB-GMOT-DEPARTM,211132.0,360.0,Électrique,Systématique,3,198.0,,observée,198.0,166.0,0,0,0.0,Adéquat,198.0,198.0,177.0,177.0,0.0
SF01-UT-00PC-0NORIA-PPNORB-GMOT-DEPARTM,213066.0,360.0,Électrique,Systématique,3,182.0,,observée,182.0,0.0,0,0,0.0,Adéquat,182.0,182.0,193.0,193.0,0.0
SF01-UT-00PC-COMPRE-0ZR355,184703.0,290.0,Mécanique,Inspection,5,90.0,,observée,90.0,4.2,9,2,0.5,Insuffisant,90.0,63.0,4904.0,3781.0,1123.0
SF01-UT-00PC-COMPRE-0ZR400,184704.0,290.0,Mécanique,Inspection,5,90.0,,observée,90.0,3.5,0,0,0.0,Adéquat,90.0,90.0,389.0,389.0,0.0
SF01-UT-00PC-EAUVAP-0DCSPC,218976.0,360.0,Régulation/Instrumentation,Systématique,4,142.0,,observée,142.0,22.6,0,0,0.0,Adéquat,142.0,142.0,247.0,247.0,0.0
SF01-UT-00PC-EAUVAP-0DCSPC,218977.0,360.0,Régulation/Instrumentation,Systématique,14,26.9,,observée,26.9,11.2,0,0,0.0,Adéquat,26.9,26.9,1303.0,1303.0,0.0
SF01-UT-00PC-EAUVAP-0DCSPC,218978.0,360.0,Régulation/Instrumentation,Systématique,5,75.2,,observée,75.2,15.2,0,0,0.0,Adéquat,75.2,75.2,466.0,466.0,0.0
SF01-UT-00PC-EAUVAP-0FP01A,184918.0,290.0,Mécanique,Inspection,4,178.0,,observée,178.0,3.3,8,2,0.67,Insuffisant,178.0,124.6,3255.0,2466.0,790.0
SF01-UT-00PC-EAUVAP-0FP01A,184919.0,290.0,Mécanique,Inspection,15,30.0,,observée,30.0,0.0,8,3,0.21,Insuffisant,30.0,21.0,6856.0,5732.0,1125.0
SF01-UT-00PC-EAUVAP-0FP01A,184920.0,350.0,Mécanique,Graissage,59,7.2,,observée,7.2,2.1,8,3,0.05,Adéquat,7.2,7.2,10510.0,10510.0,0.0
SF01-UT-00PC-EAUVAP-0FP01A-CANA-ASPIRATI,183309.0,290.0,Mécanique,Inspection,4,180.0,,observée,180.0,0.0,0,0,0.0,Adéquat,180.0,180.0,195.0,195.0,0.0
SF01-UT-00PC-EAUVAP-0FP01A-CANA-REFOULET,183310.0,290.0,Mécanique,Inspection,4,179.3,,observée,179.3,0.9,0,0,0.0,Adéquat,179.3,179.3,195.0,195.0,0.0
SF01-UT-00PC-EAUVAP-0FP01A-GMOT-0MOTEUR,211272.0,360.0,Électrique,Systématique,3,182.0,,observée,182.0,0.0,0,0,0.0,Adéquat,182.0,182.0,193.0,193.0,0.0
SF01-UT-00PC-EAUVAP-0FP01A-GMOT-0MOTEUR,213206.0,360.0,Électrique,Systématique,3,182.0,,observée,182.0,0.0,0,0,0.0,Adéquat,182.0,182.0,193.0,193.0,0.0
SF01-UT-00PC-EAUVAP-0FP01A-GMOT-DEPARTM,211121.0,360.0,Électrique,Systématique,3,182.0,,observée,182.0,0.0,0,0,0.0,Adéquat,182.0,182.0,193.0,193.0,0.0
SF01-UT-00PC-EAUVAP-0FP01A-GMOT-DEPARTM,213055.0,360.0,Électrique,Systématique,3,182.0,,observée,182.0,0.0,0,0,0.0,Adéquat,182.0,182.0,193.0,193.0,0.0
SF01-UT-00PC-EAUVAP-0FP01B,184927.0,290.0,Mécanique,Inspection,4,179.0,,observée,179.0,1.4,3,2,0.67,Insuffisant,179.0,125.3,3237.0,2452.0,785.0
SF01-UT-00PC-EAUVAP-0FP01B,184928.0,290.0,Mécanique,Inspection,16,28.4,,observée,28.4,6.0,3,3,0.2,Insuffisant,28.4,19.9,6956.0,5850.0,1106.0
SF01-UT-00PC-EAUVAP-0FP01B,184929.0,350.0,Mécanique,Graissage,30,14.7,,observée,14.7,1.8,3,3,0.1,Adéquat,14.7,14.7,7912.0,7912.0,0.0
SF01-UT-00PC-EAUVAP-0FP01B-GMOT-0MOTEUR,211273.0,360.0,Électrique,Systématique,3,182.0,,observée,182.0,0.0,0,0,0.0,Adéquat,182.0,182.0,193.0,193.0,0.0
SF01-UT-00PC-EAUVAP-0FP01B-GMOT-0MOTEUR,213207.0,360.0,Électrique,Systématique,3,182.0,,observée,182.0,0.0,0,0,0.0,Adéquat,182.0,182.0,193.0,193.0,0.0
SF01-UT-00PC-EAUVAP-0FP01B-GMOT-DEPARTM,211122.0,360.0,Électrique,Systématique,3,198.0,,observée,198.0,166.0,0,0,0.0,Adéquat,198.0,198.0,177.0,177.0,0.0
SF01-UT-00PC-EAUVAP-0FP01B-GMOT-DEPARTM,213056.0,360.0,Électrique,Systématique,3,182.0,,observée,182.0,0.0,0,0,0.0,Adéquat,182.0,182.0,193.0,193.0,0.0
SF01-UT-00PC-EAUVAP-0FP02A,184932.0,350.0,Mécanique,Graissage,60,7.1,,observée,7.1,1.7,0,0,0.0,Trop fréquent,7.1,14.2,4936.0,2468.0,2468.0
SF01-UT-00PC-EAUVAP-0FP02A,184933.0,290.0,Mécanique,Inspection,29,14.9,,observée,14.9,0.7,0,0,0.0,Trop fréquent,14.9,29.8,2352.0,1176.0,1176.0
SF01-UT-00PC-EAUVAP-0FP02A-CANA-ASPIRATI,183311.0,290.0,Mécanique,Inspection,4,176.3,,observée,176.3,5.2,0,0,0.0,Adéquat,176.3,176.3,199.0,199.0,0.0
SF01-UT-00PC-EAUVAP-0FP02A-CANA-REFOULEM,183312.0,290.0,Mécanique,Inspection,4,180.0,,observée,180.0,0.0,0,0,0.0,Adéquat,180.0,180.0,195.0,195.0,0.0
SF01-UT-00PC-EAUVAP-0FP02A-GMOT-0MOTEUR,211274.0,360.0,Électrique,Systématique,3,182.0,,observée,182.0,0.0,0,0,0.0,Adéquat,182.0,182.0,193.0,193.0,0.0
SF01-UT-00PC-EAUVAP-0FP02A-GMOT-0MOTEUR,213208.0,360.0,Électrique,Systématique,3,182.0,,observée,182.0,0.0,0,0,0.0,Adéquat,182.0,182.0,193.0,193.0,0.0
SF01-UT-00PC-EAUVAP-0FP02A-GMOT-DEPARTM,211123.0,360.0,Électrique,Systématique,3,198.0,,observée,198.0,166.0,0,0,0.0,Adéquat,198.0,198.0,177.0,177.0,0.0
SF01-UT-00PC-EAUVAP-0FP02A-GMOT-DEPARTM,213057.0,360.0,Électrique,Systématique,3,182.0,,observée,182.0,0.0,0,0,0.0,Adéquat,182.0,182.0,193.0,193.0,0.0
SF01-UT-00PC-EAUVAP-0FP02B,184936.0,350.0,Mécanique,Graissage,60,7.0,,observée,7.0,2.3,0,0,0.0,Trop fréquent,7.0,14.0,5006.0,2503.0,2503.0
SF01-UT-00PC-EAUVAP-0FP02B,184937.0,290.0,Mécanique,Inspection,30,14.7,,observée,14.7,1.6,0,0,0.0,Trop fréquent,14.7,29.4,2384.0,1192.0,1192.0
SF01-UT-00PC-EAUVAP-0FP02B-CANA-ASPIRATI,183313.0,290.0,Mécanique,Inspection,4,180.0,,observée,180.0,0.0,0,0,0.0,Adéquat,180.0,180.0,195.0,195.0,0.0
SF01-UT-00PC-EAUVAP-0FP02B-CANA-REFOULEM,183314.0,290.0,Mécanique,Inspection,4,179.7,,observée,179.7,0.5,0,0,0.0,Adéquat,179.7,179.7,195.0,195.0,0.0
SF01-UT-00PC-EAUVAP-0FP02B-GMOT-0MOTEUR,211275.0,360.0,Électrique,Systématique,3,182.0,,observée,182.0,0.0,0,0,0.0,Adéquat,182.0,182.0,193.0,193.0,0.0
SF01-UT-00PC-EAUVAP-0FP02B-GMOT-0MOTEUR,213209.0,360.0,Électrique,Systématique,3,182.0,,observée,182.0,0.0,0,0,0.0,Adéquat,182.0,182.0,193.0,193.0,0.0
SF01-UT-00PC-EAUVAP-0FP02B-GMOT-DEPARTM,211124.0,360.0,Électrique,Systématique,3,182.0,,observée,182.0,0.0,0,0,0.0,Adéquat,182.0,182.0,193.0,193.0,0.0
SF01-UT-00PC-EAUVAP-0FP02B-GMOT-DEPARTM,213058.0,360.0,Électrique,Systématique,3,182.0,,observée,182.0,0.0,0,0,0.0,Adéquat,182.0,182.0,193.0,193.0,0.0
SF01-UT-00PC-EAUVAP-0FP03A,184940.0,350.0,Mécanique,Graissage,59,7.1,,observée,7.1,2.4,1,0,0.0,Trop fréquent,7.1,14.2,4936.0,2468.0,2468.0
SF01-UT-00PC-EAUVAP-0FP03A,184941.0,290.0,Mécanique,Inspection,30,14.7,,observée,14.7,1.8,1,0,0.0,Trop fréquent,14.7,29.4,2384.0,1192.0,1192.0
SF01-UT-00PC-EAUVAP-0FP03A-CANA-ASPIRATI,183315.0,290.0,Mécanique,Inspection,4,180.0,,observée,180.0,0.0,0,0,0.0,Adéquat,180.0,180.0,195.0,195.0,0.0
SF01-UT-00PC-EAUVAP-0FP03A-CANA-REFOULEM,183316.0,290.0,Mécanique,Inspection,4,179.7,,observée,179.7,0.5,0,0,0.0,Adéquat,179.7,179.7,195.0,195.0,0.0
SF01-UT-00PC-EAUVAP-0FP03A-GMOT-0MOTEUR,211276.0,360.0,Électrique,Systématique,3,182.0,,observée,182.0,0.0,0,0,0.0,Adéquat,182.0,182.0,193.0,193.0,0.0
SF01-UT-00PC-EAUVAP-0FP03A-GMOT-0MOTEUR,213210.0,360.0,Électrique,Systématique,3,182.0,,observée,182.0,0.0,0,0,0.0,Adéquat,182.0,182.0,193.0,193.0,0.0
SF01-UT-00PC-EAUVAP-0FP03A-GMOT-DEPARTM,211125.0,360.0,Électrique,Systématique,3,182.0,,observée,182.0,0.0,0,0,0.0,Adéquat,182.0,182.0,193.0,193.0,0.0
SF01-UT-00PC-EAUVAP-0FP03A-GMOT-DEPARTM,213059.0,360.0,Électrique,Systématique,3,182.0,,observée,182.0,0.0,0,0,0.0,Adéquat,182.0,182.0,193.0,193.0,0.0
SF01-UT-00PC-EAUVAP-0FP03B,184944.0,350.0,Mécanique,Graissage,60,7.1,,observée,7.1,1.7,0,0,0.0,Trop fréquent,7.1,14.2,4936.0,2468.0,2468.0
SF01-UT-00PC-EAUVAP-0FP03B,184945.0,290.0,Mécanique,Inspection,30,14.7,,observée,14.7,1.8,0,0,0.0,Trop fréquent,14.7,29.4,2384.0,1192.0,1192.0
SF01-UT-00PC-EAUVAP-0FP03B-CANA-ASPIRATI,183317.0,290.0,Mécanique,Inspection,4,180.0,,observée,180.0,0.0,0,0,0.0,Adéquat,180.0,180.0,195.0,195.0,0.0
SF01-UT-00PC-EAUVAP-0FP03B-CANA-REFOULEM,183318.0,290.0,Mécanique,Inspection,4,180.0,,observée,180.0,0.0,0,0,0.0,Adéquat,180.0,180.0,195.0,195.0,0.0
SF01-UT-00PC-EAUVAP-0FP03B-GMOT-0MOTEUR,211277.0,360.0,Électrique,Systématique,3,182.0,,observée,182.0,0.0,0,0,0.0,Adéquat,182.0,182.0,193.0,193.0,0.0
SF01-UT-00PC-EAUVAP-0FP03B-GMOT-0MOTEUR,213211.0,360.0,Électrique,Systématique,3,182.0,,observée,182.0,0.0,0,0,0.0,Adéquat,182.0,182.0,193.0,193.0,0.0
SF01-UT-00PC-EAUVAP-0FP03B-GMOT-DEPARTM,211126.0,360.0,Électrique,Systématique,3,182.0,,observée,182.0,0.0,0,0,0.0,Adéquat,182.0,182.0,193.0,193.0,0.0
SF01-UT-00PC-EAUVAP-0FP03B-GMOT-DEPARTM,213060.0,360.0,Électrique,Systématique,3,182.0,,observée,182.0,0.0,0,0,0.0,Adéquat,182.0,182.0,193.0,193.0,0.0
SF01-UT-00PC-EAUVAP-0FP04A,184951.0,290.0,Mécanique,Inspection,4,174.7,,observée,174.7,7.5,0,0,0.0,Adéquat,174.7,174.7,201.0,201.0,0.0
SF01-UT-00PC-EAUVAP-0FP04A,184952.0,350.0,Mécanique,Graissage,60,7.1,,observée,7.1,1.7,0,0,0.0,Trop fréquent,7.1,14.2,4936.0,2468.0,2468.0
SF01-UT-00PC-EAUVAP-0FP04A,184953.0,290.0,Mécanique,Inspection,60,7.0,,observée,7.0,2.0,0,0,0.0,Trop fréquent,7.0,14.0,5006.0,2503.0,2503.0
SF01-UT-00PC-EAUVAP-0FP04A-CANA-ASPIRATI,183319.0,290.0,Mécanique,Inspection,4,179.3,,observée,179.3,0.9,0,0,0.0,Adéquat,179.3,179.3,195.0,195.0,0.0
SF01-UT-00PC-EAUVAP-0FP04A-CANA-REFOULET,183320.0,290.0,Mécanique,Inspection,4,176.7,,observée,176.7,4.7,0,0,0.0,Adéquat,176.7,176.7,198.0,198.0,0.0
SF01-UT-00PC-EAUVAP-0FP04A-GMOT-0MOTEUR,211278.0,360.0,Électrique,Systématique,3,182.0,,observée,182.0,0.0,0,0,0.0,Adéquat,182.0,182.0,193.0,193.0,0.0
SF01-UT-00PC-EAUVAP-0FP04A-GMOT-0MOTEUR,213212.0,360.0,Électrique,Systématique,3,182.0,,observée,182.0,0.0,0,0,0.0,Adéquat,182.0,182.0,193.0,193.0,0.0
SF01-UT-00PC-EAUVAP-0FP04A-GMOT-DEPARTM,211127.0,360.0,Électrique,Systématique,3,182.0,,observée,182.0,0.0,0,0,0.0,Adéquat,182.0,182.0,193.0,193.0,0.0
SF01-UT-00PC-EAUVAP-0FP04A-GMOT-DEPARTM,213061.0,360.0,Électrique,Systématique,3,182.0,,observée,182.0,0.0,0,0,0.0,Adéquat,182.0,182.0,193.0,193.0,0.0
SF01-UT-00PC-EAUVAP-0FP04B,184959.0,290.0,Mécanique,Inspection,4,177.0,,observée,177.0,4.2,0,0,0.0,Adéquat,177.0,177.0,198.0,198.0,0.0
SF01-UT-00PC-EAUVAP-0FP04B,184960.0,350.0,Mécanique,Graissage,60,7.1,,observée,7.1,1.7,0,0,0.0,Trop fréquent,7.1,14.2,4936.0,2468.0,2468.0
SF01-UT-00PC-EAUVAP-0FP04B,184961.0,290.0,Mécanique,Inspection,60,7.1,,observée,7.1,1.7,0,0,0.0,Trop fréquent,7.1,14.2,4936.0,2468.0,2468.0
SF01-UT-00PC-EAUVAP-0FP04B-CANA-ASPIRATI,183321.0,290.0,Mécanique,Inspection,4,180.0,,observée,180.0,0.0,0,0,0.0,Adéquat,180.0,180.0,195.0,195.0,0.0
SF01-UT-00PC-EAUVAP-0FP04B-CANA-REFOULET,183322.0,290.0,Mécanique,Inspection,4,176.7,,observée,176.7,4.7,0,0,0.0,Adéquat,176.7,176.7,198.0,198.0,0.0
SF01-UT-00PC-EAUVAP-0FP04B-GMOT-0MOTEUR,211279.0,360.0,Électrique,Systématique,3,182.0,,observée,182.0,0.0,0,0,0.0,Adéquat,182.0,182.0,193.0,193.0,0.0
SF01-UT-00PC-EAUVAP-0FP04B-GMOT-0MOTEUR,213213.0,360.0,Électrique,Systématique,3,182.0,,observée,182.0,0.0,0,0,0.0,Adéquat,182.0,182.0,193.0,193.0,0.0
SF01-UT-00PC-EAUVAP-0FP04B-GMOT-DEPARTM,211128.0,360.0,Électrique,Systématique,3,182.0,,observée,182.0,0.0,0,0,0.0,Adéquat,182.0,182.0,193.0,193.0,0.0
SF01-UT-00PC-EAUVAP-0FP04B-GMOT-DEPARTM,213062.0,360.0,Électrique,Systématique,3,182.0,,observée,182.0,0.0,0,0,0.0,Adéquat,182.0,182.0,193.0,193.0,0.0
SF01-UT-00PC-EAUVAP-0FP05A,184963.0,350.0,Mécanique,Graissage,60,7.0,,observée,7.0,2.0,0,0,0.0,Trop fréquent,7.0,14.0,5006.0,2503.0,2503.0
SF01-UT-00PC-EAUVAP-0FP05A,184964.0,290.0,Mécanique,Inspection,29,14.9,,observée,14.9,0.7,0,0,0.0,Trop fréquent,14.9,29.8,2352.0,1176.0,1176.0
SF01-UT-00PC-EAUVAP-0FP05A-CANA-ASPIRATI,183323.0,290.0,Mécanique,Inspection,4,175.3,,observée,175.3,6.6,0,0,0.0,Adéquat,175.3,175.3,200.0,200.0,0.0
SF01-UT-00PC-EAUVAP-0FP05A-CANA-REFOULEM,183324.0,290.0,Mécanique,Inspection,4,180.0,,observée,180.0,0.0,0,0,0.0,Adéquat,180.0,180.0,195.0,195.0,0.0
SF01-UT-00PC-EAUVAP-0FP05A-GMOT-0MOTEUR,211280.0,360.0,Électrique,Systématique,3,182.0,,observée,182.0,0.0,0,0,0.0,Adéquat,182.0,182.0,193.0,193.0,0.0
SF01-UT-00PC-EAUVAP-0FP05A-GMOT-0MOTEUR,213214.0,360.0,Électrique,Systématique,3,182.0,,observée,182.0,0.0,0,0,0.0,Adéquat,182.0,182.0,193.0,193.0,0.0
SF01-UT-00PC-EAUVAP-0FP05A-GMOT-DEPARTM,211129.0,360.0,Électrique,Systématique,3,182.0,,observée,182.0,0.0,0,0,0.0,Adéquat,182.0,182.0,193.0,193.0,0.0
SF01-UT-00PC-EAUVAP-0FP05A-GMOT-DEPARTM,213063.0,360.0,Électrique,Systématique,3,182.0,,observée,182.0,0.0,0,0,0.0,Adéquat,182.0,182.0,193.0,193.0,0.0
SF01-UT-00PC-EAUVAP-0FP05B,184965.0,350.0,Mécanique,Graissage,59,7.2,,observée,7.2,2.1,0,0,0.0,Trop fréquent,7.2,14.4,4867.0,2434.0,2434.0
SF01-UT-00PC-EAUVAP-0FP05B,184966.0,290.0,Mécanique,Inspection,29,14.8,,observée,14.8,1.0,0,0,0.0,Trop fréquent,14.8,29.6,2368.0,1184.0,1184.0
SF01-UT-00PC-EAUVAP-0FP05B-CANA-ASPIRATI,183325.0,290.0,Mécanique,Inspection,4,180.0,,observée,180.0,0.0,0,0,0.0,Adéquat,180.0,180.0,195.0,195.0,0.0
SF01-UT-00PC-EAUVAP-0FP05B-CANA-REFOULEM,183326.0,290.0,Mécanique,Inspection,4,180.0,,observée,180.0,0.0,0,0,0.0,Adéquat,180.0,180.0,195.0,195.0,0.0
SF01-UT-00PC-EAUVAP-0FP05B-GMOT-0MOTEUR,211281.0,360.0,Électrique,Systématique,3,182.0,,observée,182.0,0.0,0,0,0.0,Adéquat,182.0,182.0,193.0,193.0,0.0
SF01-UT-00PC-EAUVAP-0FP05B-GMOT-0MOTEUR,213215.0,360.0,Électrique,Systématique,3,182.0,,observée,182.0,0.0,0,0,0.0,Adéquat,182.0,182.0,193.0,193.0,0.0
SF01-UT-00PC-EAUVAP-0FP05B-GMOT-DEPARTM,211130.0,360.0,Électrique,Systématique,3,182.0,,observée,182.0,0.0,0,0,0.0,Adéquat,182.0,182.0,193.0,193.0,0.0
SF01-UT-00PC-EAUVAP-0FP05B-GMOT-DEPARTM,213064.0,360.0,Électrique,Systématique,3,182.0,,observée,182.0,0.0,0,0,0.0,Adéquat,182.0,182.0,193.0,193.0,0.0
SF01-UT-00PC-EAUVAP-20FE01,184969.0,290.0,Mécanique,Inspection,15,30.0,,observée,30.0,0.0,17,5,0.36,Insuffisant,30.0,21.0,10919.0,8634.0,2285.0
SF01-UT-00PC-EAUVAP-20FE01-CRSV-920AT320,218791.0,360.0,Régulation/Instrumentation,Systématique,8,54.0,,observée,54.0,22.1,0,0,0.0,Adéquat,54.0,54.0,649.0,649.0,0.0
SF01-UT-00PC-EAUVAP-20FE01-CRSV-920FT425,218616.0,360.0,Régulation/Instrumentation,Systématique,3,182.0,,observée,182.0,0.0,0,0,0.0,Adéquat,182.0,182.0,193.0,193.0,0.0
SF01-UT-00PC-EAUVAP-20FE01-CRSV-920LT221,218639.0,360.0,Régulation/Instrumentation,Systématique,5,77.5,,observée,77.5,23.4,0,0,0.0,Adéquat,77.5,77.5,452.0,452.0,0.0
SF01-UT-00PC-EAUVAP-20FE01-CRSV-920LV221,218646.0,360.0,Régulation/Instrumentation,Systématique,5,77.8,,observée,77.8,22.9,0,0,0.0,Adéquat,77.8,77.8,450.0,450.0,0.0
SF01-UT-00PC-EAUVAP-20FE01-CRSV-920LV223,218647.0,360.0,Régulation/Instrumentation,Systématique,5,77.8,,observée,77.8,22.9,0,0,0.0,Adéquat,77.8,77.8,450.0,450.0,0.0
SF01-UT-00PC-EAUVAP-20FE01-CRSV-920PT025,218666.0,360.0,Régulation/Instrumentation,Systématique,3,182.0,,observée,182.0,0.0,0,0,0.0,Adéquat,182.0,182.0,193.0,193.0,0.0
SF01-UT-00PC-EAUVAP-20FE01-CRSV-920PT028,218667.0,360.0,Régulation/Instrumentation,Systématique,5,77.8,,observée,77.8,22.9,0,0,0.0,Adéquat,77.8,77.8,450.0,450.0,0.0
SF01-UT-00PC-EAUVAP-20FE01-CRSV-920PV022,218677.0,360.0,Régulation/Instrumentation,Systématique,5,77.5,,observée,77.5,23.4,0,0,0.0,Adéquat,77.5,77.5,452.0,452.0,0.0
SF01-UT-00PC-EAUVAP-20FE01-CRSV-920TI121,218817.0,360.0,Régulation/Instrumentation,Systématique,5,77.5,,observée,77.5,23.4,0,0,0.0,Adéquat,77.5,77.5,452.0,452.0,0.0
SF01-UT-00PC-EAUVAP-20FE01-CRSV-920TT126,218819.0,360.0,Régulation/Instrumentation,Systématique,3,182.0,,observée,182.0,0.0,0,0,0.0,Adéquat,182.0,182.0,193.0,193.0,0.0
SF01-UT-00PC-EAUVAP-20FE01-CRSV-920TT127,218820.0,360.0,Régulation/Instrumentation,Systématique,5,77.5,,observée,77.5,23.4,0,0,0.0,Adéquat,77.5,77.5,452.0,452.0,0.0
SF01-UT-00PC-EAUVAP-20FE01-CRSV-920XV720,218841.0,360.0,Régulation/Instrumentation,Systématique,5,77.5,,observée,77.5,23.4,0,0,0.0,Adéquat,77.5,77.5,452.0,452.0,0.0
SF01-UT-00PC-EAUVAP-20FE01-CRSV-920XV725,218842.0,360.0,Régulation/Instrumentation,Systématique,5,77.5,,observée,77.5,23.4,0,0,0.0,Adéquat,77.5,77.5,452.0,452.0,0.0
SF01-UT-00PC-EAUVAP-20FE01-CRSV-920XV726,218843.0,360.0,Régulation/Instrumentation,Systématique,5,78.5,,observée,78.5,21.7,0,0,0.0,Adéquat,78.5,78.5,446.0,446.0,0.0
SF01-UT-00PC-EAUVAP-20FE01-CRSV-920XV727,218844.0,360.0,Régulation/Instrumentation,Systématique,5,78.5,,observée,78.5,21.7,0,0,0.0,Adéquat,78.5,78.5,446.0,446.0,0.0
SF01-UT-00PC-EAUVAP-20FE01-CRSV-920XV728,218845.0,360.0,Régulation/Instrumentation,Systématique,5,78.5,,observée,78.5,21.7,0,0,0.0,Adéquat,78.5,78.5,446.0,446.0,0.0
SF01-UT-00PC-EAUVAP-20FE01-CRSV-9LSLL222,218802.0,360.0,Régulation/Instrumentation,Systématique,3,182.0,,observée,182.0,0.0,0,0,0.0,Adéquat,182.0,182.0,193.0,193.0,0.0
SF01-UT-00PC-EAUVAP-20FE01-MOAC,183285.0,330.0,Mécanique,Autre,3,365.0,,observée,365.0,0.0,0,0,0.0,Adéquat,365.0,365.0,96.0,96.0,0.0
SF01-UT-00PC-EAUVAP-20FR03-CRSV-920AT301,218789.0,360.0,Régulation/Instrumentation,Systématique,5,74.0,,observée,74.0,29.4,0,0,0.0,Adéquat,74.0,74.0,474.0,474.0,0.0
SF01-UT-00PC-EAUVAP-20FR03-CRSV-920FT401,218614.0,360.0,Régulation/Instrumentation,Systématique,3,182.0,,observée,182.0,0.0,0,0,0.0,Adéquat,182.0,182.0,193.0,193.0,0.0
SF01-UT-00PC-EAUVAP-20FR03-CRSV-920FT402,218615.0,360.0,Régulation/Instrumentation,Systématique,3,182.0,,observée,182.0,0.0,0,0,0.0,Adéquat,182.0,182.0,193.0,193.0,0.0
SF01-UT-00PC-EAUVAP-20FR03-CRSV-920FT408,218629.0,360.0,Régulation/Instrumentation,Systématique,3,182.0,,observée,182.0,0.0,0,0,0.0,Adéquat,182.0,182.0,193.0,193.0,0.0
SF01-UT-00PC-EAUVAP-20FR03-CRSV-920PC071,218651.0,360.0,Régulation/Instrumentation,Systématique,5,78.8,,observée,78.8,21.2,0,0,0.0,Adéquat,78.8,78.8,445.0,445.0,0.0
SF01-UT-00PC-EAUVAP-20FR03-CRSV-920PC071,218652.0,360.0,Régulation/Instrumentation,Systématique,5,72.8,,observée,72.8,29.9,0,0,0.0,Adéquat,72.8,72.8,481.0,481.0,0.0
SF01-UT-00PC-EAUVAP-20FR03-CRSV-920PC072,218653.0,360.0,Régulation/Instrumentation,Systématique,5,78.8,,observée,78.8,21.2,0,0,0.0,Adéquat,78.8,78.8,445.0,445.0,0.0
SF01-UT-00PC-EAUVAP-20FR03-CRSV-920PC073,218654.0,360.0,Régulation/Instrumentation,Systématique,5,78.8,,observée,78.8,21.2,0,0,0.0,Adéquat,78.8,78.8,445.0,445.0,0.0
SF01-UT-00PC-EAUVAP-20FR03-CRSV-920PT001,218657.0,360.0,Régulation/Instrumentation,Systématique,3,182.0,,observée,182.0,0.0,0,0,0.0,Adéquat,182.0,182.0,193.0,193.0,0.0
SF01-UT-00PC-EAUVAP-20FR03-CRSV-920PT002,218658.0,360.0,Régulation/Instrumentation,Systématique,3,182.0,,observée,182.0,0.0,0,0,0.0,Adéquat,182.0,182.0,193.0,193.0,0.0
SF01-UT-00PC-EAUVAP-20FR03-CRSV-920PT009,218655.0,360.0,Régulation/Instrumentation,Systématique,3,182.0,,observée,182.0,0.0,0,0,0.0,Adéquat,182.0,182.0,193.0,193.0,0.0
SF01-UT-00PC-EAUVAP-20FR03-CRSV-920TT101,218807.0,360.0,Régulation/Instrumentation,Systématique,5,78.8,,observée,78.8,21.2,0,0,0.0,Adéquat,78.8,78.8,445.0,445.0,0.0
SF01-UT-00PC-EAUVAP-20FR03-CRSV-920TT102,218808.0,360.0,Régulation/Instrumentation,Systématique,5,78.8,,observée,78.8,21.2,0,0,0.0,Adéquat,78.8,78.8,445.0,445.0,0.0
SF01-UT-00PC-EAUVAP-20FR03-CRSV-920TT103,218809.0,360.0,Régulation/Instrumentation,Systématique,5,78.8,,observée,78.8,21.2,0,0,0.0,Adéquat,78.8,78.8,445.0,445.0,0.0
SF01-UT-00PC-EAUVAP-20FR03-CRSV-920TT104,218810.0,360.0,Régulation/Instrumentation,Systématique,5,77.8,,observée,77.8,22.9,0,0,0.0,Adéquat,77.8,77.8,450.0,450.0,0.0
SF01-UT-00PC-EAUVAP-20FR03-CRSV-920TT107,218813.0,360.0,Régulation/Instrumentation,Systématique,5,77.8,,observée,77.8,22.9,0,0,0.0,Adéquat,77.8,77.8,450.0,450.0,0.0
SF01-UT-00PC-EAUVAP-20FR03-CRSV-920XV703,218838.0,360.0,Régulation/Instrumentation,Systématique,5,78.2,,observée,78.2,22.1,0,0,0.0,Adéquat,78.2,78.2,448.0,448.0,0.0
SF01-UT-00PC-EAUVAP-20FR04-CRSV-920AT302,218790.0,360.0,Régulation/Instrumentation,Systématique,5,78.2,,observée,78.2,22.1,0,0,0.0,Adéquat,78.2,78.2,448.0,448.0,0.0
SF01-UT-00PC-EAUVAP-20FR04-CRSV-920FT404,218627.0,360.0,Régulation/Instrumentation,Systématique,3,182.0,,observée,182.0,0.0,0,0,0.0,Adéquat,182.0,182.0,193.0,193.0,0.0
SF01-UT-00PC-EAUVAP-20FR04-CRSV-920FT406,218628.0,360.0,Régulation/Instrumentation,Systématique,3,182.0,,observée,182.0,0.0,0,0,0.0,Adéquat,182.0,182.0,193.0,193.0,0.0
SF01-UT-00PC-EAUVAP-20FR04-CRSV-920FT410,218630.0,360.0,Régulation/Instrumentation,Systématique,3,182.0,,observée,182.0,0.0,0,0,0.0,Adéquat,182.0,182.0,193.0,193.0,0.0
SF01-UT-00PC-EAUVAP-20FR04-CRSV-920FT411,218631.0,360.0,Régulation/Instrumentation,Systématique,3,182.0,,observée,182.0,0.0,0,0,0.0,Adéquat,182.0,182.0,193.0,193.0,0.0
SF01-UT-00PC-EAUVAP-20FR04-CRSV-920FT412,218632.0,360.0,Régulation/Instrumentation,Systématique,3,182.0,,observée,182.0,0.0,0,0,0.0,Adéquat,182.0,182.0,193.0,193.0,0.0
SF01-UT-00PC-EAUVAP-20FR04-CRSV-920FT413,218633.0,360.0,Régulation/Instrumentation,Systématique,3,182.0,,observée,182.0,0.0,0,0,0.0,Adéquat,182.0,182.0,193.0,193.0,0.0
SF01-UT-00PC-EAUVAP-20FR04-CRSV-920PI015,218664.0,360.0,Régulation/Instrumentation,Systématique,5,78.8,,observée,78.8,21.2,1,1,0.25,Insuffisant,78.8,55.2,3023.0,2477.0,546.0
SF01-UT-00PC-EAUVAP-20FR04-CRSV-920PT010,218659.0,360.0,Régulation/Instrumentation,Systématique,3,182.0,,observée,182.0,0.0,0,0,0.0,Adéquat,182.0,182.0,193.0,193.0,0.0
SF01-UT-00PC-EAUVAP-20FR04-CRSV-920PT011,218660.0,360.0,Régulation/Instrumentation,Systématique,3,182.0,,observée,182.0,0.0,0,0,0.0,Adéquat,182.0,182.0,193.0,193.0,0.0
SF01-UT-00PC-EAUVAP-20FR04-CRSV-920PT017,218665.0,360.0,Régulation/Instrumentation,Systématique,3,182.0,,observée,182.0,0.0,0,0,0.0,Adéquat,182.0,182.0,193.0,193.0,0.0
SF01-UT-00PC-EAUVAP-20FR04-CRSV-920PT121,218661.0,360.0,Régulation/Instrumentation,Systématique,5,78.8,,observée,78.8,21.2,0,0,0.0,Adéquat,78.8,78.8,445.0,445.0,0.0
SF01-UT-00PC-EAUVAP-20FR04-CRSV-920PT122,218662.0,360.0,Régulation/Instrumentation,Systématique,5,78.8,,observée,78.8,21.2,0,0,0.0,Adéquat,78.8,78.8,445.0,445.0,0.0
SF01-UT-00PC-EAUVAP-20FR04-CRSV-920PT123,218663.0,360.0,Régulation/Instrumentation,Systématique,5,78.8,,observée,78.8,21.2,0,0,0.0,Adéquat,78.8,78.8,445.0,445.0,0.0
SF01-UT-00PC-EAUVAP-20FR04-CRSV-920PV009,218675.0,360.0,Régulation/Instrumentation,Systématique,5,78.0,,observée,78.0,22.5,0,0,0.0,Adéquat,78.0,78.0,449.0,449.0,0.0
SF01-UT-00PC-EAUVAP-20FR04-CRSV-920PV012,218676.0,360.0,Régulation/Instrumentation,Systématique,5,78.0,,observée,78.0,22.5,0,0,0.0,Adéquat,78.0,78.0,449.0,449.0,0.0
SF01-UT-00PC-EAUVAP-20FR04-CRSV-920PV071,218673.0,360.0,Régulation/Instrumentation,Systématique,5,77.8,,observée,77.8,22.9,1,0,0.0,Adéquat,77.8,77.8,450.0,450.0,0.0
SF01-UT-00PC-EAUVAP-20FR04-CRSV-920PV072,218674.0,360.0,Régulation/Instrumentation,Systématique,5,77.8,,observée,77.8,22.9,0,0,0.0,Adéquat,77.8,77.8,450.0,450.0,0.0
SF01-UT-00PC-EAUVAP-20FR04-CRSV-920TC110,218804.0,360.0,Régulation/Instrumentation,Systématique,5,78.5,,observée,78.5,21.7,0,0,0.0,Adéquat,78.5,78.5,446.0,446.0,0.0
SF01-UT-00PC-EAUVAP-20FR04-CRSV-920TC111,218805.0,360.0,Régulation/Instrumentation,Systématique,5,78.5,,observée,78.5,21.7,0,0,0.0,Adéquat,78.5,78.5,446.0,446.0,0.0
SF01-UT-00PC-EAUVAP-20FR04-CRSV-920TC113,218806.0,360.0,Régulation/Instrumentation,Systématique,5,78.8,,observée,78.8,21.2,0,0,0.0,Adéquat,78.8,78.8,445.0,445.0,0.0
SF01-UT-00PC-EAUVAP-20FR04-CRSV-920TT105,218811.0,360.0,Régulation/Instrumentation,Systématique,5,77.8,,observée,77.8,22.9,0,0,0.0,Adéquat,77.8,77.8,450.0,450.0,0.0
SF01-UT-00PC-EAUVAP-20FR04-CRSV-920TT106,218812.0,360.0,Régulation/Instrumentation,Systématique,5,77.8,,observée,77.8,22.9,0,0,0.0,Adéquat,77.8,77.8,450.0,450.0,0.0
SF01-UT-00PC-EAUVAP-20FR04-CRSV-920TT108,218814.0,360.0,Régulation/Instrumentation,Systématique,5,78.0,,observée,78.0,22.5,0,0,0.0,Adéquat,78.0,78.0,449.0,449.0,0.0
SF01-UT-00PC-EAUVAP-20FR04-CRSV-920TT109,218815.0,360.0,Régulation/Instrumentation,Systématique,5,78.0,,observée,78.0,22.5,0,0,0.0,Adéquat,78.0,78.0,449.0,449.0,0.0
SF01-UT-00PC-EAUVAP-20FR04-CRSV-920TT112,218816.0,360.0,Régulation/Instrumentation,Systématique,5,78.0,,observée,78.0,22.5,0,0,0.0,Adéquat,78.0,78.0,449.0,449.0,0.0
SF01-UT-00PC-EAUVAP-20FR04-CRSV-920TV110,218834.0,360.0,Régulation/Instrumentation,Systématique,5,78.2,,observée,78.2,22.1,0,0,0.0,Adéquat,78.2,78.2,448.0,448.0,0.0
SF01-UT-00PC-EAUVAP-20FR04-CRSV-920TV111,218832.0,360.0,Régulation/Instrumentation,Systématique,5,78.2,,observée,78.2,22.1,0,0,0.0,Adéquat,78.2,78.2,448.0,448.0,0.0
SF01-UT-00PC-EAUVAP-20FR04-CRSV-920TV113,218833.0,360.0,Régulation/Instrumentation,Systématique,5,78.2,,observée,78.2,22.1,0,0,0.0,Adéquat,78.2,78.2,448.0,448.0,0.0
SF01-UT-00PC-EAUVAP-20FR04-CRSV-920XV704,218839.0,360.0,Régulation/Instrumentation,Systématique,5,78.5,,observée,78.5,21.7,0,0,0.0,Adéquat,78.5,78.5,446.0,446.0,0.0
SF01-UT-00PC-EAUVAP-20FR04-CRSV-920XV710,218840.0,360.0,Régulation/Instrumentation,Systématique,5,78.5,,observée,78.5,21.7,0,0,0.0,Adéquat,78.5,78.5,446.0,446.0,0.0
SF01-UT-00PC-EAUVAP-20FR04-CRSV-920XV759,218851.0,360.0,Régulation/Instrumentation,Systématique,5,78.0,,observée,78.0,22.5,0,0,0.0,Adéquat,78.0,78.0,449.0,449.0,0.0
SF01-UT-00PC-EAUVAP-920FR1-CRSV-920FT439,218617.0,360.0,Régulation/Instrumentation,Systématique,3,182.0,,observée,182.0,0.0,0,0,0.0,Adéquat,182.0,182.0,193.0,193.0,0.0
SF01-UT-00PC-EAUVAP-920FR1-CRSV-920FT440,218618.0,360.0,Régulation/Instrumentation,Systématique,3,182.0,,observée,182.0,0.0,0,0,0.0,Adéquat,182.0,182.0,193.0,193.0,0.0
SF01-UT-00PC-EAUVAP-920FR1-CRSV-920FT441,218619.0,360.0,Régulation/Instrumentation,Systématique,3,182.0,,observée,182.0,0.0,0,0,0.0,Adéquat,182.0,182.0,193.0,193.0,0.0
SF01-UT-00PC-EAUVAP-920FR1-CRSV-920FT442,218620.0,360.0,Régulation/Instrumentation,Systématique,3,182.0,,observée,182.0,0.0,0,0,0.0,Adéquat,182.0,182.0,193.0,193.0,0.0
SF01-UT-00PC-EAUVAP-920FR1-CRSV-920LG233,218638.0,360.0,Régulation/Instrumentation,Systématique,5,78.2,,observée,78.2,22.1,0,0,0.0,Adéquat,78.2,78.2,448.0,448.0,0.0
SF01-UT-00PC-EAUVAP-920FR1-CRSV-920LT232,218645.0,360.0,Régulation/Instrumentation,Systématique,5,78.5,,observée,78.5,21.7,0,0,0.0,Adéquat,78.5,78.5,446.0,446.0,0.0
SF01-UT-00PC-EAUVAP-920FR1-CRSV-920PT030,218656.0,360.0,Régulation/Instrumentation,Systématique,3,182.0,,observée,182.0,0.0,0,0,0.0,Adéquat,182.0,182.0,193.0,193.0,0.0
SF01-UT-00PC-EAUVAP-920FR1-CRSV-920PV030,218678.0,360.0,Régulation/Instrumentation,Systématique,5,78.0,,observée,78.0,22.5,0,0,0.0,Adéquat,78.0,78.0,449.0,449.0,0.0
SF01-UT-00PC-EAUVAP-920FR1-CRSV-920TT130,218821.0,360.0,Régulation/Instrumentation,Systématique,8,54.0,,observée,54.0,22.1,0,0,0.0,Adéquat,54.0,54.0,649.0,649.0,0.0
SF01-UT-00PC-EAUVAP-920FR1-CRSV-920TT131,218822.0,360.0,Régulation/Instrumentation,Systématique,3,182.0,,observée,182.0,0.0,0,0,0.0,Adéquat,182.0,182.0,193.0,193.0,0.0
SF01-UT-00PC-EAUVAP-920FR1-CRSV-920XV731,218837.0,360.0,Régulation/Instrumentation,Systématique,5,78.2,,observée,78.2,22.1,0,0,0.0,Adéquat,78.2,78.2,448.0,448.0,0.0
SF01-UT-00PC-EAUVAP-920FR1-CRSV-9LSHH230,218643.0,360.0,Régulation/Instrumentation,Systématique,5,78.5,,observée,78.5,21.7,0,0,0.0,Adéquat,78.5,78.5,446.0,446.0,0.0
SF01-UT-00PC-EAUVAP-920FR1-CRSV-9LSLL231,218644.0,360.0,Régulation/Instrumentation,Systématique,5,74.0,,observée,74.0,29.4,0,0,0.0,Adéquat,74.0,74.0,474.0,474.0,0.0
SF01-UT-00PC-EAUVAP-920FR1-MOAC,183286.0,330.0,Mécanique,Autre,3,365.0,,observée,365.0,0.0,0,0,0.0,Adéquat,365.0,365.0,96.0,96.0,0.0
SF01-UT-00PC-EAUVAP-921FR2,184975.0,290.0,Mécanique,Inspection,6,90.0,,observée,90.0,0.0,4,2,0.4,Insuffisant,90.0,63.0,4001.0,3136.0,865.0
SF01-UT-00PC-EAUVAP-921FR2-CRSV-920AI355,218787.0,360.0,Régulation/Instrumentation,Systématique,4,132.7,,observée,132.7,19.3,0,0,0.0,Adéquat,132.7,132.7,264.0,264.0,0.0
SF01-UT-00PC-EAUVAP-921FR2-CRSV-920AI356,218788.0,360.0,Régulation/Instrumentation,Systématique,4,132.7,,observée,132.7,19.3,0,0,0.0,Adéquat,132.7,132.7,264.0,264.0,0.0
SF01-UT-00PC-EAUVAP-921FR2-CRSV-920AT350,218792.0,360.0,Régulation/Instrumentation,Systématique,5,78.2,,observée,78.2,22.1,0,0,0.0,Adéquat,78.2,78.2,448.0,448.0,0.0
SF01-UT-00PC-EAUVAP-921FR2-CRSV-920AT351,218793.0,360.0,Régulation/Instrumentation,Systématique,8,54.0,,observée,54.0,21.6,0,0,0.0,Adéquat,54.0,54.0,649.0,649.0,0.0
SF01-UT-00PC-EAUVAP-921FR2-CRSV-920AT352,218794.0,360.0,Régulation/Instrumentation,Systématique,5,78.2,,observée,78.2,22.1,0,0,0.0,Adéquat,78.2,78.2,448.0,448.0,0.0
SF01-UT-00PC-EAUVAP-921FR2-CRSV-920AT353,218795.0,360.0,Régulation/Instrumentation,Systématique,8,54.0,,observée,54.0,21.6,0,0,0.0,Adéquat,54.0,54.0,649.0,649.0,0.0
SF01-UT-00PC-EAUVAP-921FR2-CRSV-920AT354,218796.0,360.0,Régulation/Instrumentation,Systématique,5,78.5,,observée,78.5,21.7,0,0,0.0,Adéquat,78.5,78.5,446.0,446.0,0.0
SF01-UT-00PC-EAUVAP-921FR2-CRSV-920AT357,218797.0,360.0,Régulation/Instrumentation,Systématique,8,54.0,,observée,54.0,21.6,0,0,0.0,Adéquat,54.0,54.0,649.0,649.0,0.0
SF01-UT-00PC-EAUVAP-921FR2-CRSV-920FT450,218621.0,360.0,Régulation/Instrumentation,Systématique,3,182.0,,observée,182.0,0.0,0,0,0.0,Adéquat,182.0,182.0,193.0,193.0,0.0
SF01-UT-00PC-EAUVAP-921FR2-CRSV-920FT451,218622.0,360.0,Régulation/Instrumentation,Systématique,3,182.0,,observée,182.0,0.0,0,0,0.0,Adéquat,182.0,182.0,193.0,193.0,0.0
SF01-UT-00PC-EAUVAP-921FR2-CRSV-920FT452,218623.0,360.0,Régulation/Instrumentation,Systématique,3,182.0,,observée,182.0,0.0,0,0,0.0,Adéquat,182.0,182.0,193.0,193.0,0.0
SF01-UT-00PC-EAUVAP-921FR2-CRSV-920FT453,218624.0,360.0,Régulation/Instrumentation,Systématique,3,182.0,,observée,182.0,0.0,1,0,0.0,Adéquat,182.0,182.0,193.0,193.0,0.0
SF01-UT-00PC-EAUVAP-921FR2-CRSV-920FT454,218625.0,360.0,Régulation/Instrumentation,Systématique,3,182.0,,observée,182.0,0.0,0,0,0.0,Adéquat,182.0,182.0,193.0,193.0,0.0
SF01-UT-00PC-EAUVAP-921FR2-CRSV-920LG255,218798.0,360.0,Régulation/Instrumentation,Systématique,5,78.5,,observée,78.5,21.7,0,0,0.0,Adéquat,78.5,78.5,446.0,446.0,0.0
SF01-UT-00PC-EAUVAP-921FR2-CRSV-920LT253,218642.0,360.0,Régulation/Instrumentation,Systématique,5,78.5,,observée,78.5,21.7,0,0,0.0,Adéquat,78.5,78.5,446.0,446.0,0.0
SF01-UT-00PC-EAUVAP-921FR2-CRSV-920LV253,218649.0,360.0,Régulation/Instrumentation,Systématique,5,78.5,,observée,78.5,21.7,0,0,0.0,Adéquat,78.5,78.5,446.0,446.0,0.0
SF01-UT-00PC-EAUVAP-921FR2-CRSV-920PT056,218670.0,360.0,Régulation/Instrumentation,Systématique,3,182.0,,observée,182.0,0.0,0,0,0.0,Adéquat,182.0,182.0,193.0,193.0,0.0
SF01-UT-00PC-EAUVAP-921FR2-CRSV-920TT157,218829.0,360.0,Régulation/Instrumentation,Systématique,3,182.0,,observée,182.0,0.0,0,0,0.0,Adéquat,182.0,182.0,193.0,193.0,0.0
SF01-UT-00PC-EAUVAP-921FR2-CRSV-920XV750,218846.0,360.0,Régulation/Instrumentation,Systématique,5,78.5,,observée,78.5,21.7,0,0,0.0,Adéquat,78.5,78.5,446.0,446.0,0.0
SF01-UT-00PC-EAUVAP-921FR2-CRSV-920XV751,218847.0,360.0,Régulation/Instrumentation,Systématique,5,78.5,,observée,78.5,21.7,0,0,0.0,Adéquat,78.5,78.5,446.0,446.0,0.0
SF01-UT-00PC-EAUVAP-921FR2-CRSV-920XV752,218848.0,360.0,Régulation/Instrumentation,Systématique,5,77.8,,observée,77.8,22.9,0,0,0.0,Adéquat,77.8,77.8,450.0,450.0,0.0
SF01-UT-00PC-EAUVAP-921FR2-CRSV-920XV753,218849.0,360.0,Régulation/Instrumentation,Systématique,5,77.8,,observée,77.8,22.9,0,0,0.0,Adéquat,77.8,77.8,450.0,450.0,0.0
SF01-UT-00PC-EAUVAP-921FR2-CRSV-920XV754,218850.0,360.0,Régulation/Instrumentation,Systématique,5,78.0,,observée,78.0,22.5,0,0,0.0,Adéquat,78.0,78.0,449.0,449.0,0.0
SF01-UT-00PC-EAUVAP-921FR2-CRSV-9LSHH252,218799.0,360.0,Régulation/Instrumentation,Systématique,5,78.5,,observée,78.5,21.7,0,0,0.0,Adéquat,78.5,78.5,446.0,446.0,0.0
SF01-UT-00PC-EAUVAP-921FR2-CRSV-9LSLL254,218803.0,360.0,Régulation/Instrumentation,Systématique,5,78.5,,observée,78.5,21.7,0,0,0.0,Adéquat,78.5,78.5,446.0,446.0,0.0
SF01-UT-00PC-EAUVAP-921FR2-MOAC,183287.0,330.0,Mécanique,Autre,3,365.0,,observée,365.0,0.0,0,0,0.0,Adéquat,365.0,365.0,96.0,96.0,0.0
SF01-UT-00PC-EAUVAP-DEGAZE-MOAC,184494.0,330.0,Mécanique,Autre,3,365.0,,observée,365.0,0.0,0,0,0.0,Adéquat,365.0,365.0,96.0,96.0,0.0
SF01-UT-00PC-ELECTR,218925.0,310.0,Régulation/Instrumentation,Inspection,18,20.6,,observée,20.6,9.7,1,0,0.0,Adéquat,20.6,20.6,1701.0,1701.0,0.0
SF01-UT-00PC-ELECTR,218926.0,360.0,Régulation/Instrumentation,Systématique,4,123.0,,observée,123.0,15.6,1,0,0.0,Adéquat,123.0,123.0,285.0,285.0,0.0
SF01-UT-00PC-ELECTR-00GTA1,184544.0,290.0,Mécanique,Inspection,15,29.6,,observée,29.6,2.0,24,6,0.43,Insuffisant,29.6,20.7,12988.0,10123.0,2865.0
SF01-UT-00PC-ELECTR-00GTA1,184546.0,290.0,Mécanique,Inspection,16,28.9,,observée,28.9,4.1,24,7,0.47,Insuffisant,28.9,20.2,14428.0,11172.0,3256.0
SF01-UT-00PC-ELECTR-00GTA1-0DCS,218934.0,360.0,Régulation/Instrumentation,Systématique,14,26.9,,observée,26.9,13.6,1,0,0.0,Adéquat,26.9,26.9,1303.0,1303.0,0.0
SF01-UT-00PC-ELECTR-00GTA1-0DCS,218935.0,360.0,Régulation/Instrumentation,Systématique,5,66.2,,observée,66.2,30.7,1,0,0.0,Adéquat,66.2,66.2,529.0,529.0,0.0
SF01-UT-00PC-ELECTR-00GTA1-ALTR,211056.0,310.0,Électrique,Inspection,6,91.0,,observée,91.0,0.0,0,0,0.0,Adéquat,91.0,91.0,385.0,385.0,0.0
SF01-UT-00PC-ELECTR-00GTA1-ALTR,211057.0,310.0,Électrique,Inspection,6,91.0,,observée,91.0,0.0,0,0,0.0,Adéquat,91.0,91.0,385.0,385.0,0.0
SF01-UT-00PC-ELECTR-00GTA1-ALTR,212990.0,290.0,Électrique,Inspection,5,88.5,,observée,88.5,4.3,0,0,0.0,Adéquat,88.5,88.5,396.0,396.0,0.0
SF01-UT-00PC-ELECTR-00GTA1-ALTR,212991.0,290.0,Électrique,Inspection,5,88.5,,observée,88.5,4.3,0,0,0.0,Adéquat,88.5,88.5,396.0,396.0,0.0
SF01-UT-00PC-ELECTR-00GTA1-LUBR,183129.0,290.0,Mécanique,Inspection,16,28.3,,observée,28.3,6.5,4,2,0.13,Adéquat,28.3,28.3,4971.0,4971.0,0.0
SF01-UT-00PC-ELECTR-00GTA1-LUBR,183130.0,350.0,Mécanique,Graissage,4,178.7,,observée,178.7,1.9,4,2,0.67,Insuffisant,178.7,125.1,3243.0,2456.0,786.0
SF01-UT-00PC-ELECTR-00GTA1-LUBR-FILTRLUB,183337.0,290.0,Mécanique,Inspection,16,29.1,,observée,29.1,6.2,0,0,0.0,Adéquat,29.1,29.1,1204.0,1204.0,0.0
SF01-UT-00PC-ELECTR-00GTA1-LUBR-FILTRREG,184655.0,290.0,Mécanique,Inspection,16,29.1,,observée,29.1,6.2,0,0,0.0,Adéquat,29.1,29.1,1204.0,1204.0,0.0
SF01-UT-00PC-ELECTR-00GTA1-LUBR-POMPATLE,184656.0,290.0,Mécanique,Inspection,16,28.2,,observée,28.2,6.7,0,0,0.0,Adéquat,28.2,28.2,1243.0,1243.0,0.0
SF01-UT-00PC-ELECTR-00GTA1-LUBR-POMPAUXI,184657.0,290.0,Mécanique,Inspection,15,29.6,,observée,29.6,2.3,2,2,0.14,Adéquat,29.6,29.6,5027.0,5027.0,0.0
SF01-UT-00PC-ELECTR-00GTA1-LUBR-POMPURGE,183343.0,360.0,Mécanique,Systématique,16,29.1,,observée,29.1,6.6,1,1,0.07,Adéquat,29.1,29.1,3159.0,3159.0,0.0
SF01-UT-00PC-ELECTR-00GTA1-LUBR-REFROID1,184658.0,290.0,Mécanique,Inspection,16,28.9,,observée,28.9,6.8,0,0,0.0,Adéquat,28.9,28.9,1213.0,1213.0,0.0
SF01-UT-00PC-ELECTR-00GTA1-REBP-920F4551,218626.0,360.0,Régulation/Instrumentation,Systématique,3,182.0,,observée,182.0,0.0,0,0,0.0,Adéquat,182.0,182.0,193.0,193.0,0.0
SF01-UT-00PC-ELECTR-00GTA1-REBP-920P0531,218668.0,360.0,Régulation/Instrumentation,Systématique,3,182.0,,observée,182.0,0.0,0,0,0.0,Adéquat,182.0,182.0,193.0,193.0,0.0
SF01-UT-00PC-ELECTR-00GTA1-REBP-920T1521,218823.0,360.0,Régulation/Instrumentation,Systématique,5,78.2,,observée,78.2,22.1,0,0,0.0,Adéquat,78.2,78.2,448.0,448.0,0.0
SF01-UT-00PC-ELECTR-00GTA1-REBP-920T1531,218825.0,360.0,Régulation/Instrumentation,Systématique,3,182.0,,observée,182.0,0.0,0,0,0.0,Adéquat,182.0,182.0,193.0,193.0,0.0
SF01-UT-00PC-ELECTR-00GTA1-REBP-920T1561,218827.0,360.0,Régulation/Instrumentation,Systématique,3,182.0,,observée,182.0,0.0,0,0,0.0,Adéquat,182.0,182.0,193.0,193.0,0.0
SF01-UT-00PC-ELECTR-00GTA1-REBP-92LC2501,218640.0,360.0,Régulation/Instrumentation,Systématique,5,78.2,,observée,78.2,22.1,0,0,0.0,Adéquat,78.2,78.2,448.0,448.0,0.0
SF01-UT-00PC-ELECTR-00GTA1-REBP-92LV2501,218648.0,360.0,Régulation/Instrumentation,Systématique,5,78.5,,observée,78.5,21.7,0,0,0.0,Adéquat,78.5,78.5,446.0,446.0,0.0
SF01-UT-00PC-ELECTR-00GTA1-REBP-92XV7701,218681.0,360.0,Régulation/Instrumentation,Systématique,5,78.0,,observée,78.0,22.5,0,0,0.0,Adéquat,78.0,78.0,449.0,449.0,0.0
SF01-UT-00PC-ELECTR-00GTA1-REBP-9LSHH261,218800.0,360.0,Régulation/Instrumentation,Systématique,5,78.5,,observée,78.5,21.7,0,0,0.0,Adéquat,78.5,78.5,446.0,446.0,0.0
SF01-UT-00PC-ELECTR-00GTA1-REDU,183131.0,290.0,Mécanique,Inspection,8,60.0,,observée,60.0,0.0,1,1,0.14,Adéquat,60.0,60.0,2480.0,2480.0,0.0
SF01-UT-00PC-ELECTR-00GTA1-TURB,183132.0,290.0,Mécanique,Inspection,16,30.0,,observée,30.0,11.1,2,1,0.07,Adéquat,30.0,30.0,3064.0,3064.0,0.0
SF01-UT-00PC-ELECTR-00GTA1-TURB-101XV126,218686.0,360.0,Régulation/Instrumentation,Systématique,4,132.3,,observée,132.3,18.9,0,0,0.0,Adéquat,132.3,132.3,265.0,265.0,0.0
SF01-UT-00PC-ELECTR-00GTA1-TURB-9FE4701E,218634.0,360.0,Régulation/Instrumentation,Systématique,5,78.2,,observée,78.2,22.1,0,0,0.0,Adéquat,78.2,78.2,448.0,448.0,0.0
SF01-UT-00PC-ELECTR-00GTA1-TURB-9FIT4711,218636.0,360.0,Régulation/Instrumentation,Systématique,3,182.0,,observée,182.0,0.0,0,0,0.0,Adéquat,182.0,182.0,193.0,193.0,0.0
SF01-UT-00PC-ELECTR-00GTA1-VIDE-VENTILAT,184659.0,350.0,Mécanique,Graissage,60,7.0,,observée,7.0,2.3,0,0,0.0,Trop fréquent,7.0,14.0,5006.0,2503.0,2503.0
SF01-UT-00PC-ELECTR-00GTA2,184558.0,290.0,Mécanique,Inspection,16,29.0,,observée,29.0,4.2,8,3,0.2,Insuffisant,29.0,20.3,6812.0,5729.0,1083.0
SF01-UT-00PC-ELECTR-00GTA2,218943.0,310.0,Régulation/Instrumentation,Inspection,18,20.6,,observée,20.6,9.7,8,2,0.12,Adéquat,20.6,20.6,6435.0,6435.0,0.0
SF01-UT-00PC-ELECTR-00GTA2,218944.0,360.0,Régulation/Instrumentation,Systématique,8,54.0,,observée,54.0,21.6,8,2,0.29,Insuffisant,54.0,37.8,5013.0,4044.0,969.0
SF01-UT-00PC-ELECTR-00GTA2,218945.0,360.0,Régulation/Instrumentation,Systématique,4,123.0,,observée,123.0,15.6,8,2,0.67,Insuffisant,123.0,86.1,4711.0,3569.0,1143.0
SF01-UT-00PC-ELECTR-00GTA2-0DCS,218955.0,360.0,Régulation/Instrumentation,Systématique,14,26.9,,observée,26.9,10.9,0,0,0.0,Adéquat,26.9,26.9,1303.0,1303.0,0.0
SF01-UT-00PC-ELECTR-00GTA2-0DCS,218956.0,360.0,Régulation/Instrumentation,Systématique,5,75.2,,observée,75.2,15.2,0,0,0.0,Adéquat,75.2,75.2,466.0,466.0,0.0
SF01-UT-00PC-ELECTR-00GTA2-LUBR,183136.0,290.0,Mécanique,Inspection,17,28.3,,observée,28.3,6.6,0,0,0.0,Adéquat,28.3,28.3,1238.0,1238.0,0.0
SF01-UT-00PC-ELECTR-00GTA2-LUBR,183137.0,350.0,Mécanique,Graissage,4,178.7,,observée,178.7,1.9,0,0,0.0,Adéquat,178.7,178.7,196.0,196.0,0.0
SF01-UT-00PC-ELECTR-00GTA2-LUBR-CAISSE,184667.0,290.0,Mécanique,Inspection,15,29.9,,observée,29.9,0.5,0,0,0.0,Adéquat,29.9,29.9,1172.0,1172.0,0.0
SF01-UT-00PC-ELECTR-00GTA2-LUBR-FILTRREG,184660.0,290.0,Mécanique,Inspection,16,28.8,,observée,28.8,8.0,0,0,0.0,Adéquat,28.8,28.8,1217.0,1217.0,0.0
SF01-UT-00PC-ELECTR-00GTA2-LUBR-POMPATLE,184661.0,290.0,Mécanique,Inspection,15,29.5,,observée,29.5,2.1,0,0,0.0,Adéquat,29.5,29.5,1188.0,1188.0,0.0
SF01-UT-00PC-ELECTR-00GTA2-LUBR-POMPAUXI,184662.0,290.0,Mécanique,Inspection,16,28.1,,observée,28.1,7.0,0,0,0.0,Adéquat,28.1,28.1,1247.0,1247.0,0.0
SF01-UT-00PC-ELECTR-00GTA2-LUBR-POMPURGE,183344.0,290.0,Mécanique,Inspection,15,29.8,,observée,29.8,1.7,0,0,0.0,Adéquat,29.8,29.8,1176.0,1176.0,0.0
SF01-UT-00PC-ELECTR-00GTA2-LUBR-REFROID1,184663.0,290.0,Mécanique,Inspection,16,29.1,,observée,29.1,5.7,0,0,0.0,Adéquat,29.1,29.1,1204.0,1204.0,0.0
SF01-UT-00PC-ELECTR-00GTA2-REBP-920P0532,218669.0,360.0,Régulation/Instrumentation,Systématique,3,182.0,,observée,182.0,0.0,0,0,0.0,Adéquat,182.0,182.0,193.0,193.0,0.0
SF01-UT-00PC-ELECTR-00GTA2-REBP-920T1522,218824.0,360.0,Régulation/Instrumentation,Systématique,3,182.0,,observée,182.0,0.0,0,0,0.0,Adéquat,182.0,182.0,193.0,193.0,0.0
SF01-UT-00PC-ELECTR-00GTA2-REBP-920T1532,218826.0,360.0,Régulation/Instrumentation,Systématique,3,182.0,,observée,182.0,0.0,0,0,0.0,Adéquat,182.0,182.0,193.0,193.0,0.0
SF01-UT-00PC-ELECTR-00GTA2-REBP-920T1562,218828.0,360.0,Régulation/Instrumentation,Systématique,3,182.0,,observée,182.0,0.0,0,0,0.0,Adéquat,182.0,182.0,193.0,193.0,0.0
SF01-UT-00PC-ELECTR-00GTA2-REBP-92LC2502,218641.0,360.0,Régulation/Instrumentation,Systématique,5,78.5,,observée,78.5,21.7,0,0,0.0,Adéquat,78.5,78.5,446.0,446.0,0.0
SF01-UT-00PC-ELECTR-00GTA2-REBP-92XV7702,218682.0,360.0,Régulation/Instrumentation,Systématique,5,78.2,,observée,78.2,22.1,0,0,0.0,Adéquat,78.2,78.2,448.0,448.0,0.0
SF01-UT-00PC-ELECTR-00GTA2-REBP-9LSHH262,218801.0,360.0,Régulation/Instrumentation,Systématique,3,182.0,,observée,182.0,0.0,0,0,0.0,Adéquat,182.0,182.0,193.0,193.0,0.0
SF01-UT-00PC-ELECTR-00GTA2-REDU,183141.0,290.0,Mécanique,Inspection,8,60.0,,observée,60.0,0.0,0,0,0.0,Adéquat,60.0,60.0,584.0,584.0,0.0
SF01-UT-00PC-ELECTR-00GTA2-REDU-00VIREUR,184500.0,350.0,Mécanique,Graissage,16,29.4,,observée,29.4,2.2,0,0,0.0,Adéquat,29.4,29.4,1192.0,1192.0,0.0
SF01-UT-00PC-ELECTR-00GTA2-TURB,183152.0,290.0,Mécanique,Inspection,16,28.7,,observée,28.7,5.0,1,1,0.07,Adéquat,28.7,28.7,3203.0,3203.0,0.0
SF01-UT-00PC-ELECTR-00GTA2-TURB-201XV126,218732.0,360.0,Régulation/Instrumentation,Systématique,5,78.0,,observée,78.0,22.5,0,0,0.0,Adéquat,78.0,78.0,449.0,449.0,0.0
SF01-UT-00PC-ELECTR-00GTA2-TURB-9FE4702E,218635.0,360.0,Régulation/Instrumentation,Systématique,5,78.2,,observée,78.2,22.1,0,0,0.0,Adéquat,78.2,78.2,448.0,448.0,0.0
SF01-UT-00PC-ELECTR-00GTA2-TURB-9FIT4712,218637.0,360.0,Régulation/Instrumentation,Systématique,3,182.0,,observée,182.0,0.0,0,0,0.0,Adéquat,182.0,182.0,193.0,193.0,0.0
SF01-UT-00PC-ELECTR-00GTA2-TURB-9PT0702E,218671.0,360.0,Régulation/Instrumentation,Systématique,3,182.0,,observée,182.0,0.0,0,0,0.0,Adéquat,182.0,182.0,193.0,193.0,0.0
SF01-UT-00PC-ELECTR-00GTA2-TURB-9TT1702E,218830.0,360.0,Régulation/Instrumentation,Systématique,5,78.2,,observée,78.2,22.1,0,0,0.0,Adéquat,78.2,78.2,448.0,448.0,0.0
SF01-UT-00PC-ELECTR-00GTA2-TURB-9TT1762E,218831.0,360.0,Régulation/Instrumentation,Systématique,3,182.0,,observée,182.0,0.0,0,0,0.0,Adéquat,182.0,182.0,193.0,193.0,0.0
SF01-UT-00PC-ELECTR-00GTA2-TURB-PIT0762E,218672.0,360.0,Régulation/Instrumentation,Systématique,5,77.8,,observée,77.8,22.9,0,0,0.0,Adéquat,77.8,77.8,450.0,450.0,0.0
SF01-UT-00PC-ELECTR-00GTA2-VIDE-VENTILAT,184664.0,350.0,Mécanique,Graissage,29,14.9,,observée,14.9,0.7,1,0,0.0,Trop fréquent,14.9,29.8,2352.0,1176.0,1176.0
SF01-UT-00PC-ELECTR-1MAG10,184559.0,290.0,Mécanique,Inspection,16,28.7,,observée,28.7,8.9,12,5,0.33,Insuffisant,28.7,20.1,10564.0,8418.0,2146.0
SF01-UT-00PC-ELECTR-1MAG10-CRSV-101LV001,218693.0,360.0,Régulation/Instrumentation,Systématique,8,54.0,,observée,54.0,21.6,0,0,0.0,Adéquat,54.0,54.0,649.0,649.0,0.0
SF01-UT-00PC-ELECTR-1MAG10-CRSV-101LV002,218695.0,360.0,Régulation/Instrumentation,Systématique,8,54.0,,observée,54.0,21.6,1,1,0.14,Adéquat,54.0,54.0,2756.0,2756.0,0.0
SF01-UT-00PC-ELECTR-1MAG10-CRSV-101XV001,218692.0,360.0,Régulation/Instrumentation,Systématique,5,78.2,,observée,78.2,22.1,0,0,0.0,Adéquat,78.2,78.2,448.0,448.0,0.0
SF01-UT-00PC-ELECTR-1MAG10-CRSV-101XV002,218691.0,360.0,Régulation/Instrumentation,Systématique,5,78.2,,observée,78.2,22.1,0,0,0.0,Adéquat,78.2,78.2,448.0,448.0,0.0
SF01-UT-00PC-ELECTR-1MAG10-CRSV-920XV758,218679.0,360.0,Régulation/Instrumentation,Systématique,5,78.0,,observée,78.0,22.5,1,1,0.25,Insuffisant,78.0,54.6,3054.0,2502.0,552.0
SF01-UT-00PC-ELECTR-2MAG10,184560.0,290.0,Mécanique,Inspection,16,28.5,,observée,28.5,5.5,14,2,0.13,Adéquat,28.5,28.5,4936.0,4936.0,0.0
SF01-UT-00PC-ELECTR-2MAG10-CRSV-201LV001,218739.0,360.0,Régulation/Instrumentation,Systématique,8,54.0,,observée,54.0,21.6,0,0,0.0,Adéquat,54.0,54.0,649.0,649.0,0.0
SF01-UT-00PC-ELECTR-2MAG10-CRSV-201LV002,218741.0,360.0,Régulation/Instrumentation,Systématique,8,54.0,,observée,54.0,21.6,0,0,0.0,Adéquat,54.0,54.0,649.0,649.0,0.0
SF01-UT-00PC-ELECTR-2MAG10-CRSV-201PE010,218740.0,360.0,Régulation/Instrumentation,Systématique,5,78.2,,observée,78.2,22.1,0,0,0.0,Adéquat,78.2,78.2,448.0,448.0,0.0
SF01-UT-00PC-ELECTR-2MAG10-CRSV-201TI110,218818.0,360.0,Régulation/Instrumentation,Systématique,5,78.2,,observée,78.2,22.8,0,0,0.0,Adéquat,78.2,78.2,448.0,448.0,0.0
SF01-UT-00PC-ELECTR-2MAG10-CRSV-201XV001,218738.0,360.0,Régulation/Instrumentation,Systématique,5,78.2,,observée,78.2,22.8,0,0,0.0,Adéquat,78.2,78.2,448.0,448.0,0.0
SF01-UT-00PC-ELECTR-2MAG10-CRSV-201XV002,218737.0,360.0,Régulation/Instrumentation,Systématique,5,78.2,,observée,78.2,23.0,0,0,0.0,Adéquat,78.2,78.2,448.0,448.0,0.0
SF01-UT-00PC-ELECTR-2MAG10-CRSV-201XV758,218680.0,360.0,Régulation/Instrumentation,Systématique,5,78.0,,observée,78.0,23.4,0,0,0.0,Adéquat,78.0,78.0,449.0,449.0,0.0
SF01-UT-00PC-ELECTR-PCODA1,184561.0,350.0,Mécanique,Graissage,60,7.1,,observée,7.1,1.7,16,7,0.12,Adéquat,7.1,7.1,18670.0,18670.0,0.0
SF01-UT-00PC-ELECTR-PCODA1-GMOT-0MOTEUR,211268.0,360.0,Électrique,Systématique,3,182.0,,observée,182.0,0.0,0,0,0.0,Adéquat,182.0,182.0,193.0,193.0,0.0
SF01-UT-00PC-ELECTR-PCODA1-GMOT-0MOTEUR,213202.0,360.0,Électrique,Systématique,3,182.0,,observée,182.0,0.0,0,0,0.0,Adéquat,182.0,182.0,193.0,193.0,0.0
SF01-UT-00PC-ELECTR-PCODA1-GMOT-DEPARTM,211117.0,360.0,Électrique,Systématique,3,182.0,,observée,182.0,0.0,0,0,0.0,Adéquat,182.0,182.0,193.0,193.0,0.0
SF01-UT-00PC-ELECTR-PCODA1-GMOT-DEPARTM,213051.0,360.0,Électrique,Systématique,3,182.0,,observée,182.0,0.0,0,0,0.0,Adéquat,182.0,182.0,193.0,193.0,0.0
SF01-UT-00PC-ELECTR-PCODA2,184562.0,350.0,Mécanique,Graissage,60,7.1,,observée,7.1,1.7,15,4,0.07,Adéquat,7.1,7.1,12947.0,12947.0,0.0
SF01-UT-00PC-ELECTR-PCODA2-GMOT-0MOTEUR,211270.0,360.0,Électrique,Systématique,3,182.0,,observée,182.0,0.0,0,0,0.0,Adéquat,182.0,182.0,193.0,193.0,0.0
SF01-UT-00PC-ELECTR-PCODA2-GMOT-0MOTEUR,213204.0,360.0,Électrique,Systématique,3,182.0,,observée,182.0,0.0,0,0,0.0,Adéquat,182.0,182.0,193.0,193.0,0.0
SF01-UT-00PC-ELECTR-PCODA2-GMOT-DEPARTM,211119.0,360.0,Électrique,Systématique,3,182.0,,observée,182.0,0.0,0,0,0.0,Adéquat,182.0,182.0,193.0,193.0,0.0
SF01-UT-00PC-ELECTR-PCODA2-GMOT-DEPARTM,213053.0,360.0,Électrique,Systématique,3,182.0,,observée,182.0,0.0,0,0,0.0,Adéquat,182.0,182.0,193.0,193.0,0.0
SF01-UT-00PC-ELECTR-PCODB1-ASSI-00POMPE,184566.0,350.0,Mécanique,Graissage,60,7.1,,observée,7.1,1.7,0,0,0.0,Trop fréquent,7.1,14.2,4936.0,2468.0,2468.0
SF01-UT-00PC-ELECTR-PCODB1-GMOT-0MOTEUR,211269.0,360.0,Électrique,Systématique,3,182.0,,observée,182.0,0.0,0,0,0.0,Adéquat,182.0,182.0,193.0,193.0,0.0
SF01-UT-00PC-ELECTR-PCODB1-GMOT-0MOTEUR,213203.0,360.0,Électrique,Systématique,3,182.0,,observée,182.0,0.0,0,0,0.0,Adéquat,182.0,182.0,193.0,193.0,0.0
SF01-UT-00PC-ELECTR-PCODB1-GMOT-DEPARTM,211118.0,360.0,Électrique,Systématique,3,182.0,,observée,182.0,0.0,0,0,0.0,Adéquat,182.0,182.0,193.0,193.0,0.0
SF01-UT-00PC-ELECTR-PCODB1-GMOT-DEPARTM,213052.0,360.0,Électrique,Systématique,3,182.0,,observée,182.0,0.0,0,0,0.0,Adéquat,182.0,182.0,193.0,193.0,0.0
SF01-UT-00PC-ELECTR-PCODB2-ASSI-00POMPE,184567.0,350.0,Mécanique,Graissage,59,7.2,,observée,7.2,2.1,0,0,0.0,Trop fréquent,7.2,14.4,4867.0,2434.0,2434.0
SF01-UT-00PC-ELECTR-PCODB2-GMOT-0MOTEUR,211271.0,360.0,Électrique,Systématique,3,182.0,,observée,182.0,0.0,0,0,0.0,Adéquat,182.0,182.0,193.0,193.0,0.0
SF01-UT-00PC-ELECTR-PCODB2-GMOT-0MOTEUR,213205.0,360.0,Électrique,Systématique,3,182.0,,observée,182.0,0.0,0,0,0.0,Adéquat,182.0,182.0,193.0,193.0,0.0
SF01-UT-00PC-ELECTR-PCODB2-GMOT-DEPARTM,211120.0,360.0,Électrique,Systématique,3,182.0,,observée,182.0,0.0,0,0,0.0,Adéquat,182.0,182.0,193.0,193.0,0.0
SF01-UT-00PC-ELECTR-PCODB2-GMOT-DEPARTM,213054.0,360.0,Électrique,Systématique,3,182.0,,observée,182.0,0.0,0,0,0.0,Adéquat,182.0,182.0,193.0,193.0,0.0
SF01-UT-00PC-ELECTR-PON25T,184563.0,290.0,Mécanique,Inspection,16,28.3,,observée,28.3,6.5,0,0,0.0,Adéquat,28.3,28.3,1238.0,1238.0,0.0
SF01-UT-00PC-ELECTR-PON25T,184564.0,290.0,Mécanique,Inspection,16,28.2,,observée,28.2,6.7,0,0,0.0,Adéquat,28.2,28.2,1243.0,1243.0,0.0
SF01-UT-00PC-ELECTR-PON25T,184565.0,350.0,Mécanique,Graissage,16,28.9,,observée,28.9,4.1,0,0,0.0,Adéquat,28.9,28.9,1213.0,1213.0,0.0
SF01-UT-00PC-FACIEL-000GES,211376.0,360.0,Électrique,Systématique,56,7.3,,observée,7.3,3.5,0,0,0.0,Trop fréquent,7.3,14.6,4801.0,2400.0,2400.0
SF01-UT-00PC-FACIEL-000GES,211377.0,310.0,Électrique,Inspection,16,27.7,,observée,27.7,3.5,0,0,0.0,Adéquat,27.7,27.7,1265.0,1265.0,0.0
SF01-UT-00PC-FACIEL-000GES,211378.0,310.0,Électrique,Inspection,6,91.0,,observée,91.0,0.0,0,0,0.0,Adéquat,91.0,91.0,385.0,385.0,0.0
SF01-UT-00PC-FACIEL-000GES,211379.0,360.0,Électrique,Systématique,3,182.0,,observée,182.0,0.0,0,0,0.0,Adéquat,182.0,182.0,193.0,193.0,0.0
SF01-UT-00PC-FACIEL-000GES,213310.0,360.0,Électrique,Systématique,52,7.9,,observée,7.9,3.6,0,0,0.0,Trop fréquent,7.9,15.8,4436.0,2218.0,2218.0
SF01-UT-00PC-FACIEL-000GES,213311.0,290.0,Électrique,Inspection,15,28.0,,observée,28.0,7.9,0,0,0.0,Adéquat,28.0,28.0,1252.0,1252.0,0.0
SF01-UT-00PC-FACIEL-000GES,213312.0,290.0,Électrique,Inspection,5,88.5,,observée,88.5,4.3,0,0,0.0,Adéquat,88.5,88.5,396.0,396.0,0.0
SF01-UT-00PC-FACIEL-000GES,213313.0,360.0,Électrique,Systématique,3,182.0,,observée,182.0,0.0,0,0,0.0,Adéquat,182.0,182.0,193.0,193.0,0.0
SF01-UT-00PC-FACIEL-1CBP10,211504.0,360.0,Électrique,Systématique,6,90.0,,observée,90.0,0.0,0,0,0.0,Adéquat,90.0,90.0,389.0,389.0,0.0
SF01-UT-00PC-FACIEL-1CBP10,211507.0,360.0,Électrique,Systématique,8,60.0,,observée,60.0,10.2,0,0,0.0,Adéquat,60.0,60.0,584.0,584.0,0.0
SF01-UT-00PC-FACIEL-1CBP10,213437.0,360.0,Électrique,Systématique,5,87.5,,observée,87.5,4.3,0,0,0.0,Adéquat,87.5,87.5,401.0,401.0,0.0
SF01-UT-00PC-FACIEL-1CBP10,213440.0,360.0,Électrique,Systématique,7,60.0,,observée,60.0,0.0,0,0,0.0,Adéquat,60.0,60.0,584.0,584.0,0.0
SF01-UT-00PC-FACIEL-2CBP10,211508.0,360.0,Électrique,Systématique,8,60.0,,observée,60.0,10.2,0,0,0.0,Adéquat,60.0,60.0,584.0,584.0,0.0
SF01-UT-00PC-FACIEL-2CBP10,213441.0,360.0,Électrique,Systématique,7,60.0,,observée,60.0,0.0,0,0,0.0,Adéquat,60.0,60.0,584.0,584.0,0.0
SF01-UT-00PC-GASOIL-BAC5M3-MOAC,183331.0,330.0,Mécanique,Autre,3,365.0,,observée,365.0,0.0,0,0,0.0,Adéquat,365.0,365.0,96.0,96.0,0.0
SF01-UT-00PC-GASOIL-BACGAS-MOAC,183332.0,330.0,Mécanique,Autre,3,365.0,,observée,365.0,0.0,0,0,0.0,Adéquat,365.0,365.0,96.0,96.0,0.0
SF01-UT-00PC-POSTBT,211231.0,360.0,Électrique,Systématique,57,7.5,,observée,7.5,2.5,4,2,0.04,Adéquat,7.5,7.5,9006.0,9006.0,0.0
SF01-UT-00PC-POSTBT,211243.0,360.0,Électrique,Systématique,16,27.9,,observée,27.9,3.3,4,2,0.13,Adéquat,27.9,27.9,5042.0,5042.0,0.0
SF01-UT-00PC-POSTBT,211386.0,310.0,Électrique,Inspection,57,7.2,,observée,7.2,1.7,4,2,0.04,Adéquat,7.2,7.2,9382.0,9382.0,0.0
SF01-UT-00PC-POSTBT,213165.0,360.0,Électrique,Systématique,54,7.7,,observée,7.7,3.0,4,2,0.04,Adéquat,7.7,7.7,8773.0,8773.0,0.0
SF01-UT-00PC-POSTBT,213177.0,360.0,Électrique,Systématique,15,28.0,,observée,28.0,11.8,4,2,0.14,Adéquat,28.0,28.0,5315.0,5315.0,0.0
SF01-UT-00PC-POSTBT,213320.0,290.0,Électrique,Inspection,56,7.4,,observée,7.4,3.2,4,2,0.04,Adéquat,7.4,7.4,9128.0,9128.0,0.0
SF01-UT-00PC-POSTMT,211236.0,360.0,Électrique,Systématique,57,7.2,,observée,7.2,2.4,1,1,0.02,Adéquat,7.2,7.2,7125.0,7125.0,0.0
SF01-UT-00PC-POSTMT,211249.0,360.0,Électrique,Systématique,17,26.2,,observée,26.2,6.3,1,1,0.06,Adéquat,26.2,26.2,3198.0,3198.0,0.0
SF01-UT-00PC-POSTMT,211392.0,310.0,Électrique,Inspection,57,7.2,,observée,7.2,2.1,1,1,0.02,Adéquat,7.2,7.2,7125.0,7125.0,0.0
SF01-UT-00PC-POSTMT,213170.0,360.0,Électrique,Systématique,54,7.7,,observée,7.7,2.8,1,1,0.02,Adéquat,7.7,7.7,6662.0,6662.0,0.0
SF01-UT-00PC-POSTMT,213183.0,360.0,Électrique,Systématique,15,28.0,,observée,28.0,5.7,1,1,0.07,Adéquat,28.0,28.0,3283.0,3283.0,0.0
SF01-UT-00PC-POSTMT,213326.0,290.0,Électrique,Inspection,56,7.4,,observée,7.4,2.9,1,1,0.02,Adéquat,7.4,7.4,6932.0,6932.0,0.0
SF01-UT-00PC-PST60D,211227.0,360.0,Électrique,Systématique,56,7.4,,observée,7.4,2.4,0,0,0.0,Trop fréquent,7.4,14.8,4736.0,2368.0,2368.0
SF01-UT-00PC-PST60D,211381.0,310.0,Électrique,Inspection,57,7.2,,observée,7.2,2.0,0,0,0.0,Trop fréquent,7.2,14.4,4867.0,2434.0,2434.0
SF01-UT-00PC-PST60D,213161.0,360.0,Électrique,Systématique,54,7.7,,observée,7.7,3.2,0,0,0.0,Trop fréquent,7.7,15.4,4551.0,2276.0,2276.0
SF01-UT-00PC-PST60D,213315.0,290.0,Électrique,Inspection,56,7.4,,observée,7.4,2.9,0,0,0.0,Trop fréquent,7.4,14.8,4736.0,2368.0,2368.0
SF01-UT-00PC-PST60R,211228.0,360.0,Électrique,Systématique,56,7.4,,observée,7.4,2.4,0,0,0.0,Trop fréquent,7.4,14.8,4736.0,2368.0,2368.0
SF01-UT-00PC-PST60R,211382.0,310.0,Électrique,Inspection,57,7.2,,observée,7.2,1.7,0,0,0.0,Trop fréquent,7.2,14.4,4867.0,2434.0,2434.0
SF01-UT-00PC-PST60R,213162.0,360.0,Électrique,Systématique,54,7.7,,observée,7.7,3.4,0,0,0.0,Trop fréquent,7.7,15.4,4551.0,2276.0,2276.0
SF01-UT-00PC-PST60R,213316.0,290.0,Électrique,Inspection,56,7.4,,observée,7.4,2.9,0,0,0.0,Trop fréquent,7.4,14.8,4736.0,2368.0,2368.0
SF01-UT-00PC-PSTBTR,211229.0,360.0,Électrique,Systématique,56,7.4,,observée,7.4,2.4,1,1,0.02,Adéquat,7.4,7.4,6932.0,6932.0,0.0
SF01-UT-00PC-PSTBTR,211241.0,360.0,Électrique,Systématique,16,27.9,,observée,27.9,3.3,1,1,0.07,Adéquat,27.9,27.9,3295.0,3295.0,0.0
SF01-UT-00PC-PSTBTR,211383.0,310.0,Électrique,Inspection,57,7.2,,observée,7.2,1.7,1,1,0.02,Adéquat,7.2,7.2,7125.0,7125.0,0.0
SF01-UT-00PC-PSTBTR,213163.0,360.0,Électrique,Systématique,54,7.7,,observée,7.7,3.0,1,1,0.02,Adéquat,7.7,7.7,6662.0,6662.0,0.0
SF01-UT-00PC-PSTBTR,213175.0,360.0,Électrique,Systématique,15,28.0,,observée,28.0,11.8,1,1,0.07,Adéquat,28.0,28.0,3283.0,3283.0,0.0
SF01-UT-00PC-PSTBTR,213317.0,290.0,Électrique,Inspection,56,7.4,,observée,7.4,2.9,1,1,0.02,Adéquat,7.4,7.4,6932.0,6932.0,0.0
SF01-UT-00PC-PSTEXC,211233.0,360.0,Électrique,Systématique,57,7.7,,observée,7.7,3.6,2,2,0.04,Adéquat,7.7,7.7,8773.0,8773.0,0.0
SF01-UT-00PC-PSTEXC,211246.0,360.0,Électrique,Systématique,16,27.9,,observée,27.9,3.3,2,1,0.07,Adéquat,27.9,27.9,3295.0,3295.0,0.0
SF01-UT-00PC-PSTEXC,211389.0,310.0,Électrique,Inspection,57,7.2,,observée,7.2,1.7,2,2,0.04,Adéquat,7.2,7.2,9382.0,9382.0,0.0
SF01-UT-00PC-PSTEXC,213167.0,360.0,Électrique,Systématique,55,7.5,,observée,7.5,3.1,2,2,0.04,Adéquat,7.5,7.5,9006.0,9006.0,0.0
SF01-UT-00PC-PSTEXC,213180.0,360.0,Électrique,Systématique,15,28.0,,observée,28.0,11.8,2,1,0.07,Adéquat,28.0,28.0,3283.0,3283.0,0.0
SF01-UT-00PC-PSTEXC,213323.0,290.0,Électrique,Inspection,56,7.4,,observée,7.4,2.9,2,2,0.04,Adéquat,7.4,7.4,9128.0,9128.0,0.0
SF01-UT-00PC-PSTOND,211239.0,360.0,Électrique,Systématique,56,7.4,,observée,7.4,2.8,0,0,0.0,Trop fréquent,7.4,14.8,4736.0,2368.0,2368.0
SF01-UT-00PC-PSTOND,211252.0,360.0,Électrique,Systématique,16,27.9,,observée,27.9,3.3,0,0,0.0,Adéquat,27.9,27.9,1256.0,1256.0,0.0
SF01-UT-00PC-PSTOND,211395.0,310.0,Électrique,Inspection,57,7.2,,observée,7.2,2.1,0,0,0.0,Trop fréquent,7.2,14.4,4867.0,2434.0,2434.0
SF01-UT-00PC-PSTOND,213173.0,360.0,Électrique,Systématique,54,7.7,,observée,7.7,3.0,0,0,0.0,Trop fréquent,7.7,15.4,4551.0,2276.0,2276.0
SF01-UT-00PC-PSTOND,213186.0,360.0,Électrique,Systématique,15,28.0,,observée,28.0,11.8,0,0,0.0,Adéquat,28.0,28.0,1252.0,1252.0,0.0
SF01-UT-00PC-PSTOND,213329.0,290.0,Électrique,Inspection,56,7.4,,observée,7.4,2.9,0,0,0.0,Trop fréquent,7.4,14.8,4736.0,2368.0,2368.0
SF01-UT-00PC-PSTTR1-TRMTBT,211042.0,310.0,Électrique,Inspection,16,27.9,,observée,27.9,3.3,0,0,0.0,Adéquat,27.9,27.9,1256.0,1256.0,0.0
SF01-UT-00PC-PSTTR1-TRMTBT,212975.0,310.0,Électrique,Inspection,15,28.0,,observée,28.0,5.7,0,0,0.0,Adéquat,28.0,28.0,1252.0,1252.0,0.0
SF01-UT-00PC-PSTTR2-TRMTBT,211045.0,310.0,Électrique,Inspection,16,27.9,,observée,27.9,3.3,0,0,0.0,Adéquat,27.9,27.9,1256.0,1256.0,0.0
SF01-UT-00PC-PSTTR2-TRMTBT,212978.0,310.0,Électrique,Inspection,15,28.0,,observée,28.0,5.7,0,0,0.0,Adéquat,28.0,28.0,1252.0,1252.0,0.0
SF01-UT-00PC-PSTTRH-00TRHT,211053.0,310.0,Électrique,Inspection,57,7.2,,observée,7.2,1.7,2,2,0.04,Adéquat,7.2,7.2,9382.0,9382.0,0.0
SF01-UT-00PC-PSTTRH-00TRHT,211054.0,310.0,Électrique,Inspection,16,27.9,,observée,27.9,3.3,2,2,0.13,Adéquat,27.9,27.9,5042.0,5042.0,0.0
SF01-UT-00PC-PSTTRH-00TRHT,212986.0,290.0,Électrique,Inspection,56,7.4,,observée,7.4,2.9,2,2,0.04,Adéquat,7.4,7.4,9128.0,9128.0,0.0
SF01-UT-00PC-PSTTRH-00TRHT,212988.0,310.0,Électrique,Inspection,15,28.0,,observée,28.0,5.7,2,2,0.14,Adéquat,28.0,28.0,5315.0,5315.0,0.0
SF01-UT-00PC-STFUEL-0HA015,184639.0,290.0,Mécanique,Inspection,16,28.9,,observée,28.9,7.5,1,1,0.07,Adéquat,28.9,28.9,3181.0,3181.0,0.0
SF01-UT-00PC-STFUEL-0HA015-CRSV-924LT200,218862.0,360.0,Régulation/Instrumentation,Systématique,3,182.0,,observée,182.0,0.0,0,0,0.0,Adéquat,182.0,182.0,193.0,193.0,0.0
SF01-UT-00PC-STFUEL-0HA015-MOAC,183245.0,330.0,Mécanique,Autre,3,365.0,,observée,365.0,0.0,0,0,0.0,Adéquat,365.0,365.0,96.0,96.0,0.0
SF01-UT-00PC-STFUEL-0HA016,184643.0,290.0,Mécanique,Inspection,16,28.8,,observée,28.8,8.0,0,0,0.0,Adéquat,28.8,28.8,1217.0,1217.0,0.0
SF01-UT-00PC-STFUEL-0HA016-CRSV-924LT201,218863.0,360.0,Régulation/Instrumentation,Systématique,3,182.0,,observée,182.0,0.0,0,0,0.0,Adéquat,182.0,182.0,193.0,193.0,0.0
SF01-UT-00PC-STFUEL-0HA016-MOAC,183246.0,330.0,Mécanique,Autre,3,365.0,,observée,365.0,0.0,0,0,0.0,Adéquat,365.0,365.0,96.0,96.0,0.0
SF01-UT-00PC-STFUEL-PPEDF1,184646.0,290.0,Mécanique,Inspection,9,58.6,,observée,58.6,3.6,11,3,0.38,Insuffisant,58.6,41.0,5867.0,4618.0,1249.0
SF01-UT-00PC-STFUEL-PPEDF2,184647.0,290.0,Mécanique,Inspection,8,60.0,,observée,60.0,0.0,2,2,0.29,Insuffisant,60.0,42.0,4512.0,3640.0,872.0
SF01-UT-0PEM-BPEMER-PPEBP1,184571.0,290.0,Mécanique,Inspection,4,176.0,,observée,176.0,5.7,25,3,1.0,Insuffisant,176.0,123.2,4816.0,3582.0,1234.0
SF01-UT-0PEM-BPEMER-PPEBP1,184572.0,290.0,Mécanique,Inspection,15,29.7,,observée,29.7,1.7,25,8,0.57,Insuffisant,29.7,20.8,16775.0,12825.0,3950.0
SF01-UT-0PEM-BPEMER-PPEBP1,184574.0,350.0,Mécanique,Graissage,29,14.9,,observée,14.9,0.4,25,12,0.43,Insuffisant,14.9,10.4,25802.0,20110.0,5692.0
SF01-UT-0PEM-BPEMER-PPEBP1,184575.0,290.0,Mécanique,Inspection,30,14.7,,observée,14.7,1.8,25,13,0.45,Insuffisant,14.7,10.3,27259.0,21174.0,6085.0
SF01-UT-0PEM-BPEMER-PPEBP1,184577.0,290.0,Mécanique,Inspection,4,175.7,,observée,175.7,6.1,25,3,1.0,Insuffisant,175.7,123.0,4824.0,3588.0,1236.0
SF01-UT-0PEM-BPEMER-PPEBP1-CANA,184760.0,290.0,Mécanique,Inspection,4,180.0,,observée,180.0,0.0,0,0,0.0,Adéquat,180.0,180.0,195.0,195.0,0.0
SF01-UT-0PEM-BPEMER-PPEBP1-CRSV-924XV701,218877.0,360.0,Régulation/Instrumentation,Systématique,4,132.3,,observée,132.3,18.9,0,0,0.0,Adéquat,132.3,132.3,265.0,265.0,0.0
SF01-UT-0PEM-BPEMER-PPEBP1-GMOT-0MOTEUR,211010.0,360.0,Électrique,Systématique,3,198.0,,observée,198.0,166.0,0,0,0.0,Adéquat,198.0,198.0,177.0,177.0,0.0
SF01-UT-0PEM-BPEMER-PPEBP1-GMOT-0MOTEUR,212943.0,360.0,Électrique,Systématique,3,182.0,,observée,182.0,0.0,0,0,0.0,Adéquat,182.0,182.0,193.0,193.0,0.0
SF01-UT-0PEM-BPEMER-PPEBP1-GMOT-DEPARTM,211067.0,360.0,Électrique,Systématique,3,198.0,,observée,198.0,166.0,0,0,0.0,Adéquat,198.0,198.0,177.0,177.0,0.0
SF01-UT-0PEM-BPEMER-PPEBP1-GMOT-DEPARTM,213001.0,360.0,Électrique,Systématique,3,182.0,,observée,182.0,0.0,0,0,0.0,Adéquat,182.0,182.0,193.0,193.0,0.0
SF01-UT-0PEM-BPEMER-PPEBP2,184581.0,290.0,Mécanique,Inspection,4,176.7,,observée,176.7,4.7,13,2,0.67,Insuffisant,176.7,123.7,3279.0,2484.0,795.0
SF01-UT-0PEM-BPEMER-PPEBP2,184582.0,290.0,Mécanique,Inspection,15,29.8,,observée,29.8,1.2,13,4,0.29,Insuffisant,29.8,20.9,9084.0,7328.0,1755.0
SF01-UT-0PEM-BPEMER-PPEBP2,184584.0,350.0,Mécanique,Graissage,29,14.9,,observée,14.9,0.4,13,5,0.18,Insuffisant,14.9,10.4,12168.0,10372.0,1797.0
SF01-UT-0PEM-BPEMER-PPEBP2,184585.0,290.0,Mécanique,Inspection,30,14.7,,observée,14.7,1.8,13,5,0.17,Insuffisant,14.7,10.3,11781.0,10118.0,1663.0
SF01-UT-0PEM-BPEMER-PPEBP2,184587.0,290.0,Mécanique,Inspection,4,176.3,,observée,176.3,5.2,13,2,0.67,Insuffisant,176.3,123.4,3287.0,2490.0,797.0
SF01-UT-0PEM-BPEMER-PPEBP2-CANA,184761.0,290.0,Mécanique,Inspection,4,180.0,,observée,180.0,0.0,3,2,0.67,Insuffisant,180.0,126.0,3219.0,2439.0,781.0
SF01-UT-0PEM-BPEMER-PPEBP2-CRSV-924PT002,218683.0,360.0,Régulation/Instrumentation,Systématique,3,182.0,,observée,182.0,0.0,1,0,0.0,Adéquat,182.0,182.0,193.0,193.0,0.0
SF01-UT-0PEM-BPEMER-PPEBP2-CRSV-924XV702,218878.0,360.0,Régulation/Instrumentation,Systématique,4,132.0,,observée,132.0,18.4,0,0,0.0,Adéquat,132.0,132.0,265.0,265.0,0.0
SF01-UT-0PEM-BPEMER-PPEBP2-GMOT-0MOTEUR,211011.0,360.0,Électrique,Systématique,3,198.0,,observée,198.0,166.0,0,0,0.0,Adéquat,198.0,198.0,177.0,177.0,0.0
SF01-UT-0PEM-BPEMER-PPEBP2-GMOT-0MOTEUR,211365.0,360.0,Électrique,Systématique,5,121.8,,observée,121.8,37.2,0,0,0.0,Adéquat,121.8,121.8,288.0,288.0,0.0
SF01-UT-0PEM-BPEMER-PPEBP2-GMOT-0MOTEUR,212944.0,360.0,Électrique,Systématique,3,182.0,,observée,182.0,0.0,0,0,0.0,Adéquat,182.0,182.0,193.0,193.0,0.0
SF01-UT-0PEM-BPEMER-PPEBP2-GMOT-0MOTEUR,213299.0,360.0,Électrique,Systématique,5,89.0,,observée,89.0,3.5,0,0,0.0,Adéquat,89.0,89.0,394.0,394.0,0.0
SF01-UT-0PEM-BPEMER-PPEBP2-GMOT-DEPARTM,211068.0,360.0,Électrique,Systématique,3,198.0,,observée,198.0,166.0,0,0,0.0,Adéquat,198.0,198.0,177.0,177.0,0.0
SF01-UT-0PEM-BPEMER-PPEBP2-GMOT-DEPARTM,213002.0,360.0,Électrique,Systématique,3,182.0,,observée,182.0,0.0,0,0,0.0,Adéquat,182.0,182.0,193.0,193.0,0.0
SF01-UT-0PEM-BPEMER-PPEBP3,184591.0,290.0,Mécanique,Inspection,4,177.7,,observée,177.7,3.3,6,2,0.67,Insuffisant,177.7,124.4,3261.0,2470.0,791.0
SF01-UT-0PEM-BPEMER-PPEBP3,184592.0,290.0,Mécanique,Inspection,15,29.9,,observée,29.9,0.5,6,3,0.21,Insuffisant,29.9,20.9,6879.0,5751.0,1128.0
SF01-UT-0PEM-BPEMER-PPEBP3,184594.0,350.0,Mécanique,Graissage,29,14.9,,observée,14.9,0.4,6,4,0.14,Adéquat,14.9,14.9,9987.0,9987.0,0.0
SF01-UT-0PEM-BPEMER-PPEBP3,184595.0,290.0,Mécanique,Inspection,29,14.8,,observée,14.8,1.0,6,4,0.14,Adéquat,14.8,14.8,10055.0,10055.0,0.0
SF01-UT-0PEM-BPEMER-PPEBP3,184597.0,290.0,Mécanique,Inspection,4,177.3,,observée,177.3,3.8,6,2,0.67,Insuffisant,177.3,124.1,3268.0,2476.0,793.0
SF01-UT-0PEM-BPEMER-PPEBP3-CANA,184762.0,290.0,Mécanique,Inspection,4,180.0,,observée,180.0,0.0,1,1,0.33,Insuffisant,180.0,126.0,1684.0,1342.0,342.0
SF01-UT-0PEM-BPEMER-PPEBP3-CRSV-924PT003,218684.0,360.0,Régulation/Instrumentation,Systématique,3,182.0,,observée,182.0,0.0,0,0,0.0,Adéquat,182.0,182.0,193.0,193.0,0.0
SF01-UT-0PEM-BPEMER-PPEBP3-CRSV-924XV703,218879.0,360.0,Régulation/Instrumentation,Systématique,4,132.0,,observée,132.0,18.4,0,0,0.0,Adéquat,132.0,132.0,265.0,265.0,0.0
SF01-UT-0PEM-BPEMER-PPEBP3-GMOT-0MOTEUR,211012.0,360.0,Électrique,Systématique,3,198.0,,observée,198.0,166.0,0,0,0.0,Adéquat,198.0,198.0,177.0,177.0,0.0
SF01-UT-0PEM-BPEMER-PPEBP3-GMOT-0MOTEUR,211366.0,360.0,Électrique,Systématique,5,121.8,,observée,121.8,37.2,0,0,0.0,Adéquat,121.8,121.8,288.0,288.0,0.0
SF01-UT-0PEM-BPEMER-PPEBP3-GMOT-0MOTEUR,212945.0,360.0,Électrique,Systématique,3,182.0,,observée,182.0,0.0,0,0,0.0,Adéquat,182.0,182.0,193.0,193.0,0.0
SF01-UT-0PEM-BPEMER-PPEBP3-GMOT-0MOTEUR,213300.0,360.0,Électrique,Systématique,5,89.0,,observée,89.0,3.5,0,0,0.0,Adéquat,89.0,89.0,394.0,394.0,0.0
SF01-UT-0PEM-BPEMER-PPEBP3-GMOT-DEPARTM,211069.0,360.0,Électrique,Systématique,3,198.0,,observée,198.0,166.0,0,0,0.0,Adéquat,198.0,198.0,177.0,177.0,0.0
SF01-UT-0PEM-BPEMER-PPEBP3-GMOT-DEPARTM,213003.0,360.0,Électrique,Systématique,3,182.0,,observée,182.0,0.0,0,0,0.0,Adéquat,182.0,182.0,193.0,193.0,0.0
SF01-UT-0PEM-EAUMER-COEMHP-CRSV-924XV704,218880.0,360.0,Régulation/Instrumentation,Systématique,4,132.0,,observée,132.0,18.4,0,0,0.0,Adéquat,132.0,132.0,265.0,265.0,0.0
SF01-UT-0PEM-EAUMER-PONX80,184908.0,290.0,Mécanique,Inspection,16,28.1,,observée,28.1,7.0,0,0,0.0,Adéquat,28.1,28.1,1247.0,1247.0,0.0
SF01-UT-0PEM-EAUMER-PONX80,184909.0,290.0,Mécanique,Inspection,16,28.1,,observée,28.1,7.2,0,0,0.0,Adéquat,28.1,28.1,1247.0,1247.0,0.0
SF01-UT-0PEM-EAUMER-STRUCT-0DCS,218991.0,360.0,Régulation/Instrumentation,Systématique,4,141.3,,observée,141.3,21.7,0,0,0.0,Adéquat,141.3,141.3,248.0,248.0,0.0
SF01-UT-0PEM-EAUMER-STRUCT-0DCS,218992.0,360.0,Régulation/Instrumentation,Systématique,14,26.9,,observée,26.9,10.6,0,0,0.0,Adéquat,26.9,26.9,1303.0,1303.0,0.0
SF01-UT-0PEM-FACIEL-0P1314,211175.0,360.0,Électrique,Systématique,3,182.0,,observée,182.0,0.0,1,1,0.5,Insuffisant,182.0,127.4,2425.0,1870.0,555.0
SF01-UT-0PEM-FACIEL-0P1314,211318.0,360.0,Électrique,Systématique,3,182.0,,observée,182.0,0.0,1,1,0.5,Insuffisant,182.0,127.4,2425.0,1870.0,555.0
SF01-UT-0PEM-FACIEL-0P1314,213109.0,360.0,Électrique,Systématique,3,182.0,,observée,182.0,0.0,1,1,0.5,Insuffisant,182.0,127.4,2425.0,1870.0,555.0
SF01-UT-0PEM-FACIEL-0P1314,213252.0,360.0,Électrique,Systématique,3,182.0,,observée,182.0,0.0,1,1,0.5,Insuffisant,182.0,127.4,2425.0,1870.0,555.0
SF01-UT-0PEM-FACIEL-0P1317,211177.0,360.0,Électrique,Systématique,3,182.0,,observée,182.0,0.0,0,0,0.0,Adéquat,182.0,182.0,193.0,193.0,0.0
SF01-UT-0PEM-FACIEL-0P1317,213111.0,360.0,Électrique,Systématique,3,182.0,,observée,182.0,0.0,0,0,0.0,Adéquat,182.0,182.0,193.0,193.0,0.0
SF01-UT-0PEM-FACIEL-0X1311,211160.0,360.0,Électrique,Systématique,3,182.0,,observée,182.0,0.0,0,0,0.0,Adéquat,182.0,182.0,193.0,193.0,0.0
SF01-UT-0PEM-FACIEL-0X1311,211355.0,360.0,Électrique,Systématique,3,182.0,,observée,182.0,0.0,0,0,0.0,Adéquat,182.0,182.0,193.0,193.0,0.0
SF01-UT-0PEM-FACIEL-0X1311,213094.0,360.0,Électrique,Systématique,3,182.0,,observée,182.0,0.0,0,0,0.0,Adéquat,182.0,182.0,193.0,193.0,0.0
SF01-UT-0PEM-FACIEL-0X1311,213289.0,360.0,Électrique,Systématique,3,182.0,,observée,182.0,0.0,0,0,0.0,Adéquat,182.0,182.0,193.0,193.0,0.0
SF01-UT-0PEM-HPEMER-PPEHP1,184598.0,350.0,Mécanique,Graissage,16,29.3,,observée,29.3,2.7,5,4,0.27,Insuffisant,29.3,20.5,8684.0,7057.0,1627.0
SF01-UT-0PEM-HPEMER-PPEHP1-CANA,184763.0,290.0,Mécanique,Inspection,4,179.3,,observée,179.3,0.9,0,0,0.0,Adéquat,179.3,179.3,195.0,195.0,0.0
SF01-UT-0PEM-HPEMER-PPEHP1-GMOT-0MOTEUR,211287.0,360.0,Électrique,Systématique,3,182.0,,observée,182.0,0.0,0,0,0.0,Adéquat,182.0,182.0,193.0,193.0,0.0
SF01-UT-0PEM-HPEMER-PPEHP1-GMOT-0MOTEUR,213221.0,360.0,Électrique,Systématique,3,182.0,,observée,182.0,0.0,0,0,0.0,Adéquat,182.0,182.0,193.0,193.0,0.0
SF01-UT-0PEM-HPEMER-PPEHP1-GMOT-DEPARTM,211154.0,360.0,Électrique,Systématique,3,198.0,,observée,198.0,166.0,0,0,0.0,Adéquat,198.0,198.0,177.0,177.0,0.0
SF01-UT-0PEM-HPEMER-PPEHP1-GMOT-DEPARTM,213088.0,360.0,Électrique,Systématique,3,182.0,,observée,182.0,0.0,0,0,0.0,Adéquat,182.0,182.0,193.0,193.0,0.0
SF01-UT-0PEM-HPEMER-PPEHP2,184599.0,350.0,Mécanique,Graissage,15,29.8,,observée,29.8,1.0,1,1,0.07,Adéquat,29.8,29.8,3085.0,3085.0,0.0
SF01-UT-0PEM-HPEMER-PPEHP2-CANA,184764.0,290.0,Mécanique,Inspection,4,180.0,,observée,180.0,0.0,0,0,0.0,Adéquat,180.0,180.0,195.0,195.0,0.0
SF01-UT-0PEM-HPEMER-PPEHP2-GMOT-0MOTEUR,211288.0,360.0,Électrique,Systématique,3,182.0,,observée,182.0,0.0,0,0,0.0,Adéquat,182.0,182.0,193.0,193.0,0.0
SF01-UT-0PEM-HPEMER-PPEHP2-GMOT-0MOTEUR,213222.0,360.0,Électrique,Systématique,3,182.0,,observée,182.0,0.0,0,0,0.0,Adéquat,182.0,182.0,193.0,193.0,0.0
SF01-UT-0PEM-HPEMER-PPEHP2-GMOT-DEPARTM,211155.0,360.0,Électrique,Systématique,3,198.0,,observée,198.0,166.0,0,0,0.0,Adéquat,198.0,198.0,177.0,177.0,0.0
SF01-UT-0PEM-HPEMER-PPEHP2-GMOT-DEPARTM,213089.0,360.0,Électrique,Systématique,3,182.0,,observée,182.0,0.0,0,0,0.0,Adéquat,182.0,182.0,193.0,193.0,0.0
SF01-UT-0PEM-HPEMER-PPEHP3,184600.0,350.0,Mécanique,Graissage,15,29.9,,observée,29.9,0.3,0,0,0.0,Adéquat,29.9,29.9,1172.0,1172.0,0.0
SF01-UT-0PEM-HPEMER-PPEHP3-CANA,184765.0,290.0,Mécanique,Inspection,4,180.0,,observée,180.0,0.0,0,0,0.0,Adéquat,180.0,180.0,195.0,195.0,0.0
SF01-UT-0PEM-HPEMER-PPEHP3-GMOT-0MOTEUR,211289.0,360.0,Électrique,Systématique,3,182.0,,observée,182.0,0.0,0,0,0.0,Adéquat,182.0,182.0,193.0,193.0,0.0
SF01-UT-0PEM-HPEMER-PPEHP3-GMOT-0MOTEUR,213223.0,360.0,Électrique,Systématique,3,182.0,,observée,182.0,0.0,0,0,0.0,Adéquat,182.0,182.0,193.0,193.0,0.0
SF01-UT-0PEM-HPEMER-PPEHP3-GMOT-DEPARTM,211156.0,360.0,Électrique,Systématique,3,198.0,,observée,198.0,166.0,0,0,0.0,Adéquat,198.0,198.0,177.0,177.0,0.0
SF01-UT-0PEM-HPEMER-PPEHP3-GMOT-DEPARTM,213090.0,360.0,Électrique,Systématique,3,182.0,,observée,182.0,0.0,0,0,0.0,Adéquat,182.0,182.0,193.0,193.0,0.0
SF01-UT-0PEM-HPEMER-PPEPUI,184601.0,350.0,Mécanique,Graissage,16,29.3,,observée,29.3,2.7,7,1,0.07,Adéquat,29.3,29.3,3137.0,3137.0,0.0
SF01-UT-0PEM-HPEMER-PPEPUI-GMOT-0MOTEUR,211319.0,360.0,Électrique,Systématique,3,182.0,,observée,182.0,0.0,0,0,0.0,Adéquat,182.0,182.0,193.0,193.0,0.0
SF01-UT-0PEM-HPEMER-PPEPUI-GMOT-0MOTEUR,213253.0,360.0,Électrique,Systématique,3,182.0,,observée,182.0,0.0,0,0,0.0,Adéquat,182.0,182.0,193.0,193.0,0.0
SF01-UT-0PEM-HPEMER-PPEPUI-GMOT-DEPARTM,211176.0,360.0,Électrique,Systématique,3,182.0,,observée,182.0,0.0,0,0,0.0,Adéquat,182.0,182.0,193.0,193.0,0.0
SF01-UT-0PEM-HPEMER-PPEPUI-GMOT-DEPARTM,213110.0,360.0,Électrique,Systématique,3,182.0,,observée,182.0,0.0,0,0,0.0,Adéquat,182.0,182.0,193.0,193.0,0.0
SF01-UT-0PEM-POSTBT,211244.0,360.0,Électrique,Systématique,15,27.9,,observée,27.9,3.4,2,1,0.07,Adéquat,27.9,27.9,3295.0,3295.0,0.0
SF01-UT-0PEM-POSTBT,211387.0,310.0,Électrique,Inspection,51,7.2,,observée,7.2,1.8,2,1,0.02,Adéquat,7.2,7.2,7125.0,7125.0,0.0
SF01-UT-0PEM-POSTBT,213178.0,360.0,Électrique,Systématique,14,28.0,,observée,28.0,12.3,2,1,0.08,Adéquat,28.0,28.0,3573.0,3573.0,0.0
SF01-UT-0PEM-POSTBT,213321.0,290.0,Électrique,Inspection,51,7.3,,observée,7.3,2.9,2,1,0.02,Adéquat,7.3,7.3,7027.0,7027.0,0.0
SF01-UT-0PEM-POSTBT-00TGBT-1313,211218.0,360.0,Électrique,Systématique,3,182.0,,observée,182.0,0.0,0,0,0.0,Adéquat,182.0,182.0,193.0,193.0,0.0
SF01-UT-0PEM-POSTBT-00TGBT-1313,213152.0,360.0,Électrique,Systématique,3,182.0,,observée,182.0,0.0,0,0,0.0,Adéquat,182.0,182.0,193.0,193.0,0.0
SF01-UT-0PEM-POSTBT-00TGBT-ARSV,211134.0,360.0,Électrique,Systématique,3,182.0,,observée,182.0,0.0,0,0,0.0,Adéquat,182.0,182.0,193.0,193.0,0.0
SF01-UT-0PEM-POSTBT-00TGBT-ARSV,213068.0,360.0,Électrique,Systématique,3,182.0,,observée,182.0,0.0,0,0,0.0,Adéquat,182.0,182.0,193.0,193.0,0.0
SF01-UT-0PEM-POSTBT-00TGBT-BDR1,211135.0,360.0,Électrique,Systématique,3,182.0,,observée,182.0,0.0,0,0,0.0,Adéquat,182.0,182.0,193.0,193.0,0.0
SF01-UT-0PEM-POSTBT-00TGBT-BDR1,213069.0,360.0,Électrique,Systématique,3,182.0,,observée,182.0,0.0,0,0,0.0,Adéquat,182.0,182.0,193.0,193.0,0.0
SF01-UT-0PEM-POSTBT-00TGBT-BDR2,211136.0,360.0,Électrique,Systématique,3,182.0,,observée,182.0,0.0,0,0,0.0,Adéquat,182.0,182.0,193.0,193.0,0.0
SF01-UT-0PEM-POSTBT-00TGBT-BDR2,213070.0,360.0,Électrique,Systématique,3,182.0,,observée,182.0,0.0,0,0,0.0,Adéquat,182.0,182.0,193.0,193.0,0.0
SF01-UT-0PEM-POSTBT-00TGBT-ECLP,211147.0,360.0,Électrique,Systématique,3,182.0,,observée,182.0,0.0,0,0,0.0,Adéquat,182.0,182.0,193.0,193.0,0.0
SF01-UT-0PEM-POSTBT-00TGBT-ECLP,213081.0,360.0,Électrique,Systématique,3,182.0,,observée,182.0,0.0,0,0,0.0,Adéquat,182.0,182.0,193.0,193.0,0.0
SF01-UT-0PEM-POSTBT-00TGBT-ECPC,211133.0,360.0,Électrique,Systématique,3,198.0,,observée,198.0,166.0,0,0,0.0,Adéquat,198.0,198.0,177.0,177.0,0.0
SF01-UT-0PEM-POSTBT-00TGBT-ECPC,213067.0,360.0,Électrique,Systématique,3,182.0,,observée,182.0,0.0,0,0,0.0,Adéquat,182.0,182.0,193.0,193.0,0.0
SF01-UT-0PEM-POSTBT-00TGBT-FRCX,211153.0,360.0,Électrique,Systématique,3,182.0,,observée,182.0,0.0,0,0,0.0,Adéquat,182.0,182.0,193.0,193.0,0.0
SF01-UT-0PEM-POSTBT-00TGBT-FRCX,213087.0,360.0,Électrique,Systématique,3,182.0,,observée,182.0,0.0,0,0,0.0,Adéquat,182.0,182.0,193.0,193.0,0.0
SF01-UT-0PEM-POSTBT-00TGBT-INDR,211157.0,360.0,Électrique,Systématique,3,182.0,,observée,182.0,0.0,0,0,0.0,Adéquat,182.0,182.0,193.0,193.0,0.0
SF01-UT-0PEM-POSTBT-00TGBT-INDR,213091.0,360.0,Électrique,Systématique,3,182.0,,observée,182.0,0.0,0,0,0.0,Adéquat,182.0,182.0,193.0,193.0,0.0
SF01-UT-0PEM-POSTBT-00TGBT-JDBR,211256.0,360.0,Électrique,Systématique,3,198.0,,observée,198.0,166.0,0,0,0.0,Adéquat,198.0,198.0,177.0,177.0,0.0
SF01-UT-0PEM-POSTBT-00TGBT-JDBR,213190.0,360.0,Électrique,Systématique,3,182.0,,observée,182.0,0.0,0,0,0.0,Adéquat,182.0,182.0,193.0,193.0,0.0
SF01-UT-0PEM-POSTBT-00TGBT-LCSN,211213.0,360.0,Électrique,Systématique,3,198.0,,observée,198.0,166.0,0,0,0.0,Adéquat,198.0,198.0,177.0,177.0,0.0
SF01-UT-0PEM-POSTBT-00TGBT-LCSN,213147.0,360.0,Électrique,Systématique,3,182.0,,observée,182.0,0.0,0,0,0.0,Adéquat,182.0,182.0,193.0,193.0,0.0
SF01-UT-0PEM-POSTBT-00TGBT-PL10,211201.0,360.0,Électrique,Systématique,3,198.0,,observée,198.0,166.0,1,0,0.0,Adéquat,198.0,198.0,177.0,177.0,0.0
SF01-UT-0PEM-POSTBT-00TGBT-PL10,213135.0,360.0,Électrique,Systématique,3,182.0,,observée,182.0,0.0,1,0,0.0,Adéquat,182.0,182.0,193.0,193.0,0.0
SF01-UT-0PEM-POSTBT-00TGBT-PRJX,211211.0,360.0,Électrique,Systématique,3,182.0,,observée,182.0,0.0,0,0,0.0,Adéquat,182.0,182.0,193.0,193.0,0.0
SF01-UT-0PEM-POSTBT-00TGBT-PRJX,213145.0,360.0,Électrique,Systématique,3,182.0,,observée,182.0,0.0,0,0,0.0,Adéquat,182.0,182.0,193.0,193.0,0.0
SF01-UT-0PEM-POSTBT-00TGBT-SMST,211216.0,360.0,Électrique,Systématique,3,198.0,,observée,198.0,166.0,0,0,0.0,Adéquat,198.0,198.0,177.0,177.0,0.0
SF01-UT-0PEM-POSTBT-00TGBT-SMST,213150.0,360.0,Électrique,Systématique,3,182.0,,observée,182.0,0.0,0,0,0.0,Adéquat,182.0,182.0,193.0,193.0,0.0
SF01-UT-0PEM-POSTMT,211237.0,360.0,Électrique,Systématique,51,7.3,,observée,7.3,1.9,0,0,0.0,Trop fréquent,7.3,14.6,4801.0,2400.0,2400.0
SF01-UT-0PEM-POSTMT,211250.0,360.0,Électrique,Systématique,15,27.9,,observée,27.9,3.4,0,0,0.0,Adéquat,27.9,27.9,1256.0,1256.0,0.0
SF01-UT-0PEM-POSTMT,211393.0,310.0,Électrique,Inspection,51,7.2,,observée,7.2,2.3,0,0,0.0,Trop fréquent,7.2,14.4,4867.0,2434.0,2434.0
SF01-UT-0PEM-POSTMT,213171.0,360.0,Électrique,Systématique,48,7.7,,observée,7.7,3.0,0,0,0.0,Trop fréquent,7.7,15.4,4551.0,2276.0,2276.0
SF01-UT-0PEM-POSTMT,213184.0,360.0,Électrique,Systématique,14,28.0,,observée,28.0,12.3,0,0,0.0,Adéquat,28.0,28.0,1252.0,1252.0,0.0
SF01-UT-0PEM-POSTMT,213327.0,290.0,Électrique,Inspection,51,7.3,,observée,7.3,2.9,0,0,0.0,Trop fréquent,7.3,14.6,4801.0,2400.0,2400.0
SF01-UT-0PEM-PSTTR1-TRMTBT,211043.0,310.0,Électrique,Inspection,15,27.9,,observée,27.9,3.4,0,0,0.0,Adéquat,27.9,27.9,1256.0,1256.0,0.0
SF01-UT-0PEM-PSTTR1-TRMTBT,212976.0,310.0,Électrique,Inspection,14,28.0,,observée,28.0,5.9,0,0,0.0,Adéquat,28.0,28.0,1252.0,1252.0,0.0
SF01-UT-0PEM-PSTTR2-TRMTBT,211046.0,310.0,Électrique,Inspection,15,27.9,,observée,27.9,3.4,0,0,0.0,Adéquat,27.9,27.9,1256.0,1256.0,0.0
SF01-UT-0PEM-PSTTR2-TRMTBT,212979.0,310.0,Électrique,Inspection,14,28.0,,observée,28.0,5.9,0,0,0.0,Adéquat,28.0,28.0,1252.0,1252.0,0.0
SF01-UT-0PEM-VIDMER-PPVID1-GMOT-0MOTEUR,211283.0,360.0,Électrique,Systématique,3,182.0,,observée,182.0,0.0,0,0,0.0,Adéquat,182.0,182.0,193.0,193.0,0.0
SF01-UT-0PEM-VIDMER-PPVID1-GMOT-0MOTEUR,213217.0,360.0,Électrique,Systématique,3,182.0,,observée,182.0,0.0,0,0,0.0,Adéquat,182.0,182.0,193.0,193.0,0.0
SF01-UT-0PEM-VIDMER-PPVID1-GMOT-DEPARTM,211137.0,360.0,Électrique,Systématique,3,182.0,,observée,182.0,0.0,0,0,0.0,Adéquat,182.0,182.0,193.0,193.0,0.0
SF01-UT-0PEM-VIDMER-PPVID1-GMOT-DEPARTM,213071.0,360.0,Électrique,Systématique,3,182.0,,observée,182.0,0.0,0,0,0.0,Adéquat,182.0,182.0,193.0,193.0,0.0
SF01-UT-0PEM-VIDMER-PPVID2-GMOT-0MOTEUR,211284.0,360.0,Électrique,Systématique,3,182.0,,observée,182.0,0.0,0,0,0.0,Adéquat,182.0,182.0,193.0,193.0,0.0
SF01-UT-0PEM-VIDMER-PPVID2-GMOT-0MOTEUR,213218.0,360.0,Électrique,Systématique,3,182.0,,observée,182.0,0.0,0,0,0.0,Adéquat,182.0,182.0,193.0,193.0,0.0
SF01-UT-0PEM-VIDMER-PPVID2-GMOT-DEPARTM,211138.0,360.0,Électrique,Systématique,3,182.0,,observée,182.0,0.0,0,0,0.0,Adéquat,182.0,182.0,193.0,193.0,0.0
SF01-UT-0PEM-VIDMER-PPVID2-GMOT-DEPARTM,213072.0,360.0,Électrique,Systématique,3,182.0,,observée,182.0,0.0,0,0,0.0,Adéquat,182.0,182.0,193.0,193.0,0.0
SF01-UT-0TED,218613.0,310.0,Régulation/Instrumentation,Inspection,18,20.6,,observée,20.6,9.7,60,8,0.47,Insuffisant,20.6,14.4,20241.0,15673.0,4568.0
SF01-UT-0TED-000CP5,183283.0,290.0,Mécanique,Inspection,4,180.0,,observée,180.0,0.0,36,3,1.0,Insuffisant,180.0,126.0,4709.0,3503.0,1206.0
SF01-UT-0TED-000CP5-000DCS,218907.0,360.0,Régulation/Instrumentation,Systématique,4,141.3,,observée,141.3,21.7,1,1,0.33,Insuffisant,141.3,98.9,2146.0,1710.0,436.0
SF01-UT-0TED-000CP5-000DCS,218908.0,360.0,Régulation/Instrumentation,Systématique,14,26.9,,observée,26.9,10.9,1,1,0.08,Adéquat,26.9,26.9,3719.0,3719.0,0.0
SF01-UT-0TED-000CP5-000DCS,218909.0,360.0,Régulation/Instrumentation,Systématique,5,75.2,,observée,75.2,15.2,1,1,0.25,Insuffisant,75.2,52.6,3167.0,2595.0,572.0
SF01-UT-0TED-000CP5-0C1212,183187.0,290.0,Mécanique,Inspection,6,90.0,,observée,90.0,5.7,2,2,0.4,Insuffisant,90.0,63.0,4001.0,3136.0,865.0
SF01-UT-0TED-000CP5-0D1211,183188.0,290.0,Mécanique,Inspection,16,29.5,,observée,29.5,7.2,1,0,0.0,Adéquat,29.5,29.5,1188.0,1188.0,0.0
SF01-UT-0TED-000CP5-0D1213,183189.0,350.0,Mécanique,Graissage,30,15.0,,observée,15.0,0.5,2,2,0.07,Adéquat,15.0,15.0,6128.0,6128.0,0.0
SF01-UT-0TED-000CP5-0K1211,183190.0,350.0,Mécanique,Graissage,30,14.8,,observée,14.8,1.3,1,1,0.03,Adéquat,14.8,14.8,4015.0,4015.0,0.0
SF01-UT-0TED-000CP5-0K1212,183191.0,290.0,Mécanique,Inspection,6,90.0,,observée,90.0,7.6,1,0,0.0,Adéquat,90.0,90.0,389.0,389.0,0.0
SF01-UT-0TED-000CP5-0T1202-CRSV-00LT5120,218964.0,360.0,Régulation/Instrumentation,Systématique,3,182.0,,observée,182.0,0.0,0,0,0.0,Adéquat,182.0,182.0,193.0,193.0,0.0
SF01-UT-0TED-000CP5-0T1203-CRSV-00LT5121,218965.0,360.0,Régulation/Instrumentation,Systématique,3,182.0,,observée,182.0,0.0,0,0,0.0,Adéquat,182.0,182.0,193.0,193.0,0.0
SF01-UT-0TED-000CP5-0T1212,183192.0,290.0,Mécanique,Inspection,8,60.0,,observée,60.0,0.0,0,0,0.0,Adéquat,60.0,60.0,584.0,584.0,0.0
SF01-UT-0TED-000CP5-ACHANI-CRSV-00XV5125,219000.0,360.0,Régulation/Instrumentation,Systématique,4,132.0,,observée,132.0,18.4,0,0,0.0,Adéquat,132.0,132.0,265.0,265.0,0.0
SF01-UT-0TED-000CP5-ACHANI-CRSV-00XV5126,219001.0,360.0,Régulation/Instrumentation,Systématique,4,132.0,,observée,132.0,18.4,0,0,0.0,Adéquat,132.0,132.0,265.0,265.0,0.0
SF01-UT-0TED-000CP5-ACHANI-CRSV-00XV5127,219002.0,360.0,Régulation/Instrumentation,Systématique,4,132.0,,observée,132.0,18.4,0,0,0.0,Adéquat,132.0,132.0,265.0,265.0,0.0
SF01-UT-0TED-000CP5-ACHANI-CRSV-00XV5128,219003.0,360.0,Régulation/Instrumentation,Systématique,4,131.7,,observée,131.7,17.9,0,0,0.0,Adéquat,131.7,131.7,266.0,266.0,0.0
SF01-UT-0TED-000CP5-ECHCAT-CRSV-00PI5134,219007.0,360.0,Régulation/Instrumentation,Systématique,4,131.7,,observée,131.7,17.9,0,0,0.0,Adéquat,131.7,131.7,266.0,266.0,0.0
SF01-UT-0TED-000CP5-ECHCAT-CRSV-00XV5120,218995.0,360.0,Régulation/Instrumentation,Systématique,4,131.7,,observée,131.7,17.9,0,0,0.0,Adéquat,131.7,131.7,266.0,266.0,0.0
SF01-UT-0TED-000CP5-ECHCAT-CRSV-00XV5121,218996.0,360.0,Régulation/Instrumentation,Systématique,4,131.7,,observée,131.7,17.9,0,0,0.0,Adéquat,131.7,131.7,266.0,266.0,0.0
SF01-UT-0TED-000CP5-ECHCAT-CRSV-00XV5122,218997.0,360.0,Régulation/Instrumentation,Systématique,4,131.7,,observée,131.7,17.9,0,0,0.0,Adéquat,131.7,131.7,266.0,266.0,0.0
SF01-UT-0TED-000CP5-ECHCAT-CRSV-00XV5123,218998.0,360.0,Régulation/Instrumentation,Systématique,4,131.7,,observée,131.7,17.9,0,0,0.0,Adéquat,131.7,131.7,266.0,266.0,0.0
SF01-UT-0TED-000CP5-ECHCAT-CRSV-00XV5124,218999.0,360.0,Régulation/Instrumentation,Systématique,4,131.7,,observée,131.7,17.9,0,0,0.0,Adéquat,131.7,131.7,266.0,266.0,0.0
SF01-UT-0TED-000CP5-ECHMB5-CRSV-00AI5121,218886.0,360.0,Régulation/Instrumentation,Systématique,5,78.0,,observée,78.0,23.4,0,0,0.0,Adéquat,78.0,78.0,449.0,449.0,0.0
SF01-UT-0TED-000CP5-ECHMB5-CRSV-00XV5130,219004.0,360.0,Régulation/Instrumentation,Systématique,4,131.7,,observée,131.7,17.9,0,0,0.0,Adéquat,131.7,131.7,266.0,266.0,0.0
SF01-UT-0TED-000CP5-ECHMB5-CRSV-00XV5131,219005.0,360.0,Régulation/Instrumentation,Systématique,4,131.7,,observée,131.7,17.9,0,0,0.0,Adéquat,131.7,131.7,266.0,266.0,0.0
SF01-UT-0TED-000CP5-ECHMB5-CRSV-00XV5132,219006.0,360.0,Régulation/Instrumentation,Systématique,4,131.7,,observée,131.7,17.9,0,0,0.0,Adéquat,131.7,131.7,266.0,266.0,0.0
SF01-UT-0TED-000CP5-ECHMB5-CRSV-00XV5135,219008.0,360.0,Régulation/Instrumentation,Systématique,4,106.7,,observée,106.7,17.4,0,0,0.0,Adéquat,106.7,106.7,328.0,328.0,0.0
SF01-UT-0TED-000CP5-ECHMB5-CRSV-00XV5136,219009.0,360.0,Régulation/Instrumentation,Systématique,4,131.7,,observée,131.7,17.9,0,0,0.0,Adéquat,131.7,131.7,266.0,266.0,0.0
SF01-UT-0TED-000CP5-ECHMB5-CRSV-00XV5137,219010.0,360.0,Régulation/Instrumentation,Systématique,4,131.7,,observée,131.7,17.9,0,0,0.0,Adéquat,131.7,131.7,266.0,266.0,0.0
SF01-UT-0TED-000CP5-ECHMB5-CRSV-00XV5138,219011.0,360.0,Régulation/Instrumentation,Systématique,4,131.7,,observée,131.7,17.9,0,0,0.0,Adéquat,131.7,131.7,266.0,266.0,0.0
SF01-UT-0TED-000CP5-ECHMB5-CRSV-00XV5139,219012.0,360.0,Régulation/Instrumentation,Systématique,4,131.7,,observée,131.7,17.9,0,0,0.0,Adéquat,131.7,131.7,266.0,266.0,0.0
SF01-UT-0TED-000CP5-ECHMB5-CRSV-00XV5154,219013.0,360.0,Régulation/Instrumentation,Systématique,4,119.0,,observée,119.0,0.0,0,0,0.0,Adéquat,119.0,119.0,294.0,294.0,0.0
SF01-UT-0TED-000CP5-ECHMB5-CRSV-00XV5155,219014.0,360.0,Régulation/Instrumentation,Systématique,4,119.0,,observée,119.0,0.0,0,0,0.0,Adéquat,119.0,119.0,294.0,294.0,0.0
SF01-UT-0TED-000CP5-ECHMB5-CRSV-00XV5156,219015.0,360.0,Régulation/Instrumentation,Systématique,4,119.0,,observée,119.0,0.0,0,0,0.0,Adéquat,119.0,119.0,294.0,294.0,0.0
SF01-UT-0TED-000CP5-ECHMB5-CRSV-00XV5157,219016.0,360.0,Régulation/Instrumentation,Systématique,4,131.7,,observée,131.7,17.9,0,0,0.0,Adéquat,131.7,131.7,266.0,266.0,0.0
SF01-UT-0TED-000CP5-P1201A,183193.0,350.0,Mécanique,Graissage,60,7.1,,observée,7.1,1.5,5,1,0.02,Adéquat,7.1,7.1,7225.0,7225.0,0.0
SF01-UT-0TED-000CP5-P1201A,211300.0,360.0,Électrique,Systématique,3,182.0,,observée,182.0,0.0,5,0,0.0,Adéquat,182.0,182.0,193.0,193.0,0.0
SF01-UT-0TED-000CP5-P1201A,213234.0,360.0,Électrique,Systématique,3,182.0,,observée,182.0,0.0,5,0,0.0,Adéquat,182.0,182.0,193.0,193.0,0.0
SF01-UT-0TED-000CP5-P1201A-CANA-CIRASPIR,183075.0,290.0,Mécanique,Inspection,4,180.0,,observée,180.0,0.0,0,0,0.0,Adéquat,180.0,180.0,195.0,195.0,0.0
SF01-UT-0TED-000CP5-P1201A-CANA-CIRREFOU,183076.0,290.0,Mécanique,Inspection,4,180.0,,observée,180.0,0.0,0,0,0.0,Adéquat,180.0,180.0,195.0,195.0,0.0
SF01-UT-0TED-000CP5-P1201B,183194.0,350.0,Mécanique,Graissage,15,30.0,,observée,30.0,0.0,0,0,0.0,Adéquat,30.0,30.0,1168.0,1168.0,0.0
SF01-UT-0TED-000CP5-P1201B,211301.0,360.0,Électrique,Systématique,3,182.0,,observée,182.0,0.0,0,0,0.0,Adéquat,182.0,182.0,193.0,193.0,0.0
SF01-UT-0TED-000CP5-P1201B,213235.0,360.0,Électrique,Systématique,3,182.0,,observée,182.0,0.0,0,0,0.0,Adéquat,182.0,182.0,193.0,193.0,0.0
SF01-UT-0TED-000CP5-P1201B-CANA-CIRASPIR,183077.0,290.0,Mécanique,Inspection,4,180.0,,observée,180.0,0.0,0,0,0.0,Adéquat,180.0,180.0,195.0,195.0,0.0
SF01-UT-0TED-000CP5-P1201B-CANA-CIRREFOU,183078.0,290.0,Mécanique,Inspection,4,180.0,,observée,180.0,0.0,0,0,0.0,Adéquat,180.0,180.0,195.0,195.0,0.0
SF01-UT-0TED-000CP5-P1211A,183195.0,350.0,Mécanique,Graissage,60,7.1,,observée,7.1,2.1,14,6,0.1,Adéquat,7.1,7.1,16381.0,16381.0,0.0
SF01-UT-0TED-000CP5-P1211A,211306.0,360.0,Électrique,Systématique,3,182.0,,observée,182.0,0.0,14,2,1.0,Insuffisant,182.0,127.4,4657.0,3464.0,1193.0
SF01-UT-0TED-000CP5-P1211A,213240.0,360.0,Électrique,Systématique,3,182.0,,observée,182.0,0.0,14,2,1.0,Insuffisant,182.0,127.4,4657.0,3464.0,1193.0
SF01-UT-0TED-000CP5-P1211A-CANA-CIRASPIR,183079.0,290.0,Mécanique,Inspection,4,180.0,,observée,180.0,0.0,0,0,0.0,Adéquat,180.0,180.0,195.0,195.0,0.0
SF01-UT-0TED-000CP5-P1211A-CANA-CIRREFOU,183080.0,290.0,Mécanique,Inspection,4,180.0,,observée,180.0,0.0,0,0,0.0,Adéquat,180.0,180.0,195.0,195.0,0.0
SF01-UT-0TED-000CP5-P1211B,183196.0,350.0,Mécanique,Graissage,15,29.9,,observée,29.9,0.7,22,7,0.5,Insuffisant,29.9,20.9,14760.0,11380.0,3380.0
SF01-UT-0TED-000CP5-P1211B,211307.0,360.0,Électrique,Systématique,3,182.0,,observée,182.0,0.0,22,1,0.5,Insuffisant,182.0,127.4,2425.0,1870.0,555.0
SF01-UT-0TED-000CP5-P1211B,213241.0,360.0,Électrique,Systématique,3,182.0,,observée,182.0,0.0,22,1,0.5,Insuffisant,182.0,127.4,2425.0,1870.0,555.0
SF01-UT-0TED-000CP5-P1211B-CANA-CIRASPIR,183081.0,290.0,Mécanique,Inspection,4,178.7,,observée,178.7,2.5,0,0,0.0,Adéquat,178.7,178.7,196.0,196.0,0.0
SF01-UT-0TED-000CP5-P1211B-CANA-CIRREFOU,183082.0,290.0,Mécanique,Inspection,4,177.7,,observée,177.7,3.3,0,0,0.0,Adéquat,177.7,177.7,197.0,197.0,0.0
SF01-UT-0TED-000CP5-P1214A,183197.0,350.0,Mécanique,Graissage,60,7.1,,observée,7.1,1.6,17,4,0.07,Adéquat,7.1,7.1,12947.0,12947.0,0.0
SF01-UT-0TED-000CP5-P1214A,211310.0,360.0,Électrique,Systématique,3,182.0,,observée,182.0,0.0,17,1,0.5,Insuffisant,182.0,127.4,2425.0,1870.0,555.0
SF01-UT-0TED-000CP5-P1214A,213244.0,360.0,Électrique,Systématique,3,182.0,,observée,182.0,0.0,17,1,0.5,Insuffisant,182.0,127.4,2425.0,1870.0,555.0
SF01-UT-0TED-000CP5-P1214A-CANA-CIRASPIR,183083.0,290.0,Mécanique,Inspection,4,179.7,,observée,179.7,0.5,0,0,0.0,Adéquat,179.7,179.7,195.0,195.0,0.0
SF01-UT-0TED-000CP5-P1214A-CANA-CIRREFOU,183084.0,290.0,Mécanique,Inspection,4,178.3,,observée,178.3,3.4,0,0,0.0,Adéquat,178.3,178.3,197.0,197.0,0.0
SF01-UT-0TED-000CP5-P1214B,183198.0,350.0,Mécanique,Graissage,16,28.1,,observée,28.1,7.0,6,2,0.13,Adéquat,28.1,28.1,5006.0,5006.0,0.0
SF01-UT-0TED-000CP5-P1214B,211311.0,360.0,Électrique,Systématique,3,182.0,,observée,182.0,0.0,6,1,0.5,Insuffisant,182.0,127.4,2425.0,1870.0,555.0
SF01-UT-0TED-000CP5-P1214B,213245.0,360.0,Électrique,Systématique,3,182.0,,observée,182.0,0.0,6,1,0.5,Insuffisant,182.0,127.4,2425.0,1870.0,555.0
SF01-UT-0TED-000CP5-P1214B-CANA-CIRASPIR,183085.0,290.0,Mécanique,Inspection,4,175.3,,observée,175.3,6.6,0,0,0.0,Adéquat,175.3,175.3,200.0,200.0,0.0
SF01-UT-0TED-000CP5-P1214B-CANA-CIRREFOU,183086.0,290.0,Mécanique,Inspection,4,180.0,,observée,180.0,0.0,0,0,0.0,Adéquat,180.0,180.0,195.0,195.0,0.0
SF01-UT-0TED-000CP5-P1215A,183199.0,350.0,Mécanique,Graissage,60,7.1,,observée,7.1,1.5,4,3,0.05,Adéquat,7.1,7.1,10658.0,10658.0,0.0
SF01-UT-0TED-000CP5-P1215A,211312.0,360.0,Électrique,Systématique,3,182.0,,observée,182.0,0.0,4,2,1.0,Insuffisant,182.0,127.4,4657.0,3464.0,1193.0
SF01-UT-0TED-000CP5-P1215A,213246.0,360.0,Électrique,Systématique,3,182.0,,observée,182.0,0.0,4,1,0.5,Insuffisant,182.0,127.4,2425.0,1870.0,555.0
SF01-UT-0TED-000CP5-P1215A-CANA-CIRASPIR,183087.0,290.0,Mécanique,Inspection,4,177.0,,observée,177.0,4.2,0,0,0.0,Adéquat,177.0,177.0,198.0,198.0,0.0
SF01-UT-0TED-000CP5-P1215A-CANA-CIRREFOU,183088.0,290.0,Mécanique,Inspection,4,177.3,,observée,177.3,3.8,0,0,0.0,Adéquat,177.3,177.3,198.0,198.0,0.0
SF01-UT-0TED-000CP5-P1215B,183200.0,350.0,Mécanique,Graissage,60,7.1,,observée,7.1,1.5,3,3,0.05,Adéquat,7.1,7.1,10658.0,10658.0,0.0
SF01-UT-0TED-000CP5-P1215B,211313.0,360.0,Électrique,Systématique,3,182.0,,observée,182.0,0.0,3,2,1.0,Insuffisant,182.0,127.4,4657.0,3464.0,1193.0
SF01-UT-0TED-000CP5-P1215B,213247.0,360.0,Électrique,Systématique,3,182.0,,observée,182.0,0.0,3,2,1.0,Insuffisant,182.0,127.4,4657.0,3464.0,1193.0
SF01-UT-0TED-000CP5-P1215B-CANA-CIRASPIR,183089.0,290.0,Mécanique,Inspection,4,178.7,,observée,178.7,2.5,0,0,0.0,Adéquat,178.7,178.7,196.0,196.0,0.0
SF01-UT-0TED-000CP5-P1215B-CANA-CIRREFOU,183090.0,290.0,Mécanique,Inspection,4,179.0,,observée,179.0,1.6,0,0,0.0,Adéquat,179.0,179.0,196.0,196.0,0.0
SF01-UT-0TED-000CP5-P1216A,183201.0,290.0,Mécanique,Inspection,8,60.0,,observée,60.0,9.1,6,1,0.14,Adéquat,60.0,60.0,2480.0,2480.0,0.0
SF01-UT-0TED-000CP5-P1216A-CANA-CIRASPIR,183091.0,290.0,Mécanique,Inspection,6,90.0,,observée,90.0,10.8,0,0,0.0,Adéquat,90.0,90.0,389.0,389.0,0.0
SF01-UT-0TED-000CP5-P1216A-CANA-CIRREFOU,183092.0,290.0,Mécanique,Inspection,6,90.0,,observée,90.0,12.6,0,0,0.0,Adéquat,90.0,90.0,389.0,389.0,0.0
SF01-UT-0TED-000CP5-P1216A-GMOT-0MOTEUR,211314.0,360.0,Électrique,Systématique,3,182.0,,observée,182.0,0.0,0,0,0.0,Adéquat,182.0,182.0,193.0,193.0,0.0
SF01-UT-0TED-000CP5-P1216A-GMOT-0MOTEUR,213248.0,360.0,Électrique,Systématique,3,182.0,,observée,182.0,0.0,0,0,0.0,Adéquat,182.0,182.0,193.0,193.0,0.0
SF01-UT-0TED-000CP5-P1216B,183202.0,350.0,Mécanique,Graissage,29,14.9,,observée,14.9,0.4,3,2,0.07,Adéquat,14.9,14.9,6170.0,6170.0,0.0
SF01-UT-0TED-000CP5-P1216B-CANA-CIRASPIR,183093.0,290.0,Mécanique,Inspection,6,90.0,,observée,90.0,0.0,0,0,0.0,Adéquat,90.0,90.0,389.0,389.0,0.0
SF01-UT-0TED-000CP5-P1216B-CANA-CIRREFOU,183094.0,290.0,Mécanique,Inspection,6,90.0,,observée,90.0,13.3,0,0,0.0,Adéquat,90.0,90.0,389.0,389.0,0.0
SF01-UT-0TED-000CP5-P1216B-GMOT-0MOTEUR,211315.0,360.0,Électrique,Systématique,3,182.0,,observée,182.0,0.0,0,0,0.0,Adéquat,182.0,182.0,193.0,193.0,0.0
SF01-UT-0TED-000CP5-P1216B-GMOT-0MOTEUR,213249.0,360.0,Électrique,Systématique,3,182.0,,observée,182.0,0.0,0,0,0.0,Adéquat,182.0,182.0,193.0,193.0,0.0
SF01-UT-0TED-000CP5-P1217A,183203.0,290.0,Mécanique,Inspection,8,60.0,,observée,60.0,11.2,5,0,0.0,Adéquat,60.0,60.0,584.0,584.0,0.0
SF01-UT-0TED-000CP5-P1217A-CANA-CIRASPIR,183095.0,290.0,Mécanique,Inspection,4,180.0,,observée,180.0,0.0,0,0,0.0,Adéquat,180.0,180.0,195.0,195.0,0.0
SF01-UT-0TED-000CP5-P1217A-CANA-CIRREFOU,183096.0,290.0,Mécanique,Inspection,4,180.0,,observée,180.0,1.6,0,0,0.0,Adéquat,180.0,180.0,195.0,195.0,0.0
SF01-UT-0TED-000CP5-P1217A-GMOT-0MOTEUR,211316.0,360.0,Électrique,Systématique,3,182.0,,observée,182.0,0.0,0,0,0.0,Adéquat,182.0,182.0,193.0,193.0,0.0
SF01-UT-0TED-000CP5-P1217A-GMOT-0MOTEUR,213250.0,360.0,Électrique,Systématique,3,182.0,,observée,182.0,0.0,0,0,0.0,Adéquat,182.0,182.0,193.0,193.0,0.0
SF01-UT-0TED-000CP5-P1217B,183204.0,350.0,Mécanique,Graissage,29,14.9,,observée,14.9,0.4,0,0,0.0,Trop fréquent,14.9,29.8,2352.0,1176.0,1176.0
SF01-UT-0TED-000CP5-P1217B-CANA-CIRASPIR,183097.0,290.0,Mécanique,Inspection,4,180.0,,observée,180.0,0.0,0,0,0.0,Adéquat,180.0,180.0,195.0,195.0,0.0
SF01-UT-0TED-000CP5-P1217B-CANA-CIRREFOU,183098.0,290.0,Mécanique,Inspection,4,180.0,,observée,180.0,0.0,0,0,0.0,Adéquat,180.0,180.0,195.0,195.0,0.0
SF01-UT-0TED-000CP5-P1217B-GMOT-0MOTEUR,211317.0,360.0,Électrique,Systématique,3,182.0,,observée,182.0,0.0,0,0,0.0,Adéquat,182.0,182.0,193.0,193.0,0.0
SF01-UT-0TED-000CP5-P1217B-GMOT-0MOTEUR,213251.0,360.0,Électrique,Systématique,3,182.0,,observée,182.0,0.0,0,0,0.0,Adéquat,182.0,182.0,193.0,193.0,0.0
SF01-UT-0TED-000CP5-POSTBT,211384.0,310.0,Électrique,Inspection,51,7.2,,observée,7.2,2.1,0,0,0.0,Trop fréquent,7.2,14.4,4867.0,2434.0,2434.0
SF01-UT-0TED-000CP5-POSTBT,213318.0,290.0,Électrique,Inspection,49,7.6,,observée,7.6,3.7,0,0,0.0,Trop fréquent,7.6,15.2,4611.0,2306.0,2306.0
SF01-UT-0TED-000CP5-POSTBT,406783.0,310.0,Électrique,Inspection,4,7.0,,observée,7.0,0.8,0,0,0.0,Trop fréquent,7.0,14.0,5006.0,2503.0,2503.0
SF01-UT-0TED-000CP6-000DCS,218916.0,360.0,Régulation/Instrumentation,Systématique,4,126.0,,observée,126.0,0.0,0,0,0.0,Adéquat,126.0,126.0,278.0,278.0,0.0
SF01-UT-0TED-000CP6-000DCS,218917.0,360.0,Régulation/Instrumentation,Systématique,14,26.9,,observée,26.9,11.7,0,0,0.0,Adéquat,26.9,26.9,1303.0,1303.0,0.0
SF01-UT-0TED-000CP6-000DCS,218918.0,360.0,Régulation/Instrumentation,Systématique,5,75.2,,observée,75.2,15.2,0,0,0.0,Adéquat,75.2,75.2,466.0,466.0,0.0
SF01-UT-0TED-000CP6-0C1411,183205.0,290.0,Mécanique,Inspection,6,90.0,,observée,90.0,6.3,0,0,0.0,Adéquat,90.0,90.0,389.0,389.0,0.0
SF01-UT-0TED-000CP6-0D1401-CRSV-000XV201,219017.0,360.0,Régulation/Instrumentation,Systématique,4,106.0,,observée,106.0,18.4,0,0,0.0,Adéquat,106.0,106.0,331.0,331.0,0.0
SF01-UT-0TED-000CP6-0D1401-CRSV-000XV202,219018.0,360.0,Régulation/Instrumentation,Systématique,4,106.3,,observée,106.3,17.9,0,0,0.0,Adéquat,106.3,106.3,330.0,330.0,0.0
SF01-UT-0TED-000CP6-0D1401-CRSV-000XV203,219019.0,360.0,Régulation/Instrumentation,Systématique,4,106.3,,observée,106.3,17.9,0,0,0.0,Adéquat,106.3,106.3,330.0,330.0,0.0
SF01-UT-0TED-000CP6-0D1401-CRSV-000XV204,219020.0,360.0,Régulation/Instrumentation,Systématique,4,106.7,,observée,106.7,17.4,0,0,0.0,Adéquat,106.7,106.7,328.0,328.0,0.0
SF01-UT-0TED-000CP6-0D1401-CRSV-000XV205,219021.0,360.0,Régulation/Instrumentation,Systématique,4,106.7,,observée,106.7,17.4,0,0,0.0,Adéquat,106.7,106.7,328.0,328.0,0.0
SF01-UT-0TED-000CP6-0D1401-CRSV-000XV206,219022.0,360.0,Régulation/Instrumentation,Systématique,4,106.7,,observée,106.7,17.4,0,0,0.0,Adéquat,106.7,106.7,328.0,328.0,0.0
SF01-UT-0TED-000CP6-0D1412-CRSV-000XV302,219023.0,360.0,Régulation/Instrumentation,Systématique,4,106.7,,observée,106.7,17.4,0,0,0.0,Adéquat,106.7,106.7,328.0,328.0,0.0
SF01-UT-0TED-000CP6-0D1412-CRSV-000XV303,219024.0,360.0,Régulation/Instrumentation,Systématique,4,106.7,,observée,106.7,17.4,0,0,0.0,Adéquat,106.7,106.7,328.0,328.0,0.0
SF01-UT-0TED-000CP6-0D1412-CRSV-000XV304,219025.0,360.0,Régulation/Instrumentation,Systématique,4,107.0,,observée,107.0,17.0,0,0,0.0,Adéquat,107.0,107.0,328.0,328.0,0.0
SF01-UT-0TED-000CP6-0D1412-CRSV-000XV305,219026.0,360.0,Régulation/Instrumentation,Systématique,4,107.0,,observée,107.0,17.0,0,0,0.0,Adéquat,107.0,107.0,328.0,328.0,0.0
SF01-UT-0TED-000CP6-0D1412-CRSV-000XV306,219027.0,360.0,Régulation/Instrumentation,Systématique,4,107.0,,observée,107.0,17.0,0,0,0.0,Adéquat,107.0,107.0,328.0,328.0,0.0
SF01-UT-0TED-000CP6-0D1413,183206.0,290.0,Mécanique,Inspection,16,29.4,,observée,29.4,10.9,0,0,0.0,Adéquat,29.4,29.4,1192.0,1192.0,0.0
SF01-UT-0TED-000CP6-0D1414-CRSV-000XV501,219028.0,360.0,Régulation/Instrumentation,Systématique,4,107.3,,observée,107.3,16.5,0,0,0.0,Adéquat,107.3,107.3,327.0,327.0,0.0
SF01-UT-0TED-000CP6-0D1414-CRSV-000XV502,219029.0,360.0,Régulation/Instrumentation,Systématique,4,107.3,,observée,107.3,16.5,0,0,0.0,Adéquat,107.3,107.3,327.0,327.0,0.0
SF01-UT-0TED-000CP6-0D1414-CRSV-000XV503,219030.0,360.0,Régulation/Instrumentation,Systématique,4,107.3,,observée,107.3,16.5,0,0,0.0,Adéquat,107.3,107.3,327.0,327.0,0.0
SF01-UT-0TED-000CP6-0D1414-CRSV-000XV504,219031.0,360.0,Régulation/Instrumentation,Systématique,4,107.3,,observée,107.3,16.5,0,0,0.0,Adéquat,107.3,107.3,327.0,327.0,0.0
SF01-UT-0TED-000CP6-0D1414-CRSV-000XV505,219032.0,360.0,Régulation/Instrumentation,Systématique,4,107.3,,observée,107.3,16.5,0,0,0.0,Adéquat,107.3,107.3,327.0,327.0,0.0
SF01-UT-0TED-000CP6-0D1415-CRSV-000AI602,218887.0,360.0,Régulation/Instrumentation,Systématique,5,78.0,,observée,78.0,23.4,0,0,0.0,Adéquat,78.0,78.0,449.0,449.0,0.0
SF01-UT-0TED-000CP6-0D1415-CRSV-000XV601,219033.0,360.0,Régulation/Instrumentation,Systématique,4,107.3,,observée,107.3,16.5,0,0,0.0,Adéquat,107.3,107.3,327.0,327.0,0.0
SF01-UT-0TED-000CP6-0D1415-CRSV-000XV602,219034.0,360.0,Régulation/Instrumentation,Systématique,4,119.0,,observée,119.0,0.0,0,0,0.0,Adéquat,119.0,119.0,294.0,294.0,0.0
SF01-UT-0TED-000CP6-0D1415-CRSV-000XV604,219035.0,360.0,Régulation/Instrumentation,Systématique,4,106.3,,observée,106.3,17.9,0,0,0.0,Adéquat,106.3,106.3,330.0,330.0,0.0
SF01-UT-0TED-000CP6-0D1415-CRSV-000XV605,219036.0,360.0,Régulation/Instrumentation,Systématique,4,106.3,,observée,106.3,17.9,0,0,0.0,Adéquat,106.3,106.3,330.0,330.0,0.0
SF01-UT-0TED-000CP6-0D1415-CRSV-000XV606,219037.0,360.0,Régulation/Instrumentation,Systématique,4,106.3,,observée,106.3,17.9,0,0,0.0,Adéquat,106.3,106.3,330.0,330.0,0.0
SF01-UT-0TED-000CP6-0D1415-CRSV-000XV607,219038.0,360.0,Régulation/Instrumentation,Systématique,4,106.3,,observée,106.3,17.9,0,0,0.0,Adéquat,106.3,106.3,330.0,330.0,0.0
SF01-UT-0TED-000CP6-0D1415-CRSV-000XV608,219039.0,360.0,Régulation/Instrumentation,Systématique,4,107.3,,observée,107.3,16.5,0,0,0.0,Adéquat,107.3,107.3,327.0,327.0,0.0
SF01-UT-0TED-000CP6-0D1415-CRSV-000XV609,219040.0,360.0,Régulation/Instrumentation,Systématique,4,107.3,,observée,107.3,16.5,0,0,0.0,Adéquat,107.3,107.3,327.0,327.0,0.0
SF01-UT-0TED-000CP6-0K1411,183207.0,290.0,Mécanique,Inspection,6,90.0,,observée,90.0,8.2,0,0,0.0,Adéquat,90.0,90.0,389.0,389.0,0.0
SF01-UT-0TED-000CP6-0K1411-GMOT-DEPARTM,211162.0,360.0,Électrique,Systématique,3,182.0,,observée,182.0,0.0,0,0,0.0,Adéquat,182.0,182.0,193.0,193.0,0.0
SF01-UT-0TED-000CP6-0K1411-GMOT-DEPARTM,213096.0,360.0,Électrique,Systématique,3,182.0,,observée,182.0,0.0,0,0,0.0,Adéquat,182.0,182.0,193.0,193.0,0.0
SF01-UT-0TED-000CP6-0T1412-CRSV-000FT882,219050.0,360.0,Régulation/Instrumentation,Systématique,4,119.0,,observée,119.0,0.0,1,1,0.33,Insuffisant,119.0,83.3,2548.0,2030.0,518.0
SF01-UT-0TED-000CP6-0T1412-CRSV-000XV862,219047.0,360.0,Régulation/Instrumentation,Systématique,4,119.0,,observée,119.0,0.0,0,0,0.0,Adéquat,119.0,119.0,294.0,294.0,0.0
SF01-UT-0TED-000CP6-0T1412-CRSV-000XV870,219048.0,360.0,Régulation/Instrumentation,Systématique,4,107.0,,observée,107.0,17.0,0,0,0.0,Adéquat,107.0,107.0,328.0,328.0,0.0
SF01-UT-0TED-000CP6-0T1412-CRSV-000XV878,219049.0,360.0,Régulation/Instrumentation,Systématique,4,107.0,,observée,107.0,17.0,0,0,0.0,Adéquat,107.0,107.0,328.0,328.0,0.0
SF01-UT-0TED-000CP6-0T1412-CRSV-000XV886,219051.0,360.0,Régulation/Instrumentation,Systématique,4,106.7,,observée,106.7,17.4,0,0,0.0,Adéquat,106.7,106.7,328.0,328.0,0.0
SF01-UT-0TED-000CP6-0T1415-CRSV-000FT852,219044.0,360.0,Régulation/Instrumentation,Systématique,4,107.0,,observée,107.0,17.0,0,0,0.0,Adéquat,107.0,107.0,328.0,328.0,0.0
SF01-UT-0TED-000CP6-0T1415-CRSV-000FT853,219045.0,360.0,Régulation/Instrumentation,Systématique,4,107.0,,observée,107.0,17.0,0,0,0.0,Adéquat,107.0,107.0,328.0,328.0,0.0
SF01-UT-0TED-000CP6-0T1415-CRSV-000XV832,219041.0,360.0,Régulation/Instrumentation,Systématique,4,106.3,,observée,106.3,17.9,0,0,0.0,Adéquat,106.3,106.3,330.0,330.0,0.0
SF01-UT-0TED-000CP6-0T1415-CRSV-000XV840,219042.0,360.0,Régulation/Instrumentation,Systématique,4,119.0,,observée,119.0,0.0,0,0,0.0,Adéquat,119.0,119.0,294.0,294.0,0.0
SF01-UT-0TED-000CP6-0T1415-CRSV-000XV848,219043.0,360.0,Régulation/Instrumentation,Systématique,4,107.0,,observée,107.0,17.0,0,0,0.0,Adéquat,107.0,107.0,328.0,328.0,0.0
SF01-UT-0TED-000CP6-0T1415-CRSV-000XV857,219046.0,360.0,Régulation/Instrumentation,Systématique,4,107.0,,observée,107.0,17.0,0,0,0.0,Adéquat,107.0,107.0,328.0,328.0,0.0
SF01-UT-0TED-000CP6-K1412A,183208.0,290.0,Mécanique,Inspection,5,90.0,,observée,90.0,4.9,0,0,0.0,Adéquat,90.0,90.0,389.0,389.0,0.0
SF01-UT-0TED-000CP6-K1412A-GMOT-0MOTEUR,211291.0,360.0,Électrique,Systématique,3,182.0,,observée,182.0,0.0,0,0,0.0,Adéquat,182.0,182.0,193.0,193.0,0.0
SF01-UT-0TED-000CP6-K1412A-GMOT-0MOTEUR,213225.0,360.0,Électrique,Systématique,3,182.0,,observée,182.0,0.0,0,0,0.0,Adéquat,182.0,182.0,193.0,193.0,0.0
SF01-UT-0TED-000CP6-K1412B,183209.0,290.0,Mécanique,Inspection,5,90.0,,observée,90.0,5.7,0,0,0.0,Adéquat,90.0,90.0,389.0,389.0,0.0
SF01-UT-0TED-000CP6-P1401A,183210.0,350.0,Mécanique,Graissage,60,7.1,,observée,7.1,1.6,2,0,0.0,Trop fréquent,7.1,14.2,4936.0,2468.0,2468.0
SF01-UT-0TED-000CP6-P1401A-GMOT-0MOTEUR,211178.0,360.0,Électrique,Systématique,3,182.0,,observée,182.0,0.0,0,0,0.0,Adéquat,182.0,182.0,193.0,193.0,0.0
SF01-UT-0TED-000CP6-P1401A-GMOT-0MOTEUR,213112.0,360.0,Électrique,Systématique,3,182.0,,observée,182.0,0.0,0,0,0.0,Adéquat,182.0,182.0,193.0,193.0,0.0
SF01-UT-0TED-000CP6-P1401A-GMOT-DEPARTM,211320.0,360.0,Électrique,Systématique,3,182.0,,observée,182.0,0.0,0,0,0.0,Adéquat,182.0,182.0,193.0,193.0,0.0
SF01-UT-0TED-000CP6-P1401A-GMOT-DEPARTM,213254.0,360.0,Électrique,Systématique,3,182.0,,observée,182.0,0.0,0,0,0.0,Adéquat,182.0,182.0,193.0,193.0,0.0
SF01-UT-0TED-000CP6-P1401B,183211.0,350.0,Mécanique,Graissage,15,29.8,,observée,29.8,0.8,0,0,0.0,Adéquat,29.8,29.8,1176.0,1176.0,0.0
SF01-UT-0TED-000CP6-P1401B-GMOT-0MOTEUR,211321.0,360.0,Électrique,Systématique,3,182.0,,observée,182.0,0.0,0,0,0.0,Adéquat,182.0,182.0,193.0,193.0,0.0
SF01-UT-0TED-000CP6-P1401B-GMOT-0MOTEUR,213255.0,360.0,Électrique,Systématique,3,182.0,,observée,182.0,0.0,0,0,0.0,Adéquat,182.0,182.0,193.0,193.0,0.0
SF01-UT-0TED-000CP6-P1401B-GMOT-DEPARTM,211179.0,360.0,Électrique,Systématique,3,182.0,,observée,182.0,0.0,0,0,0.0,Adéquat,182.0,182.0,193.0,193.0,0.0
SF01-UT-0TED-000CP6-P1401B-GMOT-DEPARTM,213113.0,360.0,Électrique,Systématique,3,182.0,,observée,182.0,0.0,0,0,0.0,Adéquat,182.0,182.0,193.0,193.0,0.0
SF01-UT-0TED-000CP6-P1411A,183212.0,350.0,Mécanique,Graissage,60,7.0,,observée,7.0,2.5,5,1,0.02,Adéquat,7.0,7.0,7328.0,7328.0,0.0
SF01-UT-0TED-000CP6-P1411A-CANA-CIRASPIR,183099.0,290.0,Mécanique,Inspection,4,180.0,,observée,180.0,0.8,0,0,0.0,Adéquat,180.0,180.0,195.0,195.0,0.0
SF01-UT-0TED-000CP6-P1411A-CANA-CIRREFOU,183100.0,290.0,Mécanique,Inspection,4,179.7,,observée,179.7,0.5,0,0,0.0,Adéquat,179.7,179.7,195.0,195.0,0.0
SF01-UT-0TED-000CP6-P1411A-GMOT-0MOTEUR,211322.0,360.0,Électrique,Systématique,3,182.0,,observée,182.0,0.0,0,0,0.0,Adéquat,182.0,182.0,193.0,193.0,0.0
SF01-UT-0TED-000CP6-P1411A-GMOT-0MOTEUR,213256.0,360.0,Électrique,Systématique,3,182.0,,observée,182.0,0.0,0,0,0.0,Adéquat,182.0,182.0,193.0,193.0,0.0
SF01-UT-0TED-000CP6-P1411A-GMOT-DEPARTM,211180.0,360.0,Électrique,Systématique,3,182.0,,observée,182.0,0.0,0,0,0.0,Adéquat,182.0,182.0,193.0,193.0,0.0
SF01-UT-0TED-000CP6-P1411A-GMOT-DEPARTM,213114.0,360.0,Électrique,Systématique,3,182.0,,observée,182.0,0.0,0,0,0.0,Adéquat,182.0,182.0,193.0,193.0,0.0
SF01-UT-0TED-000CP6-P1411B,183213.0,350.0,Mécanique,Graissage,16,28.5,,observée,28.5,5.5,0,0,0.0,Adéquat,28.5,28.5,1230.0,1230.0,0.0
SF01-UT-0TED-000CP6-P1411B-CANA-CIRASPIR,183101.0,290.0,Mécanique,Inspection,4,180.0,,observée,180.0,1.6,0,0,0.0,Adéquat,180.0,180.0,195.0,195.0,0.0
SF01-UT-0TED-000CP6-P1411B-CANA-CIRREFOU,183102.0,290.0,Mécanique,Inspection,4,179.7,,observée,179.7,0.5,0,0,0.0,Adéquat,179.7,179.7,195.0,195.0,0.0
SF01-UT-0TED-000CP6-P1411B-GMOT-0MOTEUR,211323.0,360.0,Électrique,Systématique,3,182.0,,observée,182.0,0.0,0,0,0.0,Adéquat,182.0,182.0,193.0,193.0,0.0
SF01-UT-0TED-000CP6-P1411B-GMOT-0MOTEUR,213257.0,360.0,Électrique,Systématique,3,182.0,,observée,182.0,0.0,0,0,0.0,Adéquat,182.0,182.0,193.0,193.0,0.0
SF01-UT-0TED-000CP6-P1411B-GMOT-DEPARTM,211181.0,360.0,Électrique,Systématique,3,182.0,,observée,182.0,0.0,0,0,0.0,Adéquat,182.0,182.0,193.0,193.0,0.0
SF01-UT-0TED-000CP6-P1411B-GMOT-DEPARTM,213115.0,360.0,Électrique,Systématique,3,182.0,,observée,182.0,0.0,0,0,0.0,Adéquat,182.0,182.0,193.0,193.0,0.0
SF01-UT-0TED-000CP6-P1414A,183214.0,350.0,Mécanique,Graissage,60,7.1,,observée,7.1,1.8,7,1,0.02,Adéquat,7.1,7.1,7225.0,7225.0,0.0
SF01-UT-0TED-000CP6-P1414A-CANA-CIRASPIR,183103.0,290.0,Mécanique,Inspection,4,180.0,,observée,180.0,0.0,0,0,0.0,Adéquat,180.0,180.0,195.0,195.0,0.0
SF01-UT-0TED-000CP6-P1414A-CANA-CIRREFOU,183104.0,290.0,Mécanique,Inspection,4,180.0,,observée,180.0,0.8,0,0,0.0,Adéquat,180.0,180.0,195.0,195.0,0.0
SF01-UT-0TED-000CP6-P1414A-GMOT-0MOTEUR,211324.0,360.0,Électrique,Systématique,3,182.0,,observée,182.0,0.0,0,0,0.0,Adéquat,182.0,182.0,193.0,193.0,0.0
SF01-UT-0TED-000CP6-P1414A-GMOT-0MOTEUR,213258.0,360.0,Électrique,Systématique,3,182.0,,observée,182.0,0.0,0,0,0.0,Adéquat,182.0,182.0,193.0,193.0,0.0
SF01-UT-0TED-000CP6-P1414A-GMOT-DEPARTM,211182.0,360.0,Électrique,Systématique,3,182.0,,observée,182.0,0.0,0,0,0.0,Adéquat,182.0,182.0,193.0,193.0,0.0
SF01-UT-0TED-000CP6-P1414A-GMOT-DEPARTM,213116.0,360.0,Électrique,Systématique,3,182.0,,observée,182.0,0.0,0,0,0.0,Adéquat,182.0,182.0,193.0,193.0,0.0
SF01-UT-0TED-000CP6-P1414B,183215.0,350.0,Mécanique,Graissage,16,29.3,,observée,29.3,3.0,2,1,0.07,Adéquat,29.3,29.3,3137.0,3137.0,0.0
SF01-UT-0TED-000CP6-P1414B-CANA-CIRASPIR,183105.0,290.0,Mécanique,Inspection,4,179.7,,observée,179.7,0.5,0,0,0.0,Adéquat,179.7,179.7,195.0,195.0,0.0
SF01-UT-0TED-000CP6-P1414B-CANA-CIRREFOU,183106.0,290.0,Mécanique,Inspection,4,180.0,,observée,180.0,0.0,0,0,0.0,Adéquat,180.0,180.0,195.0,195.0,0.0
SF01-UT-0TED-000CP6-P1414B-GMOT-0MOTEUR,211325.0,360.0,Électrique,Systématique,3,182.0,,observée,182.0,0.0,0,0,0.0,Adéquat,182.0,182.0,193.0,193.0,0.0
SF01-UT-0TED-000CP6-P1414B-GMOT-0MOTEUR,213259.0,360.0,Électrique,Systématique,3,182.0,,observée,182.0,0.0,0,0,0.0,Adéquat,182.0,182.0,193.0,193.0,0.0
SF01-UT-0TED-000CP6-P1414B-GMOT-DEPARTM,211183.0,360.0,Électrique,Systématique,3,182.0,,observée,182.0,0.0,0,0,0.0,Adéquat,182.0,182.0,193.0,193.0,0.0
SF01-UT-0TED-000CP6-P1414B-GMOT-DEPARTM,213117.0,360.0,Électrique,Systématique,3,182.0,,observée,182.0,0.0,0,0,0.0,Adéquat,182.0,182.0,193.0,193.0,0.0
SF01-UT-0TED-000CP6-P1414C,183216.0,350.0,Mécanique,Graissage,29,15.0,,observée,15.0,0.0,1,1,0.04,Adéquat,15.0,15.0,4503.0,4503.0,0.0
SF01-UT-0TED-000CP6-P1414C-CANA-CIRASPIR,183107.0,290.0,Mécanique,Inspection,4,180.0,,observée,180.0,0.0,0,0,0.0,Adéquat,180.0,180.0,195.0,195.0,0.0
SF01-UT-0TED-000CP6-P1414C-CANA-CIRREFOU,183108.0,290.0,Mécanique,Inspection,4,180.0,,observée,180.0,2.4,0,0,0.0,Adéquat,180.0,180.0,195.0,195.0,0.0
SF01-UT-0TED-000CP6-P1414C-GMOT-0MOTEUR,211326.0,360.0,Électrique,Systématique,3,182.0,,observée,182.0,0.0,0,0,0.0,Adéquat,182.0,182.0,193.0,193.0,0.0
SF01-UT-0TED-000CP6-P1414C-GMOT-0MOTEUR,213260.0,360.0,Électrique,Systématique,3,182.0,,observée,182.0,0.0,0,0,0.0,Adéquat,182.0,182.0,193.0,193.0,0.0
SF01-UT-0TED-000CP6-P1414C-GMOT-DEPARTM,211184.0,360.0,Électrique,Systématique,3,182.0,,observée,182.0,0.0,0,0,0.0,Adéquat,182.0,182.0,193.0,193.0,0.0
SF01-UT-0TED-000CP6-P1414C-GMOT-DEPARTM,213118.0,360.0,Électrique,Systématique,3,182.0,,observée,182.0,0.0,0,0,0.0,Adéquat,182.0,182.0,193.0,193.0,0.0
SF01-UT-0TED-000CP6-P1415A,183217.0,350.0,Mécanique,Graissage,60,7.1,,observée,7.1,1.5,0,0,0.0,Trop fréquent,7.1,14.2,4936.0,2468.0,2468.0
SF01-UT-0TED-000CP6-P1415A-CANA-CIRASPIR,183109.0,290.0,Mécanique,Inspection,4,180.0,,observée,180.0,0.0,0,0,0.0,Adéquat,180.0,180.0,195.0,195.0,0.0
SF01-UT-0TED-000CP6-P1415A-CANA-CIRREFOU,183110.0,290.0,Mécanique,Inspection,4,180.0,,observée,180.0,0.0,0,0,0.0,Adéquat,180.0,180.0,195.0,195.0,0.0
SF01-UT-0TED-000CP6-P1415A-GMOT-0MOTEUR,211327.0,360.0,Électrique,Systématique,3,182.0,,observée,182.0,0.0,0,0,0.0,Adéquat,182.0,182.0,193.0,193.0,0.0
SF01-UT-0TED-000CP6-P1415A-GMOT-0MOTEUR,213261.0,360.0,Électrique,Systématique,3,182.0,,observée,182.0,0.0,0,0,0.0,Adéquat,182.0,182.0,193.0,193.0,0.0
SF01-UT-0TED-000CP6-P1415A-GMOT-DEPARTM,211185.0,360.0,Électrique,Systématique,3,182.0,,observée,182.0,0.0,0,0,0.0,Adéquat,182.0,182.0,193.0,193.0,0.0
SF01-UT-0TED-000CP6-P1415A-GMOT-DEPARTM,213119.0,360.0,Électrique,Systématique,3,182.0,,observée,182.0,0.0,0,0,0.0,Adéquat,182.0,182.0,193.0,193.0,0.0
SF01-UT-0TED-000CP6-P1415B,183218.0,350.0,Mécanique,Graissage,16,29.5,,observée,29.5,1.7,0,0,0.0,Adéquat,29.5,29.5,1188.0,1188.0,0.0
SF01-UT-0TED-000CP6-P1415B-CANA-CIRASPIR,183111.0,290.0,Mécanique,Inspection,4,180.0,,observée,180.0,0.0,0,0,0.0,Adéquat,180.0,180.0,195.0,195.0,0.0
SF01-UT-0TED-000CP6-P1415B-CANA-CIRREFOU,183112.0,290.0,Mécanique,Inspection,6,90.0,,observée,90.0,0.0,0,0,0.0,Adéquat,90.0,90.0,389.0,389.0,0.0
SF01-UT-0TED-000CP6-P1415B-GMOT-0MOTEUR,211328.0,360.0,Électrique,Systématique,3,182.0,,observée,182.0,0.0,0,0,0.0,Adéquat,182.0,182.0,193.0,193.0,0.0
SF01-UT-0TED-000CP6-P1415B-GMOT-0MOTEUR,213262.0,360.0,Électrique,Systématique,3,182.0,,observée,182.0,0.0,0,0,0.0,Adéquat,182.0,182.0,193.0,193.0,0.0
SF01-UT-0TED-000CP6-P1415B-GMOT-DEPARTM,211186.0,360.0,Électrique,Systématique,3,182.0,,observée,182.0,0.0,0,0,0.0,Adéquat,182.0,182.0,193.0,193.0,0.0
SF01-UT-0TED-000CP6-P1415B-GMOT-DEPARTM,213120.0,360.0,Électrique,Systématique,3,182.0,,observée,182.0,0.0,0,0,0.0,Adéquat,182.0,182.0,193.0,193.0,0.0
SF01-UT-0TED-000CP6-P1416A,183219.0,290.0,Mécanique,Inspection,8,60.0,,observée,60.0,10.4,2,0,0.0,Adéquat,60.0,60.0,584.0,584.0,0.0
SF01-UT-0TED-000CP6-P1416A-CANA-CIRASPIR,183113.0,290.0,Mécanique,Inspection,6,90.0,,observée,90.0,9.5,0,0,0.0,Adéquat,90.0,90.0,389.0,389.0,0.0
SF01-UT-0TED-000CP6-P1416A-CANA-CIRREFOU,183114.0,290.0,Mécanique,Inspection,6,90.0,,observée,90.0,0.0,0,0,0.0,Adéquat,90.0,90.0,389.0,389.0,0.0
SF01-UT-0TED-000CP6-P1416B,183220.0,350.0,Mécanique,Graissage,29,14.9,,observée,14.9,0.4,1,0,0.0,Trop fréquent,14.9,29.8,2352.0,1176.0,1176.0
SF01-UT-0TED-000CP6-P1416B-CANA-CIRASPIR,183115.0,290.0,Mécanique,Inspection,6,90.0,,observée,90.0,12.0,0,0,0.0,Adéquat,90.0,90.0,389.0,389.0,0.0
SF01-UT-0TED-000CP6-P1416B-CANA-CIRREFOU,183116.0,290.0,Mécanique,Inspection,6,90.0,,observée,90.0,0.0,0,0,0.0,Adéquat,90.0,90.0,389.0,389.0,0.0
SF01-UT-0TED-000CP6-P1417A,183221.0,290.0,Mécanique,Inspection,8,59.9,,observée,59.9,0.3,1,0,0.0,Adéquat,59.9,59.9,585.0,585.0,0.0
SF01-UT-0TED-000CP6-P1417A-CANA-CIRASPIR,183117.0,290.0,Mécanique,Inspection,6,90.0,,observée,90.0,0.0,0,0,0.0,Adéquat,90.0,90.0,389.0,389.0,0.0
SF01-UT-0TED-000CP6-P1417A-CANA-CIRREFOU,183118.0,290.0,Mécanique,Inspection,6,90.0,,observée,90.0,0.0,0,0,0.0,Adéquat,90.0,90.0,389.0,389.0,0.0
SF01-UT-0TED-000CP6-P1417B,183222.0,350.0,Mécanique,Graissage,29,14.9,,observée,14.9,0.4,0,0,0.0,Trop fréquent,14.9,29.8,2352.0,1176.0,1176.0
SF01-UT-0TED-000CP6-P1417B-CANA-CIRASPIR,183119.0,290.0,Mécanique,Inspection,6,90.0,,observée,90.0,8.9,0,0,0.0,Adéquat,90.0,90.0,389.0,389.0,0.0
SF01-UT-0TED-000CP6-P1417B-CANA-CIRREFOU,183120.0,290.0,Mécanique,Inspection,6,90.0,,observée,90.0,11.4,0,0,0.0,Adéquat,90.0,90.0,389.0,389.0,0.0
SF01-UT-0TED-000CP6-P1418A,183223.0,290.0,Mécanique,Inspection,8,60.0,,observée,60.0,9.6,2,1,0.14,Adéquat,60.0,60.0,2480.0,2480.0,0.0
SF01-UT-0TED-000CP6-P1418A-CANA-CIRASPIR,183121.0,290.0,Mécanique,Inspection,4,180.0,,observée,180.0,0.8,0,0,0.0,Adéquat,180.0,180.0,195.0,195.0,0.0
SF01-UT-0TED-000CP6-P1418A-CANA-CIRREFOU,183122.0,290.0,Mécanique,Inspection,4,180.0,,observée,180.0,0.0,0,0,0.0,Adéquat,180.0,180.0,195.0,195.0,0.0
SF01-UT-0TED-000CP6-P1418B,183224.0,350.0,Mécanique,Graissage,16,29.3,,observée,29.3,2.6,0,0,0.0,Adéquat,29.3,29.3,1196.0,1196.0,0.0
SF01-UT-0TED-000CP6-P1418B-CANA-CIRASPIR,183123.0,290.0,Mécanique,Inspection,4,180.0,,observée,180.0,0.0,0,0,0.0,Adéquat,180.0,180.0,195.0,195.0,0.0
SF01-UT-0TED-000CP6-P1418B-CANA-CIRREFOU,183124.0,290.0,Mécanique,Inspection,4,180.0,,observée,180.0,1.6,0,0,0.0,Adéquat,180.0,180.0,195.0,195.0,0.0
SF01-UT-0TED-000CP6-P1419A,183225.0,290.0,Mécanique,Inspection,8,60.0,,observée,60.0,9.1,0,0,0.0,Adéquat,60.0,60.0,584.0,584.0,0.0
SF01-UT-0TED-000CP6-P1419A-CANA-CIRASPIR,183125.0,290.0,Mécanique,Inspection,4,180.0,,observée,180.0,0.0,0,0,0.0,Adéquat,180.0,180.0,195.0,195.0,0.0
SF01-UT-0TED-000CP6-P1419A-CANA-CIRREFOU,183126.0,290.0,Mécanique,Inspection,4,180.0,,observée,180.0,0.0,0,0,0.0,Adéquat,180.0,180.0,195.0,195.0,0.0
SF01-UT-0TED-000CP6-P1419B,183226.0,350.0,Mécanique,Graissage,29,14.9,,observée,14.9,0.4,0,0,0.0,Trop fréquent,14.9,29.8,2352.0,1176.0,1176.0
SF01-UT-0TED-000CP6-P1419B-CANA-CIRASPIR,183127.0,290.0,Mécanique,Inspection,4,180.0,,observée,180.0,0.0,0,0,0.0,Adéquat,180.0,180.0,195.0,195.0,0.0
SF01-UT-0TED-000CP6-P1419B-CANA-CIRREFOU,183128.0,290.0,Mécanique,Inspection,4,180.0,,observée,180.0,0.8,0,0,0.0,Adéquat,180.0,180.0,195.0,195.0,0.0
SF01-UT-0TED-000CP6-POSTBT,211230.0,360.0,Électrique,Systématique,52,8.1,,observée,8.1,6.2,0,0,0.0,Trop fréquent,8.1,16.2,4327.0,2163.0,2163.0
SF01-UT-0TED-000CP6-POSTBT,211242.0,360.0,Électrique,Systématique,15,27.9,,observée,27.9,3.4,0,0,0.0,Adéquat,27.9,27.9,1256.0,1256.0,0.0
SF01-UT-0TED-000CP6-POSTBT,211385.0,310.0,Électrique,Inspection,51,7.2,,observée,7.2,1.8,0,0,0.0,Trop fréquent,7.2,14.4,4867.0,2434.0,2434.0
SF01-UT-0TED-000CP6-POSTBT,213164.0,360.0,Électrique,Systématique,49,7.6,,observée,7.6,2.9,0,0,0.0,Trop fréquent,7.6,15.2,4611.0,2306.0,2306.0
SF01-UT-0TED-000CP6-POSTBT,213176.0,360.0,Électrique,Systématique,14,28.0,,observée,28.0,5.9,0,0,0.0,Adéquat,28.0,28.0,1252.0,1252.0,0.0
SF01-UT-0TED-000CP6-POSTBT,213319.0,290.0,Électrique,Inspection,50,7.4,,observée,7.4,2.9,0,0,0.0,Trop fréquent,7.4,14.8,4736.0,2368.0,2368.0
SF01-UT-0TED-000CP6-POSTBT,406784.0,310.0,Électrique,Inspection,4,7.0,,observée,7.0,0.8,0,0,0.0,Trop fréquent,7.0,14.0,5006.0,2503.0,2503.0
SF01-UT-0TED-EAUBRU-DECAN1,184874.0,290.0,Mécanique,Inspection,16,28.4,,observée,28.4,6.0,0,0,0.0,Adéquat,28.4,28.4,1234.0,1234.0,0.0
SF01-UT-0TED-EAUBRU-DECAN2,184875.0,290.0,Mécanique,Inspection,15,29.8,,observée,29.8,1.2,0,0,0.0,Adéquat,29.8,29.8,1176.0,1176.0,0.0
SF01-UT-0TED-EAUBRU-DECAN3,184876.0,290.0,Mécanique,Inspection,8,59.6,,observée,59.6,1.0,0,0,0.0,Adéquat,59.6,59.6,588.0,588.0,0.0
SF01-UT-0TED-EAUBRU-DECAN4,184877.0,290.0,Mécanique,Inspection,16,28.3,,observée,28.3,6.2,0,0,0.0,Adéquat,28.3,28.3,1238.0,1238.0,0.0
SF01-UT-0TED-EAUBRU-FLTR10,184878.0,290.0,Mécanique,Inspection,16,28.9,,observée,28.9,7.5,2,2,0.13,Adéquat,28.9,28.9,4868.0,4868.0,0.0
SF01-UT-0TED-EAUBRU-FLTRE1,184879.0,290.0,Mécanique,Inspection,16,29.3,,observée,29.3,11.0,2,1,0.07,Adéquat,29.3,29.3,3137.0,3137.0,0.0
SF01-UT-0TED-EAUBRU-FLTRE2,184880.0,290.0,Mécanique,Inspection,16,29.1,,observée,29.1,5.7,0,0,0.0,Adéquat,29.1,29.1,1204.0,1204.0,0.0
SF01-UT-0TED-EAUBRU-FLTRE3,184881.0,290.0,Mécanique,Inspection,16,28.9,,observée,28.9,6.8,0,0,0.0,Adéquat,28.9,28.9,1213.0,1213.0,0.0
SF01-UT-0TED-EAUBRU-FLTRE4,184882.0,290.0,Mécanique,Inspection,16,29.2,,observée,29.2,11.5,0,0,0.0,Adéquat,29.2,29.2,1200.0,1200.0,0.0
SF01-UT-0TED-EAUBRU-FLTRE5,184883.0,290.0,Mécanique,Inspection,16,29.3,,observée,29.3,11.0,0,0,0.0,Adéquat,29.3,29.3,1196.0,1196.0,0.0
SF01-UT-0TED-EAUBRU-FLTRE6,184884.0,290.0,Mécanique,Inspection,15,29.5,,observée,29.5,2.9,0,0,0.0,Adéquat,29.5,29.5,1188.0,1188.0,0.0
SF01-UT-0TED-EAUBRU-FLTRE7,184885.0,290.0,Mécanique,Inspection,15,29.6,,observée,29.6,2.3,1,0,0.0,Adéquat,29.6,29.6,1184.0,1184.0,0.0
SF01-UT-0TED-EAUBRU-FLTRE8,184886.0,290.0,Mécanique,Inspection,15,29.4,,observée,29.4,3.7,0,0,0.0,Adéquat,29.4,29.4,1192.0,1192.0,0.0
SF01-UT-0TED-EAUBRU-FLTRE9,184887.0,290.0,Mécanique,Inspection,16,29.4,,observée,29.4,4.0,0,0,0.0,Adéquat,29.4,29.4,1192.0,1192.0,0.0
SF01-UT-0TED-EAUFLT-0KA068,184888.0,350.0,Mécanique,Graissage,60,7.1,,observée,7.1,1.7,19,10,0.17,Insuffisant,7.1,5.0,24392.0,20949.0,3444.0
SF01-UT-0TED-EAUFLT-0KA068,184889.0,290.0,Mécanique,Inspection,15,29.6,,observée,29.6,1.3,19,5,0.36,Insuffisant,29.6,20.7,11067.0,8751.0,2316.0
SF01-UT-0TED-EAUFLT-0KA068-CANA-CIRASPIR,183289.0,290.0,Mécanique,Inspection,4,175.3,,observée,175.3,6.6,0,0,0.0,Adéquat,175.3,175.3,200.0,200.0,0.0
SF01-UT-0TED-EAUFLT-0KA068-CANA-CIRREFOU,183290.0,290.0,Mécanique,Inspection,4,180.0,,observée,180.0,0.0,0,0,0.0,Adéquat,180.0,180.0,195.0,195.0,0.0
SF01-UT-0TED-EAUFLT-0KA069,184890.0,350.0,Mécanique,Graissage,29,14.9,,observée,14.9,0.4,9,4,0.14,Adéquat,14.9,14.9,9987.0,9987.0,0.0
SF01-UT-0TED-EAUFLT-0KA069,184891.0,290.0,Mécanique,Inspection,15,29.9,,observée,29.9,0.5,9,3,0.21,Insuffisant,29.9,20.9,6879.0,5751.0,1128.0
SF01-UT-0TED-EAUFLT-0KA069-CANA-CIRASPIR,183291.0,290.0,Mécanique,Inspection,4,177.0,,observée,177.0,4.2,0,0,0.0,Adéquat,177.0,177.0,198.0,198.0,0.0
SF01-UT-0TED-EAUFLT-0KA069-CANA-CIRREFOU,183292.0,290.0,Mécanique,Inspection,4,180.0,,observée,180.0,0.0,0,0,0.0,Adéquat,180.0,180.0,195.0,195.0,0.0
SF01-UT-0TED-EAUFLT-0KA069-GMOT-0MOTEUR,211297.0,360.0,Électrique,Systématique,3,182.0,,observée,182.0,0.0,0,0,0.0,Adéquat,182.0,182.0,193.0,193.0,0.0
SF01-UT-0TED-EAUFLT-0KA069-GMOT-0MOTEUR,213231.0,360.0,Électrique,Systématique,3,182.0,,observée,182.0,0.0,0,0,0.0,Adéquat,182.0,182.0,193.0,193.0,0.0
SF01-UT-0TED-EAUFLT-0KA069-GMOT-DEPARTM,211168.0,360.0,Électrique,Systématique,3,182.0,,observée,182.0,0.0,0,0,0.0,Adéquat,182.0,182.0,193.0,193.0,0.0
SF01-UT-0TED-EAUFLT-0KA069-GMOT-DEPARTM,213102.0,360.0,Électrique,Systématique,3,182.0,,observée,182.0,0.0,0,0,0.0,Adéquat,182.0,182.0,193.0,193.0,0.0
SF01-UT-0TED-EAUFLT-PP1MC1,184893.0,290.0,Mécanique,Inspection,60,7.1,,observée,7.1,1.7,18,6,0.1,Adéquat,7.1,7.1,16381.0,16381.0,0.0
SF01-UT-0TED-EAUFLT-PP1MC2,184894.0,290.0,Mécanique,Inspection,60,7.1,,observée,7.1,1.7,5,2,0.03,Adéquat,7.1,7.1,8369.0,8369.0,0.0
SF01-UT-0TED-EAUFLT-PP2MC1-CANA-CIRASPIR,183293.0,290.0,Mécanique,Inspection,4,180.0,,observée,180.0,0.0,0,0,0.0,Adéquat,180.0,180.0,195.0,195.0,0.0
SF01-UT-0TED-EAUFLT-PP2MC1-CANA-CIRREFOU,183294.0,290.0,Mécanique,Inspection,4,180.0,,observée,180.0,0.0,0,0,0.0,Adéquat,180.0,180.0,195.0,195.0,0.0
SF01-UT-0TED-EAUFLT-PP2MC2,184895.0,290.0,Mécanique,Inspection,60,7.0,,observée,7.0,2.3,2,2,0.03,Adéquat,7.0,7.0,8489.0,8489.0,0.0
SF01-UT-0TED-EAUFLT-PP2MC2-CANA-CIRASPIR,183295.0,290.0,Mécanique,Inspection,4,176.7,,observée,176.7,4.7,0,0,0.0,Adéquat,176.7,176.7,198.0,198.0,0.0
SF01-UT-0TED-EAUFLT-PP2MC2-CANA-CIRREFOU,183296.0,290.0,Mécanique,Inspection,4,179.3,,observée,179.3,0.9,0,0,0.0,Adéquat,179.3,179.3,195.0,195.0,0.0
SF01-UT-0TED-EAUFLT-PP3MC2,184896.0,350.0,Mécanique,Graissage,16,28.7,,observée,28.7,4.7,2,0,0.0,Adéquat,28.7,28.7,1221.0,1221.0,0.0
SF01-UT-0TED-EAUFLT-PPDCI1,184897.0,290.0,Mécanique,Inspection,8,60.0,,observée,60.0,0.0,5,3,0.43,Insuffisant,60.0,42.0,6408.0,4994.0,1414.0
SF01-UT-0TED-EAUFLT-PPDCI1-CRSV,184759.0,290.0,Mécanique,Inspection,4,176.7,,observée,176.7,4.7,0,0,0.0,Adéquat,176.7,176.7,198.0,198.0,0.0
SF01-UT-0TED-EAUFLT-PPDCI1-GMOT-0MOTEUR,211353.0,360.0,Électrique,Systématique,3,182.0,,observée,182.0,0.0,0,0,0.0,Adéquat,182.0,182.0,193.0,193.0,0.0
SF01-UT-0TED-EAUFLT-PPDCI1-GMOT-0MOTEUR,213287.0,360.0,Électrique,Systématique,3,182.0,,observée,182.0,0.0,0,0,0.0,Adéquat,182.0,182.0,193.0,193.0,0.0
SF01-UT-0TED-EAUFLT-PPDCI1-GMOT-DEPARTM,211210.0,360.0,Électrique,Systématique,3,182.0,,observée,182.0,0.0,0,0,0.0,Adéquat,182.0,182.0,193.0,193.0,0.0
SF01-UT-0TED-EAUFLT-PPDCI1-GMOT-DEPARTM,213144.0,360.0,Électrique,Systématique,3,182.0,,observée,182.0,0.0,0,0,0.0,Adéquat,182.0,182.0,193.0,193.0,0.0
SF01-UT-0TED-EAUFLT-PPDCI1-GPPE-POMPE,184652.0,290.0,Mécanique,Inspection,4,177.3,,observée,177.3,3.8,0,0,0.0,Adéquat,177.3,177.3,198.0,198.0,0.0
SF01-UT-0TED-EAUFLT-PPDCI2,184898.0,290.0,Mécanique,Inspection,8,60.0,,observée,60.0,1.1,4,2,0.29,Insuffisant,60.0,42.0,4512.0,3640.0,872.0
SF01-UT-0TED-EAUFLT-PPDCI2-CANA-CIRASPIR,183297.0,290.0,Mécanique,Inspection,4,177.7,,observée,177.7,3.3,0,0,0.0,Adéquat,177.7,177.7,197.0,197.0,0.0
SF01-UT-0TED-EAUFLT-PPDCI2-CANA-CIRREFOU,183298.0,290.0,Mécanique,Inspection,4,177.7,,observée,177.7,3.3,0,0,0.0,Adéquat,177.7,177.7,197.0,197.0,0.0
SF01-UT-0TED-EAUFLT-PPDCI2-GMOT-DEPARTM,211354.0,360.0,Électrique,Systématique,3,182.0,,observée,182.0,0.0,0,0,0.0,Adéquat,182.0,182.0,193.0,193.0,0.0
SF01-UT-0TED-EAUFLT-PPDCI2-GMOT-DEPARTM,213288.0,360.0,Électrique,Systématique,3,182.0,,observée,182.0,0.0,0,0,0.0,Adéquat,182.0,182.0,193.0,193.0,0.0
SF01-UT-0TED-EAUFLT-PPEF01,184899.0,350.0,Mécanique,Graissage,29,14.9,,observée,14.9,0.4,11,4,0.14,Adéquat,14.9,14.9,9987.0,9987.0,0.0
SF01-UT-0TED-EAUFLT-PPEF01,184900.0,290.0,Mécanique,Inspection,15,29.6,,observée,29.6,1.5,11,4,0.29,Insuffisant,29.6,20.7,9145.0,7378.0,1767.0
SF01-UT-0TED-EAUFLT-PPEF01-CANA-CIRASPIR,183299.0,290.0,Mécanique,Inspection,4,177.0,,observée,177.0,4.2,0,0,0.0,Adéquat,177.0,177.0,198.0,198.0,0.0
SF01-UT-0TED-EAUFLT-PPEF01-CANA-CIRREFOU,183300.0,290.0,Mécanique,Inspection,4,176.7,,observée,176.7,4.7,0,0,0.0,Adéquat,176.7,176.7,198.0,198.0,0.0
SF01-UT-0TED-EAUFLT-PPEF01-GMOT-0MOTEUR,211294.0,360.0,Électrique,Systématique,3,182.0,,observée,182.0,0.0,0,0,0.0,Adéquat,182.0,182.0,193.0,193.0,0.0
SF01-UT-0TED-EAUFLT-PPEF01-GMOT-0MOTEUR,213228.0,360.0,Électrique,Systématique,3,182.0,,observée,182.0,0.0,0,0,0.0,Adéquat,182.0,182.0,193.0,193.0,0.0
SF01-UT-0TED-EAUFLT-PPEF01-GMOT-DEPARTM,211165.0,360.0,Électrique,Systématique,3,182.0,,observée,182.0,0.0,0,0,0.0,Adéquat,182.0,182.0,193.0,193.0,0.0
SF01-UT-0TED-EAUFLT-PPEF01-GMOT-DEPARTM,213099.0,360.0,Électrique,Systématique,3,182.0,,observée,182.0,0.0,0,0,0.0,Adéquat,182.0,182.0,193.0,193.0,0.0
SF01-UT-0TED-EAUFLT-PPEF02,184901.0,350.0,Mécanique,Graissage,60,7.1,,observée,7.1,1.7,5,3,0.05,Adéquat,7.1,7.1,10658.0,10658.0,0.0
SF01-UT-0TED-EAUFLT-PPEF02,184902.0,290.0,Mécanique,Inspection,15,29.5,,observée,29.5,1.8,5,2,0.14,Adéquat,29.5,29.5,5044.0,5044.0,0.0
SF01-UT-0TED-EAUFLT-PPEF02-CANA-CIRASPIR,183301.0,290.0,Mécanique,Inspection,4,175.3,,observée,175.3,6.6,0,0,0.0,Adéquat,175.3,175.3,200.0,200.0,0.0
SF01-UT-0TED-EAUFLT-PPEF02-CANA-CIRREFOU,183302.0,290.0,Mécanique,Inspection,4,176.3,,observée,176.3,5.2,0,0,0.0,Adéquat,176.3,176.3,199.0,199.0,0.0
SF01-UT-0TED-EAUFLT-PPEF02-GMOT-0MOTEUR,211295.0,360.0,Électrique,Systématique,3,182.0,,observée,182.0,0.0,0,0,0.0,Adéquat,182.0,182.0,193.0,193.0,0.0
SF01-UT-0TED-EAUFLT-PPEF02-GMOT-0MOTEUR,213229.0,360.0,Électrique,Systématique,3,182.0,,observée,182.0,0.0,0,0,0.0,Adéquat,182.0,182.0,193.0,193.0,0.0
SF01-UT-0TED-EAUFLT-PPEF02-GMOT-DEPARTM,211166.0,360.0,Électrique,Systématique,3,198.0,,observée,198.0,166.0,0,0,0.0,Adéquat,198.0,198.0,177.0,177.0,0.0
SF01-UT-0TED-EAUFLT-PPEF02-GMOT-DEPARTM,213100.0,360.0,Électrique,Systématique,3,182.0,,observée,182.0,0.0,0,0,0.0,Adéquat,182.0,182.0,193.0,193.0,0.0
SF01-UT-0TED-EAUFLT-PPEF03,184903.0,350.0,Mécanique,Graissage,29,14.9,,observée,14.9,0.4,2,1,0.04,Adéquat,14.9,14.9,4533.0,4533.0,0.0
SF01-UT-0TED-EAUFLT-PPEF03,184904.0,290.0,Mécanique,Inspection,15,29.8,,observée,29.8,1.2,2,1,0.07,Adéquat,29.8,29.8,3085.0,3085.0,0.0
SF01-UT-0TED-EAUFLT-PPEF03-CANA-CIRASPIR,183303.0,290.0,Mécanique,Inspection,4,175.3,,observée,175.3,6.6,0,0,0.0,Adéquat,175.3,175.3,200.0,200.0,0.0
SF01-UT-0TED-EAUFLT-PPEF03-CANA-CIRREFOU,183304.0,290.0,Mécanique,Inspection,4,180.0,,observée,180.0,0.0,0,0,0.0,Adéquat,180.0,180.0,195.0,195.0,0.0
SF01-UT-0TED-EAUFLT-PPEF03-GMOT-0MOTEUR,211296.0,360.0,Électrique,Systématique,3,198.0,,observée,198.0,166.0,0,0,0.0,Adéquat,198.0,198.0,177.0,177.0,0.0
SF01-UT-0TED-EAUFLT-PPEF03-GMOT-0MOTEUR,213230.0,360.0,Électrique,Systématique,3,182.0,,observée,182.0,0.0,0,0,0.0,Adéquat,182.0,182.0,193.0,193.0,0.0
SF01-UT-0TED-EAUFLT-PPEF03-GMOT-DEPARTM,211167.0,360.0,Électrique,Systématique,3,182.0,,observée,182.0,0.0,0,0,0.0,Adéquat,182.0,182.0,193.0,193.0,0.0
SF01-UT-0TED-EAUFLT-PPEF03-GMOT-DEPARTM,213101.0,360.0,Électrique,Systématique,3,182.0,,observée,182.0,0.0,0,0,0.0,Adéquat,182.0,182.0,193.0,193.0,0.0
SF01-UT-0TED-EAUFLT-PPEF04,184905.0,350.0,Mécanique,Graissage,16,28.7,,observée,28.7,5.0,3,1,0.07,Adéquat,28.7,28.7,3203.0,3203.0,0.0
SF01-UT-0TED-EAUFLT-PPLAV1,184906.0,350.0,Mécanique,Graissage,29,14.9,,observée,14.9,0.8,0,0,0.0,Trop fréquent,14.9,29.8,2352.0,1176.0,1176.0
SF01-UT-0TED-EAUFLT-PPLAV1-CANA-CIRASPIR,183305.0,290.0,Mécanique,Inspection,4,177.0,,observée,177.0,4.2,0,0,0.0,Adéquat,177.0,177.0,198.0,198.0,0.0
SF01-UT-0TED-EAUFLT-PPLAV1-CANA-CIRREFOU,183306.0,290.0,Mécanique,Inspection,4,180.0,,observée,180.0,0.0,0,0,0.0,Adéquat,180.0,180.0,195.0,195.0,0.0
SF01-UT-0TED-EAUFLT-PPLAV1-GMOT-0MOTEUR,211292.0,360.0,Électrique,Systématique,3,182.0,,observée,182.0,0.0,0,0,0.0,Adéquat,182.0,182.0,193.0,193.0,0.0
SF01-UT-0TED-EAUFLT-PPLAV1-GMOT-0MOTEUR,213226.0,360.0,Électrique,Systématique,3,182.0,,observée,182.0,0.0,0,0,0.0,Adéquat,182.0,182.0,193.0,193.0,0.0
SF01-UT-0TED-EAUFLT-PPLAV1-GMOT-DEPARTM,211163.0,360.0,Électrique,Systématique,3,182.0,,observée,182.0,0.0,0,0,0.0,Adéquat,182.0,182.0,193.0,193.0,0.0
SF01-UT-0TED-EAUFLT-PPLAV1-GMOT-DEPARTM,213097.0,360.0,Électrique,Systématique,3,182.0,,observée,182.0,0.0,0,0,0.0,Adéquat,182.0,182.0,193.0,193.0,0.0
SF01-UT-0TED-EAUFLT-PPLAV2,184907.0,350.0,Mécanique,Graissage,59,7.1,,observée,7.1,2.4,0,0,0.0,Trop fréquent,7.1,14.2,4936.0,2468.0,2468.0
SF01-UT-0TED-EAUFLT-PPLAV2-CANA-CIRASPIR,183307.0,290.0,Mécanique,Inspection,4,180.0,,observée,180.0,0.0,0,0,0.0,Adéquat,180.0,180.0,195.0,195.0,0.0
SF01-UT-0TED-EAUFLT-PPLAV2-CANA-CIRREFOU,183308.0,290.0,Mécanique,Inspection,4,178.3,,observée,178.3,3.4,0,0,0.0,Adéquat,178.3,178.3,197.0,197.0,0.0
SF01-UT-0TED-EAUFLT-PPLAV2-GMOT-0MOTEUR,211293.0,360.0,Électrique,Systématique,3,182.0,,observée,182.0,0.0,0,0,0.0,Adéquat,182.0,182.0,193.0,193.0,0.0
SF01-UT-0TED-EAUFLT-PPLAV2-GMOT-0MOTEUR,213227.0,360.0,Électrique,Systématique,3,182.0,,observée,182.0,0.0,0,0,0.0,Adéquat,182.0,182.0,193.0,193.0,0.0
SF01-UT-0TED-EAUFLT-PPLAV2-GMOT-DEPARTM,211164.0,360.0,Électrique,Systématique,3,182.0,,observée,182.0,0.0,0,0,0.0,Adéquat,182.0,182.0,193.0,193.0,0.0
SF01-UT-0TED-EAUFLT-PPLAV2-GMOT-DEPARTM,213098.0,360.0,Électrique,Systématique,3,182.0,,observée,182.0,0.0,0,0,0.0,Adéquat,182.0,182.0,193.0,193.0,0.0
SF01-UT-0TED-FACIEL-0ECL01,211145.0,360.0,Électrique,Systématique,3,182.0,,observée,182.0,0.0,0,0,0.0,Adéquat,182.0,182.0,193.0,193.0,0.0
SF01-UT-0TED-FACIEL-0ECL01,213079.0,360.0,Électrique,Systématique,3,182.0,,observée,182.0,0.0,0,0,0.0,Adéquat,182.0,182.0,193.0,193.0,0.0
SF01-UT-0TED-PSTMBT,211235.0,360.0,Électrique,Systématique,52,8.8,,observée,8.8,10.9,0,0,0.0,Trop fréquent,8.8,17.6,3982.0,1991.0,1991.0
SF01-UT-0TED-PSTMBT,211248.0,360.0,Électrique,Systématique,15,27.9,,observée,27.9,3.4,0,0,0.0,Adéquat,27.9,27.9,1256.0,1256.0,0.0
SF01-UT-0TED-PSTMBT,211391.0,310.0,Électrique,Inspection,51,7.2,,observée,7.2,1.9,0,0,0.0,Trop fréquent,7.2,14.4,4867.0,2434.0,2434.0
SF01-UT-0TED-PSTMBT,213169.0,360.0,Électrique,Systématique,49,7.6,,observée,7.6,2.9,0,0,0.0,Trop fréquent,7.6,15.2,4611.0,2306.0,2306.0
SF01-UT-0TED-PSTMBT,213182.0,360.0,Électrique,Systématique,14,28.0,,observée,28.0,5.9,0,0,0.0,Adéquat,28.0,28.0,1252.0,1252.0,0.0
SF01-UT-0TED-PSTMBT,213325.0,290.0,Électrique,Inspection,51,7.3,,observée,7.3,2.9,0,0,0.0,Trop fréquent,7.3,14.6,4801.0,2400.0,2400.0
SF01-UT-0TED-PSTMBT,406785.0,310.0,Électrique,Inspection,4,7.0,,observée,7.0,0.8,0,0,0.0,Trop fréquent,7.0,14.0,5006.0,2503.0,2503.0
SF01-UT-0TED-PSTMBT-00TGBT-0CP6,211141.0,360.0,Électrique,Systématique,3,182.0,,observée,182.0,0.0,0,0,0.0,Adéquat,182.0,182.0,193.0,193.0,0.0
SF01-UT-0TED-PSTMBT-00TGBT-0CP6,213075.0,360.0,Électrique,Systématique,3,182.0,,observée,182.0,0.0,0,0,0.0,Adéquat,182.0,182.0,193.0,193.0,0.0
SF01-UT-0TED-PSTMBT-00TGBT-AAIT,211139.0,360.0,Électrique,Systématique,3,182.0,,observée,182.0,0.0,0,0,0.0,Adéquat,182.0,182.0,193.0,193.0,0.0
SF01-UT-0TED-PSTMBT-00TGBT-AAIT,213073.0,360.0,Électrique,Systématique,3,182.0,,observée,182.0,0.0,0,0,0.0,Adéquat,182.0,182.0,193.0,193.0,0.0
SF01-UT-0TED-PSTMBT-00TGBT-CHTO,211142.0,360.0,Électrique,Systématique,3,182.0,,observée,182.0,0.0,0,0,0.0,Adéquat,182.0,182.0,193.0,193.0,0.0
SF01-UT-0TED-PSTMBT-00TGBT-CHTO,213076.0,360.0,Électrique,Systématique,3,182.0,,observée,182.0,0.0,0,0,0.0,Adéquat,182.0,182.0,193.0,193.0,0.0
SF01-UT-0TED-PSTMBT-00TGBT-DGRG,211144.0,360.0,Électrique,Systématique,3,182.0,,observée,182.0,0.0,0,0,0.0,Adéquat,182.0,182.0,193.0,193.0,0.0
SF01-UT-0TED-PSTMBT-00TGBT-DGRG,213078.0,360.0,Électrique,Systématique,3,182.0,,observée,182.0,0.0,0,0,0.0,Adéquat,182.0,182.0,193.0,193.0,0.0
SF01-UT-0TED-PSTMBT-00TGBT-ECL4,211143.0,360.0,Électrique,Systématique,3,182.0,,observée,182.0,0.0,0,0,0.0,Adéquat,182.0,182.0,193.0,193.0,0.0
SF01-UT-0TED-PSTMBT-00TGBT-ECL4,213077.0,360.0,Électrique,Systématique,3,182.0,,observée,182.0,0.0,0,0,0.0,Adéquat,182.0,182.0,193.0,193.0,0.0
SF01-UT-0TED-PSTMBT-00TGBT-ECLG,211146.0,360.0,Électrique,Systématique,3,182.0,,observée,182.0,0.0,0,0,0.0,Adéquat,182.0,182.0,193.0,193.0,0.0
SF01-UT-0TED-PSTMBT-00TGBT-ECLG,213080.0,360.0,Électrique,Systématique,3,182.0,,observée,182.0,0.0,0,0,0.0,Adéquat,182.0,182.0,193.0,193.0,0.0
SF01-UT-0TED-PSTMBT-00TGBT-ECLR,211148.0,360.0,Électrique,Systématique,3,182.0,,observée,182.0,0.0,0,0,0.0,Adéquat,182.0,182.0,193.0,193.0,0.0
SF01-UT-0TED-PSTMBT-00TGBT-ECLR,213082.0,360.0,Électrique,Systématique,3,182.0,,observée,182.0,0.0,0,0,0.0,Adéquat,182.0,182.0,193.0,193.0,0.0
SF01-UT-0TED-PSTMBT-00TGBT-INJR,211159.0,360.0,Électrique,Systématique,3,198.0,,observée,198.0,166.0,0,0,0.0,Adéquat,198.0,198.0,177.0,177.0,0.0
SF01-UT-0TED-PSTMBT-00TGBT-INJR,213093.0,360.0,Électrique,Systématique,3,182.0,,observée,182.0,0.0,0,0,0.0,Adéquat,182.0,182.0,193.0,193.0,0.0
SF01-UT-0TED-PSTMBT-00TGBT-PCCE,211202.0,360.0,Électrique,Systématique,3,182.0,,observée,182.0,0.0,0,0,0.0,Adéquat,182.0,182.0,193.0,193.0,0.0
SF01-UT-0TED-PSTMBT-00TGBT-PCCE,213136.0,360.0,Électrique,Systématique,3,182.0,,observée,182.0,0.0,0,0,0.0,Adéquat,182.0,182.0,193.0,193.0,0.0
SF01-UT-0TED-PSTMBT-00TGBT-PDC1,211203.0,360.0,Électrique,Systématique,3,182.0,,observée,182.0,0.0,0,0,0.0,Adéquat,182.0,182.0,193.0,193.0,0.0
SF01-UT-0TED-PSTMBT-00TGBT-PDC1,213137.0,360.0,Électrique,Systématique,3,182.0,,observée,182.0,0.0,0,0,0.0,Adéquat,182.0,182.0,193.0,193.0,0.0
SF01-UT-0TED-PSTMBT-00TGBT-PDC2,211204.0,360.0,Électrique,Systématique,3,182.0,,observée,182.0,0.0,0,0,0.0,Adéquat,182.0,182.0,193.0,193.0,0.0
SF01-UT-0TED-PSTMBT-00TGBT-PDC2,213138.0,360.0,Électrique,Systématique,3,182.0,,observée,182.0,0.0,0,0,0.0,Adéquat,182.0,182.0,193.0,193.0,0.0
SF01-UT-0TED-PSTMBT-00TGBT-PDC3,211205.0,360.0,Électrique,Systématique,3,182.0,,observée,182.0,0.0,0,0,0.0,Adéquat,182.0,182.0,193.0,193.0,0.0
SF01-UT-0TED-PSTMBT-00TGBT-PDC3,213139.0,360.0,Électrique,Systématique,3,182.0,,observée,182.0,0.0,0,0,0.0,Adéquat,182.0,182.0,193.0,193.0,0.0
SF01-UT-0TED-PSTMBT-00TGBT-REGL,211212.0,360.0,Électrique,Systématique,3,182.0,,observée,182.0,0.0,0,0,0.0,Adéquat,182.0,182.0,193.0,193.0,0.0
SF01-UT-0TED-PSTMBT-00TGBT-REGL,213146.0,360.0,Électrique,Systématique,3,182.0,,observée,182.0,0.0,0,0,0.0,Adéquat,182.0,182.0,193.0,193.0,0.0
SF01-UT-0TED-PSTTR1-TRMTBT,211051.0,310.0,Électrique,Inspection,15,27.9,,observée,27.9,3.4,0,0,0.0,Adéquat,27.9,27.9,1256.0,1256.0,0.0
SF01-UT-0TED-PSTTR1-TRMTBT,212984.0,310.0,Électrique,Inspection,14,28.0,,observée,28.0,5.9,0,0,0.0,Adéquat,28.0,28.0,1252.0,1252.0,0.0
SF01-UT-0TED-SJAVEL-BACINT,183327.0,290.0,Mécanique,Inspection,8,60.0,,observée,60.0,10.4,0,0,0.0,Adéquat,60.0,60.0,584.0,584.0,0.0
SF01-UT-0TED-SJAVEL-BACPRI,183328.0,290.0,Mécanique,Inspection,8,60.0,,observée,60.0,0.0,0,0,0.0,Adéquat,60.0,60.0,584.0,584.0,0.0
SF01-UT-0TED-SJAVEL-POMP01,183329.0,290.0,Mécanique,Inspection,8,60.0,,observée,60.0,2.7,1,0,0.0,Adéquat,60.0,60.0,584.0,584.0,0.0
SF01-UT-0TED-SJAVEL-POMP01-CANA-CIRASPIR,184653.0,290.0,Mécanique,Inspection,4,180.0,,observée,180.0,0.0,0,0,0.0,Adéquat,180.0,180.0,195.0,195.0,0.0
SF01-UT-0TED-SJAVEL-POMP01-CANA-CIRREFOU,184654.0,290.0,Mécanique,Inspection,4,177.3,,observée,177.3,3.8,0,0,0.0,Adéquat,177.3,177.3,198.0,198.0,0.0
SF01-UT-0TED-STOCKE-0P1212,184710.0,350.0,Mécanique,Graissage,60,7.1,,observée,7.1,1.7,6,4,0.07,Adéquat,7.1,7.1,12947.0,12947.0,0.0
SF01-UT-0TED-STOCKE-0P1212,211308.0,360.0,Électrique,Systématique,3,182.0,,observée,182.0,0.0,6,0,0.0,Adéquat,182.0,182.0,193.0,193.0,0.0
SF01-UT-0TED-STOCKE-0P1212,213242.0,360.0,Électrique,Systématique,3,182.0,,observée,182.0,0.0,6,0,0.0,Adéquat,182.0,182.0,193.0,193.0,0.0
SF01-UT-0TED-STOCKE-0P1212-CANA-CIRASPIR,184852.0,290.0,Mécanique,Inspection,4,178.7,,observée,178.7,1.9,0,0,0.0,Adéquat,178.7,178.7,196.0,196.0,0.0
SF01-UT-0TED-STOCKE-0P1212-CANA-CIRREFOU,184853.0,290.0,Mécanique,Inspection,4,180.0,,observée,180.0,0.0,0,0,0.0,Adéquat,180.0,180.0,195.0,195.0,0.0
SF01-UT-0TED-STOCKE-0P1213,184711.0,350.0,Mécanique,Graissage,15,29.5,,observée,29.5,1.8,0,0,0.0,Adéquat,29.5,29.5,1188.0,1188.0,0.0
SF01-UT-0TED-STOCKE-0P1213,211309.0,360.0,Électrique,Systématique,3,182.0,,observée,182.0,0.0,0,0,0.0,Adéquat,182.0,182.0,193.0,193.0,0.0
SF01-UT-0TED-STOCKE-0P1213,213243.0,360.0,Électrique,Systématique,3,182.0,,observée,182.0,0.0,0,0,0.0,Adéquat,182.0,182.0,193.0,193.0,0.0
SF01-UT-0TED-STOCKE-0P1213-CANA-CIRASPIR,184854.0,290.0,Mécanique,Inspection,4,180.0,,observée,180.0,0.0,0,0,0.0,Adéquat,180.0,180.0,195.0,195.0,0.0
SF01-UT-0TED-STOCKE-0P1213-CANA-CIRREFOU,184855.0,290.0,Mécanique,Inspection,4,177.3,,observée,177.3,3.8,0,0,0.0,Adéquat,177.3,177.3,198.0,198.0,0.0
SF01-UT-0TED-STOCKE-0T1000-MOAC,183255.0,330.0,Mécanique,Autre,3,365.0,,observée,365.0,0.0,0,0,0.0,Adéquat,365.0,365.0,96.0,96.0,0.0
SF01-UT-0TED-STOCKE-0T500A,184714.0,290.0,Mécanique,Inspection,8,60.0,,observée,60.0,11.2,0,0,0.0,Adéquat,60.0,60.0,584.0,584.0,0.0
SF01-UT-0TED-STOCKE-P1202A,184716.0,350.0,Mécanique,Graissage,60,7.0,,observée,7.0,2.0,8,3,0.05,Adéquat,7.0,7.0,10811.0,10811.0,0.0
SF01-UT-0TED-STOCKE-P1202A,211302.0,360.0,Électrique,Systématique,3,182.0,,observée,182.0,0.0,8,1,0.5,Insuffisant,182.0,127.4,2425.0,1870.0,555.0
SF01-UT-0TED-STOCKE-P1202A,213236.0,360.0,Électrique,Systématique,3,182.0,,observée,182.0,0.0,8,1,0.5,Insuffisant,182.0,127.4,2425.0,1870.0,555.0
SF01-UT-0TED-STOCKE-P1202A-CANA-CIRASPIR,184856.0,290.0,Mécanique,Inspection,4,180.0,,observée,180.0,0.0,0,0,0.0,Adéquat,180.0,180.0,195.0,195.0,0.0
SF01-UT-0TED-STOCKE-P1202B-CANA-CIRREFOU,184857.0,290.0,Mécanique,Inspection,4,176.3,,observée,176.3,5.2,0,0,0.0,Adéquat,176.3,176.3,199.0,199.0,0.0
SF01-UT-0TED-STOCKE-P1203A,184717.0,350.0,Mécanique,Graissage,16,28.1,,observée,28.1,7.0,2,1,0.07,Adéquat,28.1,28.1,3271.0,3271.0,0.0
SF01-UT-0TED-STOCKE-P1203A,211172.0,360.0,Électrique,Systématique,3,182.0,,observée,182.0,0.0,2,1,0.5,Insuffisant,182.0,127.4,2425.0,1870.0,555.0
SF01-UT-0TED-STOCKE-P1203A,211303.0,360.0,Électrique,Systématique,3,182.0,,observée,182.0,0.0,2,1,0.5,Insuffisant,182.0,127.4,2425.0,1870.0,555.0
SF01-UT-0TED-STOCKE-P1203A,213106.0,360.0,Électrique,Systématique,3,182.0,,observée,182.0,0.0,2,1,0.5,Insuffisant,182.0,127.4,2425.0,1870.0,555.0
SF01-UT-0TED-STOCKE-P1203A,213237.0,360.0,Électrique,Systématique,3,182.0,,observée,182.0,0.0,2,1,0.5,Insuffisant,182.0,127.4,2425.0,1870.0,555.0
SF01-UT-0TED-STOCKE-P1203A-CANA-CIRASPIR,184858.0,290.0,Mécanique,Inspection,4,180.0,,observée,180.0,0.0,0,0,0.0,Adéquat,180.0,180.0,195.0,195.0,0.0
SF01-UT-0TED-STOCKE-P1203A-CANA-CIRREFOU,184859.0,290.0,Mécanique,Inspection,4,177.7,,observée,177.7,4.1,0,0,0.0,Adéquat,177.7,177.7,197.0,197.0,0.0
SF01-UT-0TED-STOCKE-P1203B,184718.0,350.0,Mécanique,Graissage,60,7.1,,observée,7.1,1.7,2,2,0.03,Adéquat,7.1,7.1,8369.0,8369.0,0.0
SF01-UT-0TED-STOCKE-P1203B,211173.0,360.0,Électrique,Systématique,3,182.0,,observée,182.0,0.0,2,1,0.5,Insuffisant,182.0,127.4,2425.0,1870.0,555.0
SF01-UT-0TED-STOCKE-P1203B,211304.0,360.0,Électrique,Systématique,3,182.0,,observée,182.0,0.0,2,1,0.5,Insuffisant,182.0,127.4,2425.0,1870.0,555.0
SF01-UT-0TED-STOCKE-P1203B,213107.0,360.0,Électrique,Systématique,3,182.0,,observée,182.0,0.0,2,1,0.5,Insuffisant,182.0,127.4,2425.0,1870.0,555.0
SF01-UT-0TED-STOCKE-P1203B,213238.0,360.0,Électrique,Systématique,3,182.0,,observée,182.0,0.0,2,1,0.5,Insuffisant,182.0,127.4,2425.0,1870.0,555.0
SF01-UT-0TED-STOCKE-P1203B-CANA-CIRASPIR,184860.0,290.0,Mécanique,Inspection,4,180.0,,observée,180.0,0.0,0,0,0.0,Adéquat,180.0,180.0,195.0,195.0,0.0
SF01-UT-0TED-STOCKE-P1203B-CANA-CIRREFOU,184861.0,290.0,Mécanique,Inspection,4,180.0,,observée,180.0,0.0,0,0,0.0,Adéquat,180.0,180.0,195.0,195.0,0.0
SF01-UT-0TED-STOCKE-P1204A,184719.0,350.0,Mécanique,Graissage,60,7.1,,observée,7.1,1.7,8,0,0.0,Trop fréquent,7.1,14.2,4936.0,2468.0,2468.0
SF01-UT-0TED-STOCKE-P1204A,211305.0,360.0,Électrique,Systématique,3,182.0,,observée,182.0,0.0,8,0,0.0,Adéquat,182.0,182.0,193.0,193.0,0.0
SF01-UT-0TED-STOCKE-P1204A,213239.0,360.0,Électrique,Systématique,3,182.0,,observée,182.0,0.0,8,0,0.0,Adéquat,182.0,182.0,193.0,193.0,0.0
SF01-UT-0TED-STOCKE-P1204A-CANA-CIRASPIR,184862.0,290.0,Mécanique,Inspection,4,180.0,,observée,180.0,0.0,0,0,0.0,Adéquat,180.0,180.0,195.0,195.0,0.0
SF01-UT-0TED-STOCKE-P1204A-CANA-CIRREFOU,184863.0,290.0,Mécanique,Inspection,4,177.0,,observée,177.0,4.2,0,0,0.0,Adéquat,177.0,177.0,198.0,198.0,0.0
SF01-UT-0TED-STOCKE-P1204B,184720.0,350.0,Mécanique,Graissage,60,7.0,,observée,7.0,2.0,1,0,0.0,Trop fréquent,7.0,14.0,5006.0,2503.0,2503.0
SF01-UT-0TED-STOCKE-P1204B,211174.0,360.0,Électrique,Systématique,3,182.0,,observée,182.0,0.0,1,0,0.0,Adéquat,182.0,182.0,193.0,193.0,0.0
SF01-UT-0TED-STOCKE-P1204B,213108.0,360.0,Électrique,Systématique,3,182.0,,observée,182.0,0.0,1,0,0.0,Adéquat,182.0,182.0,193.0,193.0,0.0
SF01-UT-0TED-STOCKE-P1204B-CANA-CIRASPIR,184864.0,290.0,Mécanique,Inspection,4,180.0,,observée,180.0,0.0,0,0,0.0,Adéquat,180.0,180.0,195.0,195.0,0.0
SF01-UT-0TED-STOCKE-P1204B-CANA-CIRREFOU,184865.0,290.0,Mécanique,Inspection,4,176.7,,observée,176.7,4.7,0,0,0.0,Adéquat,176.7,176.7,198.0,198.0,0.0
SF01-UT-0TED-STOCKE-POMP16,184721.0,350.0,Mécanique,Graissage,16,28.6,,observée,28.6,5.3,2,0,0.0,Adéquat,28.6,28.6,1225.0,1225.0,0.0
SF01-UT-0TED-STOCKE-POMP17,184722.0,350.0,Mécanique,Graissage,15,29.6,,observée,29.6,1.5,2,0,0.0,Adéquat,29.6,29.6,1184.0,1184.0,0.0
SF01-UT-0TED-STOCKE-POMP17-CANA-CIRASPIR,184866.0,290.0,Mécanique,Inspection,4,177.7,,observée,177.7,4.1,0,0,0.0,Adéquat,177.7,177.7,197.0,197.0,0.0
SF01-UT-0TED-STOCKE-POMP17-CANA-CIRREFOU,184867.0,290.0,Mécanique,Inspection,4,178.7,,observée,178.7,1.9,0,0,0.0,Adéquat,178.7,178.7,196.0,196.0,0.0
SF01-UT-0TED-STOCKE-POMP18,184723.0,350.0,Mécanique,Graissage,16,28.3,,observée,28.3,6.5,0,0,0.0,Adéquat,28.3,28.3,1238.0,1238.0,0.0
SF01-UT-0TED-STOCKE-POMP18-CANA-CIRASPIR,184868.0,290.0,Mécanique,Inspection,4,180.0,,observée,180.0,0.0,0,0,0.0,Adéquat,180.0,180.0,195.0,195.0,0.0
SF01-UT-0TED-STOCKE-POMP18-CANA-CIRREFOU,184869.0,290.0,Mécanique,Inspection,4,174.7,,observée,174.7,7.5,0,0,0.0,Adéquat,174.7,174.7,201.0,201.0,0.0
SF01-UT-0TED-STOCKE-POMP19,184724.0,350.0,Mécanique,Graissage,16,29.1,,observée,29.1,3.8,0,0,0.0,Adéquat,29.1,29.1,1204.0,1204.0,0.0
SF01-UT-0TED-STOCKE-POMP19,211329.0,360.0,Électrique,Systématique,3,182.0,,observée,182.0,0.0,0,0,0.0,Adéquat,182.0,182.0,193.0,193.0,0.0
SF01-UT-0TED-STOCKE-POMP19,213263.0,360.0,Électrique,Systématique,3,182.0,,observée,182.0,0.0,0,0,0.0,Adéquat,182.0,182.0,193.0,193.0,0.0
SF01-UT-0TED-STOCKE-POMP19-CANA-CIRASPIR,184870.0,290.0,Mécanique,Inspection,4,180.0,,observée,180.0,0.0,0,0,0.0,Adéquat,180.0,180.0,195.0,195.0,0.0
SF01-UT-0TED-STOCKE-POMP19-CANA-CIRREFOU,184871.0,290.0,Mécanique,Inspection,4,179.3,,observée,179.3,0.9,0,0,0.0,Adéquat,179.3,179.3,195.0,195.0,0.0
SF01-UT-0TED-STOCKE-POMP20,184725.0,350.0,Mécanique,Graissage,16,28.1,,observée,28.1,7.2,2,1,0.07,Adéquat,28.1,28.1,3271.0,3271.0,0.0
SF01-UT-0TED-STOCKE-POMP20-CANA-CIRASPIR,184872.0,290.0,Mécanique,Inspection,4,180.0,,observée,180.0,0.0,0,0,0.0,Adéquat,180.0,180.0,195.0,195.0,0.0
SF01-UT-0TED-STOCKE-POMP20-CANA-CIRREFOU,184873.0,290.0,Mécanique,Inspection,4,175.7,,observée,175.7,6.1,0,0,0.0,Adéquat,175.7,175.7,199.0,199.0,0.0
SF01-UT-FDEM-0SEMII,218612.0,310.0,Régulation/Instrumentation,Inspection,18,20.6,,observée,20.6,9.7,13,7,0.41,Insuffisant,20.6,14.4,17874.0,13982.0,3892.0
SF01-UT-FDEM-0SEMII-P1302A,184602.0,360.0,Mécanique,Systématique,29,14.8,,observée,14.8,1.4,11,6,0.21,Insuffisant,14.8,10.4,13898.0,11618.0,2279.0
SF01-UT-FDEM-0SEMII-P1302A,184603.0,290.0,Mécanique,Inspection,15,29.4,,observée,29.4,2.1,11,5,0.36,Insuffisant,29.4,20.6,11142.0,8810.0,2332.0
SF01-UT-FDEM-0SEMII-P1302A-CANA-CIRASPIR,184809.0,290.0,Mécanique,Inspection,4,180.0,,observée,180.0,0.0,0,0,0.0,Adéquat,180.0,180.0,195.0,195.0,0.0
SF01-UT-FDEM-0SEMII-P1302A-CANA-CIRREFOL,184705.0,290.0,Mécanique,Inspection,4,180.0,,observée,180.0,0.0,0,0,0.0,Adéquat,180.0,180.0,195.0,195.0,0.0
SF01-UT-FDEM-0SEMII-P1302A-GMOT-0MOTEUR,211013.0,360.0,Électrique,Systématique,3,182.0,,observée,182.0,0.0,0,0,0.0,Adéquat,182.0,182.0,193.0,193.0,0.0
SF01-UT-FDEM-0SEMII-P1302A-GMOT-0MOTEUR,211367.0,360.0,Électrique,Systématique,5,91.0,,observée,91.0,0.0,0,0,0.0,Adéquat,91.0,91.0,385.0,385.0,0.0
SF01-UT-FDEM-0SEMII-P1302A-GMOT-0MOTEUR,212946.0,360.0,Électrique,Systématique,3,182.0,,observée,182.0,0.0,0,0,0.0,Adéquat,182.0,182.0,193.0,193.0,0.0
SF01-UT-FDEM-0SEMII-P1302A-GMOT-0MOTEUR,213301.0,360.0,Électrique,Systématique,5,88.8,,observée,88.8,3.9,0,0,0.0,Adéquat,88.8,88.8,395.0,395.0,0.0
SF01-UT-FDEM-0SEMII-P1302A-GMOT-DEPARTM,211081.0,360.0,Électrique,Systématique,3,182.0,,observée,182.0,0.0,0,0,0.0,Adéquat,182.0,182.0,193.0,193.0,0.0
SF01-UT-FDEM-0SEMII-P1302A-GMOT-DEPARTM,213015.0,360.0,Électrique,Systématique,3,182.0,,observée,182.0,0.0,0,0,0.0,Adéquat,182.0,182.0,193.0,193.0,0.0
SF01-UT-FDEM-0SEMII-P1302B,184604.0,290.0,Mécanique,Inspection,16,29.4,,observée,29.4,2.2,5,3,0.2,Insuffisant,29.4,20.6,6720.0,5651.0,1069.0
SF01-UT-FDEM-0SEMII-P1302B-GMOT-0MOTEUR,211014.0,360.0,Électrique,Systématique,3,182.0,,observée,182.0,0.0,0,0,0.0,Adéquat,182.0,182.0,193.0,193.0,0.0
SF01-UT-FDEM-0SEMII-P1302B-GMOT-0MOTEUR,211368.0,360.0,Électrique,Systématique,5,91.0,,observée,91.0,0.0,0,0,0.0,Adéquat,91.0,91.0,385.0,385.0,0.0
SF01-UT-FDEM-0SEMII-P1302B-GMOT-0MOTEUR,212947.0,360.0,Électrique,Systématique,3,182.0,,observée,182.0,0.0,0,0,0.0,Adéquat,182.0,182.0,193.0,193.0,0.0
SF01-UT-FDEM-0SEMII-P1302B-GMOT-0MOTEUR,213302.0,360.0,Électrique,Systématique,5,88.8,,observée,88.8,3.9,0,0,0.0,Adéquat,88.8,88.8,395.0,395.0,0.0
SF01-UT-FDEM-0SEMII-P1302B-GMOT-DEPARTM,211082.0,360.0,Électrique,Systématique,3,182.0,,observée,182.0,0.0,0,0,0.0,Adéquat,182.0,182.0,193.0,193.0,0.0
SF01-UT-FDEM-0SEMII-P1302B-GMOT-DEPARTM,213016.0,360.0,Électrique,Systématique,3,182.0,,observée,182.0,0.0,0,0,0.0,Adéquat,182.0,182.0,193.0,193.0,0.0
SF01-UT-FDEM-0SEMII-P1303A,184609.0,350.0,Mécanique,Graissage,4,174.7,,observée,174.7,7.5,10,2,0.67,Insuffisant,174.7,122.3,3317.0,2513.0,804.0
SF01-UT-FDEM-0SEMII-P1303A,184610.0,290.0,Mécanique,Inspection,16,28.3,,observée,28.3,6.5,10,3,0.2,Insuffisant,28.3,19.8,6981.0,5871.0,1110.0
SF01-UT-FDEM-0SEMII-P1303A,184612.0,350.0,Mécanique,Graissage,59,7.2,,observée,7.2,2.1,10,3,0.05,Adéquat,7.2,7.2,10510.0,10510.0,0.0
SF01-UT-FDEM-0SEMII-P1303A,184613.0,290.0,Mécanique,Inspection,59,7.2,,observée,7.2,2.2,10,3,0.05,Adéquat,7.2,7.2,10510.0,10510.0,0.0
SF01-UT-FDEM-0SEMII-P1303A,184615.0,290.0,Mécanique,Inspection,4,178.3,,observée,178.3,2.5,10,2,0.67,Insuffisant,178.3,124.8,3250.0,2462.0,788.0
SF01-UT-FDEM-0SEMII-P1303A-CANA-CIRASPIR,184810.0,290.0,Mécanique,Inspection,4,180.0,,observée,180.0,0.0,0,0,0.0,Adéquat,180.0,180.0,195.0,195.0,0.0
SF01-UT-FDEM-0SEMII-P1303A-CANA-CIRREFOU,184811.0,290.0,Mécanique,Inspection,4,180.0,,observée,180.0,0.0,0,0,0.0,Adéquat,180.0,180.0,195.0,195.0,0.0
SF01-UT-FDEM-0SEMII-P1303A-GMOT-0MOTEUR,211015.0,360.0,Électrique,Systématique,3,182.0,,observée,182.0,0.0,0,0,0.0,Adéquat,182.0,182.0,193.0,193.0,0.0
SF01-UT-FDEM-0SEMII-P1303A-GMOT-0MOTEUR,211369.0,360.0,Électrique,Systématique,5,91.0,,observée,91.0,0.0,0,0,0.0,Adéquat,91.0,91.0,385.0,385.0,0.0
SF01-UT-FDEM-0SEMII-P1303A-GMOT-0MOTEUR,212948.0,360.0,Électrique,Systématique,3,182.0,,observée,182.0,0.0,0,0,0.0,Adéquat,182.0,182.0,193.0,193.0,0.0
SF01-UT-FDEM-0SEMII-P1303A-GMOT-0MOTEUR,213303.0,360.0,Électrique,Systématique,5,88.8,,observée,88.8,3.9,0,0,0.0,Adéquat,88.8,88.8,395.0,395.0,0.0
SF01-UT-FDEM-0SEMII-P1303A-GMOT-DEPARTM,211083.0,360.0,Électrique,Systématique,3,182.0,,observée,182.0,0.0,0,0,0.0,Adéquat,182.0,182.0,193.0,193.0,0.0
SF01-UT-FDEM-0SEMII-P1303A-GMOT-DEPARTM,213017.0,360.0,Électrique,Systématique,3,182.0,,observée,182.0,0.0,0,0,0.0,Adéquat,182.0,182.0,193.0,193.0,0.0
SF01-UT-FDEM-0SEMII-P1303B,184620.0,350.0,Mécanique,Graissage,4,174.7,,observée,174.7,7.5,12,2,0.67,Insuffisant,174.7,122.3,3317.0,2513.0,804.0
SF01-UT-FDEM-0SEMII-P1303B,184621.0,290.0,Mécanique,Inspection,16,28.3,,observée,28.3,6.2,12,4,0.27,Insuffisant,28.3,19.8,8991.0,7307.0,1684.0
SF01-UT-FDEM-0SEMII-P1303B,184623.0,350.0,Mécanique,Graissage,59,7.2,,observée,7.2,2.1,12,5,0.09,Adéquat,7.2,7.2,15025.0,15025.0,0.0
SF01-UT-FDEM-0SEMII-P1303B,184624.0,290.0,Mécanique,Inspection,59,7.2,,observée,7.2,2.2,12,5,0.09,Adéquat,7.2,7.2,15025.0,15025.0,0.0
SF01-UT-FDEM-0SEMII-P1303B,184626.0,290.0,Mécanique,Inspection,4,178.7,,observée,178.7,1.9,12,2,0.67,Insuffisant,178.7,125.1,3243.0,2456.0,786.0
SF01-UT-FDEM-0SEMII-P1303B-GMOT-0MOTEUR,211016.0,360.0,Électrique,Systématique,3,182.0,,observée,182.0,0.0,0,0,0.0,Adéquat,182.0,182.0,193.0,193.0,0.0
SF01-UT-FDEM-0SEMII-P1303B-GMOT-0MOTEUR,211370.0,360.0,Électrique,Systématique,5,91.0,,observée,91.0,0.0,0,0,0.0,Adéquat,91.0,91.0,385.0,385.0,0.0
SF01-UT-FDEM-0SEMII-P1303B-GMOT-0MOTEUR,212949.0,360.0,Électrique,Systématique,3,182.0,,observée,182.0,0.0,0,0,0.0,Adéquat,182.0,182.0,193.0,193.0,0.0
SF01-UT-FDEM-0SEMII-P1303B-GMOT-0MOTEUR,213304.0,360.0,Électrique,Systématique,5,88.8,,observée,88.8,3.9,0,0,0.0,Adéquat,88.8,88.8,395.0,395.0,0.0
SF01-UT-FDEM-0SEMII-P1303B-GMOT-DEPARTM,211084.0,360.0,Électrique,Systématique,3,182.0,,observée,182.0,0.0,0,0,0.0,Adéquat,182.0,182.0,193.0,193.0,0.0
SF01-UT-FDEM-0SEMII-P1303B-GMOT-DEPARTM,213018.0,360.0,Électrique,Systématique,3,182.0,,observée,182.0,0.0,0,0,0.0,Adéquat,182.0,182.0,193.0,193.0,0.0
SF01-UT-FDEM-0SEMII-PPCAP6,184627.0,360.0,Mécanique,Systématique,8,60.0,,observée,60.0,7.5,15,4,0.57,Insuffisant,60.0,42.0,8304.0,6348.0,1955.0
SF01-UT-FDEM-0SEMII-PPCAP6,184628.0,290.0,Mécanique,Inspection,15,29.7,,observée,29.7,1.0,15,9,0.64,Insuffisant,29.7,20.8,18690.0,14193.0,4497.0
SF01-UT-FDEM-0SEMII-PPCAP6-CANA-CIRASPIR,184812.0,290.0,Mécanique,Inspection,4,180.0,,observée,180.0,0.0,0,0,0.0,Adéquat,180.0,180.0,195.0,195.0,0.0
SF01-UT-FDEM-0SEMII-PPCAP6-CANA-CIRREFOU,184813.0,290.0,Mécanique,Inspection,4,180.0,,observée,180.0,0.0,1,0,0.0,Adéquat,180.0,180.0,195.0,195.0,0.0
SF01-UT-FDEM-0SEMII-PPCAP6-GMOT-0MOTEUR,211021.0,360.0,Électrique,Systématique,3,182.0,,observée,182.0,0.0,0,0,0.0,Adéquat,182.0,182.0,193.0,193.0,0.0
SF01-UT-FDEM-0SEMII-PPCAP6-GMOT-0MOTEUR,211375.0,360.0,Électrique,Systématique,5,91.0,,observée,91.0,0.0,0,0,0.0,Adéquat,91.0,91.0,385.0,385.0,0.0
SF01-UT-FDEM-0SEMII-PPCAP6-GMOT-0MOTEUR,212954.0,360.0,Électrique,Systématique,3,182.0,,observée,182.0,0.0,0,0,0.0,Adéquat,182.0,182.0,193.0,193.0,0.0
SF01-UT-FDEM-0SEMII-PPCAP6-GMOT-0MOTEUR,213309.0,360.0,Électrique,Systématique,5,88.8,,observée,88.8,3.9,0,0,0.0,Adéquat,88.8,88.8,395.0,395.0,0.0
SF01-UT-FDEM-0SEMII-PPCAP6-GMOT-DEPARTM,211094.0,360.0,Électrique,Systématique,3,182.0,,observée,182.0,0.0,0,0,0.0,Adéquat,182.0,182.0,193.0,193.0,0.0
SF01-UT-FDEM-0SEMII-PPCAP6-GMOT-DEPARTM,213028.0,360.0,Électrique,Systématique,3,182.0,,observée,182.0,0.0,0,0,0.0,Adéquat,182.0,182.0,193.0,193.0,0.0
SF01-UT-FDEM-0SEMII-PPUI01,184629.0,350.0,Mécanique,Graissage,16,29.2,,observée,29.2,3.1,22,4,0.27,Insuffisant,29.2,20.4,8714.0,7081.0,1632.0
SF01-UT-FDEM-0SEMII-PPUI01-GMOT-0MOTEUR,211285.0,360.0,Électrique,Systématique,3,182.0,,observée,182.0,0.0,0,0,0.0,Adéquat,182.0,182.0,193.0,193.0,0.0
SF01-UT-FDEM-0SEMII-PPUI01-GMOT-0MOTEUR,213219.0,360.0,Électrique,Systématique,3,182.0,,observée,182.0,0.0,0,0,0.0,Adéquat,182.0,182.0,193.0,193.0,0.0
SF01-UT-FDEM-0SEMII-PPUI01-GMOT-DEPARTM,211150.0,360.0,Électrique,Systématique,3,182.0,,observée,182.0,0.0,0,0,0.0,Adéquat,182.0,182.0,193.0,193.0,0.0
SF01-UT-FDEM-0SEMII-PPUI01-GMOT-DEPARTM,213084.0,360.0,Électrique,Systématique,3,182.0,,observée,182.0,0.0,0,0,0.0,Adéquat,182.0,182.0,193.0,193.0,0.0
SF01-UT-FDEM-0SEMII-PPUI02,184630.0,350.0,Mécanique,Graissage,16,29.1,,observée,29.1,3.4,18,3,0.2,Insuffisant,29.1,20.4,6789.0,5710.0,1080.0
SF01-UT-FDEM-0SEMII-PPUI02-GMOT-0MOTEUR,211286.0,360.0,Électrique,Systématique,3,182.0,,observée,182.0,0.0,0,0,0.0,Adéquat,182.0,182.0,193.0,193.0,0.0
SF01-UT-FDEM-0SEMII-PPUI02-GMOT-0MOTEUR,213220.0,360.0,Électrique,Systématique,3,182.0,,observée,182.0,0.0,0,0,0.0,Adéquat,182.0,182.0,193.0,193.0,0.0
SF01-UT-FDEM-0SEMII-PSTMBT,211234.0,360.0,Électrique,Systématique,51,8.8,,observée,8.8,10.0,0,0,0.0,Trop fréquent,8.8,17.6,3982.0,1991.0,1991.0
SF01-UT-FDEM-0SEMII-PSTMBT,211247.0,360.0,Électrique,Systématique,15,27.9,,observée,27.9,3.4,0,0,0.0,Adéquat,27.9,27.9,1256.0,1256.0,0.0
SF01-UT-FDEM-0SEMII-PSTMBT,211390.0,310.0,Électrique,Inspection,51,7.2,,observée,7.2,1.8,0,0,0.0,Trop fréquent,7.2,14.4,4867.0,2434.0,2434.0
SF01-UT-FDEM-0SEMII-PSTMBT,213168.0,360.0,Électrique,Systématique,50,7.4,,observée,7.4,2.9,0,0,0.0,Trop fréquent,7.4,14.8,4736.0,2368.0,2368.0
SF01-UT-FDEM-0SEMII-PSTMBT,213181.0,360.0,Électrique,Systématique,14,28.0,,observée,28.0,5.9,0,0,0.0,Adéquat,28.0,28.0,1252.0,1252.0,0.0
SF01-UT-FDEM-0SEMII-PSTMBT,213324.0,290.0,Électrique,Inspection,51,7.3,,observée,7.3,2.9,0,0,0.0,Trop fréquent,7.3,14.6,4801.0,2400.0,2400.0
SF01-UT-FDEM-0SEMII-PSTMBT-TGBT-000BATR,211140.0,360.0,Électrique,Systématique,3,182.0,,observée,182.0,0.0,0,0,0.0,Adéquat,182.0,182.0,193.0,193.0,0.0
SF01-UT-FDEM-0SEMII-PSTMBT-TGBT-000BATR,213074.0,360.0,Électrique,Systématique,3,182.0,,observée,182.0,0.0,0,0,0.0,Adéquat,182.0,182.0,193.0,193.0,0.0
SF01-UT-FDEM-0SEMII-PSTMBT-TGBT-000ECLT,211149.0,360.0,Électrique,Systématique,3,182.0,,observée,182.0,0.0,0,0,0.0,Adéquat,182.0,182.0,193.0,193.0,0.0
SF01-UT-FDEM-0SEMII-PSTMBT-TGBT-000ECLT,213083.0,360.0,Électrique,Systématique,3,182.0,,observée,182.0,0.0,0,0,0.0,Adéquat,182.0,182.0,193.0,193.0,0.0
SF01-UT-FDEM-0SEMII-PSTMBT-TGBT-000EPS2,211151.0,360.0,Électrique,Systématique,3,182.0,,observée,182.0,0.0,0,0,0.0,Adéquat,182.0,182.0,193.0,193.0,0.0
SF01-UT-FDEM-0SEMII-PSTMBT-TGBT-000EPS2,213085.0,360.0,Électrique,Systématique,3,182.0,,observée,182.0,0.0,0,0,0.0,Adéquat,182.0,182.0,193.0,193.0,0.0
SF01-UT-FDEM-0SEMII-PSTMBT-TGBT-000EPUS,211152.0,360.0,Électrique,Systématique,3,182.0,,observée,182.0,0.0,0,0,0.0,Adéquat,182.0,182.0,193.0,193.0,0.0
SF01-UT-FDEM-0SEMII-PSTMBT-TGBT-000EPUS,213086.0,360.0,Électrique,Systématique,3,182.0,,observée,182.0,0.0,0,0,0.0,Adéquat,182.0,182.0,193.0,193.0,0.0
SF01-UT-FDEM-0SEMII-PSTMBT-TGBT-000INFR,211158.0,360.0,Électrique,Systématique,3,182.0,,observée,182.0,0.0,0,0,0.0,Adéquat,182.0,182.0,193.0,193.0,0.0
SF01-UT-FDEM-0SEMII-PSTMBT-TGBT-000INFR,213092.0,360.0,Électrique,Systématique,3,182.0,,observée,182.0,0.0,0,0,0.0,Adéquat,182.0,182.0,193.0,193.0,0.0
SF01-UT-FDEM-0SEMII-PSTMBT-TGBT-000JDBR,211257.0,360.0,Électrique,Systématique,3,182.0,,observée,182.0,0.0,0,0,0.0,Adéquat,182.0,182.0,193.0,193.0,0.0
SF01-UT-FDEM-0SEMII-PSTMBT-TGBT-000JDBR,213191.0,360.0,Électrique,Systématique,3,182.0,,observée,182.0,0.0,0,0,0.0,Adéquat,182.0,182.0,193.0,193.0,0.0
SF01-UT-FDEM-0SEMII-PSTMBT-TGBT-000K356,211161.0,360.0,Électrique,Systématique,3,182.0,,observée,182.0,0.0,0,0,0.0,Adéquat,182.0,182.0,193.0,193.0,0.0
SF01-UT-FDEM-0SEMII-PSTMBT-TGBT-000K356,213095.0,360.0,Électrique,Systématique,3,182.0,,observée,182.0,0.0,0,0,0.0,Adéquat,182.0,182.0,193.0,193.0,0.0
SF01-UT-FDEM-0SEMII-PSTMBT-TGBT-000MCRO,211169.0,360.0,Électrique,Systématique,3,182.0,,observée,182.0,0.0,0,0,0.0,Adéquat,182.0,182.0,193.0,193.0,0.0
SF01-UT-FDEM-0SEMII-PSTMBT-TGBT-000MCRO,213103.0,360.0,Électrique,Systématique,3,182.0,,observée,182.0,0.0,0,0,0.0,Adéquat,182.0,182.0,193.0,193.0,0.0
SF01-UT-FDEM-0SEMII-PSTMBT-TGBT-000ONDS,211170.0,360.0,Électrique,Systématique,3,182.0,,observée,182.0,0.0,0,0,0.0,Adéquat,182.0,182.0,193.0,193.0,0.0
SF01-UT-FDEM-0SEMII-PSTMBT-TGBT-000ONDS,213104.0,360.0,Électrique,Systématique,3,182.0,,observée,182.0,0.0,0,0,0.0,Adéquat,182.0,182.0,193.0,193.0,0.0
SF01-UT-FDEM-0SEMII-PSTMBT-TGBT-000P202,211171.0,360.0,Électrique,Systématique,3,182.0,,observée,182.0,0.0,1,0,0.0,Adéquat,182.0,182.0,193.0,193.0,0.0
SF01-UT-FDEM-0SEMII-PSTMBT-TGBT-000P202,213105.0,360.0,Électrique,Systématique,3,182.0,,observée,182.0,0.0,1,0,0.0,Adéquat,182.0,182.0,193.0,193.0,0.0
SF01-UT-FDEM-0SEMII-PSTMBT-TGBT-000STED,211215.0,360.0,Électrique,Systématique,3,182.0,,observée,182.0,0.0,0,0,0.0,Adéquat,182.0,182.0,193.0,193.0,0.0
SF01-UT-FDEM-0SEMII-PSTMBT-TGBT-000STED,213149.0,360.0,Électrique,Systématique,3,182.0,,observée,182.0,0.0,0,0,0.0,Adéquat,182.0,182.0,193.0,193.0,0.0
SF01-UT-FDEM-0SEMII-PSTMBT-TGBT-000SZR5,211214.0,360.0,Électrique,Systématique,3,182.0,,observée,182.0,0.0,0,0,0.0,Adéquat,182.0,182.0,193.0,193.0,0.0
SF01-UT-FDEM-0SEMII-PSTMBT-TGBT-000SZR5,213148.0,360.0,Électrique,Systématique,3,182.0,,observée,182.0,0.0,0,0,0.0,Adéquat,182.0,182.0,193.0,193.0,0.0
SF01-UT-FDEM-0SEMII-PSTMBT-TGBT-000X353,211219.0,360.0,Électrique,Systématique,3,182.0,,observée,182.0,0.0,0,0,0.0,Adéquat,182.0,182.0,193.0,193.0,0.0
SF01-UT-FDEM-0SEMII-PSTMBT-TGBT-000X353,213153.0,360.0,Électrique,Systématique,3,182.0,,observée,182.0,0.0,0,0,0.0,Adéquat,182.0,182.0,193.0,193.0,0.0
SF01-UT-FDEM-0SEMII-PSTMBT-TGBT-000X355,211220.0,360.0,Électrique,Systématique,3,182.0,,observée,182.0,0.0,0,0,0.0,Adéquat,182.0,182.0,193.0,193.0,0.0
SF01-UT-FDEM-0SEMII-PSTMBT-TGBT-000X355,213154.0,360.0,Électrique,Systématique,3,182.0,,observée,182.0,0.0,0,0,0.0,Adéquat,182.0,182.0,193.0,193.0,0.0
SF01-UT-FDEM-0SEMII-PSTMBT-TGBT-000X356,211221.0,360.0,Électrique,Systématique,3,182.0,,observée,182.0,0.0,0,0,0.0,Adéquat,182.0,182.0,193.0,193.0,0.0
SF01-UT-FDEM-0SEMII-PSTMBT-TGBT-000X356,213155.0,360.0,Électrique,Systématique,3,182.0,,observée,182.0,0.0,0,0,0.0,Adéquat,182.0,182.0,193.0,193.0,0.0
SF01-UT-FDEM-0SEMII-PSTMBT-TGBT-000X360,211222.0,360.0,Électrique,Systématique,3,182.0,,observée,182.0,0.0,0,0,0.0,Adéquat,182.0,182.0,193.0,193.0,0.0
SF01-UT-FDEM-0SEMII-PSTMBT-TGBT-000X360,213156.0,360.0,Électrique,Systématique,3,182.0,,observée,182.0,0.0,0,0,0.0,Adéquat,182.0,182.0,193.0,193.0,0.0
SF01-UT-FDEM-0SEMII-PSTMBT-TGBT-000X362,211223.0,360.0,Électrique,Systématique,3,182.0,,observée,182.0,0.0,0,0,0.0,Adéquat,182.0,182.0,193.0,193.0,0.0
SF01-UT-FDEM-0SEMII-PSTMBT-TGBT-000X362,213157.0,360.0,Électrique,Systématique,3,182.0,,observée,182.0,0.0,0,0,0.0,Adéquat,182.0,182.0,193.0,193.0,0.0
SF01-UT-FDEM-0SEMII-PSTMBT-TGMT-00K1401,211073.0,360.0,Électrique,Systématique,3,182.0,,observée,182.0,0.0,0,0,0.0,Adéquat,182.0,182.0,193.0,193.0,0.0
SF01-UT-FDEM-0SEMII-PSTMBT-TGMT-00K1401,213007.0,360.0,Électrique,Systématique,3,182.0,,observée,182.0,0.0,0,0,0.0,Adéquat,182.0,182.0,193.0,193.0,0.0
SF01-UT-FDEM-0SEMII-PSTMBT-TGMT-00K1402,211074.0,360.0,Électrique,Systématique,3,182.0,,observée,182.0,0.0,0,0,0.0,Adéquat,182.0,182.0,193.0,193.0,0.0
SF01-UT-FDEM-0SEMII-PSTMBT-TGMT-00K1402,213008.0,360.0,Électrique,Systématique,3,182.0,,observée,182.0,0.0,0,0,0.0,Adéquat,182.0,182.0,193.0,193.0,0.0
SF01-UT-FDEM-0SEMII-PSTMBT-TGMT-00K1403,211075.0,360.0,Électrique,Systématique,3,182.0,,observée,182.0,0.0,0,0,0.0,Adéquat,182.0,182.0,193.0,193.0,0.0
SF01-UT-FDEM-0SEMII-PSTMBT-TGMT-00K1403,213009.0,360.0,Électrique,Systématique,3,182.0,,observée,182.0,0.0,0,0,0.0,Adéquat,182.0,182.0,193.0,193.0,0.0
SF01-UT-FDEM-0SEMII-PSTMBT-TGMT-SULZPP2,211095.0,360.0,Électrique,Systématique,3,182.0,,observée,182.0,0.0,1,1,0.5,Insuffisant,182.0,127.4,2425.0,1870.0,555.0
SF01-UT-FDEM-0SEMII-PSTMBT-TGMT-SULZPP2,213029.0,360.0,Électrique,Systématique,3,182.0,,observée,182.0,0.0,1,1,0.5,Insuffisant,182.0,127.4,2425.0,1870.0,555.0
SF01-UT-FDEM-0SEMII-PSTTR1-TRSF,211050.0,310.0,Électrique,Inspection,15,27.9,,observée,27.9,3.4,0,0,0.0,Adéquat,27.9,27.9,1256.0,1256.0,0.0
SF01-UT-FDEM-0SEMII-PSTTR1-TRSF,212983.0,310.0,Électrique,Inspection,14,28.0,,observée,28.0,5.9,0,0,0.0,Adéquat,28.0,28.0,1252.0,1252.0,0.0
SF01-UT-FDEM-BASSIN-0IP01A,184821.0,350.0,Mécanique,Graissage,60,7.1,,observée,7.1,1.7,3,3,0.05,Adéquat,7.1,7.1,10658.0,10658.0,0.0
SF01-UT-FDEM-BASSIN-0IP01A,184822.0,290.0,Mécanique,Inspection,60,7.0,,observée,7.0,2.0,3,3,0.05,Adéquat,7.0,7.0,10811.0,10811.0,0.0
SF01-UT-FDEM-BASSIN-0IP01A-CRSV-924VT670,218871.0,360.0,Régulation/Instrumentation,Systématique,5,78.2,,observée,78.2,23.2,0,0,0.0,Adéquat,78.2,78.2,448.0,448.0,0.0
SF01-UT-FDEM-BASSIN-0IP01A-GMOT-0MOTEUR,211002.0,360.0,Électrique,Systématique,3,182.0,,observée,182.0,0.0,0,0,0.0,Adéquat,182.0,182.0,193.0,193.0,0.0
SF01-UT-FDEM-BASSIN-0IP01A-GMOT-0MOTEUR,211356.0,360.0,Électrique,Systématique,6,91.0,,observée,91.0,0.0,0,0,0.0,Adéquat,91.0,91.0,385.0,385.0,0.0
SF01-UT-FDEM-BASSIN-0IP01A-GMOT-0MOTEUR,212935.0,360.0,Électrique,Systématique,3,182.0,,observée,182.0,0.0,0,0,0.0,Adéquat,182.0,182.0,193.0,193.0,0.0
SF01-UT-FDEM-BASSIN-0IP01A-GMOT-0MOTEUR,213290.0,360.0,Électrique,Systématique,5,88.8,,observée,88.8,3.9,0,0,0.0,Adéquat,88.8,88.8,395.0,395.0,0.0
SF01-UT-FDEM-BASSIN-0IP01A-GMOT-DEPARTM,211059.0,360.0,Électrique,Systématique,3,182.0,,observée,182.0,0.0,0,0,0.0,Adéquat,182.0,182.0,193.0,193.0,0.0
SF01-UT-FDEM-BASSIN-0IP01A-GMOT-DEPARTM,212993.0,360.0,Électrique,Systématique,3,182.0,,observée,182.0,0.0,0,0,0.0,Adéquat,182.0,182.0,193.0,193.0,0.0
SF01-UT-FDEM-BASSIN-0IP01B,184823.0,350.0,Mécanique,Graissage,60,7.1,,observée,7.1,1.7,0,0,0.0,Trop fréquent,7.1,14.2,4936.0,2468.0,2468.0
SF01-UT-FDEM-BASSIN-0IP01B,184824.0,290.0,Mécanique,Inspection,60,7.1,,observée,7.1,1.7,0,0,0.0,Trop fréquent,7.1,14.2,4936.0,2468.0,2468.0
SF01-UT-FDEM-BASSIN-0IP01B-CRSV-924FT401,218859.0,360.0,Régulation/Instrumentation,Systématique,3,182.0,,observée,182.0,0.0,0,0,0.0,Adéquat,182.0,182.0,193.0,193.0,0.0
SF01-UT-FDEM-BASSIN-0IP01B-CRSV-924PT006,218864.0,360.0,Régulation/Instrumentation,Systématique,3,182.0,,observée,182.0,0.0,0,0,0.0,Adéquat,182.0,182.0,193.0,193.0,0.0
SF01-UT-FDEM-BASSIN-0IP01B-CRSV-924TT110,218868.0,360.0,Régulation/Instrumentation,Systématique,3,182.0,,observée,182.0,0.0,0,0,0.0,Adéquat,182.0,182.0,193.0,193.0,0.0
SF01-UT-FDEM-BASSIN-0IP01B-CRSV-924VT671,218872.0,360.0,Régulation/Instrumentation,Systématique,5,78.2,,observée,78.2,23.0,0,0,0.0,Adéquat,78.2,78.2,448.0,448.0,0.0
SF01-UT-FDEM-BASSIN-0IP01B-GMOT-0MOTEUR,211003.0,360.0,Électrique,Systématique,3,198.0,,observée,198.0,166.0,0,0,0.0,Adéquat,198.0,198.0,177.0,177.0,0.0
SF01-UT-FDEM-BASSIN-0IP01B-GMOT-0MOTEUR,211357.0,360.0,Électrique,Systématique,6,97.4,,observée,97.4,48.1,0,0,0.0,Adéquat,97.4,97.4,360.0,360.0,0.0
SF01-UT-FDEM-BASSIN-0IP01B-GMOT-0MOTEUR,212936.0,360.0,Électrique,Systématique,3,182.0,,observée,182.0,0.0,0,0,0.0,Adéquat,182.0,182.0,193.0,193.0,0.0
SF01-UT-FDEM-BASSIN-0IP01B-GMOT-0MOTEUR,213291.0,360.0,Électrique,Systématique,5,88.8,,observée,88.8,3.9,0,0,0.0,Adéquat,88.8,88.8,395.0,395.0,0.0
SF01-UT-FDEM-BASSIN-0IP01B-GMOT-DEPARTM,211060.0,360.0,Électrique,Systématique,3,198.0,,observée,198.0,166.0,0,0,0.0,Adéquat,198.0,198.0,177.0,177.0,0.0
SF01-UT-FDEM-BASSIN-0IP01B-GMOT-DEPARTM,212994.0,360.0,Électrique,Systématique,3,182.0,,observée,182.0,0.0,0,0,0.0,Adéquat,182.0,182.0,193.0,193.0,0.0
SF01-UT-FDEM-BASSIN-0IP02A,184825.0,350.0,Mécanique,Graissage,60,7.1,,observée,7.1,1.7,17,3,0.05,Adéquat,7.1,7.1,10658.0,10658.0,0.0
SF01-UT-FDEM-BASSIN-0IP02A,184826.0,290.0,Mécanique,Inspection,60,7.1,,observée,7.1,1.7,17,3,0.05,Adéquat,7.1,7.1,10658.0,10658.0,0.0
SF01-UT-FDEM-BASSIN-0IP02A-GMOT-0MOTEUR,211004.0,360.0,Électrique,Systématique,3,182.0,,observée,182.0,0.0,1,1,0.5,Insuffisant,182.0,127.4,2425.0,1870.0,555.0
SF01-UT-FDEM-BASSIN-0IP02A-GMOT-0MOTEUR,211358.0,360.0,Électrique,Systématique,6,91.0,,observée,91.0,0.0,1,1,0.2,Insuffisant,91.0,63.7,2171.0,1826.0,345.0
SF01-UT-FDEM-BASSIN-0IP02A-GMOT-0MOTEUR,212937.0,360.0,Électrique,Systématique,3,182.0,,observée,182.0,0.0,1,1,0.5,Insuffisant,182.0,127.4,2425.0,1870.0,555.0
SF01-UT-FDEM-BASSIN-0IP02A-GMOT-0MOTEUR,213292.0,360.0,Électrique,Systématique,5,88.8,,observée,88.8,3.9,1,1,0.25,Insuffisant,88.8,62.2,2682.0,2198.0,484.0
SF01-UT-FDEM-BASSIN-0IP02A-GMOT-DEPARTM,211061.0,360.0,Électrique,Systématique,3,182.0,,observée,182.0,0.0,0,0,0.0,Adéquat,182.0,182.0,193.0,193.0,0.0
SF01-UT-FDEM-BASSIN-0IP02A-GMOT-DEPARTM,212995.0,360.0,Électrique,Systématique,3,182.0,,observée,182.0,0.0,0,0,0.0,Adéquat,182.0,182.0,193.0,193.0,0.0
SF01-UT-FDEM-BASSIN-0IP02B,184827.0,350.0,Mécanique,Graissage,59,7.2,,observée,7.2,2.1,7,3,0.05,Adéquat,7.2,7.2,10510.0,10510.0,0.0
SF01-UT-FDEM-BASSIN-0IP02B,184828.0,290.0,Mécanique,Inspection,60,7.1,,observée,7.1,1.7,7,3,0.05,Adéquat,7.1,7.1,10658.0,10658.0,0.0
SF01-UT-FDEM-BASSIN-0IP02B-CRSV-924FT402,218860.0,360.0,Régulation/Instrumentation,Systématique,3,182.0,,observée,182.0,0.0,0,0,0.0,Adéquat,182.0,182.0,193.0,193.0,0.0
SF01-UT-FDEM-BASSIN-0IP02B-CRSV-924PT007,218865.0,360.0,Régulation/Instrumentation,Systématique,3,182.0,,observée,182.0,0.0,0,0,0.0,Adéquat,182.0,182.0,193.0,193.0,0.0
SF01-UT-FDEM-BASSIN-0IP02B-CRSV-924TT111,218869.0,360.0,Régulation/Instrumentation,Systématique,3,182.0,,observée,182.0,0.0,0,0,0.0,Adéquat,182.0,182.0,193.0,193.0,0.0
SF01-UT-FDEM-BASSIN-0IP02B-GMOT-0MOTEUR,211005.0,360.0,Électrique,Systématique,3,198.0,,observée,198.0,166.0,0,0,0.0,Adéquat,198.0,198.0,177.0,177.0,0.0
SF01-UT-FDEM-BASSIN-0IP02B-GMOT-0MOTEUR,211359.0,360.0,Électrique,Systématique,6,97.4,,observée,97.4,48.1,0,0,0.0,Adéquat,97.4,97.4,360.0,360.0,0.0
SF01-UT-FDEM-BASSIN-0IP02B-GMOT-0MOTEUR,212938.0,360.0,Électrique,Systématique,3,182.0,,observée,182.0,0.0,0,0,0.0,Adéquat,182.0,182.0,193.0,193.0,0.0
SF01-UT-FDEM-BASSIN-0IP02B-GMOT-0MOTEUR,213293.0,360.0,Électrique,Systématique,5,88.8,,observée,88.8,3.9,0,0,0.0,Adéquat,88.8,88.8,395.0,395.0,0.0
SF01-UT-FDEM-BASSIN-0IP02B-GMOT-DEPARTM,211062.0,360.0,Électrique,Systématique,3,198.0,,observée,198.0,166.0,0,0,0.0,Adéquat,198.0,198.0,177.0,177.0,0.0
SF01-UT-FDEM-BASSIN-0IP02B-GMOT-DEPARTM,212996.0,360.0,Électrique,Systématique,3,182.0,,observée,182.0,0.0,0,0,0.0,Adéquat,182.0,182.0,193.0,193.0,0.0
SF01-UT-FDEM-BASSIN-0IP03A,184829.0,350.0,Mécanique,Graissage,59,7.1,,observée,7.1,2.4,42,10,0.17,Insuffisant,7.1,5.0,24392.0,20949.0,3444.0
SF01-UT-FDEM-BASSIN-0IP03A,184830.0,290.0,Mécanique,Inspection,60,7.0,,observée,7.0,2.3,42,10,0.17,Insuffisant,7.0,4.9,24741.0,21248.0,3493.0
SF01-UT-FDEM-BASSIN-0IP03A-CRSV-924VT674,218873.0,360.0,Régulation/Instrumentation,Systématique,5,78.2,,observée,78.2,22.8,0,0,0.0,Adéquat,78.2,78.2,448.0,448.0,0.0
SF01-UT-FDEM-BASSIN-0IP03A-GMOT-0MOTEUR,211006.0,360.0,Électrique,Systématique,3,198.0,,observée,198.0,166.0,0,0,0.0,Adéquat,198.0,198.0,177.0,177.0,0.0
SF01-UT-FDEM-BASSIN-0IP03A-GMOT-0MOTEUR,211360.0,360.0,Électrique,Systématique,6,97.4,,observée,97.4,48.1,0,0,0.0,Adéquat,97.4,97.4,360.0,360.0,0.0
SF01-UT-FDEM-BASSIN-0IP03A-GMOT-0MOTEUR,212939.0,360.0,Électrique,Systématique,3,182.0,,observée,182.0,0.0,0,0,0.0,Adéquat,182.0,182.0,193.0,193.0,0.0
SF01-UT-FDEM-BASSIN-0IP03A-GMOT-0MOTEUR,213294.0,360.0,Électrique,Systématique,5,88.8,,observée,88.8,3.9,0,0,0.0,Adéquat,88.8,88.8,395.0,395.0,0.0
SF01-UT-FDEM-BASSIN-0IP03A-GMOT-DEPARTM,211063.0,360.0,Électrique,Systématique,3,198.0,,observée,198.0,166.0,0,0,0.0,Adéquat,198.0,198.0,177.0,177.0,0.0
SF01-UT-FDEM-BASSIN-0IP03A-GMOT-DEPARTM,212997.0,360.0,Électrique,Systématique,3,182.0,,observée,182.0,0.0,0,0,0.0,Adéquat,182.0,182.0,193.0,193.0,0.0
SF01-UT-FDEM-BASSIN-0IP03B,184831.0,350.0,Mécanique,Graissage,59,7.1,,observée,7.1,2.4,13,8,0.14,Adéquat,7.1,7.1,20959.0,20959.0,0.0
SF01-UT-FDEM-BASSIN-0IP03B,184832.0,290.0,Mécanique,Inspection,60,7.0,,observée,7.0,2.3,13,8,0.14,Adéquat,7.0,7.0,21258.0,21258.0,0.0
SF01-UT-FDEM-BASSIN-0IP03B-CRSV-924PT008,218866.0,360.0,Régulation/Instrumentation,Systématique,3,182.0,,observée,182.0,0.0,0,0,0.0,Adéquat,182.0,182.0,193.0,193.0,0.0
SF01-UT-FDEM-BASSIN-0IP03B-CRSV-924TT112,218870.0,360.0,Régulation/Instrumentation,Systématique,3,182.0,,observée,182.0,0.0,0,0,0.0,Adéquat,182.0,182.0,193.0,193.0,0.0
SF01-UT-FDEM-BASSIN-0IP03B-CRSV-924VT675,218874.0,360.0,Régulation/Instrumentation,Systématique,5,78.2,,observée,78.2,22.8,0,0,0.0,Adéquat,78.2,78.2,448.0,448.0,0.0
SF01-UT-FDEM-BASSIN-0IP03B-GMOT-0MOTEUR,211007.0,360.0,Électrique,Systématique,3,182.0,,observée,182.0,0.0,0,0,0.0,Adéquat,182.0,182.0,193.0,193.0,0.0
SF01-UT-FDEM-BASSIN-0IP03B-GMOT-0MOTEUR,211361.0,360.0,Électrique,Systématique,6,91.0,,observée,91.0,0.0,0,0,0.0,Adéquat,91.0,91.0,385.0,385.0,0.0
SF01-UT-FDEM-BASSIN-0IP03B-GMOT-0MOTEUR,212940.0,360.0,Électrique,Systématique,3,182.0,,observée,182.0,0.0,0,0,0.0,Adéquat,182.0,182.0,193.0,193.0,0.0
SF01-UT-FDEM-BASSIN-0IP03B-GMOT-0MOTEUR,213295.0,360.0,Électrique,Systématique,5,88.8,,observée,88.8,3.9,0,0,0.0,Adéquat,88.8,88.8,395.0,395.0,0.0
SF01-UT-FDEM-BASSIN-0IP03B-GMOT-DEPARTM,211064.0,360.0,Électrique,Systématique,3,182.0,,observée,182.0,0.0,0,0,0.0,Adéquat,182.0,182.0,193.0,193.0,0.0
SF01-UT-FDEM-BASSIN-0IP03B-GMOT-DEPARTM,212998.0,360.0,Électrique,Systématique,3,182.0,,observée,182.0,0.0,0,0,0.0,Adéquat,182.0,182.0,193.0,193.0,0.0
SF01-UT-FDEM-BASSIN-0IP04A,184833.0,350.0,Mécanique,Graissage,59,7.2,,observée,7.2,2.1,24,10,0.17,Insuffisant,7.2,5.0,24053.0,20658.0,3396.0
SF01-UT-FDEM-BASSIN-0IP04A,184834.0,290.0,Mécanique,Inspection,60,7.0,,observée,7.0,2.3,24,9,0.15,Adéquat,7.0,7.0,22419.0,22419.0,0.0
SF01-UT-FDEM-BASSIN-0IP04A-CRSV-924VT676,218875.0,360.0,Régulation/Instrumentation,Systématique,5,78.2,,observée,78.2,22.8,0,0,0.0,Adéquat,78.2,78.2,448.0,448.0,0.0
SF01-UT-FDEM-BASSIN-0IP04A-GMOT-0MOTEUR,211008.0,360.0,Électrique,Systématique,3,198.0,,observée,198.0,166.0,0,0,0.0,Adéquat,198.0,198.0,177.0,177.0,0.0
SF01-UT-FDEM-BASSIN-0IP04A-GMOT-0MOTEUR,211362.0,360.0,Électrique,Systématique,6,97.4,,observée,97.4,93.3,0,0,0.0,Adéquat,97.4,97.4,360.0,360.0,0.0
SF01-UT-FDEM-BASSIN-0IP04A-GMOT-0MOTEUR,212941.0,360.0,Électrique,Systématique,3,182.0,,observée,182.0,0.0,0,0,0.0,Adéquat,182.0,182.0,193.0,193.0,0.0
SF01-UT-FDEM-BASSIN-0IP04A-GMOT-0MOTEUR,213296.0,360.0,Électrique,Systématique,5,88.8,,observée,88.8,3.9,0,0,0.0,Adéquat,88.8,88.8,395.0,395.0,0.0
SF01-UT-FDEM-BASSIN-0IP04A-GMOT-DEPARTM,211065.0,360.0,Électrique,Systématique,3,198.0,,observée,198.0,166.0,0,0,0.0,Adéquat,198.0,198.0,177.0,177.0,0.0
SF01-UT-FDEM-BASSIN-0IP04A-GMOT-DEPARTM,212999.0,360.0,Électrique,Systématique,3,182.0,,observée,182.0,0.0,0,0,0.0,Adéquat,182.0,182.0,193.0,193.0,0.0
SF01-UT-FDEM-BASSIN-0IP04B,184835.0,350.0,Mécanique,Graissage,29,14.9,,observée,14.9,0.8,18,10,0.36,Insuffisant,14.9,10.4,21985.0,17384.0,4601.0
SF01-UT-FDEM-BASSIN-0IP04B,184836.0,290.0,Mécanique,Inspection,60,7.0,,observée,7.0,2.0,18,12,0.2,Insuffisant,7.0,4.9,28223.0,23735.0,4488.0
SF01-UT-FDEM-BASSIN-0IP04B-CRSV-924FT404,218861.0,360.0,Régulation/Instrumentation,Systématique,3,182.0,,observée,182.0,0.0,0,0,0.0,Adéquat,182.0,182.0,193.0,193.0,0.0
SF01-UT-FDEM-BASSIN-0IP04B-CRSV-924PV009,218867.0,360.0,Régulation/Instrumentation,Systématique,5,78.2,,observée,78.2,22.8,0,0,0.0,Adéquat,78.2,78.2,448.0,448.0,0.0
SF01-UT-FDEM-BASSIN-0IP04B-CRSV-924VT677,218876.0,360.0,Régulation/Instrumentation,Systématique,5,78.2,,observée,78.2,23.0,0,0,0.0,Adéquat,78.2,78.2,448.0,448.0,0.0
SF01-UT-FDEM-BASSIN-0IP04B-GMOT-0MOTEUR,211009.0,360.0,Électrique,Systématique,3,182.0,,observée,182.0,0.0,0,0,0.0,Adéquat,182.0,182.0,193.0,193.0,0.0
SF01-UT-FDEM-BASSIN-0IP04B-GMOT-0MOTEUR,211363.0,360.0,Électrique,Systématique,6,91.0,,observée,91.0,0.0,0,0,0.0,Adéquat,91.0,91.0,385.0,385.0,0.0
SF01-UT-FDEM-BASSIN-0IP04B-GMOT-0MOTEUR,212942.0,360.0,Électrique,Systématique,3,182.0,,observée,182.0,0.0,0,0,0.0,Adéquat,182.0,182.0,193.0,193.0,0.0
SF01-UT-FDEM-BASSIN-0IP04B-GMOT-0MOTEUR,213297.0,360.0,Électrique,Systématique,5,88.8,,observée,88.8,3.9,0,0,0.0,Adéquat,88.8,88.8,395.0,395.0,0.0
SF01-UT-FDEM-BASSIN-0IP04B-GMOT-DEPARTM,211066.0,360.0,Électrique,Systématique,3,182.0,,observée,182.0,0.0,0,0,0.0,Adéquat,182.0,182.0,193.0,193.0,0.0
SF01-UT-FDEM-BASSIN-0IP04B-GMOT-DEPARTM,213000.0,360.0,Électrique,Systématique,3,182.0,,observée,182.0,0.0,0,0,0.0,Adéquat,182.0,182.0,193.0,193.0,0.0
SF01-UT-FDEM-BASSIN-0IP06A,184837.0,350.0,Mécanique,Graissage,16,28.1,,observée,28.1,7.0,5,1,0.07,Adéquat,28.1,28.1,3271.0,3271.0,0.0
SF01-UT-FDEM-BASSIN-0IP06A,184838.0,290.0,Mécanique,Inspection,16,29.1,,observée,29.1,3.8,5,1,0.07,Adéquat,29.1,29.1,3159.0,3159.0,0.0
SF01-UT-FDEM-BASSIN-0IP06B,184839.0,290.0,Mécanique,Inspection,8,59.1,,observée,59.1,2.8,0,0,0.0,Adéquat,59.1,59.1,593.0,593.0,0.0
SF01-UT-FDEM-BASSIN-0IP06B,184840.0,290.0,Mécanique,Inspection,16,29.1,,observée,29.1,3.4,0,0,0.0,Adéquat,29.1,29.1,1204.0,1204.0,0.0
SF01-UT-FDEM-BASSIN-DEGRI1,184841.0,350.0,Mécanique,Graissage,30,14.6,,observée,14.6,2.0,3,2,0.07,Adéquat,14.6,14.6,6296.0,6296.0,0.0
SF01-UT-FDEM-BASSIN-DEGRI2,184842.0,350.0,Mécanique,Graissage,30,14.6,,observée,14.6,2.0,2,1,0.03,Adéquat,14.6,14.6,4070.0,4070.0,0.0
SF01-UT-FDEM-BASSIN-FLTRT1,184843.0,350.0,Mécanique,Graissage,29,15.0,,observée,15.0,1.4,18,9,0.32,Insuffisant,15.0,10.5,19671.0,15720.0,3952.0
SF01-UT-FDEM-BASSIN-FLTRT1,184844.0,290.0,Mécanique,Inspection,29,14.9,,observée,14.9,1.1,18,9,0.32,Insuffisant,14.9,10.4,19804.0,15825.0,3978.0
SF01-UT-FDEM-BASSIN-FLTRT2,184845.0,350.0,Mécanique,Graissage,30,14.6,,observée,14.6,2.5,17,6,0.21,Insuffisant,14.6,10.2,14088.0,11778.0,2311.0
SF01-UT-FDEM-BASSIN-FLTRT2,184846.0,290.0,Mécanique,Inspection,16,29.3,,observée,29.3,2.7,17,5,0.33,Insuffisant,29.3,20.5,10348.0,8246.0,2102.0
SF01-UT-FDEM-BASSIN-FLTSTT,184847.0,350.0,Mécanique,Graissage,30,14.5,,observée,14.5,2.8,8,5,0.17,Insuffisant,14.5,10.1,11944.0,10258.0,1686.0
SF02-FD,54446.0,350.0,Mécanique,Graissage,30,14.5,730.0,observée,14.5,2.0,211,25,0.86,Insuffisant,14.5,10.1,50612.0,37877.0,12734.0
SF02-FD,54446.0,360.0,Mécanique,Systématique,10,15.0,730.0,observée,15.0,0.8,211,7,0.78,Insuffisant,15.0,10.5,44591.0,33519.0,11071.0
SF02-FD,55665.0,310.0,Mécanique,Inspection,4,29.3,730.0,observée,29.3,0.5,211,3,1.0,Insuffisant,29.3,20.5,28929.0,21518.0,7411.0
SF02-FD,55665.0,350.0,Mécanique,Graissage,16,27.9,730.0,observée,27.9,6.4,211,14,0.93,Insuffisant,27.9,19.5,28342.0,21142.0,7201.0
SF02-FD,200000012448.0,360.0,Mécanique,Systématique,10,9.6,730.0,observée,9.6,7.5,211,8,0.89,Insuffisant,9.6,6.7,78984.0,59025.0,19959.0
SF02-FD,200000012449.0,360.0,Mécanique,Systématique,13,7.1,730.0,observée,7.1,2.1,211,10,0.83,Insuffisant,7.1,5.0,99928.0,74903.0,25025.0
SF02-FD,200000012450.0,360.0,Mécanique,Systématique,9,9.9,730.0,observée,9.9,7.8,211,7,0.88,Insuffisant,9.9,6.9,75770.0,56650.0,19120.0
SF02-FD,200000012451.0,360.0,Mécanique,Systématique,9,9.9,730.0,observée,9.9,7.8,211,7,0.88,Insuffisant,9.9,6.9,75770.0,56650.0,19120.0
SF02-FD,200000012467.0,360.0,Mécanique,Systématique,10,9.6,730.0,observée,9.6,7.5,211,8,0.89,Insuffisant,9.6,6.7,78984.0,59025.0,19959.0
SF02-FD,200000012468.0,360.0,Mécanique,Systématique,13,7.1,730.0,observée,7.1,2.1,211,10,0.83,Insuffisant,7.1,5.0,99928.0,74903.0,25025.0
SF02-FD,200000012478.0,360.0,Mécanique,Systématique,10,9.6,730.0,observée,9.6,7.5,211,8,0.89,Insuffisant,9.6,6.7,78984.0,59025.0,19959.0
SF02-FD,200000012479.0,360.0,Mécanique,Systématique,9,9.9,730.0,observée,9.9,7.8,211,7,0.88,Insuffisant,9.9,6.9,75770.0,56650.0,19120.0
SF02-FD,200000012480.0,360.0,Mécanique,Systématique,10,12.1,730.0,observée,12.1,9.7,211,8,0.89,Insuffisant,12.1,8.5,62665.0,46829.0,15835.0
SF02-FD,200000012489.0,360.0,Mécanique,Systématique,13,7.1,730.0,observée,7.1,2.1,211,10,0.83,Insuffisant,7.1,5.0,99928.0,74903.0,25025.0
SF02-FD,200000012490.0,360.0,Mécanique,Systématique,9,9.9,730.0,observée,9.9,7.8,211,7,0.88,Insuffisant,9.9,6.9,75770.0,56650.0,19120.0
SF02-FD,200000012491.0,360.0,Mécanique,Systématique,9,9.9,730.0,observée,9.9,7.8,211,7,0.88,Insuffisant,9.9,6.9,75770.0,56650.0,19120.0
SF02-FD,200000012499.0,360.0,Mécanique,Systématique,10,9.6,730.0,observée,9.6,7.5,211,8,0.89,Insuffisant,9.6,6.7,78984.0,59025.0,19959.0
SF02-FD,200000012500.0,360.0,Mécanique,Systématique,13,7.1,730.0,observée,7.1,2.1,211,10,0.83,Insuffisant,7.1,5.0,99928.0,74903.0,25025.0
SF02-FD,200000012501.0,360.0,Mécanique,Systématique,10,9.6,730.0,observée,9.6,7.4,211,8,0.89,Insuffisant,9.6,6.7,78984.0,59025.0,19959.0
SF02-FD,200000012502.0,360.0,Mécanique,Systématique,9,9.9,730.0,observée,9.9,7.8,211,7,0.88,Insuffisant,9.9,6.9,75770.0,56650.0,19120.0
SF02-FD-0U17,215997.0,310.0,Régulation/Instrumentation,Inspection,21,22.3,,observée,22.3,15.1,14,6,0.3,Insuffisant,22.3,15.6,12503.0,10053.0,2450.0
SF02-FD-0U17-PULPCH-17PT01-SURV-LIC202,216463.0,360.0,Régulation/Instrumentation,Systématique,17,27.9,,observée,27.9,22.8,0,0,0.0,Adéquat,27.9,27.9,1256.0,1256.0,0.0
SF02-FD-0U17-PULPCH-17PT01-SURV-LIT203,216459.0,360.0,Régulation/Instrumentation,Systématique,7,86.0,,observée,86.0,28.9,0,0,0.0,Adéquat,86.0,86.0,408.0,408.0,0.0
SF02-FD-0U17-SFLUID-17CP01,50660.0,310.0,Régulation/Instrumentation,Inspection,8,20.6,,observée,20.6,10.3,3,0,0.0,Adéquat,20.6,20.6,1701.0,1701.0,0.0
SF02-FD-0U17-SFLUID-17CP01,50665.0,310.0,Régulation/Instrumentation,Inspection,3,90.0,,observée,90.0,86.0,3,0,0.0,Adéquat,90.0,90.0,389.0,389.0,0.0
SF02-FD-0U17-SFLUID-17CP01,50675.0,310.0,Régulation/Instrumentation,Inspection,4,81.7,,observée,81.7,49.4,3,0,0.0,Adéquat,81.7,81.7,429.0,429.0,0.0
SF02-FD-0U17-SFLUID-17CP01-SURV-1KV1701,216211.0,360.0,Régulation/Instrumentation,Systématique,9,67.1,,observée,67.1,45.6,0,0,0.0,Adéquat,67.1,67.1,522.0,522.0,0.0
SF02-FD-0U17-SFLUID-17CP01-SURV-1KV1702,216213.0,360.0,Régulation/Instrumentation,Systématique,9,67.1,,observée,67.1,45.6,0,0,0.0,Adéquat,67.1,67.1,522.0,522.0,0.0
SF02-FD-0U17-SFLUID-17CP01-SURV-1KV1703,216215.0,360.0,Régulation/Instrumentation,Systématique,10,59.7,,observée,59.7,33.9,0,0,0.0,Adéquat,59.7,59.7,587.0,587.0,0.0
SF02-FD-0U17-SFLUID-17CP01-SURV-1KV1704,216217.0,360.0,Régulation/Instrumentation,Systématique,8,76.7,,observée,76.7,50.5,0,0,0.0,Adéquat,76.7,76.7,457.0,457.0,0.0
SF02-FD-0U17-SFLUID-17CP01-SURV-1KV1705,216219.0,360.0,Régulation/Instrumentation,Systématique,8,76.7,,observée,76.7,50.9,0,0,0.0,Adéquat,76.7,76.7,457.0,457.0,0.0
SF02-FD-0U17-SFLUID-17CP01-SURV-1KV1706,216221.0,360.0,Régulation/Instrumentation,Systématique,9,67.1,,observée,67.1,40.2,0,0,0.0,Adéquat,67.1,67.1,522.0,522.0,0.0
SF02-FD-0U17-SFLUID-17CP01-SURV-1KV1707,216223.0,360.0,Régulation/Instrumentation,Systématique,8,76.7,,observée,76.7,51.7,0,0,0.0,Adéquat,76.7,76.7,457.0,457.0,0.0
SF02-FD-0U17-SFLUID-17CP01-SURV-1KV1708,216225.0,360.0,Régulation/Instrumentation,Systématique,8,76.7,,observée,76.7,52.1,1,1,0.14,Adéquat,76.7,76.7,1940.0,1940.0,0.0
SF02-FD-0U17-SFLUID-17CP02,50661.0,310.0,Régulation/Instrumentation,Inspection,8,20.6,,observée,20.6,10.3,2,0,0.0,Adéquat,20.6,20.6,1701.0,1701.0,0.0
SF02-FD-0U17-SFLUID-17CP02,50666.0,310.0,Régulation/Instrumentation,Inspection,3,90.0,,observée,90.0,86.0,2,0,0.0,Adéquat,90.0,90.0,389.0,389.0,0.0
SF02-FD-0U17-SFLUID-17CP02,50676.0,310.0,Régulation/Instrumentation,Inspection,4,81.7,,observée,81.7,49.8,2,1,0.33,Insuffisant,81.7,57.2,3711.0,2957.0,754.0
SF02-FD-0U17-SFLUID-17CP02-SURV-2KV1701,216212.0,360.0,Régulation/Instrumentation,Systématique,11,53.7,,observée,53.7,33.4,0,0,0.0,Adéquat,53.7,53.7,653.0,653.0,0.0
SF02-FD-0U17-SFLUID-17CP02-SURV-2KV1702,216214.0,360.0,Régulation/Instrumentation,Systématique,11,53.7,,observée,53.7,32.7,0,0,0.0,Adéquat,53.7,53.7,653.0,653.0,0.0
SF02-FD-0U17-SFLUID-17CP02-SURV-2KV1703,216216.0,360.0,Régulation/Instrumentation,Systématique,9,67.1,,observée,67.1,45.2,0,0,0.0,Adéquat,67.1,67.1,522.0,522.0,0.0
SF02-FD-0U17-SFLUID-17CP02-SURV-2KV1704,216218.0,360.0,Régulation/Instrumentation,Systématique,10,59.7,,observée,59.7,37.0,0,0,0.0,Adéquat,59.7,59.7,587.0,587.0,0.0
SF02-FD-0U17-SFLUID-17CP02-SURV-2KV1705,216220.0,360.0,Régulation/Instrumentation,Systématique,10,59.7,,observée,59.7,30.6,0,0,0.0,Adéquat,59.7,59.7,587.0,587.0,0.0
SF02-FD-0U17-SFLUID-17CP02-SURV-2KV1706,216222.0,360.0,Régulation/Instrumentation,Systématique,9,67.1,,observée,67.1,43.0,0,0,0.0,Adéquat,67.1,67.1,522.0,522.0,0.0
SF02-FD-0U17-SFLUID-17CP02-SURV-2KV1707,216224.0,360.0,Régulation/Instrumentation,Systématique,10,59.7,,observée,59.7,29.7,0,0,0.0,Adéquat,59.7,59.7,587.0,587.0,0.0
SF02-FD-0U17-SFLUID-17CP02-SURV-2KV1708,216226.0,360.0,Régulation/Instrumentation,Systématique,8,76.7,,observée,76.7,55.5,0,0,0.0,Adéquat,76.7,76.7,457.0,457.0,0.0
SF02-FD-0U17-STOKCH-17AF01,54289.0,360.0,Mécanique,Systématique,10,60.0,730.0,observée,60.0,0.8,9,4,0.44,Insuffisant,60.0,42.0,6543.0,5091.0,1452.0
SF02-FD-0U17-STOKCH-17AF01-SURV,54290.0,360.0,Régulation/Instrumentation,Systématique,9,37.5,90.0,observée,37.5,13.0,0,0,0.0,Adéquat,37.5,37.5,935.0,935.0,0.0
SF02-FD-0U17-STOKCH-17AF01-SURV,54291.0,360.0,Régulation/Instrumentation,Systématique,14,16.3,30.0,observée,16.3,15.2,0,0,0.0,Trop fréquent,16.3,32.6,2150.0,1075.0,1075.0
SF02-FD-0U17-STOKCH-17AF01-SURV-601PV01,216497.0,360.0,Régulation/Instrumentation,Systématique,14,34.3,,observée,34.3,20.5,0,0,0.0,Adéquat,34.3,34.3,1022.0,1022.0,0.0
SF02-FD-0U17-STOKCH-17AF01-SURV-601PV02,216498.0,360.0,Régulation/Instrumentation,Systématique,14,34.3,,observée,34.3,20.4,0,0,0.0,Adéquat,34.3,34.3,1022.0,1022.0,0.0
SF02-FD-0U17-STOKCH-17AF01-SURV-PDI212,216469.0,360.0,Régulation/Instrumentation,Systématique,16,29.7,,observée,29.7,16.0,0,0,0.0,Adéquat,29.7,29.7,1180.0,1180.0,0.0
SF02-FD-0U17-STOKCH-17AF01-SURV-TT151,216485.0,360.0,Régulation/Instrumentation,Systématique,13,37.2,,observée,37.2,43.6,0,0,0.0,Adéquat,37.2,37.2,942.0,942.0,0.0
SF02-FD-0U17-STOKCH-17AF01-SURV-TT153,216486.0,360.0,Régulation/Instrumentation,Systématique,13,37.2,,observée,37.2,43.5,0,0,0.0,Adéquat,37.2,37.2,942.0,942.0,0.0
SF02-FD-0U17-STOKCH-17AF01-SURV-TT154,216487.0,360.0,Régulation/Instrumentation,Systématique,13,37.2,,observée,37.2,43.5,0,0,0.0,Adéquat,37.2,37.2,942.0,942.0,0.0
SF02-FD-0U17-STOKCH-17AF02,54292.0,290.0,Mécanique,Inspection,20,29.6,730.0,observée,29.6,2.4,7,4,0.21,Insuffisant,29.6,20.7,6949.0,5809.0,1140.0
SF02-FD-0U17-STOKCH-17AF02-FILT-ELECTRO,54293.0,360.0,Régulation/Instrumentation,Systématique,7,41.8,90.0,observée,41.8,28.3,0,0,0.0,Adéquat,41.8,41.8,838.0,838.0,0.0
SF02-FD-0U17-STOKCH-17AF02-FILT-ELECTRO,54294.0,360.0,Régulation/Instrumentation,Systématique,12,17.4,30.0,observée,17.4,11.2,0,0,0.0,Trop fréquent,17.4,34.8,2014.0,1007.0,1007.0
SF02-FD-0U17-STOKCH-17PS01-SURV-WIT202B,216455.0,360.0,Régulation/Instrumentation,Systématique,18,26.2,,observée,26.2,14.0,0,0,0.0,Adéquat,26.2,26.2,1338.0,1338.0,0.0
SF02-FD-0U17-STOKCH-17PS02-SURV-WIT202A,216454.0,360.0,Régulation/Instrumentation,Systématique,18,26.2,,observée,26.2,14.8,0,0,0.0,Adéquat,26.2,26.2,1338.0,1338.0,0.0
SF02-FD-0U17-STOKCH-17PU01,54295.0,360.0,Mécanique,Systématique,84,7.2,730.0,observée,7.2,2.7,6,6,0.07,Adéquat,7.2,7.2,12768.0,12768.0,0.0
SF02-FD-0U17-STOKCH-17PU01,54296.0,290.0,Mécanique,Inspection,20,29.6,730.0,observée,29.6,1.4,6,6,0.32,Insuffisant,29.6,20.7,9969.0,7966.0,2002.0
SF02-FD-0U17-STOKCH-17PU01,54297.0,350.0,Mécanique,Graissage,85,7.1,730.0,observée,7.1,1.5,6,6,0.07,Adéquat,7.1,7.1,12947.0,12947.0,0.0
SF02-FD-0U17-STOKCH-17PU01,54298.0,290.0,Mécanique,Inspection,80,7.2,730.0,observée,7.2,2.6,6,6,0.08,Adéquat,7.2,7.2,13896.0,13896.0,0.0
SF02-FD-0U17-STOKCH-17PU01,200000000710.0,350.0,Mécanique,Graissage,18,30.1,730.0,observée,30.1,0.7,6,6,0.35,Insuffisant,30.1,21.1,10613.0,8412.0,2201.0
SF02-FD-0U17-STOKCH-17PU01-GMOT,50680.0,310.0,Électrique,Inspection,7,34.0,90.0,observée,34.0,17.3,0,0,0.0,Adéquat,34.0,34.0,1031.0,1031.0,0.0
SF02-FD-0U17-STOKCH-17PU01-GMOT,50700.0,360.0,Électrique,Systématique,7,45.7,90.0,observée,45.7,32.4,0,0,0.0,Adéquat,45.7,45.7,767.0,767.0,0.0
SF02-FD-0U17-STOKCH-17PU02,54299.0,360.0,Mécanique,Systématique,84,7.2,730.0,observée,7.2,2.8,0,0,0.0,Trop fréquent,7.2,14.4,4867.0,2434.0,2434.0
SF02-FD-0U17-STOKCH-17PU02,54300.0,290.0,Mécanique,Inspection,20,29.6,730.0,observée,29.6,1.4,0,0,0.0,Adéquat,29.6,29.6,1184.0,1184.0,0.0
SF02-FD-0U17-STOKCH-17PU02,54301.0,350.0,Mécanique,Graissage,85,7.1,730.0,observée,7.1,1.5,0,0,0.0,Trop fréquent,7.1,14.2,4936.0,2468.0,2468.0
SF02-FD-0U17-STOKCH-17PU02,54302.0,360.0,Mécanique,Systématique,80,6.9,730.0,observée,6.9,1.7,0,0,0.0,Trop fréquent,6.9,13.8,5079.0,2540.0,2540.0
SF02-FD-0U17-STOKCH-17PU02,200000000711.0,350.0,Mécanique,Graissage,18,30.1,730.0,observée,30.1,3.0,0,0,0.0,Adéquat,30.1,30.1,1164.0,1164.0,0.0
SF02-FD-0U17-STOKCH-17PU02-GMOT,50681.0,310.0,Électrique,Inspection,4,95.0,90.0,observée,95.0,85.0,0,0,0.0,Adéquat,95.0,95.0,369.0,369.0,0.0
SF02-FD-0U17-STOKCH-17PU02-GMOT,50701.0,360.0,Électrique,Systématique,6,57.0,90.0,observée,57.0,32.6,0,0,0.0,Adéquat,57.0,57.0,615.0,615.0,0.0
SF02-FD-0U17-STOKCH-17PU03,54303.0,360.0,Mécanique,Systématique,62,8.9,730.0,observée,8.9,3.5,3,1,0.02,Adéquat,8.9,8.9,5764.0,5764.0,0.0
SF02-FD-0U17-STOKCH-17PU03,54304.0,350.0,Mécanique,Graissage,39,15.0,730.0,observée,15.0,1.6,3,2,0.05,Adéquat,15.0,15.0,5045.0,5045.0,0.0
SF02-FD-0U17-STOKCH-17PU03,200000000687.0,350.0,Mécanique,Graissage,18,30.1,730.0,observée,30.1,2.5,3,1,0.06,Adéquat,30.1,30.1,2784.0,2784.0,0.0
SF02-FD-0U18,215998.0,310.0,Régulation/Instrumentation,Inspection,21,22.3,,observée,22.3,15.0,40,5,0.25,Insuffisant,22.3,15.6,10681.0,8752.0,1929.0
SF02-FD-0U18-ASSAIN-18AK04,54318.0,360.0,Mécanique,Systématique,43,12.9,730.0,observée,12.9,3.3,7,6,0.14,Adéquat,12.9,12.9,11535.0,11535.0,0.0
SF02-FD-0U18-ASSAIN-18AU03,54323.0,360.0,Mécanique,Systématique,80,6.9,730.0,observée,6.9,1.7,9,4,0.05,Adéquat,6.9,6.9,10967.0,10967.0,0.0
SF02-FD-0U18-ASSAIN-18AU03,54324.0,290.0,Mécanique,Inspection,21,28.1,730.0,observée,28.1,5.6,9,4,0.2,Insuffisant,28.1,19.7,7031.0,5913.0,1118.0
SF02-FD-0U18-ASSAIN-18AU03,54325.0,350.0,Mécanique,Graissage,81,7.0,730.0,observée,7.0,1.9,9,4,0.05,Adéquat,7.0,7.0,10811.0,10811.0,0.0
SF02-FD-0U18-ASSAIN-18AU03,54326.0,360.0,Mécanique,Systématique,79,7.0,730.0,observée,7.0,2.1,9,4,0.05,Adéquat,7.0,7.0,10811.0,10811.0,0.0
SF02-FD-0U18-ASSAIN-18AU03-GMOT,50683.0,360.0,Électrique,Systématique,4,95.0,90.0,observée,95.0,85.2,0,0,0.0,Adéquat,95.0,95.0,369.0,369.0,0.0
SF02-FD-0U18-ASSAIN-18AU03-GMOT,50703.0,360.0,Électrique,Systématique,5,71.5,90.0,observée,71.5,64.8,0,0,0.0,Adéquat,71.5,71.5,490.0,490.0,0.0
SF02-FD-0U18-ASSAIN-18BF01,54336.0,290.0,Mécanique,Inspection,21,28.1,730.0,observée,28.1,5.6,8,4,0.2,Insuffisant,28.1,19.7,7031.0,5913.0,1118.0
SF02-FD-0U18-ASSAIN-18BF01,54338.0,360.0,Mécanique,Systématique,3,196.0,730.0,observée,196.0,0.0,8,1,0.5,Insuffisant,196.0,137.2,2252.0,1736.0,516.0
SF02-FD-0U18-ASSAIN-18BF01-SURV,54337.0,360.0,Régulation/Instrumentation,Systématique,12,33.5,90.0,observée,33.5,13.4,0,0,0.0,Adéquat,33.5,33.5,1046.0,1046.0,0.0
SF02-FD-0U18-ASSAIN-18BF01-SURV-603PV02,216499.0,360.0,Régulation/Instrumentation,Systématique,17,27.9,,observée,27.9,16.2,0,0,0.0,Adéquat,27.9,27.9,1256.0,1256.0,0.0
SF02-FD-0U18-ASSAIN-18BF01-SURV-605PV01,216501.0,360.0,Régulation/Instrumentation,Systématique,4,159.7,,observée,159.7,64.1,0,0,0.0,Adéquat,159.7,159.7,219.0,219.0,0.0
SF02-FD-0U18-ASSAIN-18BF01-SURV-605PV02,216502.0,360.0,Régulation/Instrumentation,Systématique,5,149.8,,observée,149.8,58.1,0,0,0.0,Adéquat,149.8,149.8,234.0,234.0,0.0
SF02-FD-0U18-ASSAIN-18BF01-SURV-631PV01,216500.0,360.0,Régulation/Instrumentation,Systématique,19,25.6,,observée,25.6,16.0,0,0,0.0,Adéquat,25.6,25.6,1369.0,1369.0,0.0
SF02-FD-0U18-ASSAIN-18BF01-SURV-PDI214,216473.0,360.0,Régulation/Instrumentation,Systématique,18,26.2,,observée,26.2,15.9,0,0,0.0,Adéquat,26.2,26.2,1338.0,1338.0,0.0
SF02-FD-0U18-ASSAIN-18BF01-SURV-PDI216,216474.0,360.0,Régulation/Instrumentation,Systématique,18,26.2,,observée,26.2,15.3,0,0,0.0,Adéquat,26.2,26.2,1338.0,1338.0,0.0
SF02-FD-0U18-ASSAIN-18BF01-SURV-TT171,216489.0,360.0,Régulation/Instrumentation,Systématique,17,30.1,,observée,30.1,24.3,0,0,0.0,Adéquat,30.1,30.1,1164.0,1164.0,0.0
SF02-FD-0U18-ASSAIN-18BF01-SURV-TT173,216490.0,360.0,Régulation/Instrumentation,Systématique,15,31.9,,observée,31.9,37.9,0,0,0.0,Adéquat,31.9,31.9,1099.0,1099.0,0.0
SF02-FD-0U18-ASSAIN-18BF01-SURV-TT174,216491.0,360.0,Régulation/Instrumentation,Systématique,16,29.7,,observée,29.7,37.1,0,0,0.0,Adéquat,29.7,29.7,1180.0,1180.0,0.0
SF02-FD-0U18-ASSAIN-18BF01-SURV-TT181,216492.0,360.0,Régulation/Instrumentation,Systématique,15,31.9,,observée,31.9,28.0,0,0,0.0,Adéquat,31.9,31.9,1099.0,1099.0,0.0
SF02-FD-0U18-ASSAIN-18BF01-SURV-TT183,216493.0,360.0,Régulation/Instrumentation,Systématique,16,29.7,,observée,29.7,27.9,0,0,0.0,Adéquat,29.7,29.7,1180.0,1180.0,0.0
SF02-FD-0U18-ASSAIN-18BF01-SURV-TT184,216494.0,360.0,Régulation/Instrumentation,Systématique,16,29.7,,observée,29.7,17.3,0,0,0.0,Adéquat,29.7,29.7,1180.0,1180.0,0.0
SF02-FD-0U18-ASSAIN-18BK03,54343.0,290.0,Mécanique,Inspection,43,12.9,730.0,observée,12.9,3.3,11,7,0.17,Insuffisant,12.9,9.0,13425.0,11530.0,1895.0
SF02-FD-0U18-ASSAIN-18BK03,54344.0,350.0,Mécanique,Graissage,39,15.0,730.0,observée,15.0,3.6,11,7,0.18,Insuffisant,15.0,10.5,12087.0,10303.0,1785.0
SF02-FD-0U18-ASSAIN-18BU03,50685.0,360.0,Régulation/Instrumentation,Systématique,8,52.1,90.0,observée,52.1,67.7,2,1,0.14,Adéquat,52.1,52.1,2856.0,2856.0,0.0
SF02-FD-0U18-ASSAIN-18BU03,54349.0,290.0,Mécanique,Inspection,80,6.9,730.0,observée,6.9,1.7,2,1,0.01,Adéquat,6.9,6.9,6257.0,6257.0,0.0
SF02-FD-0U18-ASSAIN-18BU03,54350.0,360.0,Mécanique,Systématique,21,28.5,730.0,observée,28.5,5.5,2,1,0.05,Adéquat,28.5,28.5,2655.0,2655.0,0.0
SF02-FD-0U18-ASSAIN-18BU03,54351.0,350.0,Mécanique,Graissage,39,14.6,730.0,observée,14.6,2.3,2,1,0.03,Adéquat,14.6,14.6,4070.0,4070.0,0.0
SF02-FD-0U18-ASSAIN-18BU03,54352.0,360.0,Mécanique,Systématique,52,10.7,730.0,observée,10.7,5.3,2,1,0.02,Adéquat,10.7,10.7,4794.0,4794.0,0.0
SF02-FD-0U18-ASSAIN-18BU03-GMOT,50705.0,360.0,Électrique,Systématique,3,22.0,90.0,observée,22.0,8.0,0,0,0.0,Adéquat,22.0,22.0,1593.0,1593.0,0.0
SF02-FD-0U18-COMBUS-18AC01,52515.0,360.0,Mécanique,Systématique,84,7.2,730.0,observée,7.2,2.7,58,25,0.3,Insuffisant,7.2,5.0,38725.0,31137.0,7588.0
SF02-FD-0U18-COMBUS-18AC01,54313.0,360.0,Mécanique,Systématique,80,6.9,730.0,observée,6.9,1.5,58,26,0.33,Insuffisant,6.9,4.8,43942.0,35015.0,8927.0
SF02-FD-0U18-COMBUS-18AC01,216000.0,310.0,Régulation/Instrumentation,Inspection,6,8.0,,observée,8.0,3.1,58,2,0.4,Insuffisant,8.0,5.6,45010.0,35279.0,9731.0
SF02-FD-0U18-COMBUS-18AC01,200000004329.0,300.0,Mécanique,Inspection,5,89.5,730.0,observée,89.5,0.9,58,4,1.0,Insuffisant,89.5,62.6,9471.0,7044.0,2426.0
SF02-FD-0U18-COMBUS-18AC01-SURV,56965.0,360.0,Régulation/Instrumentation,Systématique,37,10.1,30.0,observée,10.1,13.0,1,0,0.0,Trop fréquent,10.1,20.2,3470.0,1735.0,1735.0
SF02-FD-0U18-COMBUS-18AC01-SURV,216466.0,360.0,Régulation/Instrumentation,Systématique,24,15.1,,observée,15.1,11.9,1,0,0.0,Trop fréquent,15.1,30.2,2321.0,1160.0,1160.0
SF02-FD-0U18-COMBUS-18AC01-SURV,216467.0,360.0,Régulation/Instrumentation,Systématique,24,15.1,,observée,15.1,12.0,1,0,0.0,Trop fréquent,15.1,30.2,2321.0,1160.0,1160.0
SF02-FD-0U18-COMBUS-18AC01-SURV,216468.0,360.0,Régulation/Instrumentation,Systématique,24,15.1,,observée,15.1,12.0,1,0,0.0,Trop fréquent,15.1,30.2,2321.0,1160.0,1160.0
SF02-FD-0U18-COMBUS-18AC01-SURV,216476.0,360.0,Régulation/Instrumentation,Systématique,3,288.0,,observée,288.0,108.0,1,0,0.0,Adéquat,288.0,288.0,122.0,122.0,0.0
SF02-FD-0U18-COMBUS-18AC01-SURV-FIT5018,216085.0,360.0,Régulation/Instrumentation,Systématique,7,91.0,,observée,91.0,81.9,0,0,0.0,Adéquat,91.0,91.0,385.0,385.0,0.0
SF02-FD-0U18-COMBUS-18AC01-SURV-TIC5104,216475.0,360.0,Régulation/Instrumentation,Systématique,20,17.2,30.0,observée,17.2,12.5,2,1,0.05,Adéquat,17.2,17.2,4400.0,4400.0,0.0
SF02-FD-0U18-COMBUS-18AC01-SURV-TT5117,216477.0,360.0,Régulation/Instrumentation,Systématique,20,16.9,30.0,observée,16.9,12.1,0,0,0.0,Trop fréquent,16.9,33.8,2074.0,1037.0,1037.0
SF02-FD-0U18-COMBUS-18AK01,54314.0,360.0,Mécanique,Systématique,43,12.9,730.0,observée,12.9,3.4,1,1,0.02,Adéquat,12.9,12.9,3977.0,3977.0,0.0
SF02-FD-0U18-COMBUS-18AK01,54315.0,350.0,Mécanique,Graissage,83,7.1,730.0,observée,7.1,1.6,1,1,0.01,Adéquat,7.1,7.1,6080.0,6080.0,0.0
SF02-FD-0U18-COMBUS-18AK02,54316.0,360.0,Mécanique,Systématique,43,12.9,730.0,observée,12.9,3.3,0,0,0.0,Trop fréquent,12.9,25.8,2717.0,1358.0,1358.0
SF02-FD-0U18-COMBUS-18AK02,54317.0,350.0,Mécanique,Graissage,81,7.0,730.0,observée,7.0,1.7,0,0,0.0,Trop fréquent,7.0,14.0,5006.0,2503.0,2503.0
SF02-FD-0U18-COMBUS-18BC01,52520.0,360.0,Mécanique,Systématique,84,7.2,730.0,observée,7.2,2.7,27,14,0.17,Insuffisant,7.2,5.0,24053.0,20658.0,3396.0
SF02-FD-0U18-COMBUS-18BC01,54335.0,360.0,Mécanique,Systématique,80,6.9,730.0,observée,6.9,1.7,27,14,0.18,Insuffisant,6.9,4.8,26277.0,22397.0,3880.0
SF02-FD-0U18-COMBUS-18BC01,216001.0,310.0,Régulation/Instrumentation,Inspection,7,6.7,,observée,6.7,0.7,27,1,0.17,Insuffisant,6.7,4.7,25848.0,22199.0,3649.0
SF02-FD-0U18-COMBUS-18BC01,200000004330.0,300.0,Mécanique,Inspection,5,89.5,730.0,observée,89.5,0.9,27,4,1.0,Insuffisant,89.5,62.6,9471.0,7044.0,2426.0
SF02-FD-0U18-COMBUS-18BC01-SURV,56966.0,360.0,Régulation/Instrumentation,Systématique,43,8.3,30.0,observée,8.3,9.4,1,0,0.0,Trop fréquent,8.3,16.6,4222.0,2111.0,2111.0
SF02-FD-0U18-COMBUS-18BC01-SURV-PS6020,216472.0,360.0,Régulation/Instrumentation,Systématique,22,16.6,,observée,16.6,17.3,0,0,0.0,Trop fréquent,16.6,33.2,2111.0,1056.0,1056.0
SF02-FD-0U18-COMBUS-18BC01-SURV-PT6022,216471.0,360.0,Régulation/Instrumentation,Systématique,22,16.6,,observée,16.6,14.5,0,0,0.0,Trop fréquent,16.6,33.2,2111.0,1056.0,1056.0
SF02-FD-0U18-COMBUS-18BC01-SURV-TIC6104,216478.0,360.0,Régulation/Instrumentation,Systématique,20,16.9,30.0,observée,16.9,12.0,0,0,0.0,Trop fréquent,16.9,33.8,2074.0,1037.0,1037.0
SF02-FD-0U18-COMBUS-18BC01-SURV-TSH6116,216480.0,360.0,Régulation/Instrumentation,Systématique,12,38.1,90.0,observée,38.1,32.6,0,0,0.0,Adéquat,38.1,38.1,920.0,920.0,0.0
SF02-FD-0U18-COMBUS-18BC01-SURV-TT6115,216479.0,360.0,Régulation/Instrumentation,Systématique,24,15.1,,observée,15.1,9.4,0,0,0.0,Trop fréquent,15.1,30.2,2321.0,1160.0,1160.0
SF02-FD-0U18-COMBUS-18BC01-SURV-TT6117,216481.0,360.0,Régulation/Instrumentation,Systématique,25,14.5,,observée,14.5,9.7,0,0,0.0,Trop fréquent,14.5,29.0,2417.0,1208.0,1208.0
SF02-FD-0U18-COMBUS-18BK01,54339.0,360.0,Mécanique,Systématique,43,12.9,730.0,observée,12.9,3.3,2,2,0.05,Adéquat,12.9,12.9,5866.0,5866.0,0.0
SF02-FD-0U18-COMBUS-18BK01,54340.0,350.0,Mécanique,Graissage,80,7.1,730.0,observée,7.1,2.2,2,2,0.03,Adéquat,7.1,7.1,8369.0,8369.0,0.0
SF02-FD-0U18-COMBUS-18BK02,54341.0,290.0,Mécanique,Inspection,43,12.9,730.0,observée,12.9,3.3,0,0,0.0,Trop fréquent,12.9,25.8,2717.0,1358.0,1358.0
SF02-FD-0U18-COMBUS-18BK02,54342.0,350.0,Mécanique,Graissage,81,7.0,730.0,observée,7.0,1.9,0,0,0.0,Trop fréquent,7.0,14.0,5006.0,2503.0,2503.0
SF02-FD-0U18-COMBUS-18PT04-SURV-LIC205,216462.0,360.0,Régulation/Instrumentation,Systématique,17,27.9,,observée,27.9,20.4,0,0,0.0,Adéquat,27.9,27.9,1256.0,1256.0,0.0
SF02-FD-0U18-LAVAGE-18PK01,54353.0,360.0,Mécanique,Systématique,43,12.9,730.0,observée,12.9,3.1,7,4,0.1,Adéquat,12.9,12.9,9016.0,9016.0,0.0
SF02-FD-0U18-LAVAGE-18PK01,54354.0,350.0,Mécanique,Graissage,83,7.0,730.0,observée,7.0,1.6,7,5,0.06,Adéquat,7.0,7.0,11971.0,11971.0,0.0
SF02-FD-0U18-LAVAGE-18PT03-SURV-LIC202,216461.0,360.0,Régulation/Instrumentation,Systématique,5,119.0,,observée,119.0,98.7,0,0,0.0,Adéquat,119.0,119.0,294.0,294.0,0.0
SF02-FD-0U18-LAVAGE-18PT03-SURV-LIT204,216460.0,360.0,Régulation/Instrumentation,Systématique,17,27.9,,observée,27.9,12.8,0,0,0.0,Adéquat,27.9,27.9,1256.0,1256.0,0.0
SF02-FD-0U18-REACTI-18PT05,54445.0,290.0,Mécanique,Inspection,5,15.2,730.0,observée,15.2,0.8,30,1,0.25,Insuffisant,15.2,10.6,15670.0,12840.0,2830.0
SF02-FD-0U18-REACTI-18PT05,54445.0,350.0,Mécanique,Graissage,30,14.5,730.0,observée,14.5,2.0,30,11,0.38,Insuffisant,14.5,10.1,23712.0,18664.0,5049.0
SF02-FD-0U18-REACTI-18PT05,200000003736.0,290.0,Mécanique,Inspection,12,28.0,730.0,observée,28.0,0.4,30,6,0.55,Insuffisant,28.0,19.6,17213.0,13189.0,4024.0
SF02-FD-0U18-REACTI-18PT05,200000003736.0,310.0,Mécanique,Inspection,3,28.0,730.0,observée,28.0,0.0,30,2,1.0,Insuffisant,28.0,19.6,30272.0,22517.0,7755.0
SF02-FD-0U18-REACTI-18PT06,54355.0,350.0,Mécanique,Graissage,39,14.6,730.0,observée,14.6,1.7,169,32,0.84,Insuffisant,14.6,10.2,49152.0,36823.0,12329.0
SF02-FD-0U18-REACTI-18PT06,54356.0,290.0,Mécanique,Inspection,79,7.0,730.0,observée,7.0,2.1,169,52,0.67,Insuffisant,7.0,4.9,82782.0,62706.0,20076.0
SF02-FD-0U18-REACTI-18PT06,200000000702.0,350.0,Mécanique,Graissage,18,30.1,730.0,observée,30.1,2.5,169,17,1.0,Insuffisant,30.1,21.1,28160.0,20946.0,7214.0
SF02-FD-0U18-REACTI-18PT06,200000003737.0,290.0,Mécanique,Inspection,12,28.0,730.0,observée,28.0,0.4,169,11,1.0,Insuffisant,28.0,19.6,30272.0,22517.0,7755.0
SF02-FD-0U18-REACTI-18PT06,200000003737.0,310.0,Mécanique,Inspection,3,28.0,730.0,observée,28.0,0.0,169,2,1.0,Insuffisant,28.0,19.6,30272.0,22517.0,7755.0
SF02-FD-0U18-REACTI-18PT06-SURV-HV201,216503.0,360.0,Régulation/Instrumentation,Systématique,7,81.0,,observée,81.0,71.0,0,0,0.0,Adéquat,81.0,81.0,433.0,433.0,0.0
SF02-FD-0U18-REACTI-18PT06-SURV-HV202,216504.0,360.0,Régulation/Instrumentation,Systématique,5,129.0,,observée,129.0,97.6,0,0,0.0,Adéquat,129.0,129.0,272.0,272.0,0.0
SF02-FD-0U18-REACTI-18PT06-SURV-HV203,216505.0,360.0,Régulation/Instrumentation,Systématique,4,172.0,,observée,172.0,73.7,0,0,0.0,Adéquat,172.0,172.0,204.0,204.0,0.0
SF02-FD-0U18-REACTI-18PT06-SURV-HV204,216506.0,360.0,Régulation/Instrumentation,Systématique,4,172.0,,observée,172.0,73.7,0,0,0.0,Adéquat,172.0,172.0,204.0,204.0,0.0
SF02-FD-0U18-SECHAG-18AB01,54307.0,290.0,Mécanique,Inspection,3,185.0,730.0,observée,185.0,0.0,108,2,1.0,Insuffisant,185.0,129.5,4582.0,3408.0,1174.0
SF02-FD-0U18-SECHAG-18AB01,54308.0,360.0,Mécanique,Systématique,74,7.5,730.0,observée,7.5,2.9,108,44,0.6,Insuffisant,7.5,5.2,69679.0,53109.0,16571.0
SF02-FD-0U18-SECHAG-18AB01,54309.0,360.0,Mécanique,Systématique,11,50.6,730.0,observée,50.6,32.6,108,10,1.0,Insuffisant,50.6,35.4,16752.0,12460.0,4291.0
SF02-FD-0U18-SECHAG-18AB01,54310.0,360.0,Mécanique,Systématique,10,53.9,730.0,observée,53.9,32.9,108,9,1.0,Insuffisant,53.9,37.7,15726.0,11697.0,4029.0
SF02-FD-0U18-SECHAG-18AB01,54311.0,360.0,Mécanique,Systématique,11,50.6,730.0,observée,50.6,32.5,108,10,1.0,Insuffisant,50.6,35.4,16752.0,12460.0,4291.0
SF02-FD-0U18-SECHAG-18AB01,54312.0,360.0,Mécanique,Systématique,14,39.7,730.0,observée,39.7,34.6,108,11,0.85,Insuffisant,39.7,27.8,18281.0,13688.0,4593.0
SF02-FD-0U18-SECHAG-18AB01,200000000483.0,350.0,Mécanique,Graissage,181,3.1,730.0,observée,3.1,1.4,108,62,0.34,Insuffisant,3.1,2.2,100427.0,79809.0,20618.0
SF02-FD-0U18-SECHAG-18AB01,200000000506.0,350.0,Mécanique,Graissage,181,3.1,730.0,observée,3.1,1.4,108,62,0.34,Insuffisant,3.1,2.2,100427.0,79809.0,20618.0
SF02-FD-0U18-SECHAG-18AB01,200000000694.0,350.0,Mécanique,Graissage,18,30.1,730.0,observée,30.1,3.1,108,16,0.94,Insuffisant,30.1,21.1,26541.0,19789.0,6751.0
SF02-FD-0U18-SECHAG-18AB01,200000004317.0,300.0,Mécanique,Inspection,5,89.5,730.0,observée,89.5,0.9,108,4,1.0,Insuffisant,89.5,62.6,9471.0,7044.0,2426.0
SF02-FD-0U18-SECHAG-18AB01-SURV,216453.0,360.0,Régulation/Instrumentation,Systématique,25,14.5,,observée,14.5,9.2,0,0,0.0,Trop fréquent,14.5,29.0,2417.0,1208.0,1208.0
SF02-FD-0U18-SECHAG-18AB01-SURV,216458.0,360.0,Régulation/Instrumentation,Systématique,24,15.1,,observée,15.1,11.9,0,0,0.0,Trop fréquent,15.1,30.2,2321.0,1160.0,1160.0
SF02-FD-0U18-SECHAG-18AB01-SURV,216464.0,360.0,Régulation/Instrumentation,Systématique,19,25.6,,observée,25.6,14.3,0,0,0.0,Adéquat,25.6,25.6,1369.0,1369.0,0.0
SF02-FD-0U18-SECHAG-18AB01-SURV,216465.0,360.0,Régulation/Instrumentation,Systématique,17,27.9,,observée,27.9,14.0,0,0,0.0,Adéquat,27.9,27.9,1256.0,1256.0,0.0
SF02-FD-0U18-SECHAG-18AB01-SURV,216482.0,360.0,Régulation/Instrumentation,Systématique,5,149.8,,observée,149.8,74.3,0,0,0.0,Adéquat,149.8,149.8,234.0,234.0,0.0
SF02-FD-0U18-SECHAG-18AB01-SURV,216483.0,360.0,Régulation/Instrumentation,Systématique,18,26.2,,observée,26.2,16.3,0,0,0.0,Adéquat,26.2,26.2,1338.0,1338.0,0.0
SF02-FD-0U18-SECHAG-18AB01-SURV,216484.0,360.0,Régulation/Instrumentation,Systématique,18,26.2,,observée,26.2,12.9,0,0,0.0,Adéquat,26.2,26.2,1338.0,1338.0,0.0
SF02-FD-0U18-SECHAG-18AB01-SURV,216495.0,360.0,Régulation/Instrumentation,Systématique,22,16.6,,observée,16.6,14.1,0,0,0.0,Trop fréquent,16.6,33.2,2111.0,1056.0,1056.0
SF02-FD-0U18-SECHAG-18AB01-SURV,216496.0,360.0,Régulation/Instrumentation,Systématique,23,15.8,,observée,15.8,10.2,0,0,0.0,Trop fréquent,15.8,31.6,2218.0,1109.0,1109.0
SF02-FD-0U18-SECHAG-18BB01,54328.0,290.0,Mécanique,Inspection,77,7.4,730.0,observée,7.4,3.1,84,34,0.45,Insuffisant,7.4,5.2,54150.0,42061.0,12089.0
SF02-FD-0U18-SECHAG-18BB01,54329.0,290.0,Mécanique,Inspection,3,185.0,730.0,observée,185.0,0.0,84,2,1.0,Insuffisant,185.0,129.5,4582.0,3408.0,1174.0
SF02-FD-0U18-SECHAG-18BB01,54330.0,360.0,Mécanique,Systématique,76,7.3,730.0,observée,7.3,2.3,84,43,0.57,Insuffisant,7.3,5.1,68249.0,52178.0,16071.0
SF02-FD-0U18-SECHAG-18BB01,54331.0,360.0,Mécanique,Systématique,14,39.7,730.0,observée,39.7,34.7,84,12,0.92,Insuffisant,39.7,27.8,19713.0,14712.0,5002.0
SF02-FD-0U18-SECHAG-18BB01,54332.0,310.0,Mécanique,Inspection,14,39.7,730.0,observée,39.7,34.7,84,12,0.92,Insuffisant,39.7,27.8,19713.0,14712.0,5002.0
SF02-FD-0U18-SECHAG-18BB01,54333.0,360.0,Mécanique,Systématique,14,39.7,730.0,observée,39.7,34.7,84,12,0.92,Insuffisant,39.7,27.8,19713.0,14712.0,5002.0
SF02-FD-0U18-SECHAG-18BB01,54334.0,310.0,Mécanique,Inspection,14,39.7,730.0,observée,39.7,34.7,84,12,0.92,Insuffisant,39.7,27.8,19713.0,14712.0,5002.0
SF02-FD-0U18-SECHAG-18BB01,200000000484.0,350.0,Mécanique,Graissage,181,3.1,730.0,observée,3.1,1.4,84,54,0.3,Insuffisant,3.1,2.2,89942.0,72319.0,17623.0
SF02-FD-0U18-SECHAG-18BB01,200000000507.0,350.0,Mécanique,Graissage,181,3.1,730.0,observée,3.1,1.4,84,54,0.3,Insuffisant,3.1,2.2,89942.0,72319.0,17623.0
SF02-FD-0U18-SECHAG-18BB01,200000000678.0,350.0,Mécanique,Graissage,18,30.1,730.0,observée,30.1,3.5,84,16,0.94,Insuffisant,30.1,21.1,26541.0,19789.0,6751.0
SF02-FD-0U18-SECHAG-18BB01,200000004318.0,300.0,Mécanique,Inspection,5,89.5,730.0,observée,89.5,0.9,84,4,1.0,Insuffisant,89.5,62.6,9471.0,7044.0,2426.0
SF02-FD-0U18-SECHAG-18BB01-SURV-CAPTTEM,216488.0,360.0,Régulation/Instrumentation,Systématique,18,26.2,,observée,26.2,13.8,0,0,0.0,Adéquat,26.2,26.2,1338.0,1338.0,0.0
SF02-FD-0U18-SECHAG-18BB01-SURV-CAPTVIB,216470.0,360.0,Régulation/Instrumentation,Systématique,18,26.2,,observée,26.2,12.3,0,0,0.0,Adéquat,26.2,26.2,1338.0,1338.0,0.0
SF02-FD-0U18-TRREAC-18AU01,54319.0,290.0,Mécanique,Inspection,80,6.9,730.0,observée,6.9,1.6,47,26,0.33,Insuffisant,6.9,4.8,43942.0,35015.0,8927.0
SF02-FD-0U18-TRREAC-18AU01,54447.0,350.0,Mécanique,Graissage,30,14.5,730.0,observée,14.5,2.0,47,14,0.48,Insuffisant,14.5,10.1,29316.0,22667.0,6650.0
SF02-FD-0U18-TRREAC-18AU01,54447.0,360.0,Mécanique,Systématique,5,15.2,730.0,observée,15.2,0.8,47,3,0.75,Insuffisant,15.2,10.6,42400.0,31933.0,10467.0
SF02-FD-0U18-TRREAC-18AU01,200000000640.0,300.0,Mécanique,Inspection,79,7.0,730.0,observée,7.0,0.9,47,27,0.35,Insuffisant,7.0,4.9,45636.0,36173.0,9463.0
SF02-FD-0U18-TRREAC-18AU01,200000000686.0,350.0,Mécanique,Graissage,18,30.1,730.0,observée,30.1,2.5,47,16,0.94,Insuffisant,30.1,21.1,26541.0,19789.0,6751.0
SF02-FD-0U18-TRREAC-18BU01,54345.0,360.0,Mécanique,Systématique,81,6.9,730.0,observée,6.9,1.7,43,27,0.34,Insuffisant,6.9,4.8,45119.0,35856.0,9263.0
SF02-FD-0U18-TRREAC-18BU01,54448.0,350.0,Mécanique,Graissage,30,14.5,730.0,observée,14.5,2.0,43,18,0.62,Insuffisant,14.5,10.1,37162.0,28271.0,8891.0
SF02-FD-0U18-TRREAC-18BU01,54448.0,360.0,Mécanique,Systématique,7,14.7,730.0,observée,14.7,2.0,43,4,0.67,Insuffisant,14.7,10.3,39420.0,29860.0,9560.0
SF02-FD-0U18-TRREAC-18BU01,200000000621.0,300.0,Mécanique,Inspection,79,7.0,730.0,observée,7.0,1.0,43,29,0.37,Insuffisant,7.0,4.9,47957.0,37831.0,10126.0
SF02-FD-0U18-TRREAC-18BU01,200000000700.0,350.0,Mécanique,Graissage,18,30.1,730.0,observée,30.1,2.5,43,15,0.88,Insuffisant,30.1,21.1,24921.0,18632.0,6289.0
SF02-FD-0U18-TRREAC-18PU01,54357.0,360.0,Mécanique,Systématique,80,6.9,730.0,observée,6.9,1.4,36,21,0.27,Insuffisant,6.9,4.8,36876.0,29968.0,6908.0
SF02-FD-0U18-TRREAC-18PU01,54358.0,290.0,Mécanique,Inspection,21,28.1,730.0,observée,28.1,5.6,36,13,0.65,Insuffisant,28.1,19.7,20044.0,15208.0,4836.0
SF02-FD-0U18-TRREAC-18PU01,54359.0,350.0,Mécanique,Graissage,40,14.6,730.0,observée,14.6,1.8,36,20,0.51,Insuffisant,14.6,10.2,30785.0,23704.0,7081.0
SF02-FD-0U18-TRREAC-18PU01,200000000606.0,300.0,Mécanique,Inspection,79,7.0,730.0,observée,7.0,0.9,36,20,0.26,Insuffisant,7.0,4.9,35188.0,28710.0,6478.0
SF02-FD-0U18-TRREAC-18PU01,200000000658.0,350.0,Mécanique,Graissage,18,30.1,730.0,observée,30.1,3.5,36,12,0.71,Insuffisant,30.1,21.1,20332.0,15354.0,4977.0
SF02-FD-0U18-TRREAC-18PU01-GMOT,50686.0,360.0,Électrique,Systématique,7,43.3,90.0,observée,43.3,30.1,0,0,0.0,Adéquat,43.3,43.3,809.0,809.0,0.0
SF02-FD-0U18-TRREAC-18PU01-GMOT,50706.0,360.0,Électrique,Systématique,3,126.0,90.0,observée,126.0,103.0,0,0,0.0,Adéquat,126.0,126.0,278.0,278.0,0.0
SF02-FD-0U18-TRREAC-18PU04,54360.0,350.0,Mécanique,Graissage,39,14.6,730.0,observée,14.6,1.7,12,9,0.24,Insuffisant,14.6,10.2,15758.0,12970.0,2788.0
SF02-FD-0U18-TRREAC-18PU04,54361.0,290.0,Mécanique,Inspection,79,7.0,730.0,observée,7.0,2.2,12,10,0.13,Adéquat,7.0,7.0,20097.0,20097.0,0.0
SF02-FD-0U18-TRREAC-18PU04,200000000627.0,320.0,Mécanique,Autre,18,29.9,730.0,observée,29.9,0.4,12,8,0.47,Insuffisant,29.9,20.9,13945.0,10798.0,3147.0
SF02-FD-0U18-TRREAC-18PU04,200000000629.0,300.0,Mécanique,Inspection,79,7.0,730.0,observée,7.0,0.9,12,10,0.13,Adéquat,7.0,7.0,20097.0,20097.0,0.0
SF02-FD-0U18-TRREAC-18PU04,200000000709.0,350.0,Mécanique,Graissage,18,30.1,730.0,observée,30.1,3.1,12,9,0.53,Insuffisant,30.1,21.1,15472.0,11883.0,3589.0
SF02-FD-0U18-TRREAC-18PU05,54362.0,350.0,Mécanique,Graissage,39,14.6,730.0,observée,14.6,2.1,36,13,0.34,Insuffisant,14.6,10.2,21324.0,16946.0,4378.0
SF02-FD-0U18-TRREAC-18PU05,54363.0,360.0,Mécanique,Systématique,79,7.0,730.0,observée,7.0,2.1,36,15,0.19,Insuffisant,7.0,4.9,27062.0,22906.0,4156.0
SF02-FD-0U18-TRREAC-18PU05,200000000639.0,300.0,Mécanique,Inspection,79,7.0,730.0,observée,7.0,0.9,36,16,0.21,Insuffisant,7.0,4.9,29384.0,24565.0,4819.0
SF02-FD-0U18-TRREAC-18PU05,200000000685.0,350.0,Mécanique,Graissage,18,30.1,730.0,observée,30.1,2.5,36,11,0.65,Insuffisant,30.1,21.1,18712.0,14197.0,4515.0
SF02-FD-0U18-TRREAC-18PU05,200000003738.0,290.0,Mécanique,Inspection,12,28.0,730.0,observée,28.0,0.4,36,7,0.64,Insuffisant,28.0,19.6,19825.0,15055.0,4770.0
SF02-FD-0U18-TRREAC-18PU05,200000003738.0,310.0,Mécanique,Inspection,3,28.0,730.0,observée,28.0,0.0,36,1,0.5,Insuffisant,28.0,19.6,15762.0,12153.0,3609.0
SF02-FD-0U18-TRREAC-CW3101,216009.0,360.0,Régulation/Instrumentation,Systématique,31,12.1,,observée,12.1,18.3,0,0,0.0,Trop fréquent,12.1,24.2,2896.0,1448.0,1448.0
SF02-FD-0U19,215999.0,310.0,Régulation/Instrumentation,Inspection,21,22.3,,observée,22.3,14.9,8,5,0.25,Insuffisant,22.3,15.6,10681.0,8752.0,1929.0
SF02-FD-0U19-ASSAIN-19AF01,54364.0,290.0,Mécanique,Inspection,21,28.1,730.0,observée,28.1,5.6,0,0,0.0,Adéquat,28.1,28.1,1247.0,1247.0,0.0
SF02-FD-0U19-ASSAIN-19AF01,200000003212.0,310.0,Mécanique,Inspection,16,28.1,730.0,observée,28.1,0.9,0,0,0.0,Adéquat,28.1,28.1,1247.0,1247.0,0.0
SF02-FD-0U19-ASSAIN-19AF01-FILT-ELECTRO,54365.0,360.0,Régulation/Instrumentation,Systématique,13,30.7,90.0,observée,30.7,17.8,1,0,0.0,Adéquat,30.7,30.7,1142.0,1142.0,0.0
SF02-FD-0U19-ASSAIN-19AF01-FILT-ELECTRO,54366.0,360.0,Régulation/Instrumentation,Systématique,23,14.6,30.0,observée,14.6,9.8,1,0,0.0,Trop fréquent,14.6,29.2,2400.0,1200.0,1200.0
SF02-FD-0U19-ASSAIN-19BF01,54372.0,360.0,Mécanique,Systématique,21,28.5,730.0,observée,28.5,5.5,0,0,0.0,Adéquat,28.5,28.5,1230.0,1230.0,0.0
SF02-FD-0U19-ASSAIN-19BF01,54374.0,360.0,Mécanique,Systématique,41,13.7,730.0,observée,13.7,1.7,0,0,0.0,Trop fréquent,13.7,27.4,2558.0,1279.0,1279.0
SF02-FD-0U19-ASSAIN-19BF01,200000003298.0,310.0,Mécanique,Inspection,16,28.1,730.0,observée,28.1,0.9,0,0,0.0,Adéquat,28.1,28.1,1247.0,1247.0,0.0
SF02-FD-0U19-ASSAIN-19BF01-FILT-ELECTRO,54373.0,360.0,Régulation/Instrumentation,Systématique,13,30.7,90.0,observée,30.7,13.9,1,0,0.0,Adéquat,30.7,30.7,1142.0,1142.0,0.0
SF02-FD-0U19-ENSACH-19AU01,54367.0,290.0,Mécanique,Inspection,80,6.9,730.0,observée,6.9,1.7,11,9,0.11,Adéquat,6.9,6.9,18033.0,18033.0,0.0
SF02-FD-0U19-ENSACH-19AU01,54368.0,350.0,Mécanique,Graissage,40,14.6,730.0,observée,14.6,1.8,11,8,0.21,Insuffisant,14.6,10.2,14088.0,11778.0,2311.0
SF02-FD-0U19-ENSACH-19AU01,200000000607.0,300.0,Mécanique,Inspection,79,7.0,730.0,observée,7.0,0.9,11,8,0.1,Adéquat,7.0,7.0,16615.0,16615.0,0.0
SF02-FD-0U19-ENSACH-19AU01,200000000697.0,350.0,Mécanique,Graissage,18,30.1,730.0,observée,30.1,3.5,11,5,0.29,Insuffisant,30.1,21.1,8993.0,7255.0,1738.0
SF02-FD-0U19-ENSACH-19AU01-GMOT,50687.0,360.0,Électrique,Systématique,7,46.7,90.0,observée,46.7,55.3,0,0,0.0,Adéquat,46.7,46.7,750.0,750.0,0.0
SF02-FD-0U19-ENSACH-19AU01-GMOT,50707.0,360.0,Électrique,Systématique,4,84.3,90.0,observée,84.3,102.7,0,0,0.0,Adéquat,84.3,84.3,416.0,416.0,0.0
SF02-FD-0U19-ENSACH-19AU02,54369.0,360.0,Mécanique,Systématique,80,6.9,730.0,observée,6.9,1.7,4,4,0.05,Adéquat,6.9,6.9,10967.0,10967.0,0.0
SF02-FD-0U19-ENSACH-19AU02,54370.0,350.0,Mécanique,Graissage,40,14.6,730.0,observée,14.6,1.8,4,4,0.1,Adéquat,14.6,14.6,7966.0,7966.0,0.0
SF02-FD-0U19-ENSACH-19AU02,200000000605.0,300.0,Mécanique,Inspection,79,7.0,730.0,observée,7.0,0.9,4,4,0.05,Adéquat,7.0,7.0,10811.0,10811.0,0.0
SF02-FD-0U19-ENSACH-19AU02,200000000683.0,350.0,Mécanique,Graissage,18,30.1,730.0,observée,30.1,0.8,4,4,0.24,Insuffisant,30.1,21.1,7643.0,6291.0,1352.0
SF02-FD-0U19-ENSACH-19AU02-GMOT,50688.0,360.0,Électrique,Systématique,7,46.7,90.0,observée,46.7,36.3,0,0,0.0,Adéquat,46.7,46.7,750.0,750.0,0.0
SF02-FD-0U19-ENSACH-19AU02-GMOT,50708.0,360.0,Électrique,Systématique,3,126.5,90.0,observée,126.5,103.5,0,0,0.0,Adéquat,126.5,126.5,277.0,277.0,0.0
SF02-FD-0U19-ENSACH-19BU01,50689.0,360.0,Régulation/Instrumentation,Systématique,7,61.7,90.0,observée,61.7,70.2,5,3,0.5,Insuffisant,61.7,43.2,7153.0,5515.0,1638.0
SF02-FD-0U19-ENSACH-19BU01,54375.0,360.0,Mécanique,Systématique,80,6.9,730.0,observée,6.9,1.4,5,5,0.06,Adéquat,6.9,6.9,12145.0,12145.0,0.0
SF02-FD-0U19-ENSACH-19BU01,54376.0,350.0,Mécanique,Graissage,39,14.6,730.0,observée,14.6,1.8,5,4,0.11,Adéquat,14.6,14.6,8523.0,8523.0,0.0
SF02-FD-0U19-ENSACH-19BU01,200000000632.0,300.0,Mécanique,Inspection,79,7.0,730.0,observée,7.0,1.0,5,5,0.06,Adéquat,7.0,7.0,11971.0,11971.0,0.0
SF02-FD-0U19-ENSACH-19BU01,200000000684.0,350.0,Mécanique,Graissage,18,30.1,730.0,observée,30.1,1.1,5,5,0.29,Insuffisant,30.1,21.1,8993.0,7255.0,1738.0
SF02-FD-0U19-ENSACH-19BU01-GMOT,50709.0,360.0,Électrique,Systématique,5,65.5,90.0,observée,65.5,58.0,0,0,0.0,Adéquat,65.5,65.5,535.0,535.0,0.0
SF02-FD-0U19-ENSACH-19BU02,54377.0,290.0,Mécanique,Inspection,80,6.9,730.0,observée,6.9,1.4,4,4,0.05,Adéquat,6.9,6.9,10967.0,10967.0,0.0
SF02-FD-0U19-ENSACH-19BU02,54378.0,350.0,Mécanique,Graissage,40,14.6,730.0,observée,14.6,1.8,4,3,0.08,Adéquat,14.6,14.6,6853.0,6853.0,0.0
SF02-FD-0U19-ENSACH-19BU02,200000000622.0,300.0,Mécanique,Inspection,79,7.0,730.0,observée,7.0,0.9,4,4,0.05,Adéquat,7.0,7.0,10811.0,10811.0,0.0
SF02-FD-0U19-ENSACH-19BU02,200000000699.0,350.0,Mécanique,Graissage,18,30.1,730.0,observée,30.1,1.8,4,4,0.24,Insuffisant,30.1,21.1,7643.0,6291.0,1352.0
SF02-FD-0U19-ENSACH-19BU02-GMOT,50690.0,360.0,Électrique,Systématique,4,95.3,90.0,observée,95.3,85.8,0,0,0.0,Adéquat,95.3,95.3,368.0,368.0,0.0
SF02-FD-0U19-ENSACH-19BU02-GMOT,50710.0,360.0,Électrique,Systématique,4,87.0,90.0,observée,87.0,92.2,0,0,0.0,Adéquat,87.0,87.0,403.0,403.0,0.0
SF02-FD-0U19-ENSACH-19PU03,54386.0,360.0,Mécanique,Systématique,80,6.9,730.0,observée,6.9,1.6,146,42,0.53,Insuffisant,6.9,4.8,67495.0,51839.0,15656.0
SF02-FD-0U19-ENSACH-19PU03,54387.0,350.0,Mécanique,Graissage,21,28.5,730.0,observée,28.5,5.5,146,19,0.95,Insuffisant,28.5,19.9,28316.0,21104.0,7212.0
SF02-FD-0U19-ENSACH-19PU03,200000000630.0,300.0,Mécanique,Inspection,79,7.0,730.0,observée,7.0,1.0,146,44,0.56,Insuffisant,7.0,4.9,70013.0,53585.0,16428.0
SF02-FD-0U19-ENSACH-19PU03,200000000649.0,320.0,Mécanique,Autre,18,29.9,730.0,observée,29.9,1.4,146,16,0.94,Insuffisant,29.9,20.9,26718.0,19922.0,6797.0
SF02-FD-0U19-ENSACH-19PU03,200000000696.0,350.0,Mécanique,Graissage,18,30.1,730.0,observée,30.1,3.3,146,16,0.94,Insuffisant,30.1,21.1,26541.0,19789.0,6751.0
SF02-FD-0U19-ENSACH-19PU03,200000003760.0,290.0,Mécanique,Inspection,12,28.0,730.0,observée,28.0,0.4,146,11,1.0,Insuffisant,28.0,19.6,30272.0,22517.0,7755.0
SF02-FD-0U19-ENSACH-19PU03,200000003760.0,310.0,Mécanique,Inspection,3,28.0,730.0,observée,28.0,0.0,146,1,0.5,Insuffisant,28.0,19.6,15762.0,12153.0,3609.0
SF02-FD-0U19-ENSACH-19PU03-GMOT,50693.0,360.0,Électrique,Systématique,7,46.7,90.0,observée,46.7,30.3,0,0,0.0,Adéquat,46.7,46.7,750.0,750.0,0.0
SF02-FD-0U19-ENSACH-19PU2A,54384.0,290.0,Mécanique,Inspection,80,6.9,730.0,observée,6.9,1.7,3,2,0.03,Adéquat,6.9,6.9,8612.0,8612.0,0.0
SF02-FD-0U19-ENSACH-19PU2A,54385.0,350.0,Mécanique,Graissage,40,14.6,730.0,observée,14.6,1.8,3,2,0.05,Adéquat,14.6,14.6,5183.0,5183.0,0.0
SF02-FD-0U19-ENSACH-19PU2A,200000000682.0,350.0,Mécanique,Graissage,18,30.1,730.0,observée,30.1,0.8,3,2,0.12,Adéquat,30.1,30.1,4404.0,4404.0,0.0
SF02-FD-0U19-ENSACH-19PU2A-GMOT,50692.0,360.0,Électrique,Systématique,4,78.7,,observée,78.7,53.9,0,0,0.0,Adéquat,78.7,78.7,445.0,445.0,0.0
SF02-FD-0U19-ENSACH-19PU2B,200000000505.0,350.0,Mécanique,Graissage,38,15.0,730.0,observée,15.0,1.2,0,0,0.0,Trop fréquent,15.0,30.0,2336.0,1168.0,1168.0
SF02-FD-0U19-ENSACH-19PU2B,200000000657.0,350.0,Mécanique,Graissage,18,30.1,730.0,observée,30.1,3.3,0,0,0.0,Adéquat,30.1,30.1,1164.0,1164.0,0.0
SF02-FD-0U19-SFLUID-19CP01,50662.0,310.0,Régulation/Instrumentation,Inspection,9,48.4,,observée,48.4,74.2,2,0,0.0,Adéquat,48.4,48.4,724.0,724.0,0.0
SF02-FD-0U19-SFLUID-19CP01,50667.0,310.0,Régulation/Instrumentation,Inspection,3,88.0,,observée,88.0,62.0,2,0,0.0,Adéquat,88.0,88.0,398.0,398.0,0.0
SF02-FD-0U19-SFLUID-19CP01,50677.0,310.0,Régulation/Instrumentation,Inspection,4,81.7,,observée,81.7,50.6,2,0,0.0,Adéquat,81.7,81.7,429.0,429.0,0.0
SF02-FD-0U19-SFLUID-19CP02,50663.0,310.0,Régulation/Instrumentation,Inspection,9,48.4,,observée,48.4,74.2,0,0,0.0,Adéquat,48.4,48.4,724.0,724.0,0.0
SF02-FD-0U19-SFLUID-19CP02,50668.0,310.0,Régulation/Instrumentation,Inspection,4,216.3,,observée,216.3,102.5,0,0,0.0,Adéquat,216.3,216.3,162.0,162.0,0.0
SF02-FD-0U19-SFLUID-19CP02,50678.0,310.0,Régulation/Instrumentation,Inspection,4,81.7,,observée,81.7,50.6,0,0,0.0,Adéquat,81.7,81.7,429.0,429.0,0.0
SF02-FD-0U19-STOCKA-19BC01,54371.0,360.0,Mécanique,Systématique,176,3.2,730.0,observée,3.2,1.3,25,12,0.07,Adéquat,3.2,3.2,28727.0,28727.0,0.0
SF02-FD-0U19-STOCKA-19PS01,200000000644.0,320.0,Mécanique,Autre,18,29.9,730.0,observée,29.9,1.1,1,0,0.0,Adéquat,29.9,29.9,1172.0,1172.0,0.0
SF02-FD-0U19-STOCKA-19PS01-SURV-WIC701,216456.0,360.0,Régulation/Instrumentation,Systématique,17,27.9,,observée,27.9,13.8,0,0,0.0,Adéquat,27.9,27.9,1256.0,1256.0,0.0
SF02-FD-0U19-STOCKA-19PS02,200000000634.0,320.0,Mécanique,Autre,18,30.0,730.0,observée,30.0,1.4,2,2,0.12,Adéquat,30.0,30.0,4419.0,4419.0,0.0
SF02-FD-0U19-STOCKA-19PS02-SURV-WIC702,216457.0,360.0,Régulation/Instrumentation,Systématique,17,27.9,,observée,27.9,17.3,0,0,0.0,Adéquat,27.9,27.9,1256.0,1256.0,0.0
SF02-FD-0U19-TRCLPF-18AU02,54320.0,290.0,Mécanique,Inspection,80,6.9,730.0,observée,6.9,1.7,25,16,0.2,Insuffisant,6.9,4.8,28632.0,24079.0,4553.0
SF02-FD-0U19-TRCLPF-18AU02,54321.0,360.0,Mécanique,Systématique,21,28.5,730.0,observée,28.5,5.5,25,11,0.55,Insuffisant,28.5,19.9,16911.0,12958.0,3953.0
SF02-FD-0U19-TRCLPF-18AU02,54322.0,350.0,Mécanique,Graissage,80,7.1,730.0,observée,7.1,2.4,25,16,0.2,Insuffisant,7.1,5.0,27826.0,23401.0,4424.0
SF02-FD-0U19-TRCLPF-18AU02,200000000719.0,350.0,Mécanique,Graissage,18,30.1,730.0,observée,30.1,3.6,25,11,0.65,Insuffisant,30.1,21.1,18712.0,14197.0,4515.0
SF02-FD-0U19-TRCLPF-18AU02-GMOT,50682.0,310.0,Électrique,Inspection,4,95.0,90.0,observée,95.0,85.2,0,0,0.0,Adéquat,95.0,95.0,369.0,369.0,0.0
SF02-FD-0U19-TRCLPF-18BU02,54346.0,290.0,Mécanique,Inspection,80,6.9,730.0,observée,6.9,1.7,18,12,0.15,Adéquat,6.9,6.9,22744.0,22744.0,0.0
SF02-FD-0U19-TRCLPF-18BU02,54347.0,360.0,Mécanique,Systématique,21,28.5,730.0,observée,28.5,5.5,18,11,0.55,Insuffisant,28.5,19.9,16911.0,12958.0,3953.0
SF02-FD-0U19-TRCLPF-18BU02,54348.0,350.0,Mécanique,Graissage,39,15.0,730.0,observée,15.0,3.5,18,12,0.32,Insuffisant,15.0,10.5,19671.0,15720.0,3952.0
SF02-FD-0U19-TRCLPF-18BU02,200000000701.0,350.0,Mécanique,Graissage,18,30.1,730.0,observée,30.1,2.5,18,8,0.47,Insuffisant,30.1,21.1,13852.0,10726.0,3126.0
SF02-FD-0U19-TRCLPF-18BU02-GMOT,50684.0,360.0,Électrique,Systématique,7,34.0,90.0,observée,34.0,18.2,0,0,0.0,Adéquat,34.0,34.0,1031.0,1031.0,0.0
SF02-FD-0U19-TRCLPF-18BU02-GMOT,50704.0,360.0,Électrique,Systématique,5,57.0,,observée,57.0,44.5,0,0,0.0,Adéquat,57.0,57.0,615.0,615.0,0.0
SF02-FD-0U19-TRCLPF-19PC01,54379.0,290.0,Mécanique,Inspection,177,3.1,730.0,observée,3.1,1.3,134,64,0.36,Insuffisant,3.1,2.2,105670.0,83553.0,22116.0
SF02-FD-0U19-TRCLPF-19PC01,54444.0,350.0,Mécanique,Graissage,81,6.9,730.0,observée,6.9,1.8,134,51,0.64,Insuffisant,6.9,4.8,80449.0,61092.0,19358.0
SF02-FD-0U19-TRCLPF-19PG01,54380.0,360.0,Mécanique,Systématique,80,6.9,730.0,observée,6.9,1.5,209,55,0.7,Insuffisant,6.9,4.8,87515.0,66139.0,21376.0
SF02-FD-0U19-TRCLPF-19PG01,54381.0,350.0,Mécanique,Graissage,80,7.0,730.0,observée,7.0,1.9,209,55,0.7,Insuffisant,7.0,4.9,86265.0,65194.0,21071.0
SF02-FD-0U19-TRCLPF-19PG01,200000000643.0,320.0,Mécanique,Autre,18,29.9,730.0,observée,29.9,1.1,209,17,1.0,Insuffisant,29.9,20.9,28349.0,21086.0,7262.0
SF02-FD-0U19-TRCLPF-19PU01,54382.0,290.0,Mécanique,Inspection,80,6.9,730.0,observée,6.9,1.7,30,19,0.24,Insuffisant,6.9,4.8,33343.0,27444.0,5899.0
SF02-FD-0U19-TRCLPF-19PU01,54383.0,350.0,Mécanique,Graissage,40,14.6,730.0,observée,14.6,2.2,30,16,0.41,Insuffisant,14.6,10.2,25220.0,19728.0,5491.0
SF02-FD-0U19-TRCLPF-19PU01,200000000633.0,320.0,Mécanique,Autre,18,29.9,730.0,observée,29.9,0.4,30,10,0.59,Insuffisant,29.9,20.9,17206.0,13127.0,4079.0
SF02-FD-0U19-TRCLPF-19PU01,200000000695.0,350.0,Mécanique,Graissage,18,30.1,730.0,observée,30.1,3.3,30,10,0.59,Insuffisant,30.1,21.1,17092.0,13040.0,4052.0
SF02-FD-0U19-TRCLPF-19PU01-GMOT,50691.0,360.0,Électrique,Systématique,8,40.0,90.0,observée,40.0,31.9,0,0,0.0,Adéquat,40.0,40.0,876.0,876.0,0.0
SF02-FD-0U19-TRCLPF-19PU01-GMOT,50711.0,360.0,Électrique,Systématique,3,127.0,90.0,observée,127.0,104.0,0,0,0.0,Adéquat,127.0,127.0,276.0,276.0,0.0
SF02-FD-0U19-TRCLPF-19PV01,54391.0,360.0,Mécanique,Systématique,3,224.5,730.0,observée,224.5,128.5,76,2,1.0,Insuffisant,224.5,157.1,3776.0,2808.0,967.0
SF02-FD-0U19-TRCLPF-19PV01,54392.0,360.0,Mécanique,Systématique,3,224.5,730.0,observée,224.5,128.5,76,2,1.0,Insuffisant,224.5,157.1,3776.0,2808.0,967.0
SF02-FD-0U19-TRCLPF-19PV01,54399.0,360.0,Mécanique,Systématique,3,184.0,730.0,observée,184.0,26.0,76,2,1.0,Insuffisant,184.0,128.8,4607.0,3427.0,1180.0
SF02-FD-0U19-TRCLPF-19PV01,54401.0,290.0,Mécanique,Inspection,56,10.0,730.0,observée,10.0,1.8,76,32,0.58,Insuffisant,10.0,7.0,50634.0,38671.0,11964.0
SF02-FD-0U19-TRCLPF-19PV01,54402.0,360.0,Mécanique,Systématique,21,28.5,730.0,observée,28.5,5.5,76,16,0.8,Insuffisant,28.5,19.9,24039.0,18049.0,5990.0
SF02-FD-0U19-TRCLPF-19PV01,54404.0,360.0,Mécanique,Systématique,43,12.9,730.0,observée,12.9,3.1,76,28,0.67,Insuffisant,12.9,9.0,44921.0,34027.0,10894.0
SF02-FD-0U19-TRCLPF-19PV01,54405.0,310.0,Mécanique,Inspection,9,14.6,730.0,observée,14.6,1.0,76,7,0.88,Insuffisant,14.6,10.2,51378.0,38413.0,12965.0
SF02-FD-0U19-TRCLPF-19PV01,54405.0,350.0,Mécanique,Graissage,30,14.5,730.0,observée,14.5,1.9,76,19,0.66,Insuffisant,14.5,10.1,39403.0,29872.0,9532.0
SF02-FD-0U19-TRCLPF-19PV01,200000000569.0,290.0,Mécanique,Inspection,108,3.0,730.0,observée,3.0,0.7,76,29,0.27,Insuffisant,3.0,2.1,84814.0,68926.0,15889.0
SF02-FD-0U19-TRCLPF-19PV01,200000000569.0,310.0,Mécanique,Inspection,73,3.2,730.0,observée,3.2,1.5,76,17,0.24,Insuffisant,3.2,2.2,71895.0,59177.0,12719.0
SF02-FD-0U19-TRCLPF-19PV01,200000000681.0,350.0,Mécanique,Graissage,18,30.1,730.0,observée,30.1,3.6,76,15,0.88,Insuffisant,30.1,21.1,24921.0,18632.0,6289.0
SF02-FD-BATI-SLTECH-DCSDCP,215996.0,310.0,Régulation/Instrumentation,Inspection,44,8.4,,observée,8.4,9.4,0,0,0.0,Trop fréquent,8.4,16.8,4172.0,2086.0,2086.0
SF02-FD-COMM-POSTBT,51838.0,310.0,Électrique,Inspection,14,22.6,90.0,observée,22.6,27.8,1,1,0.08,Adéquat,22.6,22.6,4427.0,4427.0,0.0
SF02-FD-COMM-POSTBT,55666.0,320.0,Électrique,Autre,6,56.0,90.0,observée,56.0,58.3,1,1,0.2,Insuffisant,56.0,39.2,3528.0,2967.0,561.0
SF02-FD-COMM-POSTBT,55668.0,360.0,Électrique,Systématique,5,70.0,365.0,observée,70.0,15.4,1,1,0.25,Insuffisant,70.0,49.0,3403.0,2788.0,615.0
SF02-FD-COMM-POSTVV,51837.0,310.0,Électrique,Inspection,18,22.3,90.0,observée,22.3,20.5,0,0,0.0,Adéquat,22.3,22.3,1572.0,1572.0,0.0
SF02-FD-COMM-POSTVV,55667.0,360.0,Électrique,Systématique,4,16.7,90.0,observée,16.7,3.1,0,0,0.0,Trop fréquent,16.7,33.4,2099.0,1049.0,1049.0
SF02-FD-COMM-POSTVV,55667.0,370.0,Électrique,Autre,4,100.0,90.0,observée,100.0,83.6,0,0,0.0,Adéquat,100.0,100.0,350.0,350.0,0.0
SF02-FD-COMM-POSTVV,55669.0,360.0,Électrique,Systématique,5,70.0,365.0,observée,70.0,15.4,0,0,0.0,Adéquat,70.0,70.0,501.0,501.0,0.0
SF02-FD-COMM-POSTVV,69234.0,360.0,Électrique,Systématique,10,38.0,90.0,observée,38.0,47.5,0,0,0.0,Adéquat,38.0,38.0,922.0,922.0,0.0
SF02-FD-COMM-SACKEE,69235.0,360.0,Électrique,Systématique,10,38.0,90.0,observée,38.0,47.5,0,0,0.0,Adéquat,38.0,38.0,922.0,922.0,0.0
SF02-FM,55443.0,350.0,Mécanique,Graissage,3,185.0,730.0,observée,185.0,0.0,22,2,1.0,Insuffisant,185.0,129.5,4582.0,3408.0,1174.0
SF02-FM,55675.0,310.0,Mécanique,Inspection,5,30.0,730.0,observée,30.0,4.3,22,1,0.25,Insuffisant,30.0,21.0,7940.0,6506.0,1434.0
SF02-FM,55675.0,350.0,Mécanique,Graissage,15,27.9,730.0,observée,27.9,6.1,22,5,0.36,Insuffisant,27.9,19.5,11741.0,9284.0,2457.0
SF02-FM,55684.0,360.0,Électrique,Systématique,5,117.2,365.0,observée,117.2,109.7,22,4,1.0,Insuffisant,117.2,82.0,7232.0,5380.0,1853.0
SF02-FM,200000012444.0,360.0,Mécanique,Systématique,10,9.6,730.0,observée,9.6,7.5,22,3,0.33,Insuffisant,9.6,6.7,31583.0,25167.0,6416.0
SF02-FM,200000012445.0,360.0,Mécanique,Systématique,13,7.1,730.0,observée,7.1,2.1,22,3,0.25,Insuffisant,7.1,5.0,33548.0,27489.0,6059.0
SF02-FM,200000012446.0,360.0,Mécanique,Systématique,9,9.9,730.0,observée,9.9,7.8,22,3,0.38,Insuffisant,9.9,6.9,34730.0,27336.0,7394.0
SF02-FM,200000012447.0,360.0,Mécanique,Systématique,9,9.9,730.0,observée,9.9,7.8,22,3,0.38,Insuffisant,9.9,6.9,34730.0,27336.0,7394.0
SF02-FM,200000012474.0,360.0,Mécanique,Systématique,10,9.6,730.0,observée,9.6,7.5,22,3,0.33,Insuffisant,9.6,6.7,31583.0,25167.0,6416.0
SF02-FM,200000012475.0,360.0,Mécanique,Systématique,13,7.1,730.0,observée,7.1,2.1,22,3,0.25,Insuffisant,7.1,5.0,33548.0,27489.0,6059.0
SF02-FM,200000012476.0,360.0,Mécanique,Systématique,9,9.9,730.0,observée,9.9,7.8,22,3,0.38,Insuffisant,9.9,6.9,34730.0,27336.0,7394.0
SF02-FM,200000012477.0,360.0,Mécanique,Systématique,9,9.9,730.0,observée,9.9,7.8,22,3,0.38,Insuffisant,9.9,6.9,34730.0,27336.0,7394.0
SF02-FM-0MCP,216353.0,310.0,Régulation/Instrumentation,Inspection,33,14.6,,observée,14.6,10.0,196,17,0.53,Insuffisant,14.6,10.2,31898.0,24499.0,7399.0
SF02-FM-0MCP,216418.0,310.0,Régulation/Instrumentation,Inspection,8,91.0,,observée,91.0,39.8,196,4,0.57,Insuffisant,91.0,63.7,5475.0,4186.0,1289.0
SF02-FM-0MCP,216419.0,310.0,Régulation/Instrumentation,Inspection,8,91.0,,observée,91.0,38.9,196,4,0.57,Insuffisant,91.0,63.7,5475.0,4186.0,1289.0
SF02-FM-0MCP,200000012463.0,360.0,Mécanique,Systématique,10,9.6,730.0,observée,9.6,7.5,196,9,1.0,Insuffisant,9.6,6.7,88295.0,65675.0,22620.0
SF02-FM-0MCP,200000012464.0,360.0,Mécanique,Systématique,13,7.1,730.0,observée,7.1,2.1,196,10,0.83,Insuffisant,7.1,5.0,99928.0,74903.0,25025.0
SF02-FM-0MCP,200000012465.0,360.0,Mécanique,Systématique,9,9.9,730.0,observée,9.9,7.8,196,8,1.0,Insuffisant,9.9,6.9,85619.0,63685.0,21934.0
SF02-FM-0MCP,200000012466.0,360.0,Mécanique,Systématique,9,9.9,730.0,observée,9.9,7.8,196,8,1.0,Insuffisant,9.9,6.9,85619.0,63685.0,21934.0
SF02-FM-0MCP,200000012503.0,360.0,Mécanique,Systématique,10,9.6,730.0,observée,9.6,7.5,196,9,1.0,Insuffisant,9.6,6.7,88295.0,65675.0,22620.0
SF02-FM-0MCP,200000012504.0,360.0,Mécanique,Systématique,13,7.1,730.0,observée,7.1,2.1,196,10,0.83,Insuffisant,7.1,5.0,99928.0,74903.0,25025.0
SF02-FM-0MCP,200000012505.0,360.0,Mécanique,Systématique,9,9.9,730.0,observée,9.9,7.8,196,8,1.0,Insuffisant,9.9,6.9,85619.0,63685.0,21934.0
SF02-FM-0MCP,200000012506.0,360.0,Mécanique,Systématique,9,9.9,730.0,observée,9.9,7.8,196,8,1.0,Insuffisant,9.9,6.9,85619.0,63685.0,21934.0
SF02-FM-0MCP-002506,216031.0,290.0,Régulation/Instrumentation,Inspection,33,11.2,30.0,observée,11.2,18.7,11,1,0.03,Adéquat,11.2,11.2,5306.0,5306.0,0.0
SF02-FM-0MCP-002506,216031.0,310.0,Régulation/Instrumentation,Inspection,7,38.7,30.0,observée,38.7,68.6,11,1,0.17,Insuffisant,38.7,27.1,4475.0,3843.0,632.0
SF02-FM-0MCP-BROYAG-01001A,200000000554.0,350.0,Mécanique,Graissage,78,7.1,730.0,observée,7.1,2.0,76,40,0.52,Insuffisant,7.1,5.0,64449.0,49561.0,14888.0
SF02-FM-0MCP-BROYAG-01001A,200000000608.0,320.0,Mécanique,Autre,18,29.9,730.0,observée,29.9,0.4,76,15,0.88,Insuffisant,29.9,20.9,25088.0,18757.0,6331.0
SF02-FM-0MCP-BROYAG-01001B,200000000562.0,350.0,Mécanique,Graissage,78,7.1,730.0,observée,7.1,2.0,45,27,0.35,Insuffisant,7.1,5.0,44993.0,35663.0,9329.0
SF02-FM-0MCP-CICHAU-001302,200000002446.0,290.0,Mécanique,Inspection,34,14.4,730.0,observée,14.4,3.0,4,1,0.03,Adéquat,14.4,14.4,4127.0,4127.0,0.0
SF02-FM-0MCP-CICHAU-002302-BASC-CWT102,216248.0,360.0,Régulation/Instrumentation,Systématique,6,113.8,,observée,113.8,28.0,0,0,0.0,Adéquat,113.8,113.8,308.0,308.0,0.0
SF02-FM-0MCP-CICHAU-002302-SURV-KV23022,216239.0,360.0,Régulation/Instrumentation,Systématique,4,198.0,,observée,198.0,102.4,0,0,0.0,Adéquat,198.0,198.0,177.0,177.0,0.0
SF02-FM-0MCP-CICHAU-002302-SURV-KV23023,216240.0,360.0,Régulation/Instrumentation,Systématique,4,244.7,,observée,244.7,63.3,0,0,0.0,Adéquat,244.7,244.7,143.0,143.0,0.0
SF02-FM-0MCP-CICHAU-002302-SURV-LAH102,216269.0,360.0,Régulation/Instrumentation,Systématique,7,106.5,,observée,106.5,30.8,0,0,0.0,Adéquat,106.5,106.5,329.0,329.0,0.0
SF02-FM-0MCP-CICHAU-01301A,200000002445.0,290.0,Mécanique,Inspection,34,14.4,730.0,observée,14.4,3.0,2,2,0.06,Adéquat,14.4,14.4,5819.0,5819.0,0.0
SF02-FM-0MCP-CICHAU-02301A-BASC-WT104A,216254.0,360.0,Régulation/Instrumentation,Systématique,6,113.8,,observée,113.8,28.0,2,0,0.0,Adéquat,113.8,113.8,308.0,308.0,0.0
SF02-FM-0MCP-CICHAU-02301A-SURV-KV2301A1,216230.0,360.0,Régulation/Instrumentation,Systématique,4,241.3,,observée,241.3,64.7,0,0,0.0,Adéquat,241.3,241.3,145.0,145.0,0.0
SF02-FM-0MCP-CICHAU-02301A-SURV-KV2301A2,216231.0,360.0,Régulation/Instrumentation,Systématique,4,241.3,,observée,241.3,64.7,0,0,0.0,Adéquat,241.3,241.3,145.0,145.0,0.0
SF02-FM-0MCP-CICHAU-02301A-SURV-KV2301A3,216232.0,360.0,Régulation/Instrumentation,Systématique,4,241.3,,observée,241.3,64.7,0,0,0.0,Adéquat,241.3,241.3,145.0,145.0,0.0
SF02-FM-0MCP-CICHAU-02301A-SURV-KV2301A4,216233.0,360.0,Régulation/Instrumentation,Systématique,40,9.7,,observée,9.7,17.8,1,1,0.03,Adéquat,9.7,9.7,6126.0,6126.0,0.0
SF02-FM-0MCP-CICHAU-02301B-BASC-WT104B,216255.0,360.0,Régulation/Instrumentation,Systématique,7,106.5,,observée,106.5,30.4,2,1,0.17,Insuffisant,106.5,74.5,1626.0,1397.0,230.0
SF02-FM-0MCP-CICHAU-02301B-SURV-KV2301B1,216234.0,360.0,Régulation/Instrumentation,Systématique,4,241.3,,observée,241.3,64.7,0,0,0.0,Adéquat,241.3,241.3,145.0,145.0,0.0
SF02-FM-0MCP-CICHAU-02301B-SURV-KV2301B2,216235.0,360.0,Régulation/Instrumentation,Systématique,4,241.3,,observée,241.3,64.7,0,0,0.0,Adéquat,241.3,241.3,145.0,145.0,0.0
SF02-FM-0MCP-CICHAU-02301B-SURV-KV2301B3,216236.0,360.0,Régulation/Instrumentation,Systématique,4,241.3,,observée,241.3,64.7,0,0,0.0,Adéquat,241.3,241.3,145.0,145.0,0.0
SF02-FM-0MCP-CICHAU-02301B-SURV-KV2301B4,216237.0,360.0,Régulation/Instrumentation,Systématique,4,241.3,,observée,241.3,64.7,0,0,0.0,Adéquat,241.3,241.3,145.0,145.0,0.0
SF02-FM-0MCP-CICHAU-02501A,200000000642.0,320.0,Mécanique,Autre,18,29.9,730.0,observée,29.9,1.4,2,2,0.12,Adéquat,29.9,29.9,4433.0,4433.0,0.0
SF02-FM-0MCP-CICHAU-02501A-SURV-HV19A,216195.0,360.0,Régulation/Instrumentation,Systématique,11,59.3,,observée,59.3,42.7,0,0,0.0,Adéquat,59.3,59.3,591.0,591.0,0.0
SF02-FM-0MCP-CICHAU-02501A-SURV-HV21A,216197.0,360.0,Régulation/Instrumentation,Systématique,10,65.9,,observée,65.9,25.8,0,0,0.0,Adéquat,65.9,65.9,532.0,532.0,0.0
SF02-FM-0MCP-CICHAU-02501A-SURV-HV23A,216199.0,360.0,Régulation/Instrumentation,Systématique,10,62.2,,observée,62.2,27.2,1,0,0.0,Adéquat,62.2,62.2,563.0,563.0,0.0
SF02-FM-0MCP-CICHAU-02501A-SURV-HV25A,216201.0,360.0,Régulation/Instrumentation,Systématique,10,63.4,,observée,63.4,26.4,0,0,0.0,Adéquat,63.4,63.4,553.0,553.0,0.0
SF02-FM-0MCP-CICHAU-02501A-SURV-HV4A,216127.0,360.0,Régulation/Instrumentation,Systématique,4,199.7,,observée,199.7,104.0,0,0,0.0,Adéquat,199.7,199.7,175.0,175.0,0.0
SF02-FM-0MCP-CICHAU-02501A-SURV-HV51A,216205.0,360.0,Régulation/Instrumentation,Systématique,10,58.8,,observée,58.8,22.4,0,0,0.0,Adéquat,58.8,58.8,596.0,596.0,0.0
SF02-FM-0MCP-CICHAU-02501A-SURV-HV52A,216207.0,360.0,Régulation/Instrumentation,Systématique,10,63.4,,observée,63.4,27.0,0,0,0.0,Adéquat,63.4,63.4,553.0,553.0,0.0
SF02-FM-0MCP-CICHAU-02501A-SURV-HV8A,216209.0,360.0,Régulation/Instrumentation,Systématique,10,63.4,,observée,63.4,37.3,0,0,0.0,Adéquat,63.4,63.4,553.0,553.0,0.0
SF02-FM-0MCP-CICHAU-02501A-SURV-PT13A,216125.0,360.0,Régulation/Instrumentation,Systématique,7,106.5,,observée,106.5,21.7,1,0,0.0,Adéquat,106.5,106.5,329.0,329.0,0.0
SF02-FM-0MCP-CICHAU-02501A-SURV-PT14A,216203.0,360.0,Régulation/Instrumentation,Systématique,10,63.4,,observée,63.4,27.5,0,0,0.0,Adéquat,63.4,63.4,553.0,553.0,0.0
SF02-FM-0MCP-CICHAU-02501B,200000000625.0,320.0,Mécanique,Autre,18,29.9,730.0,observée,29.9,0.4,2,2,0.12,Adéquat,29.9,29.9,4433.0,4433.0,0.0
SF02-FM-0MCP-CICHAU-02501B-SURV-HV19B,216196.0,360.0,Régulation/Instrumentation,Systématique,10,65.9,,observée,65.9,25.8,0,0,0.0,Adéquat,65.9,65.9,532.0,532.0,0.0
SF02-FM-0MCP-CICHAU-02501B-SURV-HV21B,216198.0,360.0,Régulation/Instrumentation,Systématique,9,65.5,,observée,65.5,27.2,0,0,0.0,Adéquat,65.5,65.5,535.0,535.0,0.0
SF02-FM-0MCP-CICHAU-02501B-SURV-HV23B,216200.0,360.0,Régulation/Instrumentation,Systématique,11,59.3,,observée,59.3,28.0,0,0,0.0,Adéquat,59.3,59.3,591.0,591.0,0.0
SF02-FM-0MCP-CICHAU-02501B-SURV-HV25B,216202.0,360.0,Régulation/Instrumentation,Systématique,9,66.4,,observée,66.4,26.7,0,0,0.0,Adéquat,66.4,66.4,528.0,528.0,0.0
SF02-FM-0MCP-CICHAU-02501B-SURV-HV4B,216128.0,360.0,Régulation/Instrumentation,Systématique,5,184.2,,observée,184.2,94.0,0,0,0.0,Adéquat,184.2,184.2,190.0,190.0,0.0
SF02-FM-0MCP-CICHAU-02501B-SURV-HV51B,216206.0,360.0,Régulation/Instrumentation,Systématique,11,56.5,,observée,56.5,22.4,0,0,0.0,Adéquat,56.5,56.5,620.0,620.0,0.0
SF02-FM-0MCP-CICHAU-02501B-SURV-HV52B,216208.0,360.0,Régulation/Instrumentation,Systématique,10,63.4,,observée,63.4,26.9,0,0,0.0,Adéquat,63.4,63.4,553.0,553.0,0.0
SF02-FM-0MCP-CICHAU-02501B-SURV-HV8B,216210.0,360.0,Régulation/Instrumentation,Systématique,9,66.0,,observée,66.0,38.8,0,0,0.0,Adéquat,66.0,66.0,531.0,531.0,0.0
SF02-FM-0MCP-CICHAU-02501B-SURV-PT13B,216126.0,360.0,Régulation/Instrumentation,Systématique,7,106.5,,observée,106.5,30.4,0,0,0.0,Adéquat,106.5,106.5,329.0,329.0,0.0
SF02-FM-0MCP-CICHAU-02501B-SURV-PT14B,216204.0,360.0,Régulation/Instrumentation,Systématique,10,63.4,,observée,63.4,22.1,0,0,0.0,Adéquat,63.4,63.4,553.0,553.0,0.0
SF02-FM-0MCP-CLASSI-002103,200000000522.0,290.0,Mécanique,Inspection,106,3.4,730.0,observée,3.4,2.8,168,41,0.39,Insuffisant,3.4,2.4,103516.0,81302.0,22213.0
SF02-FM-0MCP-CLASSI-002103,200000000522.0,310.0,Mécanique,Inspection,72,3.3,730.0,observée,3.3,1.6,168,31,0.44,Insuffisant,3.3,2.3,118964.0,92560.0,26404.0
SF02-FM-0MCP-CLASSI-002103,200000000525.0,350.0,Mécanique,Graissage,77,7.7,730.0,observée,7.7,3.6,168,56,0.74,Insuffisant,7.7,5.4,82644.0,62282.0,20362.0
SF02-FM-0MCP-CLASSI-002103,200000000623.0,320.0,Mécanique,Autre,18,29.9,730.0,observée,29.9,0.4,168,17,1.0,Insuffisant,29.9,20.9,28349.0,21086.0,7262.0
SF02-FM-0MCP-CLASSI-002103,200000000672.0,350.0,Mécanique,Graissage,18,30.1,730.0,observée,30.1,1.9,168,17,1.0,Insuffisant,30.1,21.1,28160.0,20946.0,7214.0
SF02-FM-0MCP-CLASSI-01403A-SURV-WY103A,216180.0,360.0,Régulation/Instrumentation,Systématique,9,72.4,,observée,72.4,31.5,0,0,0.0,Adéquat,72.4,72.4,484.0,484.0,0.0
SF02-FM-0MCP-COMBUS-001304,200000002447.0,290.0,Mécanique,Inspection,11,28.0,730.0,observée,28.0,0.6,1,0,0.0,Adéquat,28.0,28.0,1252.0,1252.0,0.0
SF02-FM-0MCP-COMBUS-001304,200000002447.0,310.0,Mécanique,Inspection,6,28.0,730.0,observée,28.0,0.0,1,0,0.0,Adéquat,28.0,28.0,1252.0,1252.0,0.0
SF02-FM-0MCP-COMBUS-001305,200000002448.0,290.0,Mécanique,Inspection,11,28.0,730.0,observée,28.0,0.4,2,1,0.1,Adéquat,28.0,28.0,4154.0,4154.0,0.0
SF02-FM-0MCP-COMBUS-001305,200000002448.0,310.0,Mécanique,Inspection,6,28.0,730.0,observée,28.0,0.0,2,1,0.2,Insuffisant,28.0,19.6,7056.0,5934.0,1122.0
SF02-FM-0MCP-COMBUS-001501,200000000541.0,350.0,Mécanique,Graissage,14,40.0,730.0,observée,40.0,9.8,93,12,0.92,Insuffisant,40.0,28.0,19566.0,14601.0,4964.0
SF02-FM-0MCP-COMBUS-001501,200000002385.0,290.0,Mécanique,Inspection,35,14.0,730.0,observée,14.0,0.3,93,26,0.76,Insuffisant,14.0,9.8,46615.0,35084.0,11531.0
SF02-FM-0MCP-COMBUS-001501,200000004320.0,300.0,Mécanique,Inspection,5,89.5,730.0,observée,89.5,0.9,93,4,1.0,Insuffisant,89.5,62.6,9471.0,7044.0,2426.0
SF02-FM-0MCP-COMBUS-001501-ARAU,216309.0,360.0,Régulation/Instrumentation,Systématique,44,8.9,,observée,8.9,15.8,0,0,0.0,Trop fréquent,8.9,17.8,3938.0,1969.0,1969.0
SF02-FM-0MCP-COMBUS-001501-ARAU,216312.0,360.0,Régulation/Instrumentation,Systématique,16,33.9,,observée,33.9,25.4,0,0,0.0,Adéquat,33.9,33.9,1034.0,1034.0,0.0
SF02-FM-0MCP-COMBUS-001501-SURV,216274.0,360.0,Régulation/Instrumentation,Systématique,40,9.7,,observée,9.7,16.5,0,0,0.0,Trop fréquent,9.7,19.4,3613.0,1806.0,1806.0
SF02-FM-0MCP-COMBUS-001501-SURV,216277.0,360.0,Régulation/Instrumentation,Systématique,15,36.4,,observée,36.4,28.8,0,0,0.0,Adéquat,36.4,36.4,963.0,963.0,0.0
SF02-FM-0MCP-COMBUS-001501-SURV,216280.0,360.0,Régulation/Instrumentation,Systématique,7,98.0,,observée,98.0,22.5,0,0,0.0,Adéquat,98.0,98.0,358.0,358.0,0.0
SF02-FM-0MCP-COMBUS-001501-SURV,216283.0,360.0,Régulation/Instrumentation,Systématique,5,168.0,,observée,168.0,17.7,0,0,0.0,Adéquat,168.0,168.0,209.0,209.0,0.0
SF02-FM-0MCP-COMBUS-001501-SURV,216286.0,360.0,Régulation/Instrumentation,Systématique,4,344.3,,observée,344.3,11.8,0,0,0.0,Adéquat,344.3,344.3,102.0,102.0,0.0
SF02-FM-0MCP-COMBUS-001501-SURV-EV4708,216427.0,360.0,Régulation/Instrumentation,Systématique,19,28.3,,observée,28.3,14.1,0,0,0.0,Adéquat,28.3,28.3,1238.0,1238.0,0.0
SF02-FM-0MCP-COMBUS-001501-SURV-FV4404,216392.0,360.0,Régulation/Instrumentation,Systématique,12,53.9,,observée,53.9,25.6,0,0,0.0,Adéquat,53.9,53.9,650.0,650.0,0.0
SF02-FM-0MCP-COMBUS-001501-SURV-JY4704,216364.0,360.0,Régulation/Instrumentation,Systématique,19,28.3,,observée,28.3,13.7,0,0,0.0,Adéquat,28.3,28.3,1238.0,1238.0,0.0
SF02-FM-0MCP-COMBUS-001501-SURV-PG4008,216147.0,360.0,Régulation/Instrumentation,Systématique,9,65.0,,observée,65.0,44.3,0,0,0.0,Adéquat,65.0,65.0,539.0,539.0,0.0
SF02-FM-0MCP-COMBUS-001501-SURV-PG4009,216148.0,360.0,Régulation/Instrumentation,Systématique,9,65.0,,observée,65.0,44.3,0,0,0.0,Adéquat,65.0,65.0,539.0,539.0,0.0
SF02-FM-0MCP-COMBUS-001501-SURV-PS4020,216377.0,360.0,Régulation/Instrumentation,Systématique,33,14.6,,observée,14.6,10.1,1,1,0.03,Adéquat,14.6,14.6,4070.0,4070.0,0.0
SF02-FM-0MCP-COMBUS-001501-SURV-PSH4026,216380.0,360.0,Régulation/Instrumentation,Systématique,19,28.3,,observée,28.3,16.2,0,0,0.0,Adéquat,28.3,28.3,1238.0,1238.0,0.0
SF02-FM-0MCP-COMBUS-001501-SURV-PSL4005,216384.0,360.0,Régulation/Instrumentation,Systématique,19,28.3,,observée,28.3,13.8,0,0,0.0,Adéquat,28.3,28.3,1238.0,1238.0,0.0
SF02-FM-0MCP-COMBUS-001501-SURV-PSL4010,216385.0,360.0,Régulation/Instrumentation,Systématique,18,29.9,,observée,29.9,15.2,0,0,0.0,Adéquat,29.9,29.9,1172.0,1172.0,0.0
SF02-FM-0MCP-COMBUS-001501-SURV-PSL4015,216386.0,360.0,Régulation/Instrumentation,Systématique,35,13.7,,observée,13.7,10.9,0,0,0.0,Trop fréquent,13.7,27.4,2558.0,1279.0,1279.0
SF02-FM-0MCP-COMBUS-001501-SURV-TSH4108,216405.0,360.0,Régulation/Instrumentation,Systématique,19,28.3,,observée,28.3,16.4,0,0,0.0,Adéquat,28.3,28.3,1238.0,1238.0,0.0
SF02-FM-0MCP-COMBUS-001501-SURV-TSH4111,216397.0,360.0,Régulation/Instrumentation,Systématique,19,28.3,,observée,28.3,13.8,0,0,0.0,Adéquat,28.3,28.3,1238.0,1238.0,0.0
SF02-FM-0MCP-COMBUS-001501-SURV-TSH4118,216406.0,360.0,Régulation/Instrumentation,Systématique,19,28.3,,observée,28.3,16.7,2,1,0.06,Adéquat,28.3,28.3,2961.0,2961.0,0.0
SF02-FM-0MCP-COMBUS-001501-SURV-TSL4019,216410.0,360.0,Régulation/Instrumentation,Systématique,12,53.9,,observée,53.9,11.2,0,0,0.0,Adéquat,53.9,53.9,650.0,650.0,0.0
SF02-FM-0MCP-COMBUS-001501-SURV-XY4705,216368.0,310.0,Régulation/Instrumentation,Inspection,47,8.3,,observée,8.3,9.3,0,0,0.0,Trop fréquent,8.3,16.6,4222.0,2111.0,2111.0
SF02-FM-0MCP-COMBUS-001501-SURV-ZS4706,216401.0,310.0,Régulation/Instrumentation,Inspection,50,7.8,,observée,7.8,8.1,0,0,0.0,Trop fréquent,7.8,15.6,4493.0,2246.0,2246.0
SF02-FM-0MCP-COMBUS-002305-SURV-FT105,216089.0,360.0,Régulation/Instrumentation,Systématique,5,184.2,,observée,184.2,94.0,0,0,0.0,Adéquat,184.2,184.2,190.0,190.0,0.0
SF02-FM-0MCP-COMBUS-002305-SURV-LT105,216100.0,360.0,Régulation/Instrumentation,Systématique,7,106.5,,observée,106.5,32.2,0,0,0.0,Adéquat,106.5,106.5,329.0,329.0,0.0
SF02-FM-0MCP-COMBUS-002305-SURV-LV105,216227.0,360.0,Régulation/Instrumentation,Systématique,6,114.0,,observée,114.0,28.3,0,0,0.0,Adéquat,114.0,114.0,307.0,307.0,0.0
SF02-FM-0MCP-COMBUS-002305-SURV-PG4001,216371.0,360.0,Régulation/Instrumentation,Systématique,19,28.3,,observée,28.3,14.1,1,1,0.06,Adéquat,28.3,28.3,2961.0,2961.0,0.0
SF02-FM-0MCP-COMBUS-002305-SURV-TG4105,216389.0,360.0,Régulation/Instrumentation,Systématique,18,29.9,,observée,29.9,13.5,0,0,0.0,Adéquat,29.9,29.9,1172.0,1172.0,0.0
SF02-FM-0MCP-FILTRA-001308,200000002424.0,310.0,Mécanique,Inspection,17,28.0,730.0,observée,28.0,4.6,0,0,0.0,Adéquat,28.0,28.0,1252.0,1252.0,0.0
SF02-FM-0MCP-FILTRA-001309,200000000532.0,350.0,Mécanique,Graissage,80,7.0,730.0,observée,7.0,1.7,18,10,0.13,Adéquat,7.0,7.0,20097.0,20097.0,0.0
SF02-FM-0MCP-FILTRA-001311,200000000521.0,350.0,Mécanique,Graissage,80,7.0,730.0,observée,7.0,1.7,7,4,0.05,Adéquat,7.0,7.0,10811.0,10811.0,0.0
SF02-FM-0MCP-FILTRA-001702,200000002531.0,290.0,Mécanique,Inspection,17,28.0,730.0,observée,28.0,0.4,2,1,0.06,Adéquat,28.0,28.0,2993.0,2993.0,0.0
SF02-FM-0MCP-FILTRA-001702-SURV-EV1702,216259.0,360.0,Régulation/Instrumentation,Systématique,15,34.8,,observée,34.8,33.0,0,0,0.0,Adéquat,34.8,34.8,1007.0,1007.0,0.0
SF02-FM-0MCP-FILTRA-001706,200000002428.0,360.0,Mécanique,Systématique,42,11.5,730.0,observée,11.5,3.5,90,25,0.61,Insuffisant,11.5,8.0,46150.0,35141.0,11009.0
SF02-FM-0MCP-FILTRA-001706-SURV-EV1706,216260.0,360.0,Régulation/Instrumentation,Systématique,14,34.5,,observée,34.5,34.2,1,0,0.0,Adéquat,34.5,34.5,1016.0,1016.0,0.0
SF02-FM-0MCP-FILTRA-001706-SURV-PI1706,216138.0,360.0,Régulation/Instrumentation,Systématique,4,199.7,,observée,199.7,104.0,0,0,0.0,Adéquat,199.7,199.7,175.0,175.0,0.0
SF02-FM-0MCP-FILTRA-001706-SURV-PT114,216120.0,360.0,Régulation/Instrumentation,Systématique,5,182.0,,observée,182.0,95.2,0,0,0.0,Adéquat,182.0,182.0,193.0,193.0,0.0
SF02-FM-0MCP-FILTRA-001706-SURV-SQ1706,216265.0,360.0,Régulation/Instrumentation,Systématique,17,31.8,,observée,31.8,23.9,2,2,0.12,Adéquat,31.8,31.8,4168.0,4168.0,0.0
SF02-FM-0MCP-FILTRA-001706-SURV-TTHC01,216066.0,360.0,Régulation/Instrumentation,Systématique,5,185.2,,observée,185.2,93.5,0,0,0.0,Adéquat,185.2,185.2,189.0,189.0,0.0
SF02-FM-0MCP-FILTRA-001706-SURV-TTHC02,216067.0,360.0,Régulation/Instrumentation,Systématique,5,185.2,,observée,185.2,93.5,0,0,0.0,Adéquat,185.2,185.2,189.0,189.0,0.0
SF02-FM-0MCP-FILTRA-001709,200000002429.0,360.0,Mécanique,Systématique,42,11.5,730.0,observée,11.5,3.5,12,7,0.17,Insuffisant,11.5,8.0,15060.0,12934.0,2126.0
SF02-FM-0MCP-FILTRA-001709-SURV-EV1709,216261.0,360.0,Régulation/Instrumentation,Systématique,15,32.0,,observée,32.0,23.8,0,0,0.0,Adéquat,32.0,32.0,1095.0,1095.0,0.0
SF02-FM-0MCP-FILTRA-001709-SURV-PI1709,216139.0,360.0,Régulation/Instrumentation,Systématique,5,184.5,,observée,184.5,93.9,0,0,0.0,Adéquat,184.5,184.5,190.0,190.0,0.0
SF02-FM-0MCP-FILTRA-001709-SURV-PT116,216121.0,360.0,Régulation/Instrumentation,Systématique,5,182.0,,observée,182.0,95.2,0,0,0.0,Adéquat,182.0,182.0,193.0,193.0,0.0
SF02-FM-0MCP-FILTRA-001709-SURV-SQ1709,216266.0,360.0,Régulation/Instrumentation,Systématique,15,36.4,,observée,36.4,24.1,3,2,0.14,Adéquat,36.4,36.4,4088.0,4088.0,0.0
SF02-FM-0MCP-FILTRA-001709-SURV-TT011604,216056.0,360.0,Régulation/Instrumentation,Systématique,5,184.8,,observée,184.8,93.7,0,0,0.0,Adéquat,184.8,184.8,190.0,190.0,0.0
SF02-FM-0MCP-FILTRA-001709-SURV-TT011709,216058.0,360.0,Régulation/Instrumentation,Systématique,5,185.0,,observée,185.0,93.6,0,0,0.0,Adéquat,185.0,185.0,189.0,189.0,0.0
SF02-FM-0MCP-FILTRA-001709-SURV-TT111709,216064.0,360.0,Régulation/Instrumentation,Systématique,5,185.2,,observée,185.2,93.5,0,0,0.0,Adéquat,185.2,185.2,189.0,189.0,0.0
SF02-FM-0MCP-FILTRA-001711,200000000626.0,320.0,Mécanique,Autre,18,29.9,730.0,observée,29.9,0.8,3,1,0.06,Adéquat,29.9,29.9,2803.0,2803.0,0.0
SF02-FM-0MCP-FILTRA-001711,200000002430.0,360.0,Mécanique,Systématique,42,11.5,730.0,observée,11.5,3.5,3,1,0.02,Adéquat,11.5,11.5,4461.0,4461.0,0.0
SF02-FM-0MCP-FILTRA-001711-SURV-EV1711,216262.0,360.0,Régulation/Instrumentation,Systématique,14,34.5,,observée,34.5,34.3,0,0,0.0,Adéquat,34.5,34.5,1016.0,1016.0,0.0
SF02-FM-0MCP-FILTRA-001711-SURV-PDT117,216112.0,360.0,Régulation/Instrumentation,Systématique,5,185.0,,observée,185.0,93.6,0,0,0.0,Adéquat,185.0,185.0,189.0,189.0,0.0
SF02-FM-0MCP-FILTRA-001711-SURV-PI1711,216140.0,360.0,Régulation/Instrumentation,Systématique,5,184.5,,observée,184.5,93.9,0,0,0.0,Adéquat,184.5,184.5,190.0,190.0,0.0
SF02-FM-0MCP-FILTRA-001711-SURV-PT118,216122.0,360.0,Régulation/Instrumentation,Systématique,5,182.0,,observée,182.0,95.2,0,0,0.0,Adéquat,182.0,182.0,193.0,193.0,0.0
SF02-FM-0MCP-FILTRA-001711-SURV-SQ1711,216267.0,360.0,Régulation/Instrumentation,Systématique,14,34.5,,observée,34.5,34.7,2,1,0.08,Adéquat,34.5,34.5,2900.0,2900.0,0.0
SF02-FM-0MCP-FILTRA-001711-SURV-TT1605,216057.0,360.0,Régulation/Instrumentation,Systématique,5,184.8,,observée,184.8,93.7,0,0,0.0,Adéquat,184.8,184.8,190.0,190.0,0.0
SF02-FM-0MCP-FILTRA-001711-SURV-TT1711,216059.0,360.0,Régulation/Instrumentation,Systématique,5,185.0,,observée,185.0,93.6,0,0,0.0,Adéquat,185.0,185.0,189.0,189.0,0.0
SF02-FM-0MCP-FILTRA-01701A,200000002522.0,290.0,Mécanique,Inspection,17,28.0,730.0,observée,28.0,0.0,3,2,0.12,Adéquat,28.0,28.0,4734.0,4734.0,0.0
SF02-FM-0MCP-FILTRA-01701B,200000002523.0,290.0,Mécanique,Inspection,17,28.0,730.0,observée,28.0,0.0,1,1,0.06,Adéquat,28.0,28.0,2993.0,2993.0,0.0
SF02-FM-0MCP-FILTRA-01712A,200000002431.0,290.0,Mécanique,Inspection,11,28.0,730.0,observée,28.0,0.4,0,0,0.0,Adéquat,28.0,28.0,1252.0,1252.0,0.0
SF02-FM-0MCP-FILTRA-01712A,200000002431.0,310.0,Mécanique,Inspection,6,28.0,730.0,observée,28.0,0.0,0,0,0.0,Adéquat,28.0,28.0,1252.0,1252.0,0.0
SF02-FM-0MCP-FILTRA-01712A-SURV-PI1712A,216135.0,360.0,Régulation/Instrumentation,Systématique,5,184.2,,observée,184.2,94.0,0,0,0.0,Adéquat,184.2,184.2,190.0,190.0,0.0
SF02-FM-0MCP-FILTRA-01712B,200000002439.0,290.0,Mécanique,Inspection,11,28.0,730.0,observée,28.0,0.4,1,1,0.1,Adéquat,28.0,28.0,4154.0,4154.0,0.0
SF02-FM-0MCP-FILTRA-01712B,200000002439.0,310.0,Mécanique,Inspection,6,28.0,730.0,observée,28.0,0.0,1,0,0.0,Adéquat,28.0,28.0,1252.0,1252.0,0.0
SF02-FM-0MCP-FILTRA-01712B-SURV-SQ1712B,216136.0,360.0,Régulation/Instrumentation,Systématique,5,132.5,,observée,132.5,137.1,0,0,0.0,Adéquat,132.5,132.5,264.0,264.0,0.0
SF02-FM-0MCP-LAVAGE-001109,200000002425.0,310.0,Mécanique,Inspection,17,28.0,730.0,observée,28.0,4.6,0,0,0.0,Adéquat,28.0,28.0,1252.0,1252.0,0.0
SF02-FM-0MCP-LAVAGE-001303,200000000531.0,350.0,Mécanique,Graissage,80,7.0,730.0,observée,7.0,1.7,45,24,0.3,Insuffisant,7.0,4.9,39832.0,32027.0,7804.0
SF02-FM-0MCP-LAVAGE-001303-SURV-PT106,216118.0,360.0,Régulation/Instrumentation,Systématique,5,182.0,,observée,182.0,95.2,0,0,0.0,Adéquat,182.0,182.0,193.0,193.0,0.0
SF02-FM-0MCP-LAVAGE-001303-SURV-TT106,216061.0,360.0,Régulation/Instrumentation,Systématique,5,185.0,,observée,185.0,93.6,0,0,0.0,Adéquat,185.0,185.0,189.0,189.0,0.0
SF02-FM-0MCP-LAVAGE-001703,200000000641.0,320.0,Mécanique,Autre,18,29.9,730.0,observée,29.9,0.4,98,13,0.76,Insuffisant,29.9,20.9,21826.0,16427.0,5399.0
SF02-FM-0MCP-LAVAGE-001703-SURV-PT103,216115.0,360.0,Régulation/Instrumentation,Systématique,5,185.0,,observée,185.0,98.4,0,0,0.0,Adéquat,185.0,185.0,189.0,189.0,0.0
SF02-FM-0MCP-LAVAGE-001703-SURV-PT104,216117.0,360.0,Régulation/Instrumentation,Systématique,5,185.2,,observée,185.2,93.5,0,0,0.0,Adéquat,185.2,185.2,189.0,189.0,0.0
SF02-FM-0MCP-LAVAGE-001703-SURV-PT105,216116.0,360.0,Régulation/Instrumentation,Systématique,5,185.0,,observée,185.0,93.6,0,0,0.0,Adéquat,185.0,185.0,189.0,189.0,0.0
SF02-FM-0MCP-LAVAGE-002304-SURV-FT106,216075.0,360.0,Régulation/Instrumentation,Systématique,8,91.0,,observée,91.0,26.7,0,0,0.0,Adéquat,91.0,91.0,385.0,385.0,0.0
SF02-FM-0MCP-LAVAGE-002304-SURV-LCV101,216188.0,360.0,Régulation/Instrumentation,Systématique,6,114.4,,observée,114.4,28.9,0,0,0.0,Adéquat,114.4,114.4,306.0,306.0,0.0
SF02-FM-0MCP-LAVAGE-002304-SURV-LT101,216097.0,360.0,Régulation/Instrumentation,Systématique,7,106.5,,observée,106.5,31.7,0,0,0.0,Adéquat,106.5,106.5,329.0,329.0,0.0
SF02-FM-0MCP-POSTBT,55674.0,360.0,Électrique,Systématique,18,26.9,90.0,observée,26.9,45.7,1,0,0.0,Adéquat,26.9,26.9,1303.0,1303.0,0.0
SF02-FM-0MCP-POSTBT,55676.0,320.0,Électrique,Autre,10,46.7,30.0,observée,46.7,57.2,1,0,0.0,Adéquat,46.7,46.7,750.0,750.0,0.0
SF02-FM-0MCP-POSTBT,55678.0,370.0,Électrique,Autre,3,74.5,90.0,observée,74.5,9.5,1,0,0.0,Adéquat,74.5,74.5,470.0,470.0,0.0
SF02-FM-0MCP-POSTBT-00TGBT,55681.0,370.0,Électrique,Autre,3,74.5,,observée,74.5,9.5,0,0,0.0,Adéquat,74.5,74.5,470.0,470.0,0.0
SF02-FM-0MCP-POSTBT-00TGBT,55685.0,290.0,Électrique,Inspection,14,28.0,60.0,observée,28.0,56.2,0,0,0.0,Adéquat,28.0,28.0,1252.0,1252.0,0.0
SF02-FM-0MCP-POSTMT,55677.0,360.0,Électrique,Systématique,3,22.0,90.0,observée,22.0,6.0,2,0,0.0,Adéquat,22.0,22.0,1593.0,1593.0,0.0
SF02-FM-0MCP-POSTMT,55677.0,370.0,Électrique,Autre,7,65.3,90.0,observée,65.3,66.1,2,1,0.17,Insuffisant,65.3,45.7,2652.0,2278.0,374.0
SF02-FM-0MCP-PRPULP-001106,200000002423.0,310.0,Mécanique,Inspection,17,28.0,730.0,observée,28.0,4.6,2,2,0.12,Adéquat,28.0,28.0,4734.0,4734.0,0.0
SF02-FM-0MCP-PRPULP-001201,200000002426.0,310.0,Mécanique,Inspection,3,126.5,730.0,observée,126.5,41.5,9,2,1.0,Insuffisant,126.5,88.5,6701.0,4984.0,1717.0
SF02-FM-0MCP-PRPULP-001204,200000002427.0,310.0,Mécanique,Inspection,3,126.5,730.0,observée,126.5,41.5,0,0,0.0,Adéquat,126.5,126.5,277.0,277.0,0.0
SF02-FM-0MCP-PRPULP-001801,200000000566.0,350.0,Mécanique,Graissage,78,7.1,730.0,observée,7.1,2.0,7,5,0.06,Adéquat,7.1,7.1,11803.0,11803.0,0.0
SF02-FM-0MCP-PRPULP-001801,200000000587.0,300.0,Mécanique,Inspection,79,6.9,730.0,observée,6.9,0.8,7,5,0.06,Adéquat,6.9,6.9,12145.0,12145.0,0.0
SF02-FM-0MCP-PRPULP-001801,200000000691.0,350.0,Mécanique,Graissage,18,30.1,730.0,observée,30.1,1.4,7,5,0.29,Insuffisant,30.1,21.1,8993.0,7255.0,1738.0
SF02-FM-0MCP-PRPULP-002303-SURV-DT101,216086.0,360.0,Régulation/Instrumentation,Systématique,7,106.5,,observée,106.5,31.3,3,2,0.33,Insuffisant,106.5,74.5,2847.0,2269.0,578.0
SF02-FM-0MCP-PRPULP-002303-SURV-FCV102,216182.0,360.0,Régulation/Instrumentation,Systématique,6,114.0,,observée,114.0,28.3,0,0,0.0,Adéquat,114.0,114.0,307.0,307.0,0.0
SF02-FM-0MCP-PRPULP-002303-SURV-FIC102,216071.0,360.0,Régulation/Instrumentation,Systématique,5,182.0,,observée,182.0,95.2,1,0,0.0,Adéquat,182.0,182.0,193.0,193.0,0.0
SF02-FM-0MCP-PRPULP-002303-SURV-FT101,216088.0,360.0,Régulation/Instrumentation,Systématique,7,106.5,,observée,106.5,31.3,2,2,0.33,Insuffisant,106.5,74.5,2847.0,2269.0,578.0
SF02-FM-0MCP-PRPULP-002303-SURV-LT102,216098.0,360.0,Régulation/Instrumentation,Systématique,6,114.4,,observée,114.4,28.9,0,0,0.0,Adéquat,114.4,114.4,306.0,306.0,0.0
SF02-FM-0MCP-PRPULP-002309-SURV-LT103,216093.0,360.0,Régulation/Instrumentation,Systématique,7,106.5,,observée,106.5,31.3,0,0,0.0,Adéquat,106.5,106.5,329.0,329.0,0.0
SF02-FM-0MCP-PRPULP-002309-SURV-LT103,216361.0,360.0,Régulation/Instrumentation,Systématique,19,28.3,,observée,28.3,12.5,0,0,0.0,Adéquat,28.3,28.3,1238.0,1238.0,0.0
SF02-FM-0MCP-PRPULP-WT1801,55680.0,290.0,Régulation/Instrumentation,Inspection,4,77.7,90.0,observée,77.7,9.0,1,0,0.0,Adéquat,77.7,77.7,451.0,451.0,0.0
SF02-FM-0MCP-PRPULP-WT1801,216355.0,310.0,Régulation/Instrumentation,Inspection,47,8.3,,observée,8.3,9.7,1,1,0.02,Adéquat,8.3,8.3,6180.0,6180.0,0.0
SF02-FM-0MCP-PRPULP-WT1801,216417.0,360.0,Régulation/Instrumentation,Systématique,18,29.9,,observée,29.9,14.6,1,1,0.06,Adéquat,29.9,29.9,2803.0,2803.0,0.0
SF02-FM-0MCP-PSTTR1,55683.0,360.0,Électrique,Systématique,3,135.5,365.0,observée,135.5,121.5,0,0,0.0,Adéquat,135.5,135.5,259.0,259.0,0.0
SF02-FM-0MCP-PSTTR1,55683.0,370.0,Électrique,Autre,3,74.5,365.0,observée,74.5,9.5,0,0,0.0,Adéquat,74.5,74.5,470.0,470.0,0.0
SF02-FM-0MCP-REACTI-001203,200000000563.0,350.0,Mécanique,Graissage,78,7.1,730.0,observée,7.1,2.0,211,62,0.81,Insuffisant,7.1,5.0,97639.0,73268.0,24371.0
SF02-FM-0MCP-REACTI-001203,200000000655.0,350.0,Mécanique,Graissage,18,30.1,730.0,observée,30.1,1.7,211,17,1.0,Insuffisant,30.1,21.1,28160.0,20946.0,7214.0
SF02-FM-0MCP-REACTI-001203-SURV-FIC103,216087.0,360.0,Régulation/Instrumentation,Systématique,6,114.2,,observée,114.2,28.6,0,0,0.0,Adéquat,114.2,114.2,307.0,307.0,0.0
SF02-FM-0MCP-REACTI-001203-SURV-FV103,216183.0,360.0,Régulation/Instrumentation,Systématique,10,63.4,,observée,63.4,24.8,2,1,0.11,Adéquat,63.4,63.4,1963.0,1963.0,0.0
SF02-FM-0MCP-REACTI-001203-SURV-HV101,216192.0,360.0,Régulation/Instrumentation,Systématique,10,63.4,,observée,63.4,56.5,0,0,0.0,Adéquat,63.4,63.4,553.0,553.0,0.0
SF02-FM-0MCP-REACTI-001203-SURV-HV103,216193.0,360.0,Régulation/Instrumentation,Systématique,11,59.3,,observée,59.3,27.7,0,0,0.0,Adéquat,59.3,59.3,591.0,591.0,0.0
SF02-FM-0MCP-REACTI-001203-SURV-HV104,216194.0,360.0,Régulation/Instrumentation,Systématique,10,63.4,,observée,63.4,43.6,0,0,0.0,Adéquat,63.4,63.4,553.0,553.0,0.0
SF02-FM-0MCP-REACTI-001203-SURV-TT107,216062.0,360.0,Régulation/Instrumentation,Systématique,5,104.2,,observée,104.2,28.4,0,0,0.0,Adéquat,104.2,104.2,336.0,336.0,0.0
SF02-FM-0MCP-REACTI-001203-SURV-TT108,216063.0,360.0,Régulation/Instrumentation,Systématique,6,109.2,,observée,109.2,27.2,0,0,0.0,Adéquat,109.2,109.2,321.0,321.0,0.0
SF02-FM-0MCP-REACTI-002101,200000000555.0,350.0,Mécanique,Graissage,37,15.0,730.0,observée,15.0,4.4,141,31,0.86,Insuffisant,15.0,10.5,48925.0,36615.0,12310.0
SF02-FM-0MCP-REACTI-002101,200000000619.0,300.0,Mécanique,Inspection,79,6.9,730.0,observée,6.9,1.8,141,48,0.62,Insuffisant,6.9,4.8,78094.0,59409.0,18685.0
SF02-FM-0MCP-REACTI-002101,200000000671.0,350.0,Mécanique,Graissage,18,30.1,730.0,observée,30.1,1.9,141,16,0.94,Insuffisant,30.1,21.1,26541.0,19789.0,6751.0
SF02-FM-0MCP-REACTI-002102,200000000565.0,350.0,Mécanique,Graissage,37,15.0,730.0,observée,15.0,4.4,103,32,0.89,Insuffisant,15.0,10.5,50550.0,37776.0,12774.0
SF02-FM-0MCP-REACTI-002102,200000000620.0,300.0,Mécanique,Inspection,79,6.9,730.0,observée,6.9,1.4,103,47,0.6,Insuffisant,6.9,4.8,75739.0,57727.0,18012.0
SF02-FM-0MCP-REACTI-002102,200000000668.0,350.0,Mécanique,Graissage,18,30.1,730.0,observée,30.1,1.1,103,16,0.94,Insuffisant,30.1,21.1,26541.0,19789.0,6751.0
SF02-FM-0MCP-SACPHO-001107,200000002422.0,310.0,Mécanique,Inspection,17,28.0,730.0,observée,28.0,4.6,1,0,0.0,Adéquat,28.0,28.0,1252.0,1252.0,0.0
SF02-FM-0MCP-SACPHO-001107-SURV-LT107,216101.0,360.0,Régulation/Instrumentation,Systématique,16,32.5,,observée,32.5,22.3,0,0,0.0,Adéquat,32.5,32.5,1078.0,1078.0,0.0
SF02-FM-0MCP-SACPHO-002308-SURV-FT100,216092.0,360.0,Régulation/Instrumentation,Systématique,8,91.0,,observée,91.0,28.1,0,0,0.0,Adéquat,91.0,91.0,385.0,385.0,0.0
SF02-FM-0MCP-SACPHO-002308-SURV-FT104,216074.0,360.0,Régulation/Instrumentation,Systématique,7,106.5,,observée,106.5,29.9,1,1,0.17,Insuffisant,106.5,74.5,1626.0,1397.0,230.0
SF02-FM-0MCP-SACPHO-002308-SURV-LT104,216099.0,360.0,Régulation/Instrumentation,Systématique,15,36.0,,observée,36.0,32.1,0,0,0.0,Adéquat,36.0,36.0,973.0,973.0,0.0
SF02-FM-0MCP-SACPHO-002308-SURV-LV104,216189.0,360.0,Régulation/Instrumentation,Systématique,8,72.0,,observée,72.0,34.8,1,0,0.0,Adéquat,72.0,72.0,487.0,487.0,0.0
SF02-FM-0MCP-SACPHO-002310-SURV-LT106,216094.0,360.0,Régulation/Instrumentation,Systématique,7,106.5,,observée,106.5,31.3,0,0,0.0,Adéquat,106.5,106.5,329.0,329.0,0.0
SF02-FM-0MCP-SACPHO-002310-SURV-LT106,216362.0,360.0,Régulation/Instrumentation,Systématique,19,28.3,,observée,28.3,13.7,0,0,0.0,Adéquat,28.3,28.3,1238.0,1238.0,0.0
SF02-FM-0MCP-SECHAG-001306,200000000486.0,350.0,Mécanique,Graissage,80,7.0,730.0,observée,7.0,1.7,13,7,0.09,Adéquat,7.0,7.0,15454.0,15454.0,0.0
SF02-FM-0MCP-SECHAG-001307,200000000508.0,350.0,Mécanique,Graissage,80,7.0,730.0,observée,7.0,1.7,26,14,0.18,Insuffisant,7.0,4.9,25901.0,22077.0,3824.0
SF02-FM-0MCP-SECHAG-TS1502,200000000485.0,350.0,Mécanique,Graissage,185,3.0,730.0,observée,3.0,0.9,67,34,0.18,Insuffisant,3.0,2.1,60437.0,51513.0,8924.0
SF02-FM-0MCP-SECHAG-TS1502,200000000530.0,350.0,Mécanique,Graissage,185,3.0,730.0,observée,3.0,0.9,67,34,0.18,Insuffisant,3.0,2.1,60437.0,51513.0,8924.0
SF02-FM-0MCP-SECHAG-TS1502,200000000673.0,350.0,Mécanique,Graissage,18,30.1,730.0,observée,30.1,2.5,67,17,1.0,Insuffisant,30.1,21.1,28160.0,20946.0,7214.0
SF02-FM-0MCP-SECHAG-TS1502-SURV-TT102,216060.0,360.0,Régulation/Instrumentation,Systématique,6,114.6,,observée,114.6,29.2,2,1,0.2,Insuffisant,114.6,80.2,1724.0,1450.0,274.0
SF02-FM-0MCP-SECHAG-TS1502-SURV-TT1502,216065.0,360.0,Régulation/Instrumentation,Systématique,6,114.2,,observée,114.2,28.6,0,0,0.0,Adéquat,114.2,114.2,307.0,307.0,0.0
SF02-FM-0MCP-TRANPF-001601,200000000564.0,350.0,Mécanique,Graissage,72,7.7,730.0,observée,7.7,6.7,13,9,0.13,Adéquat,7.7,7.7,18270.0,18270.0,0.0
SF02-FM-0MCP-TRANPF-002104,200000000550.0,350.0,Mécanique,Graissage,37,15.9,730.0,observée,15.9,4.1,108,27,0.75,Insuffisant,15.9,11.1,40534.0,30527.0,10007.0
SF02-FM-0MCP-TRANPF-002104,200000000604.0,300.0,Mécanique,Inspection,79,6.9,730.0,observée,6.9,1.4,108,40,0.51,Insuffisant,6.9,4.8,65140.0,50156.0,14983.0
SF02-FM-0MCP-TRANPF-002104,200000000679.0,350.0,Mécanique,Graissage,18,30.0,730.0,observée,30.0,1.9,108,16,0.94,Insuffisant,30.0,21.0,26629.0,19855.0,6774.0
SF02-FM-0MCP-TRANPF-002104-SURV-WY103B,216181.0,360.0,Régulation/Instrumentation,Systématique,9,62.6,,observée,62.6,34.8,0,0,0.0,Adéquat,62.6,62.6,560.0,560.0,0.0
SF02-FM-0MCP-TRANPF-002105,200000000542.0,350.0,Mécanique,Graissage,37,15.9,730.0,observée,15.9,4.1,20,9,0.25,Insuffisant,15.9,11.1,14981.0,12275.0,2706.0
SF02-FM-0MCP-TRANPF-002105,200000000674.0,350.0,Mécanique,Graissage,18,30.1,730.0,observée,30.1,2.5,20,8,0.47,Insuffisant,30.1,21.1,13852.0,10726.0,3126.0
SF02-FM-0MCP-TRANPF-002105,200000002504.0,290.0,Mécanique,Inspection,8,56.0,730.0,observée,56.0,0.0,20,6,0.86,Insuffisant,56.0,39.2,13105.0,9808.0,3297.0
SF02-FM-0MCP-TRANPF-002105-SURV-TE105,216049.0,360.0,Régulation/Instrumentation,Systématique,6,114.4,,observée,114.4,28.9,0,0,0.0,Adéquat,114.4,114.4,306.0,306.0,0.0
SF02-FM-0MCP-TRANPF-002106,200000000523.0,290.0,Mécanique,Inspection,106,3.4,730.0,observée,3.4,2.8,60,25,0.24,Insuffisant,3.4,2.4,67666.0,55696.0,11971.0
SF02-FM-0MCP-TRANPF-002106,200000000523.0,310.0,Mécanique,Inspection,72,3.3,730.0,observée,3.3,1.6,60,18,0.25,Insuffisant,3.3,2.3,72179.0,59142.0,13037.0
SF02-FM-0MCP-TRANPF-002106,200000000533.0,350.0,Mécanique,Graissage,77,7.7,730.0,observée,7.7,3.6,60,36,0.47,Insuffisant,7.7,5.4,54151.0,41930.0,12221.0
SF02-FM-0MCP-TRANPF-002106,200000000624.0,320.0,Mécanique,Autre,18,29.9,730.0,observée,29.9,0.4,60,16,0.94,Insuffisant,29.9,20.9,26718.0,19922.0,6797.0
SF02-FM-0MCP-TRANPF-002106,200000000680.0,350.0,Mécanique,Graissage,18,30.1,730.0,observée,30.1,1.4,60,16,0.94,Insuffisant,30.1,21.1,26541.0,19789.0,6751.0
SF02-FM-0MCP-TRANPF-002107,200000000535.0,350.0,Mécanique,Graissage,37,15.9,730.0,observée,15.9,4.1,46,21,0.58,Insuffisant,15.9,11.1,31846.0,24321.0,7524.0
SF02-FM-0MCP-TRANPF-002107,200000000598.0,300.0,Mécanique,Inspection,79,6.9,730.0,observée,6.9,1.4,46,28,0.36,Insuffisant,6.9,4.8,47475.0,37538.0,9936.0
SF02-FM-0MCP-TRANPF-002107,200000000651.0,290.0,Mécanique,Inspection,11,30.0,730.0,observée,30.0,0.0,46,7,0.7,Insuffisant,30.0,21.0,20128.0,15212.0,4917.0
SF02-FM-0MCP-TRANPF-002107,200000000651.0,350.0,Mécanique,Graissage,7,30.2,730.0,observée,30.2,2.9,46,6,1.0,Insuffisant,30.2,21.1,28067.0,20877.0,7190.0
SF02-FM-0MCP-TRANPF-002107-BASC-WT106,216250.0,360.0,Régulation/Instrumentation,Systématique,16,32.5,,observée,32.5,22.1,1,1,0.07,Adéquat,32.5,32.5,2828.0,2828.0,0.0
SF02-FM-0MCP-TRANPF-002108,200000000538.0,350.0,Mécanique,Graissage,37,15.0,730.0,observée,15.0,4.4,4,4,0.11,Adéquat,15.0,15.0,8295.0,8295.0,0.0
SF02-FM-0MCP-TRANPF-002108,200000000656.0,350.0,Mécanique,Graissage,18,30.1,730.0,observée,30.1,1.7,4,3,0.18,Insuffisant,30.1,21.1,6024.0,5134.0,889.0
SF02-FM-0MCP-TRANPF-002108,200000002503.0,290.0,Mécanique,Inspection,8,56.0,730.0,observée,56.0,0.0,4,2,0.29,Insuffisant,56.0,39.2,4834.0,3900.0,934.0
SF02-FM-0MCP-TRANPF-002115,200000000560.0,350.0,Mécanique,Graissage,37,15.9,730.0,observée,15.9,4.1,117,26,0.72,Insuffisant,15.9,11.1,39000.0,29432.0,9569.0
SF02-FM-0MCP-TRANPF-002115,200000000596.0,300.0,Mécanique,Inspection,79,6.9,730.0,observée,6.9,1.2,117,41,0.53,Insuffisant,6.9,4.8,67495.0,51839.0,15656.0
SF02-FM-0MCP-TRANPF-002115,200000000670.0,350.0,Mécanique,Graissage,18,30.1,730.0,observée,30.1,1.1,117,15,0.88,Insuffisant,30.1,21.1,24921.0,18632.0,6289.0
SF02-FM-0MCP-TRANPF-002115-BASC-WT103,216249.0,360.0,Régulation/Instrumentation,Systématique,15,33.1,,observée,33.1,22.9,1,0,0.0,Adéquat,33.1,33.1,1059.0,1059.0,0.0
SF02-FM-0MCP-TRANPF-002601,200000002521.0,290.0,Mécanique,Inspection,5,84.0,730.0,observée,84.0,0.0,4,3,0.75,Insuffisant,84.0,58.8,7672.0,5778.0,1894.0
SF02-FM-0MCP-TRANPF-02306A-BASC-WT105A,216256.0,360.0,Régulation/Instrumentation,Systématique,6,114.0,,observée,114.0,28.3,0,0,0.0,Adéquat,114.0,114.0,307.0,307.0,0.0
SF02-FM-0MCP-TRANPF-02306A-SURV-LAH103A,216270.0,360.0,Régulation/Instrumentation,Systématique,5,149.8,,observée,149.8,123.4,0,0,0.0,Adéquat,149.8,149.8,234.0,234.0,0.0
SF02-FM-0MCP-TRANPF-02306A-SURV-LAH104A,216272.0,360.0,Régulation/Instrumentation,Systématique,5,149.8,,observée,149.8,123.4,0,0,0.0,Adéquat,149.8,149.8,234.0,234.0,0.0
SF02-FM-0MCP-TRANPF-02306B-BASC-CABLE,216257.0,360.0,Régulation/Instrumentation,Systématique,6,114.0,,observée,114.0,28.3,0,0,0.0,Adéquat,114.0,114.0,307.0,307.0,0.0
SF02-FM-0MCP-TRANPF-02306B-SURV-LAH103B,216271.0,360.0,Régulation/Instrumentation,Systématique,5,149.8,,observée,149.8,123.3,0,0,0.0,Adéquat,149.8,149.8,234.0,234.0,0.0
SF02-FM-0MCP-TRANPF-02306B-SURV-LAH104B,216273.0,360.0,Régulation/Instrumentation,Systématique,5,149.8,,observée,149.8,123.4,0,0,0.0,Adéquat,149.8,149.8,234.0,234.0,0.0
SF02-FM-0MCP-TRANPF-02505A,200000000536.0,350.0,Mécanique,Graissage,37,15.9,730.0,observée,15.9,4.1,29,16,0.44,Insuffisant,15.9,11.1,24691.0,19211.0,5480.0
SF02-FM-0MCP-TRANPF-02505A,200000000597.0,300.0,Mécanique,Inspection,79,6.9,730.0,observée,6.9,1.0,29,17,0.22,Insuffisant,6.9,4.8,30988.0,25762.0,5226.0
SF02-FM-0MCP-TRANPF-02505A,200000000652.0,350.0,Mécanique,Graissage,18,30.1,730.0,observée,30.1,2.0,29,11,0.65,Insuffisant,30.1,21.1,18712.0,14197.0,4515.0
SF02-FM-0MCP-TRANPF-02505A-BASC-WTBIGA,216252.0,360.0,Régulation/Instrumentation,Systématique,13,42.0,,observée,42.0,32.9,0,0,0.0,Adéquat,42.0,42.0,834.0,834.0,0.0
SF02-FM-0MCP-TRANPF-02505B,200000000561.0,350.0,Mécanique,Graissage,37,15.9,730.0,observée,15.9,4.1,19,6,0.17,Insuffisant,15.9,11.1,10892.0,9354.0,1538.0
SF02-FM-0MCP-TRANPF-02505B,200000000588.0,300.0,Mécanique,Inspection,79,6.9,730.0,observée,6.9,0.8,19,6,0.08,Adéquat,6.9,6.9,14500.0,14500.0,0.0
SF02-FM-0MCP-TRANPF-02505B,200000000690.0,350.0,Mécanique,Graissage,18,30.1,730.0,observée,30.1,1.1,19,4,0.24,Insuffisant,30.1,21.1,7643.0,6291.0,1352.0
SF02-FM-0MCP-TRANPF-02505B-BASC-WTBIGA,216253.0,360.0,Régulation/Instrumentation,Systématique,14,35.7,,observée,35.7,33.1,0,0,0.0,Adéquat,35.7,35.7,982.0,982.0,0.0
SF02-FM-0MCP-TRAREC-002109,200000000551.0,350.0,Mécanique,Graissage,37,15.9,730.0,observée,15.9,4.1,7,6,0.17,Insuffisant,15.9,11.1,10892.0,9354.0,1538.0
SF02-FM-0MCP-TRAREC-002109,200000000653.0,350.0,Mécanique,Graissage,18,30.1,730.0,observée,30.1,2.1,7,5,0.29,Insuffisant,30.1,21.1,8993.0,7255.0,1738.0
SF02-FM-0MCP-TRAREC-002109,200000002502.0,290.0,Mécanique,Inspection,8,56.0,730.0,observée,56.0,0.0,7,3,0.43,Insuffisant,56.0,39.2,6865.0,5351.0,1515.0
SF02-FM-0MCP-TRAREC-002110,200000000537.0,350.0,Mécanique,Graissage,37,15.9,730.0,observée,15.9,4.1,26,14,0.39,Insuffisant,15.9,11.1,22135.0,17385.0,4750.0
SF02-FM-0MCP-TRAREC-002110,200000000654.0,350.0,Mécanique,Graissage,18,30.1,730.0,observée,30.1,2.3,26,8,0.47,Insuffisant,30.1,21.1,13852.0,10726.0,3126.0
SF02-FM-0MCP-TRAREC-002110,200000002501.0,290.0,Mécanique,Inspection,8,56.0,730.0,observée,56.0,0.0,26,6,0.86,Insuffisant,56.0,39.2,13105.0,9808.0,3297.0
SF02-FM-0MCP-TRAREC-002111,200000000675.0,350.0,Mécanique,Graissage,18,30.1,730.0,observée,30.1,2.4,12,7,0.41,Insuffisant,30.1,21.1,12233.0,9569.0,2663.0
SF02-FM-0MCP-TRAREC-002111,200000002500.0,290.0,Mécanique,Inspection,8,56.0,730.0,observée,56.0,0.0,12,5,0.71,Insuffisant,56.0,39.2,10928.0,8253.0,2675.0
SF02-FM-0MCP-TRAREC-002112,200000000552.0,350.0,Mécanique,Graissage,37,15.0,730.0,observée,15.0,4.4,5,1,0.03,Adéquat,15.0,15.0,3962.0,3962.0,0.0
SF02-FM-0MCP-TRAREC-002112,200000000676.0,350.0,Mécanique,Graissage,18,30.1,730.0,observée,30.1,2.8,5,1,0.06,Adéquat,30.1,30.1,2784.0,2784.0,0.0
SF02-FM-0MCP-TRAREC-002112,200000002499.0,290.0,Mécanique,Inspection,8,56.0,730.0,observée,56.0,1.1,5,1,0.14,Adéquat,56.0,56.0,2657.0,2657.0,0.0
SF02-FM-0MCP-TRAREC-002113,200000000559.0,350.0,Mécanique,Graissage,77,7.7,730.0,observée,7.7,3.6,209,53,0.7,Insuffisant,7.7,5.4,78423.0,59267.0,19155.0
SF02-FM-0MCP-TRAREC-002113,200000000602.0,300.0,Mécanique,Inspection,79,6.9,730.0,observée,6.9,1.4,209,53,0.68,Insuffisant,6.9,4.8,85160.0,64456.0,20703.0
SF02-FM-0MCP-TRAREC-002113,200000000650.0,350.0,Mécanique,Graissage,18,30.1,730.0,observée,30.1,1.7,209,17,1.0,Insuffisant,30.1,21.1,28160.0,20946.0,7214.0
SF02-FM-0MCP-TRAREC-002113-BASC-WT2113,216251.0,360.0,Régulation/Instrumentation,Systématique,6,114.0,,observée,114.0,28.3,1,0,0.0,Adéquat,114.0,114.0,307.0,307.0,0.0
SF02-FM-0MCP-TRAREC-002114,200000000524.0,290.0,Mécanique,Inspection,105,3.4,730.0,observée,3.4,2.8,94,29,0.28,Insuffisant,3.4,2.4,77226.0,62524.0,14702.0
SF02-FM-0MCP-TRAREC-002114,200000000524.0,310.0,Mécanique,Inspection,72,3.3,730.0,observée,3.3,1.6,94,22,0.31,Insuffisant,3.3,2.3,86953.0,69695.0,17258.0
SF02-FM-0MCP-TRAREC-002114,200000000540.0,350.0,Mécanique,Graissage,77,7.7,730.0,observée,7.7,3.6,94,40,0.53,Insuffisant,7.7,5.4,60482.0,46453.0,14030.0
SF02-FM-0MCP-TRAREC-002114,200000000689.0,350.0,Mécanique,Graissage,18,30.1,730.0,observée,30.1,1.4,94,17,1.0,Insuffisant,30.1,21.1,28160.0,20946.0,7214.0
SF02-FM-0MCP-TRAREC-002116,200000002388.0,290.0,Mécanique,Inspection,8,56.0,730.0,observée,56.0,0.0,4,2,0.29,Insuffisant,56.0,39.2,4834.0,3900.0,934.0
SF02-FM-0MCP-TRAREC-002117,200000000553.0,350.0,Mécanique,Graissage,37,15.0,730.0,observée,15.0,4.4,3,3,0.08,Adéquat,15.0,15.0,6670.0,6670.0,0.0
SF02-FM-0MCP-TRAREC-002117,200000000692.0,350.0,Mécanique,Graissage,18,30.1,730.0,observée,30.1,1.6,3,3,0.18,Insuffisant,30.1,21.1,6024.0,5134.0,889.0
SF02-FM-0MCP-TRAREC-002118,200000000556.0,350.0,Mécanique,Graissage,37,15.0,730.0,observée,15.0,4.4,2,2,0.06,Adéquat,15.0,15.0,5587.0,5587.0,0.0
SF02-FM-0MCP-TRAREC-002118,200000000693.0,350.0,Mécanique,Graissage,18,30.1,730.0,observée,30.1,2.4,2,2,0.12,Adéquat,30.1,30.1,4404.0,4404.0,0.0
SF02-FM-0MCP-TRAREC-002118,200000002387.0,290.0,Mécanique,Inspection,8,56.0,730.0,observée,56.0,0.0,2,1,0.14,Adéquat,56.0,56.0,2657.0,2657.0,0.0
SF02-FM-0MCP-TRAREC-002120,200000000557.0,350.0,Mécanique,Graissage,37,15.0,730.0,observée,15.0,4.4,143,31,0.86,Insuffisant,15.0,10.5,48925.0,36615.0,12310.0
SF02-FM-0MCP-TRAREC-002120,200000000603.0,300.0,Mécanique,Inspection,79,6.9,730.0,observée,6.9,1.2,143,52,0.67,Insuffisant,6.9,4.8,83982.0,63615.0,20367.0
SF02-FM-0MCP-TRAREC-002120,200000000677.0,350.0,Mécanique,Graissage,18,30.1,730.0,observée,30.1,2.3,143,17,1.0,Insuffisant,30.1,21.1,28160.0,20946.0,7214.0
SF02-FM-0MCP-TRAREC-002602,200000002520.0,290.0,Mécanique,Inspection,5,84.0,730.0,observée,84.0,0.0,1,0,0.0,Adéquat,84.0,84.0,417.0,417.0,0.0
SF02-FM-0MCP-TRAREC-002603,200000002518.0,290.0,Mécanique,Inspection,5,84.0,730.0,observée,84.0,0.0,0,0,0.0,Adéquat,84.0,84.0,417.0,417.0,0.0
SF02-FM-0MCP-TRAREC-002604,200000002519.0,290.0,Mécanique,Inspection,5,84.0,730.0,observée,84.0,0.0,1,0,0.0,Adéquat,84.0,84.0,417.0,417.0,0.0
SF02-FM-BATI-SLTECH,216412.0,360.0,Régulation/Instrumentation,Systématique,46,8.5,,observée,8.5,9.8,0,0,0.0,Trop fréquent,8.5,17.0,4123.0,2061.0,2061.0
SF02-FM-BATI-SLTECH-DCSMCP,55679.0,290.0,Régulation/Instrumentation,Inspection,4,77.7,90.0,observée,77.7,9.0,1,0,0.0,Adéquat,77.7,77.7,451.0,451.0,0.0
SF02-FM-BATI-SLTECH-DCSMCP,216002.0,310.0,Régulation/Instrumentation,Inspection,42,9.3,,observée,9.3,15.9,1,1,0.02,Adéquat,9.3,9.3,5516.0,5516.0,0.0
SF02-FM-BATI-SLTECH-DCSMCP,216003.0,360.0,Régulation/Instrumentation,Systématique,15,33.2,,observée,33.2,33.4,1,1,0.07,Adéquat,33.2,33.2,2769.0,2769.0,0.0
SF02-FM-BATI-SLTECH-DCSMCP,216004.0,360.0,Régulation/Instrumentation,Systématique,5,187.8,,observée,187.8,92.4,1,1,0.25,Insuffisant,187.8,131.5,1268.0,1039.0,229.0
SF02-FM-BATI-SLTECH-DCSMCP,216005.0,360.0,Régulation/Instrumentation,Systématique,4,381.7,,observée,381.7,25.0,1,1,0.33,Insuffisant,381.7,267.2,794.0,633.0,161.0
