Avis,Ordre,Désignation,Numéro d'objet,Poste technique,Désignation du poste technique,Équipement,Description de l'objet technique,Zone de tri,Poste travail princ.,Groupe gestionnaires,Divis. planification,Statut système,Statut utilisateur,Saisi par,Date de début planifiée,Créé le,Date de clôture,Total coûts budgétés,Total coûts réels,Centre de coûts,Centre de profit,Élément d'OTP,Révision,Priorité,Type d'ordre,Type de travail,Nº appel pl.entret.,Plan d'entretien,Poste d'entretien,Pompe
10127131.0,4165829,Démontage IP04 A pour révision,OR000004165829,SF01-UT-FDEM-BASSIN-0IP04A,MOTOPOMPE EAU MER VERS PPII IPO4A BASSIN,,,S-PC-P924 IP 04A,SF1-MCU,GM4,SF01,TCLO CONF CCRP JBFI PART RIMP,SOPL,FATHELLAH,2025-02-14,2025-02-14,,1644.44,1.0,SF01PEAUMR,SMC,,,1.0,ZCOR,110,0,,,4
,4202720,Préparation et soudage bride d'aspiratio,OR000004202720,SF01-UT-FDEM-BASSIN-0IP04A,MOTOPOMPE EAU MER VERS PPII IPO4A BASSIN,,,S-PC-P924 IP 04A,SF1-MCU,GM4,SF01,TCLO CONF CCRP JBFI PART RIMP,SOPL,MATAR1,2025-02-19,2025-02-26,,873.18,0.0,SF01PEAUMR,SMC,,,2.0,ZCOR,110,0,,,4
,4207033,Préparation supporte de la pompe E/M,OR000004207033,SF01-UT-FDEM-BASSIN-0IP02A,MOTOPOMPE EAU MER VERS SEM2 IPO2A MC,,,S-PC-P924 IP 02A,SF1-MCU,GM4,SF01,TCLO CONF CCRP JBFI PART RIMP,SOPL,MATAR1,2025-02-17,2025-02-28,,873.18,0.0,SF01PEAUMR,SMC,,,2.0,ZCOR,110,0,,,2
,4208410,Ouverture et fermeture de la vanne,OR000004208410,SF01-UT-FDEM-BASSIN-0IP03A,MOTOPOMPE EAU MER VERS PSII IPO3A BASSIN,,,S-PC-P924 IP 03A,SF1-MCU,GM4,SF01,TCLO CONF CCRP JBFI PART RIMP,SOPL,MATAR1,2025-02-27,2025-03-01,,385.38,0.0,SF01PEAUMR,SMC,,,2.0,ZCOR,110,0,,,3
,4208411,Changement tresse de la pompe IP03A,OR000004208411,SF01-UT-FDEM-BASSIN-0IP03A,MOTOPOMPE EAU MER VERS PSII IPO3A BASSIN,,,S-PC-P924 IP 03A,SF1-MCU,GM4,SF01,TCLO CONF CCRP JBFI PART RIMP,SOPL,MATAR1,2025-02-27,2025-03-01,,225.4,0.0,SF01PEAUMR,SMC,,,2.0,ZCOR,110,0,,,3
,4208417,Serrage des tresse de la pompe IP03A,OR000004208417,SF01-UT-FDEM-BASSIN-0IP03A,MOTOPOMPE EAU MER VERS PSII IPO3A BASSIN,,,S-PC-P924 IP 03A,SF1-MCU,GM4,SF01,TCLO CONF CCRP JBFI PART RIMP,SOPL,MATAR1,2025-02-27,2025-03-01,,225.4,0.0,SF01PEAUMR,SMC,,,2.0,ZCOR,110,0,,,3
10127491.0,4210515,Débranchement mot-pompe IP04 A,OR000004210515,SF01-UT-FDEM-BASSIN-0IP04A,MOTOPOMPE EAU MER VERS PPII IPO4A BASSIN,,,S-PC-P924 IP 04A,SF1-ECU,GM4,SF01,TCLO CONF CCRP JBFI PART RIMP,SOPL,ISTA,2025-06-28,2025-03-03,,0.0,2.0,SF01PEAUMR,SMC,,,1.0,ZCOR,110,0,,,4
10179370.0,4219856,Serrage tresse de la pompe IP02B,OR000004219856,SF01-UT-FDEM-BASSIN-0IP02B,MOTOPOMPE EAU MER VERS SEM2 IPO2B,,,S-PC-P924 IP 02B,SF1-MCU,GM4,SF01,TCLO CONF CCRP JBFI PART RIMP,SOPL,MATAR1,2025-03-04,2025-03-05,,225.4,0.0,SF01PEAUMR,SMC,,,2.0,ZCOR,110,0,,,2
,4222759,pompe FLOWSERVE Type 20EPM -2,OR000004222759,SF01-UT-FDEM-BASSIN-0IP04B-GPPE,GROUPE POMPE IP04B VERS CENTRALE BASSIN,,,,SF1-MCU,GM4,SF01,TCLO CONF ARCO CCRP ERCT JBFI MMEf RIMP,SOPL,FATHELLAH,2025-02-23,2025-03-05,,4358.43,12736.43,SF01SLFPS4,SMC,,,1.0,ZCOR,110,0,,,4
,4224736,Démontage du réducteur vanne refoulement,OR000004224736,SF01-UT-FDEM-BASSIN-0IP04A,MOTOPOMPE EAU MER VERS PPII IPO4A BASSIN,,,S-PC-P924 IP 04A,SF1-MCU,GM4,SF01,TCLO CONF CCRP JBFI PART RIMP,SOPL,MATAR1,2025-02-13,2025-03-06,,308.21,0.0,SF01PEAUMR,SMC,,,2.0,ZCOR,110,0,,,4
,4228040,Serrage des tresse pompe IP02B,OR000004228040,SF01-UT-FDEM-BASSIN-0IP02B,MOTOPOMPE EAU MER VERS SEM2 IPO2B,,,S-PC-P924 IP 02B,SF1-MCU,GM4,SF01,TCLO CONF CCRP JBFI PART RIMP,SOPL,MATAR1,2025-02-03,2025-03-06,,488.53,0.0,SF01PEAUMR,SMC,,,2.0,ZCOR,110,0,,,2
10191136.0,4240404,Montage de la pompe IP04A,OR000004240404,SF01-UT-FDEM-BASSIN-0IP04A,MOTOPOMPE EAU MER VERS PPII IPO4A BASSIN,,,S-PC-P924 IP 04A,SF1-MCU,GM4,SF01,TCLO CONF CCRP JBFI PART RIMP,SOPL,MATAR1,2025-03-06,2025-03-12,,1644.44,0.0,SF01PEAUMR,SMC,,,2.0,ZCOR,110,0,,,4
,4242587,Contrôle et serrage les boulons,OR000004242587,SF01-UT-FDEM-BASSIN-0IP04A,MOTOPOMPE EAU MER VERS PPII IPO4A BASSIN,,,S-PC-P924 IP 04A,SF1-MCU,GM4,SF01,TCLO CONF CCRP JBFI PART RIMP,SOPL,MATAR1,2025-03-12,2025-03-13,,616.42,0.0,SF01PEAUMR,SMC,,,2.0,ZCOR,110,0,,,4
,4248396,Serrage du bride refoulement  de la pomp,OR000004248396,SF01-UT-FDEM-BASSIN-0IP04A,MOTOPOMPE EAU MER VERS PPII IPO4A BASSIN,,,S-PC-P924 IP 04A,SF1-MCU,GM4,SF01,TCLO CONF CCRP JBFI PART RIMP,SOPL,MATAR1,2025-03-11,2025-03-14,,616.42,0.0,SF01PEAUMR,SMC,,,2.0,ZCOR,110,0,,,4
,4264535,serrage des tresse de la pompe IP03A,OR000004264535,SF01-UT-FDEM-BASSIN-0IP03A,MOTOPOMPE EAU MER VERS PSII IPO3A BASSIN,,,S-PC-P924 IP 03A,SF1-MCU,GM4,SF01,TCLO CONF CCRP JBFI PART RIMP,SOPL,MATAR1,2025-03-14,2025-03-18,,225.4,0.0,SF01PEAUMR,SMC,,,2.0,ZCOR,110,0,,,3
,4269524,Contrôle et remise en état IP03,OR000004269524,SF01-UT-FDEM-BASSIN-0IP03A,MOTOPOMPE EAU MER VERS PSII IPO3A BASSIN,,,S-PC-P924 IP 03A,SF1-MCU,GM4,SF01,TCLO CONF CCRP JBFI PART RIMP,SOPL,MATAR1,2025-03-18,2025-03-19,,225.4,0.0,SF01PEAUMR,SMC,,,2.0,ZCOR,110,0,,,3
,4284762,Serrage des tresses de la pompe IP04/B,OR000004284762,SF01-UT-FDEM-BASSIN-0IP04B,MOTOPOMPE EAU MER VERS PPII IPO4B BASSIN,,,S-PC-P924 IP 04B,SF1-MCU,GM4,SF01,TCLO CONF CCRP JBFI PART RIMP,SOPL,MATAR1,2025-03-24,2025-03-25,,225.4,0.0,SF01PEAUMR,SMC,,,2.0,ZCOR,110,0,,,4
,4284864,Démontage de la moto-pompe IP03/A,OR000004284864,SF01-UT-FDEM-BASSIN-0IP03A,MOTOPOMPE EAU MER VERS PSII IPO3A BASSIN,,,S-PC-P924 IP 03A,SF1-MCU,GM4,SF01,TCLO CONF CCRP JBFI PART RIMP,SOPL,MATAR1,2025-03-21,2025-03-25,,2312.62,0.0,SF01PEAUMR,SMC,,,2.0,ZCOR,110,0,,,3
,4304425,Montage de la pompe IP03/A,OR000004304425,SF01-UT-FDEM-BASSIN-0IP03A,MOTOPOMPE EAU MER VERS PSII IPO3A BASSIN,,,S-PC-P924 IP 03A,SF1-MCU,GM4,SF01,TCLO CONF CCRP JBFI PART RIMP,SOPL,MATAR1,2025-04-02,2025-04-02,,2312.31,0.0,SF01PEAUMR,SMC,,,2.0,ZCOR,110,0,,,3
,4350752,Serrage des tresses de pompes de SEM2,OR000004350752,SF01-UT-FDEM-BASSIN-0IP02A,MOTOPOMPE EAU MER VERS SEM2 IPO2A MC,,,S-PC-P924 IP 02A,SF1-MCU,GM4,SF01,TCLO CONF CCRP JBFI PART RIMP,SOPL,MATAR1,2025-04-04,2025-04-07,,515.48,0.0,SF01PEAUMR,SMC,,,2.0,ZCOR,110,0,,,2
10227909.0,4367393,contrôle de la pompe IP03 A,OR000004367393,SF01-UT-FDEM-BASSIN-0IP03A,MOTOPOMPE EAU MER VERS PSII IPO3A BASSIN,,,S-PC-P924 IP 03A,SF1-MCU,GM4,SF01,TCLO CONF CCRP JBFI PART RIMP,SOPL,MATAR1,2025-03-20,2025-04-09,,0.0,0.2,SF01PEAUMR,SMC,,,2.0,ZCOR,110,0,,,3
,4390433,Serrage des tresses des pompes IP03 A/B,OR000004390433,SF01-UT-FDEM-BASSIN-0IP03A,MOTOPOMPE EAU MER VERS PSII IPO3A BASSIN,,,S-PC-P924 IP 03A,SF1-MCU,GM4,SF01,TCLO CONF CCRP JBFI PART RIMP,SOPL,MATAR1,2025-04-10,2025-04-15,,515.48,0.0,SF01PEAUMR,SMC,,,2.0,ZCOR,110,0,,,3
,4390500,Serrage des tresses de la pompe IP04/B,OR000004390500,SF01-UT-FDEM-BASSIN-0IP04B,MOTOPOMPE EAU MER VERS PPII IPO4B BASSIN,,,S-PC-P924 IP 04B,SF1-MCU,GM4,SF01,TCLO CONF CCRP JBFI PART RIMP,SOPL,MATAR1,2025-04-09,2025-04-15,,257.74,0.0,SF01PEAUMR,SMC,,,2.0,ZCOR,110,0,,,4
,4392021,Changement des tresses de la pompe IP03/,OR000004392021,SF01-UT-FDEM-BASSIN-0IP03A,MOTOPOMPE EAU MER VERS PSII IPO3A BASSIN,,,S-PC-P924 IP 03A,SF1-MCU,GM4,SF01,TCLO CONF CCRP JBFI PART RIMP,SOPL,MATAR1,2025-04-08,2025-04-15,,513.52,0.0,SF01PEAUMR,SMC,,,2.0,ZCOR,110,0,,,3
,4425561,Serrage des tresses des pompes IP03/02,OR000004425561,SF01-UT-FDEM-BASSIN-0IP03A,MOTOPOMPE EAU MER VERS PSII IPO3A BASSIN,,,S-PC-P924 IP 03A,SF1-MCU,GM4,SF01,TCLO CONF CCRP JBFI PART RIMP,SOPL,MATAR1,2025-04-19,2025-04-19,,515.48,0.0,SF01PEAUMR,SMC,,,2.0,ZCOR,110,0,,,3
,4425574,Changement des tresses de la pompe IP02A,OR000004425574,SF01-UT-FDEM-BASSIN-0IP02A,MOTOPOMPE EAU MER VERS SEM2 IPO2A MC,,,S-PC-P924 IP 02A,SF1-MCU,GM4,SF01,TCLO CONF CCRP JBFI PART RIMP,SOPL,MATAR1,2025-04-15,2025-04-19,,513.52,0.0,SF01PEAUMR,SMC,,,2.0,ZCOR,110,0,,,2
,4425576,Serrage des tresses de la pompe IP02A/B,OR000004425576,SF01-UT-FDEM-BASSIN-0IP02A,MOTOPOMPE EAU MER VERS SEM2 IPO2A MC,,,S-PC-P924 IP 02A,SF1-MCU,GM4,SF01,TCLO CONF CCRP JBFI PART RIMP,SOPL,MATAR1,2025-04-19,2025-04-19,,450.8,0.0,SF01PEAUMR,SMC,,,2.0,ZCOR,110,0,,,2
,4425806,Serrage des tresses de la pompe IP04,OR000004425806,SF01-UT-FDEM-BASSIN-0IP04A,MOTOPOMPE EAU MER VERS PPII IPO4A BASSIN,,,S-PC-P924 IP 04A,SF1-MCU,GM4,SF01,TCLO CONF CCRP JBFI PART RIMP,SOPL,MATAR1,2025-04-18,2025-04-19,,257.74,0.0,SF01PEAUMR,SMC,,,2.0,ZCOR,110,0,,,4
10127453.0,4447751,Démontage de la pompe d'eau de mer IP03A,OR000004447751,SF01-UT-FDEM-BASSIN-0IP03A,MOTOPOMPE EAU MER VERS PSII IPO3A BASSIN,,,S-PC-P924 IP 03A,SF1-MCU,GM4,SF01,TCLO CONF CCRP JBFI PART RIMP,SOPL,MATAR1,2025-04-23,2025-04-23,,1.0,0.0,SF01PEAUMR,SMC,,,2.0,ZCOR,110,0,,,3
,4527638,CHANGEMENT DES TRESSES DE LA POMPE IP03,OR000004527638,SF01-UT-FDEM-BASSIN-0IP03B,MOTOPOMPE EAU MER VERS PSII IPO3B BASSIN,,,S-PC-P924 IP 03B,SF1-MCU,GM4,SF01,TCLO CONF CCRP JBFI PART RIMP,SOPL,MATAR1,2025-05-09,2025-05-09,,513.52,0.0,SF01PEAUMR,SMC,,,2.0,ZCOR,110,0,,,3
,4527800,Serrage des tresses de la pompe IP04/A,OR000004527800,SF01-UT-FDEM-BASSIN-0IP04A,MOTOPOMPE EAU MER VERS PPII IPO4A BASSIN,,,S-PC-P924 IP 04A,SF1-MCU,GM4,SF01,TCLO CONF CCRP JBFI PART RIMP,SOPL,MATAR1,2025-05-09,2025-05-09,,225.4,0.0,SF01PEAUMR,SMC,,,2.0,ZCOR,110,0,,,4
10434817.0,4538987,Moteur de la pompe eau de mer IP03 B,OR000004538987,SF01-UT-FDEM-BASSIN-0IP03B,MOTOPOMPE EAU MER VERS PSII IPO3B BASSIN,,,S-PC-P924 IP 03B,SF1-ECU,GM4,SF01,TCLO CONF CCRP JBFI PART RIMP,SOPL,ISTA,2025-06-28,2025-05-13,,0.0,1.0,SF01PEAUMR,SMC,,,2.0,ZCOR,110,0,,,3
,4544622,Serrage des tresses des pompe E/M IP03A,OR000004544622,SF01-UT-FDEM-BASSIN-0IP03A,MOTOPOMPE EAU MER VERS PSII IPO3A BASSIN,,,S-PC-P924 IP 03A,SF1-MCU,GM4,SF01,TCLO CONF CCRP JBFI PART RIMP,SOPL,MATAR1,2025-05-14,2025-05-14,,450.8,0.0,SF01PEAUMR,SMC,,,2.0,ZCOR,110,0,,,3
,4545010,Changement tresses pompe IP04B,OR000004545010,SF01-UT-FDEM-BASSIN-0IP04B,MOTOPOMPE EAU MER VERS PPII IPO4B BASSIN,,,S-PC-P924 IP 04B,SF1-MCU,GM4,SF01,TCLO CONF CCRP JBFI PART RIMP,SOPL,MATAR1,2025-06-13,2025-05-14,,1.0,2.0,SF01PEAUMR,SMC,,,2.0,ZCOR,110,0,,,4
,4545014,Changement tresses pompe IP04B,OR000004545014,SF01-UT-FDEM-BASSIN-0IP04B,MOTOPOMPE EAU MER VERS PPII IPO4B BASSIN,,,S-PC-P924 IP 04B,SF1-MCU,GM4,SF01,TCLO CONF CCRP JBFI PART RIMP,SOPL,MATAR1,2025-05-14,2025-05-14,,513.52,0.0,SF01PEAUMR,SMC,,,2.0,ZCOR,110,0,,,4
,4560281,Changement des tresses du pompe IP03A,OR000004560281,SF01-UT-FDEM-BASSIN-0IP03A,MOTOPOMPE EAU MER VERS PSII IPO3A BASSIN,,,S-PC-P924 IP 03A,SF1-MCU,GM4,SF01,TCLO CONF CCRP JBFI PART RIMP,SOPL,MATAR1,2025-05-20,2025-05-20,,513.52,0.0,SF01PEAUMR,SMC,,,2.0,ZCOR,110,0,,,3
,4586563,Serrage tresses des pompe IP03A/B,OR000004586563,SF01-UT-FDEM-BASSIN-0IP03A,MOTOPOMPE EAU MER VERS PSII IPO3A BASSIN,,,S-PC-P924 IP 03A,SF1-MCU,GM4,SF01,TCLO CONF CCRP JBFI PART RIMP,SOPL,MATAR1,2025-05-21,2025-05-21,,480.8,0.0,SF01PEAUMR,SMC,,,2.0,ZCOR,110,0,,,3
10543964.0,4600646,CHANGEMENT ACCOUPLEMENT DE LA POMPE,OR000004600646,SF01-UT-FDEM-BASSIN-0IP04A-TRAN,TRANSMISSION IP04A VERS CENTRALE BASSIN,,,,SF1-MCU,GM4,SF01,TCLO CONF IMPR ARCO CCRP ERCT JBFI MMEf*,SOPL,OUBID,2025-05-23,2025-05-23,,146940.0,146948.0,SF01SLFPS4,SMC,,,3.0,ZEST,360,0,,,4
10544242.0,4600921,CHANGEMENT ACCOUPLEMENT DE LA POMPE,OR000004600921,SF01-UT-FDEM-BASSIN-0IP04B-TRAN,TRANSMISSION IP04B VERS CENTRALE BASSIN,,,,SF1-MCU,GM4,SF01,TCLO CONF IMPR ARCO CCRP ERCT JBFI MMEf*,SOPL,OUBID,2025-05-23,2025-05-23,,146940.0,146948.0,SF01SLFPS4,SMC,,,3.0,ZEST,360,0,,,4
10607110.0,4677866,CHANGEMENT TRESSES,OR000004677866,SF01-UT-FDEM-BASSIN-0IP03A-GPPE,GROUPE POMPE IP03A VERS CENTRALE BASSIN,,,,SF1-MCU,GM4,SF01,TCLO CONF ARCO CCRP ERCT JBFI MMEf RIMP,SOPL,OUBID,2025-06-04,2025-06-04,,5280.0,5284.0,SF01SLFPS4,SMC,,,2.0,ZEST,360,0,,,3
,4692136,Serrage des tresses de la pompe IP03A,OR000004692136,SF01-UT-FDEM-BASSIN-0IP03A,MOTOPOMPE EAU MER VERS PSII IPO3A BASSIN,,,S-PC-P924 IP 03A,SF1-MCU,GM4,SF01,TCLO CONF CCRP JBFI PART RIMP,SOPL,MATAR1,2025-06-06,2025-06-06,,225.4,0.0,SF01PEAUMR,SMC,,,2.0,ZCOR,110,0,,,3
,4711666,Changement des tresses de la pompe IP03B,OR000004711666,SF01-UT-FDEM-BASSIN-0IP03B,MOTOPOMPE EAU MER VERS PSII IPO3B BASSIN,,,S-PC-P924 IP 03B,SF1-MCU,GM4,SF01,TCLO CONF CCRP JBFI PART RIMP,SOPL,MATAR1,2025-06-13,2025-06-13,,515.52,2.0,SF01PEAUMR,SMC,,,2.0,ZCOR,110,0,,,3
,4720273,Démontage pompe IP03A,OR000004720273,SF01-UT-FDEM-BASSIN-0IP03A,MOTOPOMPE EAU MER VERS PSII IPO3A BASSIN,,,S-PC-P924 IP 03A,SF1-MCU,GM4,SF01,TCLO CONF CCRP JBFI PART RIMP,SOPL,MATAR1,2025-06-16,2025-06-16,,2328.8,16.0,SF01PEAUMR,SMC,,,2.0,ZCOR,110,0,,,3
,4720279,Montage motopompe IP03A,OR000004720279,SF01-UT-FDEM-BASSIN-0IP03A,MOTOPOMPE EAU MER VERS PSII IPO3A BASSIN,,,S-PC-P924 IP 03A,SF1-MCU,GM4,SF01,TCLO CONF CCRP JBFI PART RIMP,SOPL,MATAR1,2025-06-16,2025-06-16,,2336.8,24.0,SF01PEAUMR,SMC,,,2.0,ZCOR,110,0,,,3
,4720345,Ouverture vanne de refoulement pompe,OR000004720345,SF01-UT-FDEM-BASSIN-0IP03A,MOTOPOMPE EAU MER VERS PSII IPO3A BASSIN,,,S-PC-P924 IP 03A,SF1-MCU,GM4,SF01,TCLO CONF CCRP JBFI PART RIMP,SOPL,MATAR1,2025-06-16,2025-06-16,,438.59,2.0,SF01PEAUMR,SMC,,,2.0,ZCOR,110,0,,,3
,4720352,Changement tresses de la pompe IP03A,OR000004720352,SF01-UT-FDEM-BASSIN-0IP03A,MOTOPOMPE EAU MER VERS PSII IPO3A BASSIN,,,S-PC-P924 IP 03A,SF1-MCU,GM4,SF01,TCLO CONF CCRP JBFI PART RIMP,SOPL,MATAR1,2025-06-16,2025-06-16,,517.52,4.0,SF01PEAUMR,SMC,,,2.0,ZCOR,110,0,,,3
,4720428,Remise en état de réducteur picage IP03A,OR000004720428,SF01-UT-FDEM-BASSIN-0IP03A,MOTOPOMPE EAU MER VERS PSII IPO3A BASSIN,,,S-PC-P924 IP 03A,SF1-MCU,GM4,SF01,TCLO CONF CCRP JBFI PART RIMP,SOPL,MATAR1,2025-06-16,2025-06-16,,209.56,4.0,SF01PEAUMR,SMC,,,2.0,ZCOR,110,0,,,3
,4744117,CHANGEMENT LES TRESSES DE LA POMPE,OR000004744117,SF01-UT-FDEM-BASSIN-0IP03A,MOTOPOMPE EAU MER VERS PSII IPO3A BASSIN,,,S-PC-P924 IP 03A,SF1-MCU,GM4,SF01,TCLO CONF ARCO CCRP ERCT JBFI MMEf RIMP,SOPL,BENMOUSSA1,2025-07-07,2025-06-20,,707.0,706.0,SF01PEAUMR,SMC,,,2.0,ZCOR,110,0,,,3
,4830621,Démontage et remontage pompe Sulzer,OR000004830621,SF01-UT-FDEM-BASSIN-0IP02A,MOTOPOMPE EAU MER VERS SEM2 IPO2A MC,,,S-PC-P924 IP 02A,SF1-MCU,GM4,SF01,TCLO CONF CCRP JBFI PART RIMP,SOPL,MATAR1,2025-07-03,2025-07-03,,36.0,36.2,SF01PEAUMR,SMC,,,2.0,ZCOR,110,0,,,2
,4830623,Démontage bride plane l'extrémité,OR000004830623,SF01-UT-FDEM-BASSIN-0IP02A,MOTOPOMPE EAU MER VERS SEM2 IPO2A MC,,,S-PC-P924 IP 02A,SF1-MCU,GM4,SF01,TCLO CONF CCRP JBFI PART RIMP,SOPL,MATAR1,2025-07-03,2025-07-03,,4.0,4.2,SF01PEAUMR,SMC,,,2.0,ZCOR,110,0,,,2
,4831596,Remise en état clapet de la pompe SEM2,OR000004831596,SF01-UT-FDEM-BASSIN-0IP02A,MOTOPOMPE EAU MER VERS SEM2 IPO2A MC,,,S-PC-P924 IP 02A,SF1-MCU,GM4,SF01,TCLO CONF CCRP JBFI PART RIMP,SOPL,MATAR1,2025-07-04,2025-07-04,,4.0,4.2,SF01PEAUMR,SMC,,,2.0,ZCOR,110,0,,,2
,4831598,Remise en place du joint plane,OR000004831598,SF01-UT-FDEM-BASSIN-0IP02A,MOTOPOMPE EAU MER VERS SEM2 IPO2A MC,,,S-PC-P924 IP 02A,SF1-MCU,GM4,SF01,TCLO CONF CCRP JBFI PART RIMP,SOPL,MATAR1,2025-07-04,2025-07-04,,4.0,4.2,SF01PEAUMR,SMC,,,2.0,ZCOR,110,0,,,2
,4831660,Changement vanne de refoulement pompe,OR000004831660,SF01-UT-FDEM-BASSIN-0IP02A,MOTOPOMPE EAU MER VERS SEM2 IPO2A MC,,,S-PC-P924 IP 02A,SF1-MCU,GM4,SF01,TCLO CONF CCRP JBFI PART RIMP,SOPL,MATAR1,2025-07-04,2025-07-04,,4.0,4.2,SF01PEAUMR,SMC,,,2.0,ZCOR,110,0,,,2
,4831679,Serrage des tresses de la pompe E/M IDP,OR000004831679,SF01-UT-FDEM-BASSIN-0IP02A,MOTOPOMPE EAU MER VERS SEM2 IPO2A MC,,,S-PC-P924 IP 02A,SF1-MCU,GM4,SF01,TCLO CONF CCRP JBFI PART RIMP,SOPL,MATAR1,2025-07-04,2025-07-04,,2.0,2.2,SF01PEAUMR,SMC,,,2.0,ZCOR,110,0,,,2
,4831882,Remise en état clapet du pompe,OR000004831882,SF01-UT-FDEM-BASSIN-0IP02A,MOTOPOMPE EAU MER VERS SEM2 IPO2A MC,,,S-PC-P924 IP 02A,SF1-MCU,GM4,SF01,TCLO CONF CCRP JBFI PART RIMP,SOPL,MATAR1,2025-07-04,2025-07-04,,9.0,9.0,SF01PEAUMR,SMC,,,2.0,ZCOR,110,0,,,2
,4831886,Remise en état pompe d'épuisement N°2,OR000004831886,SF01-UT-FDEM-BASSIN-0IP02B,MOTOPOMPE EAU MER VERS SEM2 IPO2B,,,S-PC-P924 IP 02B,SF1-MCU,GM4,SF01,TCLO CONF CCRP JBFI PART RIMP,SOPL,MATAR1,2025-07-04,2025-07-04,,9.0,9.0,SF01PEAUMR,SMC,,,2.0,ZCOR,110,0,,,2
,4833810,Serrage les tresses de la pompe IDP,OR000004833810,SF01-UT-FDEM-BASSIN-0IP02A,MOTOPOMPE EAU MER VERS SEM2 IPO2A MC,,,S-PC-P924 IP 02A,SF1-MCU,GM4,SF01,TCLO CONF CCRP JBFI PART RIMP,SOPL,MATAR1,2025-07-04,2025-07-04,,4.0,4.0,SF01PEAUMR,SMC,,,2.0,ZCOR,110,0,,,2
,4846075,Serrage des tresses pompe IP02B,OR000004846075,SF01-UT-FDEM-BASSIN-0IP02B,MOTOPOMPE EAU MER VERS SEM2 IPO2B,,,S-PC-P924 IP 02B,SF1-MCU,GM4,SF01,TCLO CONF CCRP JBFI PART RIMP,SOPL,MATAR1,2025-07-08,2025-07-08,,4.0,4.0,SF01PEAUMR,SMC,,,2.0,ZCOR,110,0,,,2
10777829.0,4858035,OMS_Thermographie moteur MT,OR000004858035,SF01-UT-FDEM-BASSIN-0IP01A-GMOT-0MOTEUR,MOTEUR ELECTRIQUE MT,,,S-PC-924IP01A-M,SF1-ECU,GM7,SF01,TCLO CONF CCRP JBFI PART RIMP,SOPL,BOUDARQA,2025-07-09,2025-07-09,,6.0,1.5,SF01PEAUMR,SMC,,,2.0,ZPRV,300,0,,,1
10777870.0,4858036,OMS_Thermographie moteur MT,OR000004858036,SF01-UT-FDEM-BASSIN-0IP01B-GMOT-0MOTEUR,MOTEUR ELECTRIQUE MT,,,S-PC-924IP01B-M,SF1-ECU,GM7,SF01,TCLO CONF CCRP JBFI PART RIMP,SOPL,BOUDARQA,2025-07-09,2025-07-09,,6.0,1.5,SF01PEAUMR,SMC,,,2.0,ZPRV,300,0,,,1
10777873.0,4858038,OMS_Thermographie moteur MT,OR000004858038,SF01-UT-FDEM-BASSIN-0IP02A-GMOT-0MOTEUR,MOTEUR ELECTRIQUE MT,,,S-PC-924IP02A-M,SF1-ECU,GM7,SF01,TCLO CONF CCRP JBFI PART RIMP,SOPL,BOUDARQA,2025-07-09,2025-07-09,,6.0,1.5,SF01PEAUMR,SMC,,,2.0,ZPRV,300,0,,,2
10777874.0,4858141,OMS_Thermographie moteur MT,OR000004858141,SF01-UT-FDEM-BASSIN-0IP02B-GMOT-0MOTEUR,MOTEUR ELECTRIQUE MT,,,S-PC-924IP02B-M,SF1-ECU,GM7,SF01,TCLO CONF CCRP JBFI PART RIMP,SOPL,BOUDARQA,2025-07-09,2025-07-09,,6.0,1.5,SF01PEAUMR,SMC,,,2.0,ZPRV,300,0,,,2
10777875.0,4858143,OMS_Thermographie moteur MT,OR000004858143,SF01-UT-FDEM-BASSIN-0IP03A-GMOT-0MOTEUR,MOTEUR ELECTRIQUE MT,,,S-PC-924IP03A-M,SF1-ECU,GM7,SF01,TCLO CONF CCRP JBFI PART RIMP,SOPL,BOUDARQA,2025-07-09,2025-07-09,,6.0,1.5,SF01PEAUMR,SMC,,,2.0,ZPRV,300,0,,,3
10777877.0,4858144,OMS_Thermographie moteur MT,OR000004858144,SF01-UT-FDEM-BASSIN-0IP03B-GMOT-0MOTEUR,MOTEUR ELECTRIQUE MT,,,S-PC-924IP03B-M,SF1-ECU,GM7,SF01,TCLO CONF CCRP JBFI PART RIMP,SOPL,BOUDARQA,2025-07-09,2025-07-09,,6.0,1.5,SF01PEAUMR,SMC,,,2.0,ZPRV,300,0,,,3
10777878.0,4858145,OMS_Thermographie moteur MT,OR000004858145,SF01-UT-FDEM-BASSIN-0IP04A-GMOT-0MOTEUR,MOTEUR ELECTRIQUE MT,,,S-PC-924IP04A-M,SF1-ECU,GM7,SF01,TCLO CONF CCRP JBFI PART RIMP,SOPL,BOUDARQA,2025-07-09,2025-07-09,,1.0,1.2,SF01PEAUMR,SMC,,,,ZPRV,300,0,,,4
10777879.0,4858146,OMS_Thermographie moteur MT,OR000004858146,SF01-UT-FDEM-BASSIN-0IP04B-GMOT-0MOTEUR,MOTEUR ELECTRIQUE MT,,,S-PC-924IP04B-M,SF1-ECU,GM7,SF01,TCLO CONF CCRP JBFI PART RIMP,SOPL,BOUDARQA,2025-07-09,2025-07-09,,6.0,1.5,SF01PEAUMR,SMC,,,2.0,ZPRV,300,0,,,4
,4870544,CHANGEMENT ACCOUPLEMENT,OR000004870544,SF01-UT-FDEM-BASSIN-0IP03A,MOTOPOMPE EAU MER VERS PSII IPO3A BASSIN,,,S-PC-P924 IP 03A,SF1-MCU,GM4,SF01,TCLO CONF ARCO CCRP ERCT JBFI MMEf RIMP,SOPL,FATHELLAH,2025-07-22,2025-07-11,,322394.0,322394.0,SF01PEAUMR,SMC,,,2.0,ZCOR,110,0,,,3
,4888596,Changement des tresses IP03A,OR000004888596,SF01-UT-FDEM-BASSIN-0IP03A,MOTOPOMPE EAU MER VERS PSII IPO3A BASSIN,,,S-PC-P924 IP 03A,SF1-MCU,GM4,SF01,TCLO CONF CCRP JBFI PART RIMP,SOPL,MATAR1,2025-07-15,2025-07-15,,4.0,4.2,SF01PEAUMR,SMC,,,2.0,ZCOR,110,0,,,3
,4888597,Serrage moteur et pompe IP03A au BFEM,OR000004888597,SF01-UT-FDEM-BASSIN-0IP03A,MOTOPOMPE EAU MER VERS PSII IPO3A BASSIN,,,S-PC-P924 IP 03A,SF1-MCU,GM4,SF01,TCLO CONF CCRP JBFI PART RIMP,SOPL,MATAR1,2025-07-15,2025-07-15,,4.0,4.2,SF01PEAUMR,SMC,,,2.0,ZCOR,110,0,,,3
10813470.0,4896005,LUBRIFICATION DES PALIERS,OR000004896005,SF01-UT-FDEM-BASSIN-0IP03A,MOTOPOMPE EAU MER VERS PSII IPO3A BASSIN,,,S-PC-P924 IP 03A,SF1-MCU,GM4,SF01,TCLO CONF CCRP JBFI PART RIMP,SOPL,IP1020250716,2025-07-16,2025-07-16,2025-07-25,0.0,4.0,SF01PEAUMR,SMC,,,,ZEST,350,1,184829.0,480188.0,3
10813471.0,4896006,LUBRIFICATION DES PALIERS,OR000004896006,SF01-UT-FDEM-BASSIN-0IP03A,MOTOPOMPE EAU MER VERS PSII IPO3A BASSIN,,,S-PC-P924 IP 03A,SF1-MCU,GM4,SF01,TCLO CONF CCRP JBFI PART RIMP,SOPL,IP1020250716,2025-07-16,2025-07-16,2025-07-25,0.0,4.0,SF01PEAUMR,SMC,,,,ZEST,350,2,184829.0,480188.0,3
10813472.0,4896007,LUBRIFICATION DES PALIERS,OR000004896007,SF01-UT-FDEM-BASSIN-0IP03A,MOTOPOMPE EAU MER VERS PSII IPO3A BASSIN,,,S-PC-P924 IP 03A,SF1-MCU,GM4,SF01,TCLO CONF CCRP JBFI PART RIMP,SOPL,IP1020250716,2025-07-16,2025-07-16,2025-07-25,0.0,4.0,SF01PEAUMR,SMC,,,,ZEST,350,3,184829.0,480188.0,3
10813473.0,4896008,LUBRIFICATION DES PALIERS,OR000004896008,SF01-UT-FDEM-BASSIN-0IP03A,MOTOPOMPE EAU MER VERS PSII IPO3A BASSIN,,,S-PC-P924 IP 03A,SF1-MCU,GM4,SF01,TCLO CONF CCRP JBFI PART RIMP,SOPL,IP1020250716,2025-07-16,2025-07-16,2025-07-25,0.0,4.0,SF01PEAUMR,SMC,,,,ZEST,350,4,184829.0,480188.0,3
10813475.0,4896010,LUBRIFICATION DES PALIERS,OR000004896010,SF01-UT-FDEM-BASSIN-0IP03A,MOTOPOMPE EAU MER VERS PSII IPO3A BASSIN,,,S-PC-P924 IP 03A,SF1-MCU,GM4,SF01,TCLO CONF CCRP JBFI PART RIMP,SOPL,IP1020250716,2025-07-16,2025-07-16,2025-07-25,0.0,4.0,SF01PEAUMR,SMC,,,,ZEST,350,5,184829.0,480188.0,3
10813477.0,4896012,LUBRIFICATION DES PALIERS,OR000004896012,SF01-UT-FDEM-BASSIN-0IP03A,MOTOPOMPE EAU MER VERS PSII IPO3A BASSIN,,,S-PC-P924 IP 03A,SF1-MCU,GM4,SF01,TCLO CONF CCRP JBFI PART RIMP,SOPL,IP1020250716,2025-07-16,2025-07-16,2025-07-25,0.0,4.0,SF01PEAUMR,SMC,,,,ZEST,350,6,184829.0,480188.0,3
10813479.0,4896014,LUBRIFICATION DES PALIERS,OR000004896014,SF01-UT-FDEM-BASSIN-0IP03A,MOTOPOMPE EAU MER VERS PSII IPO3A BASSIN,,,S-PC-P924 IP 03A,SF1-MCU,GM4,SF01,TCLO CONF CCRP JBFI PART RIMP,SOPL,IP1020250716,2025-07-16,2025-07-16,2025-07-25,0.0,4.0,SF01PEAUMR,SMC,,,,ZEST,350,7,184829.0,480188.0,3
10813491.0,4896016,LUBRIFICATION DES PALIERS,OR000004896016,SF01-UT-FDEM-BASSIN-0IP03A,MOTOPOMPE EAU MER VERS PSII IPO3A BASSIN,,,S-PC-P924 IP 03A,SF1-MCU,GM4,SF01,TCLO CONF CCRP JBFI PART RIMP,SOPL,IP1020250716,2025-07-16,2025-07-16,2025-07-25,0.0,4.0,SF01PEAUMR,SMC,,,,ZEST,350,8,184829.0,480188.0,3
10813493.0,4896018,LUBRIFICATION DES PALIERS,OR000004896018,SF01-UT-FDEM-BASSIN-0IP03A,MOTOPOMPE EAU MER VERS PSII IPO3A BASSIN,,,S-PC-P924 IP 03A,SF1-MCU,GM4,SF01,TCLO CONF CCRP JBFI PART RIMP,SOPL,IP1020250716,2025-07-16,2025-07-16,2025-07-25,0.0,4.0,SF01PEAUMR,SMC,,,,ZEST,350,9,184829.0,480188.0,3
10813494.0,4896019,LUBRIFICATION DES PALIERS,OR000004896019,SF01-UT-FDEM-BASSIN-0IP03A,MOTOPOMPE EAU MER VERS PSII IPO3A BASSIN,,,S-PC-P924 IP 03A,SF1-MCU,GM4,SF01,TCLO CONF CCRP JBFI PART RIMP,SOPL,IP1020250716,2025-07-23,2025-07-16,2025-07-23,0.0,4.0,SF01PEAUMR,SMC,,,,ZEST,350,10,184829.0,480188.0,3
10813498.0,4896083,OMS_MESURE VIBRATOIRE PALIERS,OR000004896083,SF01-UT-FDEM-BASSIN-0IP03A,MOTOPOMPE EAU MER VERS PSII IPO3A BASSIN,,,S-PC-P924 IP 03A,SF1-MCU,GM4,SF01,TCLO CONF CCRP JBFI PART RIMP,SOPL,IP1020250716,2025-07-16,2025-07-16,2025-07-25,0.0,1.0,SF01PEAUMR,SMC,,,,ZPRV,290,1,184830.0,480189.0,3
10813530.0,4896085,OMS_MESURE VIBRATOIRE PALIERS,OR000004896085,SF01-UT-FDEM-BASSIN-0IP03A,MOTOPOMPE EAU MER VERS PSII IPO3A BASSIN,,,S-PC-P924 IP 03A,SF1-MCU,GM4,SF01,TCLO CONF CCRP JBFI PART RIMP,SOPL,IP1020250716,2025-07-16,2025-07-16,2025-07-25,0.0,1.0,SF01PEAUMR,SMC,,,,ZPRV,290,2,184830.0,480189.0,3
10813532.0,4896087,OMS_MESURE VIBRATOIRE PALIERS,OR000004896087,SF01-UT-FDEM-BASSIN-0IP03A,MOTOPOMPE EAU MER VERS PSII IPO3A BASSIN,,,S-PC-P924 IP 03A,SF1-MCU,GM4,SF01,TCLO CONF CCRP JBFI PART RIMP,SOPL,IP1020250716,2025-07-16,2025-07-16,2025-07-25,0.0,1.0,SF01PEAUMR,SMC,,,,ZPRV,290,3,184830.0,480189.0,3
10813534.0,4896089,OMS_MESURE VIBRATOIRE PALIERS,OR000004896089,SF01-UT-FDEM-BASSIN-0IP03A,MOTOPOMPE EAU MER VERS PSII IPO3A BASSIN,,,S-PC-P924 IP 03A,SF1-MCU,GM4,SF01,TCLO CONF CCRP JBFI PART RIMP,SOPL,IP1020250716,2025-07-16,2025-07-16,2025-07-25,0.0,1.0,SF01PEAUMR,SMC,,,,ZPRV,290,4,184830.0,480189.0,3
10813536.0,4896091,OMS_MESURE VIBRATOIRE PALIERS,OR000004896091,SF01-UT-FDEM-BASSIN-0IP03A,MOTOPOMPE EAU MER VERS PSII IPO3A BASSIN,,,S-PC-P924 IP 03A,SF1-MCU,GM4,SF01,TCLO CONF CCRP JBFI PART RIMP,SOPL,IP1020250716,2025-07-16,2025-07-16,2025-07-25,0.0,1.0,SF01PEAUMR,SMC,,,,ZPRV,290,5,184830.0,480189.0,3
10813538.0,4896093,OMS_MESURE VIBRATOIRE PALIERS,OR000004896093,SF01-UT-FDEM-BASSIN-0IP03A,MOTOPOMPE EAU MER VERS PSII IPO3A BASSIN,,,S-PC-P924 IP 03A,SF1-MCU,GM4,SF01,TCLO CONF CCRP JBFI PART RIMP,SOPL,IP1020250716,2025-07-16,2025-07-16,2025-07-25,0.0,1.0,SF01PEAUMR,SMC,,,,ZPRV,290,6,184830.0,480189.0,3
10813539.0,4896094,OMS_MESURE VIBRATOIRE PALIERS,OR000004896094,SF01-UT-FDEM-BASSIN-0IP03A,MOTOPOMPE EAU MER VERS PSII IPO3A BASSIN,,,S-PC-P924 IP 03A,SF1-MCU,GM4,SF01,TCLO CONF CCRP JBFI PART RIMP,SOPL,IP1020250716,2025-07-16,2025-07-16,2025-07-25,0.0,1.0,SF01PEAUMR,SMC,,,,ZPRV,290,7,184830.0,480189.0,3
10813560.0,4896095,OMS_MESURE VIBRATOIRE PALIERS,OR000004896095,SF01-UT-FDEM-BASSIN-0IP03A,MOTOPOMPE EAU MER VERS PSII IPO3A BASSIN,,,S-PC-P924 IP 03A,SF1-MCU,GM4,SF01,TCLO CONF CCRP JBFI PART RIMP,SOPL,IP1020250716,2025-07-16,2025-07-16,2025-07-25,0.0,1.0,SF01PEAUMR,SMC,,,,ZPRV,290,8,184830.0,480189.0,3
10813561.0,4896096,OMS_MESURE VIBRATOIRE PALIERS,OR000004896096,SF01-UT-FDEM-BASSIN-0IP03A,MOTOPOMPE EAU MER VERS PSII IPO3A BASSIN,,,S-PC-P924 IP 03A,SF1-MCU,GM4,SF01,TCLO CONF CCRP JBFI PART RIMP,SOPL,IP1020250716,2025-07-16,2025-07-16,2025-07-25,0.0,1.0,SF01PEAUMR,SMC,,,,ZPRV,290,9,184830.0,480189.0,3
10813562.0,4896097,OMS_MESURE VIBRATOIRE PALIERS,OR000004896097,SF01-UT-FDEM-BASSIN-0IP03A,MOTOPOMPE EAU MER VERS PSII IPO3A BASSIN,,,S-PC-P924 IP 03A,SF1-MCU,GM4,SF01,TCLO CONF CCRP JBFI PART RIMP,SOPL,IP1020250716,2025-07-16,2025-07-16,2025-07-25,0.0,1.0,SF01PEAUMR,SMC,,,,ZPRV,290,10,184830.0,480189.0,3
10813563.0,4896098,OMS_MESURE VIBRATOIRE PALIERS,OR000004896098,SF01-UT-FDEM-BASSIN-0IP03A,MOTOPOMPE EAU MER VERS PSII IPO3A BASSIN,,,S-PC-P924 IP 03A,SF1-MCU,GM4,SF01,TCLO CONF CCRP JBFI PART RIMP,SOPL,IP1020250716,2025-07-17,2025-07-16,2025-07-25,0.0,1.0,SF01PEAUMR,SMC,,,,ZPRV,290,11,184830.0,480189.0,3
10813569.0,4896144,LUBRIFICATION DES PALIERS,OR000004896144,SF01-UT-FDEM-BASSIN-0IP03B,MOTOPOMPE EAU MER VERS PSII IPO3B BASSIN,,,S-PC-P924 IP 03B,SF1-MCU,GM4,SF01,TCLO CONF CCRP JBFI PART RIMP,SOPL,IP1020250716,2025-07-16,2025-07-16,2025-07-25,0.0,4.0,SF01PEAUMR,SMC,,,,ZEST,350,1,184831.0,480190.0,3
10813590.0,4896145,LUBRIFICATION DES PALIERS,OR000004896145,SF01-UT-FDEM-BASSIN-0IP03B,MOTOPOMPE EAU MER VERS PSII IPO3B BASSIN,,,S-PC-P924 IP 03B,SF1-MCU,GM4,SF01,TCLO CONF CCRP JBFI PART RIMP,SOPL,IP1020250716,2025-07-16,2025-07-16,2025-07-25,0.0,4.0,SF01PEAUMR,SMC,,,,ZEST,350,2,184831.0,480190.0,3
10813592.0,4896147,LUBRIFICATION DES PALIERS,OR000004896147,SF01-UT-FDEM-BASSIN-0IP03B,MOTOPOMPE EAU MER VERS PSII IPO3B BASSIN,,,S-PC-P924 IP 03B,SF1-MCU,GM4,SF01,TCLO CONF CCRP JBFI PART RIMP,SOPL,IP1020250716,2025-07-16,2025-07-16,2025-07-25,0.0,4.0,SF01PEAUMR,SMC,,,,ZEST,350,3,184831.0,480190.0,3
10813593.0,4896148,LUBRIFICATION DES PALIERS,OR000004896148,SF01-UT-FDEM-BASSIN-0IP03B,MOTOPOMPE EAU MER VERS PSII IPO3B BASSIN,,,S-PC-P924 IP 03B,SF1-MCU,GM4,SF01,TCLO CONF CCRP JBFI PART RIMP,SOPL,IP1020250716,2025-07-16,2025-07-16,2025-07-25,0.0,4.0,SF01PEAUMR,SMC,,,,ZEST,350,4,184831.0,480190.0,3
10813594.0,4896149,LUBRIFICATION DES PALIERS,OR000004896149,SF01-UT-FDEM-BASSIN-0IP03B,MOTOPOMPE EAU MER VERS PSII IPO3B BASSIN,,,S-PC-P924 IP 03B,SF1-MCU,GM4,SF01,TCLO CONF CCRP JBFI PART RIMP,SOPL,IP1020250716,2025-07-16,2025-07-16,2025-07-25,0.0,4.0,SF01PEAUMR,SMC,,,,ZEST,350,5,184831.0,480190.0,3
10813595.0,4896150,LUBRIFICATION DES PALIERS,OR000004896150,SF01-UT-FDEM-BASSIN-0IP03B,MOTOPOMPE EAU MER VERS PSII IPO3B BASSIN,,,S-PC-P924 IP 03B,SF1-MCU,GM4,SF01,TCLO CONF CCRP JBFI PART RIMP,SOPL,IP1020250716,2025-07-16,2025-07-16,2025-07-25,0.0,4.0,SF01PEAUMR,SMC,,,,ZEST,350,6,184831.0,480190.0,3
10813597.0,4896152,LUBRIFICATION DES PALIERS,OR000004896152,SF01-UT-FDEM-BASSIN-0IP03B,MOTOPOMPE EAU MER VERS PSII IPO3B BASSIN,,,S-PC-P924 IP 03B,SF1-MCU,GM4,SF01,TCLO CONF CCRP JBFI PART RIMP,SOPL,IP1020250716,2025-07-16,2025-07-16,2025-07-25,0.0,4.0,SF01PEAUMR,SMC,,,,ZEST,350,7,184831.0,480190.0,3
10813598.0,4896153,LUBRIFICATION DES PALIERS,OR000004896153,SF01-UT-FDEM-BASSIN-0IP03B,MOTOPOMPE EAU MER VERS PSII IPO3B BASSIN,,,S-PC-P924 IP 03B,SF1-MCU,GM4,SF01,TCLO CONF CCRP JBFI PART RIMP,SOPL,IP1020250716,2025-07-16,2025-07-16,2025-07-25,0.0,4.0,SF01PEAUMR,SMC,,,,ZEST,350,8,184831.0,480190.0,3
10813599.0,4896154,LUBRIFICATION DES PALIERS,OR000004896154,SF01-UT-FDEM-BASSIN-0IP03B,MOTOPOMPE EAU MER VERS PSII IPO3B BASSIN,,,S-PC-P924 IP 03B,SF1-MCU,GM4,SF01,TCLO CONF CCRP JBFI PART RIMP,SOPL,IP1020250716,2025-07-16,2025-07-16,2025-07-25,0.0,4.0,SF01PEAUMR,SMC,,,,ZEST,350,9,184831.0,480190.0,3
10813620.0,4896155,LUBRIFICATION DES PALIERS,OR000004896155,SF01-UT-FDEM-BASSIN-0IP03B,MOTOPOMPE EAU MER VERS PSII IPO3B BASSIN,,,S-PC-P924 IP 03B,SF1-MCU,GM4,SF01,TCLO CONF CCRP JBFI PART RIMP,SOPL,IP1020250716,2025-07-23,2025-07-16,2025-07-23,0.0,2.0,SF01PEAUMR,SMC,,,,ZEST,350,10,184831.0,480190.0,3
10813626.0,4896201,OMS_MESURE VIBRATOIRE PALIERS,OR000004896201,SF01-UT-FDEM-BASSIN-0IP03B,MOTOPOMPE EAU MER VERS PSII IPO3B BASSIN,,,S-PC-P924 IP 03B,SF1-MCU,GM4,SF01,TCLO CONF CCRP JBFI PART RIMP,SOPL,IP1020250716,2025-07-16,2025-07-16,2025-07-25,0.0,1.0,SF01PEAUMR,SMC,,,,ZPRV,290,1,184832.0,480191.0,3
10813628.0,4896203,OMS_MESURE VIBRATOIRE PALIERS,OR000004896203,SF01-UT-FDEM-BASSIN-0IP03B,MOTOPOMPE EAU MER VERS PSII IPO3B BASSIN,,,S-PC-P924 IP 03B,SF1-MCU,GM4,SF01,TCLO CONF CCRP JBFI PART RIMP,SOPL,IP1020250716,2025-07-16,2025-07-16,2025-07-25,0.0,1.0,SF01PEAUMR,SMC,,,,ZPRV,290,2,184832.0,480191.0,3
10813629.0,4896204,OMS_MESURE VIBRATOIRE PALIERS,OR000004896204,SF01-UT-FDEM-BASSIN-0IP03B,MOTOPOMPE EAU MER VERS PSII IPO3B BASSIN,,,S-PC-P924 IP 03B,SF1-MCU,GM4,SF01,TCLO CONF CCRP JBFI PART RIMP,SOPL,IP1020250716,2025-07-16,2025-07-16,2025-07-25,0.0,1.0,SF01PEAUMR,SMC,,,,ZPRV,290,3,184832.0,480191.0,3
10813660.0,4896205,OMS_MESURE VIBRATOIRE PALIERS,OR000004896205,SF01-UT-FDEM-BASSIN-0IP03B,MOTOPOMPE EAU MER VERS PSII IPO3B BASSIN,,,S-PC-P924 IP 03B,SF1-MCU,GM4,SF01,TCLO CONF CCRP JBFI PART RIMP,SOPL,IP1020250716,2025-07-16,2025-07-16,2025-07-25,0.0,1.0,SF01PEAUMR,SMC,,,,ZPRV,290,4,184832.0,480191.0,3
10813662.0,4896207,OMS_MESURE VIBRATOIRE PALIERS,OR000004896207,SF01-UT-FDEM-BASSIN-0IP03B,MOTOPOMPE EAU MER VERS PSII IPO3B BASSIN,,,S-PC-P924 IP 03B,SF1-MCU,GM4,SF01,TCLO CONF CCRP JBFI PART RIMP,SOPL,IP1020250716,2025-07-16,2025-07-16,2025-07-25,0.0,1.0,SF01PEAUMR,SMC,,,,ZPRV,290,5,184832.0,480191.0,3
10813663.0,4896208,OMS_MESURE VIBRATOIRE PALIERS,OR000004896208,SF01-UT-FDEM-BASSIN-0IP03B,MOTOPOMPE EAU MER VERS PSII IPO3B BASSIN,,,S-PC-P924 IP 03B,SF1-MCU,GM4,SF01,TCLO CONF CCRP JBFI PART RIMP,SOPL,IP1020250716,2025-07-16,2025-07-16,2025-07-25,0.0,1.0,SF01PEAUMR,SMC,,,,ZPRV,290,6,184832.0,480191.0,3
10813664.0,4896209,OMS_MESURE VIBRATOIRE PALIERS,OR000004896209,SF01-UT-FDEM-BASSIN-0IP03B,MOTOPOMPE EAU MER VERS PSII IPO3B BASSIN,,,S-PC-P924 IP 03B,SF1-MCU,GM4,SF01,TCLO CONF CCRP JBFI PART RIMP,SOPL,IP1020250716,2025-07-16,2025-07-16,2025-07-25,0.0,1.0,SF01PEAUMR,SMC,,,,ZPRV,290,7,184832.0,480191.0,3
10813665.0,4896210,OMS_MESURE VIBRATOIRE PALIERS,OR000004896210,SF01-UT-FDEM-BASSIN-0IP03B,MOTOPOMPE EAU MER VERS PSII IPO3B BASSIN,,,S-PC-P924 IP 03B,SF1-MCU,GM4,SF01,TCLO CONF CCRP JBFI PART RIMP,SOPL,IP1020250716,2025-07-16,2025-07-16,2025-07-25,0.0,1.0,SF01PEAUMR,SMC,,,,ZPRV,290,8,184832.0,480191.0,3
10813666.0,4896211,OMS_MESURE VIBRATOIRE PALIERS,OR000004896211,SF01-UT-FDEM-BASSIN-0IP03B,MOTOPOMPE EAU MER VERS PSII IPO3B BASSIN,,,S-PC-P924 IP 03B,SF1-MCU,GM4,SF01,TCLO CONF CCRP JBFI PART RIMP,SOPL,IP1020250716,2025-07-16,2025-07-16,2025-07-25,0.0,1.0,SF01PEAUMR,SMC,,,,ZPRV,290,9,184832.0,480191.0,3
10813667.0,4896212,OMS_MESURE VIBRATOIRE PALIERS,OR000004896212,SF01-UT-FDEM-BASSIN-0IP03B,MOTOPOMPE EAU MER VERS PSII IPO3B BASSIN,,,S-PC-P924 IP 03B,SF1-MCU,GM4,SF01,TCLO CONF CCRP JBFI PART RIMP,SOPL,IP1020250716,2025-07-16,2025-07-16,2025-07-25,0.0,1.0,SF01PEAUMR,SMC,,,,ZPRV,290,10,184832.0,480191.0,3
10813668.0,4896213,OMS_MESURE VIBRATOIRE PALIERS,OR000004896213,SF01-UT-FDEM-BASSIN-0IP03B,MOTOPOMPE EAU MER VERS PSII IPO3B BASSIN,,,S-PC-P924 IP 03B,SF1-MCU,GM4,SF01,TCLO CONF CCRP JBFI PART RIMP,SOPL,IP1020250716,2025-07-17,2025-07-16,2025-07-25,0.0,1.0,SF01PEAUMR,SMC,,,,ZPRV,290,11,184832.0,480191.0,3
10813692.0,4896217,LUBRIFICATION DES PALIERS,OR000004896217,SF01-UT-FDEM-BASSIN-0IP04A,MOTOPOMPE EAU MER VERS PPII IPO4A BASSIN,,,S-PC-P924 IP 04A,SF1-MCU,GM4,SF01,TCLO CONF CCRP JBFI PART RIMP,SOPL,IP1020250716,2025-07-16,2025-07-16,2025-07-25,0.0,4.0,SF01PEAUMR,SMC,,,,ZEST,350,1,184833.0,480192.0,4
10813693.0,4896218,LUBRIFICATION DES PALIERS,OR000004896218,SF01-UT-FDEM-BASSIN-0IP04A,MOTOPOMPE EAU MER VERS PPII IPO4A BASSIN,,,S-PC-P924 IP 04A,SF1-MCU,GM4,SF01,TCLO CONF CCRP JBFI PART RIMP,SOPL,IP1020250716,2025-07-16,2025-07-16,2025-07-25,0.0,4.0,SF01PEAUMR,SMC,,,,ZEST,350,2,184833.0,480192.0,4
10813694.0,4896219,LUBRIFICATION DES PALIERS,OR000004896219,SF01-UT-FDEM-BASSIN-0IP04A,MOTOPOMPE EAU MER VERS PPII IPO4A BASSIN,,,S-PC-P924 IP 04A,SF1-MCU,GM4,SF01,TCLO CONF CCRP JBFI PART RIMP,SOPL,IP1020250716,2025-07-16,2025-07-16,2025-07-25,0.0,4.0,SF01PEAUMR,SMC,,,,ZEST,350,3,184833.0,480192.0,4
10813695.0,4896300,LUBRIFICATION DES PALIERS,OR000004896300,SF01-UT-FDEM-BASSIN-0IP04A,MOTOPOMPE EAU MER VERS PPII IPO4A BASSIN,,,S-PC-P924 IP 04A,SF1-MCU,GM4,SF01,TCLO CONF CCRP JBFI PART RIMP,SOPL,IP1020250716,2025-07-16,2025-07-16,2025-07-25,0.0,4.0,SF01PEAUMR,SMC,,,,ZEST,350,4,184833.0,480192.0,4
10813697.0,4896302,LUBRIFICATION DES PALIERS,OR000004896302,SF01-UT-FDEM-BASSIN-0IP04A,MOTOPOMPE EAU MER VERS PPII IPO4A BASSIN,,,S-PC-P924 IP 04A,SF1-MCU,GM4,SF01,TCLO CONF CCRP JBFI PART RIMP,SOPL,IP1020250716,2025-07-16,2025-07-16,2025-07-25,0.0,4.0,SF01PEAUMR,SMC,,,,ZEST,350,5,184833.0,480192.0,4
10813698.0,4896303,LUBRIFICATION DES PALIERS,OR000004896303,SF01-UT-FDEM-BASSIN-0IP04A,MOTOPOMPE EAU MER VERS PPII IPO4A BASSIN,,,S-PC-P924 IP 04A,SF1-MCU,GM4,SF01,TCLO CONF CCRP JBFI PART RIMP,SOPL,IP1020250716,2025-07-16,2025-07-16,2025-07-25,0.0,4.0,SF01PEAUMR,SMC,,,,ZEST,350,6,184833.0,480192.0,4
10813699.0,4896304,LUBRIFICATION DES PALIERS,OR000004896304,SF01-UT-FDEM-BASSIN-0IP04A,MOTOPOMPE EAU MER VERS PPII IPO4A BASSIN,,,S-PC-P924 IP 04A,SF1-MCU,GM4,SF01,TCLO CONF CCRP JBFI PART RIMP,SOPL,IP1020250716,2025-07-16,2025-07-16,2025-07-25,0.0,4.0,SF01PEAUMR,SMC,,,,ZEST,350,7,184833.0,480192.0,4
10813730.0,4896305,LUBRIFICATION DES PALIERS,OR000004896305,SF01-UT-FDEM-BASSIN-0IP04A,MOTOPOMPE EAU MER VERS PPII IPO4A BASSIN,,,S-PC-P924 IP 04A,SF1-MCU,GM4,SF01,TCLO CONF CCRP JBFI PART RIMP,SOPL,IP1020250716,2025-07-21,2025-07-16,2025-07-22,0.0,4.0,SF01PEAUMR,SMC,,,,ZEST,350,8,184833.0,480192.0,4
10813735.0,4896310,OMS_MESURE VIBRATOIRE PALIERS,OR000004896310,SF01-UT-FDEM-BASSIN-0IP04A,MOTOPOMPE EAU MER VERS PPII IPO4A BASSIN,,,S-PC-P924 IP 04A,SF1-MCU,GM4,SF01,TCLO CONF CCRP JBFI PART RIMP,SOPL,IP1020250716,2025-07-16,2025-07-16,2025-07-25,0.0,1.0,SF01PEAUMR,SMC,,,,ZPRV,290,1,184834.0,480193.0,4
10813737.0,4896311,OMS_MESURE VIBRATOIRE PALIERS,OR000004896311,SF01-UT-FDEM-BASSIN-0IP04A,MOTOPOMPE EAU MER VERS PPII IPO4A BASSIN,,,S-PC-P924 IP 04A,SF1-MCU,GM4,SF01,TCLO CONF CCRP JBFI PART RIMP,SOPL,IP1020250716,2025-07-16,2025-07-16,2025-07-25,0.0,1.0,SF01PEAUMR,SMC,,,,ZPRV,290,2,184834.0,480193.0,4
10813739.0,4896314,OMS_MESURE VIBRATOIRE PALIERS,OR000004896314,SF01-UT-FDEM-BASSIN-0IP04A,MOTOPOMPE EAU MER VERS PPII IPO4A BASSIN,,,S-PC-P924 IP 04A,SF1-MCU,GM4,SF01,TCLO CONF CCRP JBFI PART RIMP,SOPL,IP1020250716,2025-07-16,2025-07-16,2025-07-25,0.0,1.0,SF01PEAUMR,SMC,,,,ZPRV,290,3,184834.0,480193.0,4
10813760.0,4896315,OMS_MESURE VIBRATOIRE PALIERS,OR000004896315,SF01-UT-FDEM-BASSIN-0IP04A,MOTOPOMPE EAU MER VERS PPII IPO4A BASSIN,,,S-PC-P924 IP 04A,SF1-MCU,GM4,SF01,TCLO CONF CCRP JBFI PART RIMP,SOPL,IP1020250716,2025-07-16,2025-07-16,2025-07-25,0.0,1.0,SF01PEAUMR,SMC,,,,ZPRV,290,4,184834.0,480193.0,4
10813761.0,4896316,OMS_MESURE VIBRATOIRE PALIERS,OR000004896316,SF01-UT-FDEM-BASSIN-0IP04A,MOTOPOMPE EAU MER VERS PPII IPO4A BASSIN,,,S-PC-P924 IP 04A,SF1-MCU,GM4,SF01,TCLO CONF CCRP JBFI PART RIMP,SOPL,IP1020250716,2025-07-16,2025-07-16,2025-07-25,0.0,1.0,SF01PEAUMR,SMC,,,,ZPRV,290,5,184834.0,480193.0,4
10813762.0,4896317,OMS_MESURE VIBRATOIRE PALIERS,OR000004896317,SF01-UT-FDEM-BASSIN-0IP04A,MOTOPOMPE EAU MER VERS PPII IPO4A BASSIN,,,S-PC-P924 IP 04A,SF1-MCU,GM4,SF01,TCLO CONF CCRP JBFI PART RIMP,SOPL,IP1020250716,2025-07-16,2025-07-16,2025-07-25,0.0,1.0,SF01PEAUMR,SMC,,,,ZPRV,290,6,184834.0,480193.0,4
10813763.0,4896318,OMS_MESURE VIBRATOIRE PALIERS,OR000004896318,SF01-UT-FDEM-BASSIN-0IP04A,MOTOPOMPE EAU MER VERS PPII IPO4A BASSIN,,,S-PC-P924 IP 04A,SF1-MCU,GM4,SF01,TCLO CONF CCRP JBFI PART RIMP,SOPL,IP1020250716,2025-07-16,2025-07-16,2025-07-25,0.0,1.0,SF01PEAUMR,SMC,,,,ZPRV,290,7,184834.0,480193.0,4
10813765.0,4896340,OMS_MESURE VIBRATOIRE PALIERS,OR000004896340,SF01-UT-FDEM-BASSIN-0IP04A,MOTOPOMPE EAU MER VERS PPII IPO4A BASSIN,,,S-PC-P924 IP 04A,SF1-MCU,GM4,SF01,TCLO CONF CCRP JBFI PART RIMP,SOPL,IP1020250716,2025-07-16,2025-07-16,2025-07-25,0.0,1.0,SF01PEAUMR,SMC,,,,ZPRV,290,8,184834.0,480193.0,4
10813767.0,4896342,OMS_MESURE VIBRATOIRE PALIERS,OR000004896342,SF01-UT-FDEM-BASSIN-0IP04A,MOTOPOMPE EAU MER VERS PPII IPO4A BASSIN,,,S-PC-P924 IP 04A,SF1-MCU,GM4,SF01,TCLO CONF CCRP JBFI PART RIMP,SOPL,IP1020250716,2025-07-16,2025-07-16,2025-07-25,0.0,1.0,SF01PEAUMR,SMC,,,,ZPRV,290,9,184834.0,480193.0,4
10813769.0,4896344,OMS_MESURE VIBRATOIRE PALIERS,OR000004896344,SF01-UT-FDEM-BASSIN-0IP04A,MOTOPOMPE EAU MER VERS PPII IPO4A BASSIN,,,S-PC-P924 IP 04A,SF1-MCU,GM4,SF01,TCLO CONF CCRP JBFI PART RIMP,SOPL,IP1020250716,2025-07-16,2025-07-16,2025-07-25,0.0,1.0,SF01PEAUMR,SMC,,,,ZPRV,290,10,184834.0,480193.0,4
10813790.0,4896345,OMS_MESURE VIBRATOIRE PALIERS,OR000004896345,SF01-UT-FDEM-BASSIN-0IP04A,MOTOPOMPE EAU MER VERS PPII IPO4A BASSIN,,,S-PC-P924 IP 04A,SF1-MCU,GM4,SF01,TCLO CONF CCRP JBFI PART RIMP,SOPL,IP1020250716,2025-07-17,2025-07-16,2025-07-25,0.0,1.0,SF01PEAUMR,SMC,,,,ZPRV,290,11,184834.0,480193.0,4
10813791.0,4896346,LUBRIFICATION DES PALIERS,OR000004896346,SF01-UT-FDEM-BASSIN-0IP04B,MOTOPOMPE EAU MER VERS PPII IPO4B BASSIN,,,S-PC-P924 IP 04B,SF1-MCU,GM4,SF01,TCLO CONF CCRP JBFI PART RIMP,SOPL,IP1020250716,2025-07-16,2025-07-16,2025-07-25,0.0,1.0,SF01PEAUMR,SMC,,,,ZEST,350,1,184835.0,480194.0,4
10813792.0,4896347,LUBRIFICATION DES PALIERS,OR000004896347,SF01-UT-FDEM-BASSIN-0IP04B,MOTOPOMPE EAU MER VERS PPII IPO4B BASSIN,,,S-PC-P924 IP 04B,SF1-MCU,GM4,SF01,TCLO CONF CCRP JBFI PART RIMP,SOPL,IP1020250716,2025-07-16,2025-07-16,2025-07-25,0.0,1.0,SF01PEAUMR,SMC,,,,ZEST,350,2,184835.0,480194.0,4
10813793.0,4896348,LUBRIFICATION DES PALIERS,OR000004896348,SF01-UT-FDEM-BASSIN-0IP04B,MOTOPOMPE EAU MER VERS PPII IPO4B BASSIN,,,S-PC-P924 IP 04B,SF1-MCU,GM4,SF01,TCLO CONF CCRP JBFI PART RIMP,SOPL,IP1020250716,2025-07-16,2025-07-16,2025-07-25,0.0,1.0,SF01PEAUMR,SMC,,,,ZEST,350,3,184835.0,480194.0,4
10813794.0,4896349,LUBRIFICATION DES PALIERS,OR000004896349,SF01-UT-FDEM-BASSIN-0IP04B,MOTOPOMPE EAU MER VERS PPII IPO4B BASSIN,,,S-PC-P924 IP 04B,SF1-MCU,GM4,SF01,TCLO CONF CCRP JBFI PART RIMP,SOPL,IP1020250716,2025-07-28,2025-07-16,2025-07-25,0.0,1.0,SF01PEAUMR,SMC,,,,ZEST,350,4,184835.0,480194.0,4
10813852.0,4896357,OMS_MESURE VIBRATOIRE PALIERS,OR000004896357,SF01-UT-FDEM-BASSIN-0IP04B,MOTOPOMPE EAU MER VERS PPII IPO4B BASSIN,,,S-PC-P924 IP 04B,SF1-MCU,GM4,SF01,TCLO CONF CCRP JBFI PART RIMP,SOPL,IP1020250716,2025-07-16,2025-07-16,2025-07-25,0.0,1.0,SF01PEAUMR,SMC,,,,ZPRV,290,1,184836.0,480195.0,4
10813854.0,4896359,OMS_MESURE VIBRATOIRE PALIERS,OR000004896359,SF01-UT-FDEM-BASSIN-0IP04B,MOTOPOMPE EAU MER VERS PPII IPO4B BASSIN,,,S-PC-P924 IP 04B,SF1-MCU,GM4,SF01,TCLO CONF CCRP JBFI PART RIMP,SOPL,IP1020250716,2025-07-16,2025-07-16,2025-07-25,0.0,1.0,SF01PEAUMR,SMC,,,,ZPRV,290,2,184836.0,480195.0,4
10813856.0,4896421,OMS_MESURE VIBRATOIRE PALIERS,OR000004896421,SF01-UT-FDEM-BASSIN-0IP04B,MOTOPOMPE EAU MER VERS PPII IPO4B BASSIN,,,S-PC-P924 IP 04B,SF1-MCU,GM4,SF01,TCLO CONF CCRP JBFI PART RIMP,SOPL,IP1020250716,2025-07-16,2025-07-16,2025-07-25,0.0,1.0,SF01PEAUMR,SMC,,,,ZPRV,290,3,184836.0,480195.0,4
10813858.0,4896423,OMS_MESURE VIBRATOIRE PALIERS,OR000004896423,SF01-UT-FDEM-BASSIN-0IP04B,MOTOPOMPE EAU MER VERS PPII IPO4B BASSIN,,,S-PC-P924 IP 04B,SF1-MCU,GM4,SF01,TCLO CONF CCRP JBFI PART RIMP,SOPL,IP1020250716,2025-07-16,2025-07-16,2025-07-25,0.0,1.0,SF01PEAUMR,SMC,,,,ZPRV,290,4,184836.0,480195.0,4
10813880.0,4896425,OMS_MESURE VIBRATOIRE PALIERS,OR000004896425,SF01-UT-FDEM-BASSIN-0IP04B,MOTOPOMPE EAU MER VERS PPII IPO4B BASSIN,,,S-PC-P924 IP 04B,SF1-MCU,GM4,SF01,TCLO CONF CCRP JBFI PART RIMP,SOPL,IP1020250716,2025-07-16,2025-07-16,2025-07-25,0.0,1.0,SF01PEAUMR,SMC,,,,ZPRV,290,5,184836.0,480195.0,4
10813881.0,4896426,OMS_MESURE VIBRATOIRE PALIERS,OR000004896426,SF01-UT-FDEM-BASSIN-0IP04B,MOTOPOMPE EAU MER VERS PPII IPO4B BASSIN,,,S-PC-P924 IP 04B,SF1-MCU,GM4,SF01,TCLO CONF CCRP JBFI PART RIMP,SOPL,IP1020250716,2025-07-16,2025-07-16,2025-07-25,0.0,1.0,SF01PEAUMR,SMC,,,,ZPRV,290,6,184836.0,480195.0,4
10813882.0,4896427,OMS_MESURE VIBRATOIRE PALIERS,OR000004896427,SF01-UT-FDEM-BASSIN-0IP04B,MOTOPOMPE EAU MER VERS PPII IPO4B BASSIN,,,S-PC-P924 IP 04B,SF1-MCU,GM4,SF01,TCLO CONF CCRP JBFI PART RIMP,SOPL,IP1020250716,2025-07-16,2025-07-16,2025-07-25,0.0,1.0,SF01PEAUMR,SMC,,,,ZPRV,290,7,184836.0,480195.0,4
10813883.0,4896428,OMS_MESURE VIBRATOIRE PALIERS,OR000004896428,SF01-UT-FDEM-BASSIN-0IP04B,MOTOPOMPE EAU MER VERS PPII IPO4B BASSIN,,,S-PC-P924 IP 04B,SF1-MCU,GM4,SF01,TCLO CONF CCRP JBFI PART RIMP,SOPL,IP1020250716,2025-07-16,2025-07-16,2025-07-25,0.0,1.0,SF01PEAUMR,SMC,,,,ZPRV,290,8,184836.0,480195.0,4
10813884.0,4896429,OMS_MESURE VIBRATOIRE PALIERS,OR000004896429,SF01-UT-FDEM-BASSIN-0IP04B,MOTOPOMPE EAU MER VERS PPII IPO4B BASSIN,,,S-PC-P924 IP 04B,SF1-MCU,GM4,SF01,TCLO CONF CCRP JBFI PART RIMP,SOPL,IP1020250716,2025-07-16,2025-07-16,2025-07-25,0.0,1.0,SF01PEAUMR,SMC,,,,ZPRV,290,9,184836.0,480195.0,4
10813886.0,4896431,OMS_MESURE VIBRATOIRE PALIERS,OR000004896431,SF01-UT-FDEM-BASSIN-0IP04B,MOTOPOMPE EAU MER VERS PPII IPO4B BASSIN,,,S-PC-P924 IP 04B,SF1-MCU,GM4,SF01,TCLO CONF CCRP JBFI PART RIMP,SOPL,IP1020250716,2025-07-16,2025-07-16,2025-07-25,0.0,1.0,SF01PEAUMR,SMC,,,,ZPRV,290,10,184836.0,480195.0,4
10813887.0,4896432,OMS_MESURE VIBRATOIRE PALIERS,OR000004896432,SF01-UT-FDEM-BASSIN-0IP04B,MOTOPOMPE EAU MER VERS PPII IPO4B BASSIN,,,S-PC-P924 IP 04B,SF1-MCU,GM4,SF01,TCLO CONF CCRP JBFI PART RIMP,SOPL,IP1020250716,2025-07-18,2025-07-16,2025-07-25,0.0,1.0,SF01PEAUMR,SMC,,,,ZPRV,290,11,184836.0,480195.0,4
10814057.0,4896626,LUBRIFICATION DES PALIERS,OR000004896626,SF01-UT-FDEM-BASSIN-0IP01A,MOTOPOMPE EAU MER VERS CENTRALE IPO1A MC,,,S-PC-P924 IP 01A,SF1-MCU,GM4,SF01,TCLO CONF CCRP JBFI PART RIMP,SOPL,IP1020250716,2025-07-16,2025-07-16,2025-07-25,0.0,4.0,SF01PEAUMR,SMC,,,,ZEST,350,1,184821.0,480180.0,1
10814059.0,4896627,LUBRIFICATION DES PALIERS,OR000004896627,SF01-UT-FDEM-BASSIN-0IP01A,MOTOPOMPE EAU MER VERS CENTRALE IPO1A MC,,,S-PC-P924 IP 01A,SF1-MCU,GM4,SF01,TCLO CONF CCRP JBFI PART RIMP,SOPL,IP1020250716,2025-07-16,2025-07-16,2025-07-25,0.0,4.0,SF01PEAUMR,SMC,,,,ZEST,350,2,184821.0,480180.0,1
10814061.0,4896629,LUBRIFICATION DES PALIERS,OR000004896629,SF01-UT-FDEM-BASSIN-0IP01A,MOTOPOMPE EAU MER VERS CENTRALE IPO1A MC,,,S-PC-P924 IP 01A,SF1-MCU,GM4,SF01,TCLO CONF CCRP JBFI PART RIMP,SOPL,IP1020250716,2025-07-16,2025-07-16,2025-07-25,0.0,4.0,SF01PEAUMR,SMC,,,,ZEST,350,3,184821.0,480180.0,1
10814064.0,4896632,LUBRIFICATION DES PALIERS,OR000004896632,SF01-UT-FDEM-BASSIN-0IP01A,MOTOPOMPE EAU MER VERS CENTRALE IPO1A MC,,,S-PC-P924 IP 01A,SF1-MCU,GM4,SF01,TCLO CONF CCRP JBFI PART RIMP,SOPL,IP1020250716,2025-07-16,2025-07-16,2025-07-25,0.0,4.0,SF01PEAUMR,SMC,,,,ZEST,350,4,184821.0,480180.0,1
10814067.0,4896635,LUBRIFICATION DES PALIERS,OR000004896635,SF01-UT-FDEM-BASSIN-0IP01A,MOTOPOMPE EAU MER VERS CENTRALE IPO1A MC,,,S-PC-P924 IP 01A,SF1-MCU,GM4,SF01,TCLO CONF CCRP JBFI PART RIMP,SOPL,IP1020250716,2025-07-16,2025-07-16,2025-07-25,0.0,4.0,SF01PEAUMR,SMC,,,,ZEST,350,5,184821.0,480180.0,1
10814100.0,4896638,LUBRIFICATION DES PALIERS,OR000004896638,SF01-UT-FDEM-BASSIN-0IP01A,MOTOPOMPE EAU MER VERS CENTRALE IPO1A MC,,,S-PC-P924 IP 01A,SF1-MCU,GM4,SF01,TCLO CONF CCRP JBFI PART RIMP,SOPL,IP1020250716,2025-07-16,2025-07-16,2025-07-25,0.0,4.0,SF01PEAUMR,SMC,,,,ZEST,350,6,184821.0,480180.0,1
10814105.0,4896663,LUBRIFICATION DES PALIERS,OR000004896663,SF01-UT-FDEM-BASSIN-0IP01A,MOTOPOMPE EAU MER VERS CENTRALE IPO1A MC,,,S-PC-P924 IP 01A,SF1-MCU,GM4,SF01,TCLO CONF CCRP JBFI PART RIMP,SOPL,IP1020250716,2025-07-16,2025-07-16,2025-07-25,0.0,4.0,SF01PEAUMR,SMC,,,,ZEST,350,7,184821.0,480180.0,1
10814109.0,4896667,LUBRIFICATION DES PALIERS,OR000004896667,SF01-UT-FDEM-BASSIN-0IP01A,MOTOPOMPE EAU MER VERS CENTRALE IPO1A MC,,,S-PC-P924 IP 01A,SF1-MCU,GM4,SF01,TCLO CONF CCRP JBFI PART RIMP,SOPL,IP1020250716,2025-07-16,2025-07-16,2025-07-25,0.0,4.0,SF01PEAUMR,SMC,,,,ZEST,350,8,184821.0,480180.0,1
10814112.0,4896670,LUBRIFICATION DES PALIERS,OR000004896670,SF01-UT-FDEM-BASSIN-0IP01A,MOTOPOMPE EAU MER VERS CENTRALE IPO1A MC,,,S-PC-P924 IP 01A,SF1-MCU,GM4,SF01,TCLO CONF CCRP JBFI PART RIMP,SOPL,IP1020250716,2025-07-16,2025-07-16,2025-07-25,0.0,4.0,SF01PEAUMR,SMC,,,,ZEST,350,9,184821.0,480180.0,1
10814115.0,4896673,LUBRIFICATION DES PALIERS,OR000004896673,SF01-UT-FDEM-BASSIN-0IP01A,MOTOPOMPE EAU MER VERS CENTRALE IPO1A MC,,,S-PC-P924 IP 01A,SF1-MCU,GM4,SF01,TCLO CONF CCRP JBFI PART RIMP,SOPL,IP1020250716,2025-07-16,2025-07-16,2025-07-25,0.0,4.0,SF01PEAUMR,SMC,,,,ZEST,350,10,184821.0,480180.0,1
10814117.0,4896675,LUBRIFICATION DES PALIERS,OR000004896675,SF01-UT-FDEM-BASSIN-0IP01A,MOTOPOMPE EAU MER VERS CENTRALE IPO1A MC,,,S-PC-P924 IP 01A,SF1-MCU,GM4,SF01,TCLO CONF CCRP JBFI PART RIMP,SOPL,IP1020250716,2025-07-19,2025-07-16,2025-07-22,0.0,4.0,SF01PEAUMR,SMC,,,,ZEST,350,11,184821.0,480180.0,1
10814145.0,4896693,OMS_MESURE VIBRATOIRE PALIERS,OR000004896693,SF01-UT-FDEM-BASSIN-0IP01A,MOTOPOMPE EAU MER VERS CENTRALE IPO1A MC,,,S-PC-P924 IP 01A,SF1-MCU,GM4,SF01,TCLO CONF CCRP JBFI PART RIMP,SOPL,IP1020250716,2025-07-16,2025-07-16,2025-07-25,0.0,1.0,SF01PEAUMR,SMC,,,,ZPRV,290,1,184822.0,480181.0,1
10814147.0,4896695,OMS_MESURE VIBRATOIRE PALIERS,OR000004896695,SF01-UT-FDEM-BASSIN-0IP01A,MOTOPOMPE EAU MER VERS CENTRALE IPO1A MC,,,S-PC-P924 IP 01A,SF1-MCU,GM4,SF01,TCLO CONF CCRP JBFI PART RIMP,SOPL,IP1020250716,2025-07-16,2025-07-16,2025-07-25,0.0,1.0,SF01PEAUMR,SMC,,,,ZPRV,290,2,184822.0,480181.0,1
10814160.0,4896697,OMS_MESURE VIBRATOIRE PALIERS,OR000004896697,SF01-UT-FDEM-BASSIN-0IP01A,MOTOPOMPE EAU MER VERS CENTRALE IPO1A MC,,,S-PC-P924 IP 01A,SF1-MCU,GM4,SF01,TCLO CONF CCRP JBFI PART RIMP,SOPL,IP1020250716,2025-07-16,2025-07-16,2025-07-25,0.0,1.0,SF01PEAUMR,SMC,,,,ZPRV,290,3,184822.0,480181.0,1
10814163.0,4896741,OMS_MESURE VIBRATOIRE PALIERS,OR000004896741,SF01-UT-FDEM-BASSIN-0IP01A,MOTOPOMPE EAU MER VERS CENTRALE IPO1A MC,,,S-PC-P924 IP 01A,SF1-MCU,GM4,SF01,TCLO CONF CCRP JBFI PART RIMP,SOPL,IP1020250716,2025-07-16,2025-07-16,2025-07-25,0.0,1.0,SF01PEAUMR,SMC,,,,ZPRV,290,4,184822.0,480181.0,1
10814165.0,4896743,OMS_MESURE VIBRATOIRE PALIERS,OR000004896743,SF01-UT-FDEM-BASSIN-0IP01A,MOTOPOMPE EAU MER VERS CENTRALE IPO1A MC,,,S-PC-P924 IP 01A,SF1-MCU,GM4,SF01,TCLO CONF CCRP JBFI PART RIMP,SOPL,IP1020250716,2025-07-16,2025-07-16,2025-07-25,0.0,1.0,SF01PEAUMR,SMC,,,,ZPRV,290,5,184822.0,480181.0,1
10814167.0,4896745,OMS_MESURE VIBRATOIRE PALIERS,OR000004896745,SF01-UT-FDEM-BASSIN-0IP01A,MOTOPOMPE EAU MER VERS CENTRALE IPO1A MC,,,S-PC-P924 IP 01A,SF1-MCU,GM4,SF01,TCLO CONF CCRP JBFI PART RIMP,SOPL,IP1020250716,2025-07-16,2025-07-16,2025-07-25,0.0,1.0,SF01PEAUMR,SMC,,,,ZPRV,290,6,184822.0,480181.0,1
10814171.0,4896749,OMS_MESURE VIBRATOIRE PALIERS,OR000004896749,SF01-UT-FDEM-BASSIN-0IP01A,MOTOPOMPE EAU MER VERS CENTRALE IPO1A MC,,,S-PC-P924 IP 01A,SF1-MCU,GM4,SF01,TCLO CONF CCRP JBFI PART RIMP,SOPL,IP1020250716,2025-07-16,2025-07-16,2025-07-25,0.0,1.0,SF01PEAUMR,SMC,,,,ZPRV,290,7,184822.0,480181.0,1
10814176.0,4896754,OMS_MESURE VIBRATOIRE PALIERS,OR000004896754,SF01-UT-FDEM-BASSIN-0IP01A,MOTOPOMPE EAU MER VERS CENTRALE IPO1A MC,,,S-PC-P924 IP 01A,SF1-MCU,GM4,SF01,TCLO CONF CCRP JBFI PART RIMP,SOPL,IP1020250716,2025-07-16,2025-07-16,2025-07-25,0.0,1.0,SF01PEAUMR,SMC,,,,ZPRV,290,8,184822.0,480181.0,1
10814183.0,4896761,OMS_MESURE VIBRATOIRE PALIERS,OR000004896761,SF01-UT-FDEM-BASSIN-0IP01A,MOTOPOMPE EAU MER VERS CENTRALE IPO1A MC,,,S-PC-P924 IP 01A,SF1-MCU,GM4,SF01,TCLO CONF CCRP JBFI PART RIMP,SOPL,IP1020250716,2025-07-16,2025-07-16,2025-07-25,0.0,1.0,SF01PEAUMR,SMC,,,,ZPRV,290,9,184822.0,480181.0,1
10814186.0,4896764,OMS_MESURE VIBRATOIRE PALIERS,OR000004896764,SF01-UT-FDEM-BASSIN-0IP01A,MOTOPOMPE EAU MER VERS CENTRALE IPO1A MC,,,S-PC-P924 IP 01A,SF1-MCU,GM4,SF01,TCLO CONF CCRP JBFI PART RIMP,SOPL,IP1020250716,2025-07-16,2025-07-16,2025-07-25,0.0,1.0,SF01PEAUMR,SMC,,,,ZPRV,290,10,184822.0,480181.0,1
10814190.0,4896768,OMS_MESURE VIBRATOIRE PALIERS,OR000004896768,SF01-UT-FDEM-BASSIN-0IP01A,MOTOPOMPE EAU MER VERS CENTRALE IPO1A MC,,,S-PC-P924 IP 01A,SF1-MCU,GM4,SF01,TCLO CONF CCRP JBFI PART RIMP,SOPL,IP1020250716,2025-07-18,2025-07-16,2025-07-25,0.0,1.0,SF01PEAUMR,SMC,,,,ZPRV,290,11,184822.0,480181.0,1
10814224.0,4896792,LUBRIFICATION DES PALIERS,OR000004896792,SF01-UT-FDEM-BASSIN-0IP01B,MOTOPOMPE EAU MER VERS CENTRALE IPO1B MC,,,S-PC-P924 IP 01B,SF1-MCU,GM4,SF01,TCLO CONF CCRP JBFI PART RIMP,SOPL,IP1020250716,2025-07-16,2025-07-16,2025-07-25,0.0,4.0,SF01PEAUMR,SMC,,,,ZEST,350,1,184823.0,480182.0,1
10814228.0,4896796,LUBRIFICATION DES PALIERS,OR000004896796,SF01-UT-FDEM-BASSIN-0IP01B,MOTOPOMPE EAU MER VERS CENTRALE IPO1B MC,,,S-PC-P924 IP 01B,SF1-MCU,GM4,SF01,TCLO CONF CCRP JBFI PART RIMP,SOPL,IP1020250716,2025-07-16,2025-07-16,2025-07-25,0.0,4.0,SF01PEAUMR,SMC,,,,ZEST,350,2,184823.0,480182.0,1
10814230.0,4896798,LUBRIFICATION DES PALIERS,OR000004896798,SF01-UT-FDEM-BASSIN-0IP01B,MOTOPOMPE EAU MER VERS CENTRALE IPO1B MC,,,S-PC-P924 IP 01B,SF1-MCU,GM4,SF01,TCLO CONF CCRP JBFI PART RIMP,SOPL,IP1020250716,2025-07-16,2025-07-16,2025-07-25,0.0,4.0,SF01PEAUMR,SMC,,,,ZEST,350,3,184823.0,480182.0,1
10814232.0,4896800,LUBRIFICATION DES PALIERS,OR000004896800,SF01-UT-FDEM-BASSIN-0IP01B,MOTOPOMPE EAU MER VERS CENTRALE IPO1B MC,,,S-PC-P924 IP 01B,SF1-MCU,GM4,SF01,TCLO CONF CCRP JBFI PART RIMP,SOPL,IP1020250716,2025-07-16,2025-07-16,2025-07-25,0.0,4.0,SF01PEAUMR,SMC,,,,ZEST,350,4,184823.0,480182.0,1
10814234.0,4896802,LUBRIFICATION DES PALIERS,OR000004896802,SF01-UT-FDEM-BASSIN-0IP01B,MOTOPOMPE EAU MER VERS CENTRALE IPO1B MC,,,S-PC-P924 IP 01B,SF1-MCU,GM4,SF01,TCLO CONF CCRP JBFI PART RIMP,SOPL,IP1020250716,2025-07-16,2025-07-16,2025-07-25,0.0,4.0,SF01PEAUMR,SMC,,,,ZEST,350,5,184823.0,480182.0,1
10814237.0,4896805,LUBRIFICATION DES PALIERS,OR000004896805,SF01-UT-FDEM-BASSIN-0IP01B,MOTOPOMPE EAU MER VERS CENTRALE IPO1B MC,,,S-PC-P924 IP 01B,SF1-MCU,GM4,SF01,TCLO CONF CCRP JBFI PART RIMP,SOPL,IP1020250716,2025-07-16,2025-07-16,2025-07-25,0.0,4.0,SF01PEAUMR,SMC,,,,ZEST,350,6,184823.0,480182.0,1
10814238.0,4896806,LUBRIFICATION DES PALIERS,OR000004896806,SF01-UT-FDEM-BASSIN-0IP01B,MOTOPOMPE EAU MER VERS CENTRALE IPO1B MC,,,S-PC-P924 IP 01B,SF1-MCU,GM4,SF01,TCLO CONF CCRP JBFI PART RIMP,SOPL,IP1020250716,2025-07-16,2025-07-16,2025-07-25,0.0,4.0,SF01PEAUMR,SMC,,,,ZEST,350,7,184823.0,480182.0,1
10814239.0,4896807,LUBRIFICATION DES PALIERS,OR000004896807,SF01-UT-FDEM-BASSIN-0IP01B,MOTOPOMPE EAU MER VERS CENTRALE IPO1B MC,,,S-PC-P924 IP 01B,SF1-MCU,GM4,SF01,TCLO CONF CCRP JBFI PART RIMP,SOPL,IP1020250716,2025-07-16,2025-07-16,2025-07-25,0.0,4.0,SF01PEAUMR,SMC,,,,ZEST,350,8,184823.0,480182.0,1
10814241.0,4896809,LUBRIFICATION DES PALIERS,OR000004896809,SF01-UT-FDEM-BASSIN-0IP01B,MOTOPOMPE EAU MER VERS CENTRALE IPO1B MC,,,S-PC-P924 IP 01B,SF1-MCU,GM4,SF01,TCLO CONF CCRP JBFI PART RIMP,SOPL,IP1020250716,2025-07-16,2025-07-16,2025-07-25,0.0,4.0,SF01PEAUMR,SMC,,,,ZEST,350,9,184823.0,480182.0,1
10814242.0,4896810,LUBRIFICATION DES PALIERS,OR000004896810,SF01-UT-FDEM-BASSIN-0IP01B,MOTOPOMPE EAU MER VERS CENTRALE IPO1B MC,,,S-PC-P924 IP 01B,SF1-MCU,GM4,SF01,TCLO CONF CCRP JBFI PART RIMP,SOPL,IP1020250716,2025-07-16,2025-07-16,2025-07-25,0.0,4.0,SF01PEAUMR,SMC,,,,ZEST,350,10,184823.0,480182.0,1
10814244.0,4896812,LUBRIFICATION DES PALIERS,OR000004896812,SF01-UT-FDEM-BASSIN-0IP01B,MOTOPOMPE EAU MER VERS CENTRALE IPO1B MC,,,S-PC-P924 IP 01B,SF1-MCU,GM4,SF01,TCLO CONF CCRP JBFI PART RIMP,SOPL,IP1020250716,2025-07-20,2025-07-16,2025-07-22,0.0,4.0,SF01PEAUMR,SMC,,,,ZEST,350,11,184823.0,480182.0,1
10814252.0,4896820,OMS_MESURE VIBRATOIRE PALIERS,OR000004896820,SF01-UT-FDEM-BASSIN-0IP01B,MOTOPOMPE EAU MER VERS CENTRALE IPO1B MC,,,S-PC-P924 IP 01B,SF1-MCU,GM4,SF01,TCLO CONF CCRP JBFI PART RIMP,SOPL,IP1020250716,2025-07-16,2025-07-16,2025-07-25,0.0,1.0,SF01PEAUMR,SMC,,,,ZPRV,290,1,184824.0,480183.0,1
10814253.0,4896821,OMS_MESURE VIBRATOIRE PALIERS,OR000004896821,SF01-UT-FDEM-BASSIN-0IP01B,MOTOPOMPE EAU MER VERS CENTRALE IPO1B MC,,,S-PC-P924 IP 01B,SF1-MCU,GM4,SF01,TCLO CONF CCRP JBFI PART RIMP,SOPL,IP1020250716,2025-07-16,2025-07-16,2025-07-25,0.0,1.0,SF01PEAUMR,SMC,,,,ZPRV,290,2,184824.0,480183.0,1
10814254.0,4896822,OMS_MESURE VIBRATOIRE PALIERS,OR000004896822,SF01-UT-FDEM-BASSIN-0IP01B,MOTOPOMPE EAU MER VERS CENTRALE IPO1B MC,,,S-PC-P924 IP 01B,SF1-MCU,GM4,SF01,TCLO CONF CCRP JBFI PART RIMP,SOPL,IP1020250716,2025-07-16,2025-07-16,2025-07-25,0.0,1.0,SF01PEAUMR,SMC,,,,ZPRV,290,3,184824.0,480183.0,1
10814255.0,4896823,OMS_MESURE VIBRATOIRE PALIERS,OR000004896823,SF01-UT-FDEM-BASSIN-0IP01B,MOTOPOMPE EAU MER VERS CENTRALE IPO1B MC,,,S-PC-P924 IP 01B,SF1-MCU,GM4,SF01,TCLO CONF CCRP JBFI PART RIMP,SOPL,IP1020250716,2025-07-16,2025-07-16,2025-07-25,0.0,1.0,SF01PEAUMR,SMC,,,,ZPRV,290,4,184824.0,480183.0,1
10814256.0,4896824,OMS_MESURE VIBRATOIRE PALIERS,OR000004896824,SF01-UT-FDEM-BASSIN-0IP01B,MOTOPOMPE EAU MER VERS CENTRALE IPO1B MC,,,S-PC-P924 IP 01B,SF1-MCU,GM4,SF01,TCLO CONF CCRP JBFI PART RIMP,SOPL,IP1020250716,2025-07-16,2025-07-16,2025-07-25,0.0,1.0,SF01PEAUMR,SMC,,,,ZPRV,290,5,184824.0,480183.0,1
10814257.0,4896825,OMS_MESURE VIBRATOIRE PALIERS,OR000004896825,SF01-UT-FDEM-BASSIN-0IP01B,MOTOPOMPE EAU MER VERS CENTRALE IPO1B MC,,,S-PC-P924 IP 01B,SF1-MCU,GM4,SF01,TCLO CONF CCRP JBFI PART RIMP,SOPL,IP1020250716,2025-07-16,2025-07-16,2025-07-25,0.0,1.0,SF01PEAUMR,SMC,,,,ZPRV,290,6,184824.0,480183.0,1
10814258.0,4896826,OMS_MESURE VIBRATOIRE PALIERS,OR000004896826,SF01-UT-FDEM-BASSIN-0IP01B,MOTOPOMPE EAU MER VERS CENTRALE IPO1B MC,,,S-PC-P924 IP 01B,SF1-MCU,GM4,SF01,TCLO CONF CCRP JBFI PART RIMP,SOPL,IP1020250716,2025-07-16,2025-07-16,2025-07-25,0.0,1.0,SF01PEAUMR,SMC,,,,ZPRV,290,7,184824.0,480183.0,1
10814259.0,4896827,OMS_MESURE VIBRATOIRE PALIERS,OR000004896827,SF01-UT-FDEM-BASSIN-0IP01B,MOTOPOMPE EAU MER VERS CENTRALE IPO1B MC,,,S-PC-P924 IP 01B,SF1-MCU,GM4,SF01,TCLO CONF CCRP JBFI PART RIMP,SOPL,IP1020250716,2025-07-16,2025-07-16,2025-07-25,0.0,1.0,SF01PEAUMR,SMC,,,,ZPRV,290,8,184824.0,480183.0,1
10814261.0,4896829,OMS_MESURE VIBRATOIRE PALIERS,OR000004896829,SF01-UT-FDEM-BASSIN-0IP01B,MOTOPOMPE EAU MER VERS CENTRALE IPO1B MC,,,S-PC-P924 IP 01B,SF1-MCU,GM4,SF01,TCLO CONF CCRP JBFI PART RIMP,SOPL,IP1020250716,2025-07-16,2025-07-16,2025-07-25,0.0,1.0,SF01PEAUMR,SMC,,,,ZPRV,290,9,184824.0,480183.0,1
10814263.0,4896831,OMS_MESURE VIBRATOIRE PALIERS,OR000004896831,SF01-UT-FDEM-BASSIN-0IP01B,MOTOPOMPE EAU MER VERS CENTRALE IPO1B MC,,,S-PC-P924 IP 01B,SF1-MCU,GM4,SF01,TCLO CONF CCRP JBFI PART RIMP,SOPL,IP1020250716,2025-07-16,2025-07-16,2025-07-25,0.0,1.0,SF01PEAUMR,SMC,,,,ZPRV,290,10,184824.0,480183.0,1
10814265.0,4896833,OMS_MESURE VIBRATOIRE PALIERS,OR000004896833,SF01-UT-FDEM-BASSIN-0IP01B,MOTOPOMPE EAU MER VERS CENTRALE IPO1B MC,,,S-PC-P924 IP 01B,SF1-MCU,GM4,SF01,TCLO CONF CCRP JBFI PART RIMP,SOPL,IP1020250716,2025-07-19,2025-07-16,2025-07-25,0.0,1.0,SF01PEAUMR,SMC,,,,ZPRV,290,11,184824.0,480183.0,1
10814274.0,4896842,LUBRIFICATION DES PALIERS,OR000004896842,SF01-UT-FDEM-BASSIN-0IP02A,MOTOPOMPE EAU MER VERS SEM2 IPO2A MC,,,S-PC-P924 IP 02A,SF1-MCU,GM4,SF01,TCLO CONF CCRP JBFI PART RIMP,SOPL,IP1020250716,2025-07-16,2025-07-16,2025-07-25,0.0,4.0,SF01PEAUMR,SMC,,,,ZEST,350,1,184825.0,480184.0,2
10814276.0,4896844,LUBRIFICATION DES PALIERS,OR000004896844,SF01-UT-FDEM-BASSIN-0IP02A,MOTOPOMPE EAU MER VERS SEM2 IPO2A MC,,,S-PC-P924 IP 02A,SF1-MCU,GM4,SF01,TCLO CONF CCRP JBFI PART RIMP,SOPL,IP1020250716,2025-07-16,2025-07-16,2025-07-25,0.0,4.0,SF01PEAUMR,SMC,,,,ZEST,350,2,184825.0,480184.0,2
10814278.0,4896846,LUBRIFICATION DES PALIERS,OR000004896846,SF01-UT-FDEM-BASSIN-0IP02A,MOTOPOMPE EAU MER VERS SEM2 IPO2A MC,,,S-PC-P924 IP 02A,SF1-MCU,GM4,SF01,TCLO CONF CCRP JBFI PART RIMP,SOPL,IP1020250716,2025-07-16,2025-07-16,2025-07-25,0.0,4.0,SF01PEAUMR,SMC,,,,ZEST,350,3,184825.0,480184.0,2
10814280.0,4896848,LUBRIFICATION DES PALIERS,OR000004896848,SF01-UT-FDEM-BASSIN-0IP02A,MOTOPOMPE EAU MER VERS SEM2 IPO2A MC,,,S-PC-P924 IP 02A,SF1-MCU,GM4,SF01,TCLO CONF CCRP JBFI PART RIMP,SOPL,IP1020250716,2025-07-16,2025-07-16,2025-07-25,0.0,4.0,SF01PEAUMR,SMC,,,,ZEST,350,4,184825.0,480184.0,2
10814282.0,4896850,LUBRIFICATION DES PALIERS,OR000004896850,SF01-UT-FDEM-BASSIN-0IP02A,MOTOPOMPE EAU MER VERS SEM2 IPO2A MC,,,S-PC-P924 IP 02A,SF1-MCU,GM4,SF01,TCLO CONF CCRP JBFI PART RIMP,SOPL,IP1020250716,2025-07-16,2025-07-16,2025-07-25,0.0,4.0,SF01PEAUMR,SMC,,,,ZEST,350,5,184825.0,480184.0,2
10814284.0,4896852,LUBRIFICATION DES PALIERS,OR000004896852,SF01-UT-FDEM-BASSIN-0IP02A,MOTOPOMPE EAU MER VERS SEM2 IPO2A MC,,,S-PC-P924 IP 02A,SF1-MCU,GM4,SF01,TCLO CONF CCRP JBFI PART RIMP,SOPL,IP1020250716,2025-07-16,2025-07-16,2025-07-25,0.0,4.0,SF01PEAUMR,SMC,,,,ZEST,350,6,184825.0,480184.0,2
10814285.0,4896853,LUBRIFICATION DES PALIERS,OR000004896853,SF01-UT-FDEM-BASSIN-0IP02A,MOTOPOMPE EAU MER VERS SEM2 IPO2A MC,,,S-PC-P924 IP 02A,SF1-MCU,GM4,SF01,TCLO CONF CCRP JBFI PART RIMP,SOPL,IP1020250716,2025-07-16,2025-07-16,2025-07-25,0.0,4.0,SF01PEAUMR,SMC,,,,ZEST,350,7,184825.0,480184.0,2
10814286.0,4896854,LUBRIFICATION DES PALIERS,OR000004896854,SF01-UT-FDEM-BASSIN-0IP02A,MOTOPOMPE EAU MER VERS SEM2 IPO2A MC,,,S-PC-P924 IP 02A,SF1-MCU,GM4,SF01,TCLO CONF CCRP JBFI PART RIMP,SOPL,IP1020250716,2025-07-16,2025-07-16,2025-07-25,0.0,4.0,SF01PEAUMR,SMC,,,,ZEST,350,8,184825.0,480184.0,2
10814287.0,4896855,LUBRIFICATION DES PALIERS,OR000004896855,SF01-UT-FDEM-BASSIN-0IP02A,MOTOPOMPE EAU MER VERS SEM2 IPO2A MC,,,S-PC-P924 IP 02A,SF1-MCU,GM4,SF01,TCLO CONF CCRP JBFI PART RIMP,SOPL,IP1020250716,2025-07-16,2025-07-16,2025-07-25,0.0,4.0,SF01PEAUMR,SMC,,,,ZEST,350,9,184825.0,480184.0,2
10814288.0,4896856,LUBRIFICATION DES PALIERS,OR000004896856,SF01-UT-FDEM-BASSIN-0IP02A,MOTOPOMPE EAU MER VERS SEM2 IPO2A MC,,,S-PC-P924 IP 02A,SF1-MCU,GM4,SF01,TCLO CONF CCRP JBFI PART RIMP,SOPL,IP1020250716,2025-07-16,2025-07-16,2025-07-25,0.0,4.0,SF01PEAUMR,SMC,,,,ZEST,350,10,184825.0,480184.0,2
10814290.0,4896858,LUBRIFICATION DES PALIERS,OR000004896858,SF01-UT-FDEM-BASSIN-0IP02A,MOTOPOMPE EAU MER VERS SEM2 IPO2A MC,,,S-PC-P924 IP 02A,SF1-MCU,GM4,SF01,TCLO CONF CCRP JBFI PART RIMP,SOPL,IP1020250716,2025-07-20,2025-07-16,2025-07-22,0.0,4.0,SF01PEAUMR,SMC,,,,ZEST,350,11,184825.0,480184.0,2
10814295.0,4896863,OMS_MESURE VIBRATOIRE PALIERS,OR000004896863,SF01-UT-FDEM-BASSIN-0IP02A,MOTOPOMPE EAU MER VERS SEM2 IPO2A MC,,,S-PC-P924 IP 02A,SF1-MCU,GM4,SF01,TCLO CONF CCRP JBFI PART RIMP,SOPL,IP1020250716,2025-07-16,2025-07-16,2025-07-25,0.0,1.0,SF01PEAUMR,SMC,,,,ZPRV,290,1,184826.0,480185.0,2
10814296.0,4896864,OMS_MESURE VIBRATOIRE PALIERS,OR000004896864,SF01-UT-FDEM-BASSIN-0IP02A,MOTOPOMPE EAU MER VERS SEM2 IPO2A MC,,,S-PC-P924 IP 02A,SF1-MCU,GM4,SF01,TCLO CONF CCRP JBFI PART RIMP,SOPL,IP1020250716,2025-07-16,2025-07-16,2025-07-25,0.0,1.0,SF01PEAUMR,SMC,,,,ZPRV,290,2,184826.0,480185.0,2
10814297.0,4896865,OMS_MESURE VIBRATOIRE PALIERS,OR000004896865,SF01-UT-FDEM-BASSIN-0IP02A,MOTOPOMPE EAU MER VERS SEM2 IPO2A MC,,,S-PC-P924 IP 02A,SF1-MCU,GM4,SF01,TCLO CONF CCRP JBFI PART RIMP,SOPL,IP1020250716,2025-07-16,2025-07-16,2025-07-25,0.0,1.0,SF01PEAUMR,SMC,,,,ZPRV,290,3,184826.0,480185.0,2
10814298.0,4896866,OMS_MESURE VIBRATOIRE PALIERS,OR000004896866,SF01-UT-FDEM-BASSIN-0IP02A,MOTOPOMPE EAU MER VERS SEM2 IPO2A MC,,,S-PC-P924 IP 02A,SF1-MCU,GM4,SF01,TCLO CONF CCRP JBFI PART RIMP,SOPL,IP1020250716,2025-07-16,2025-07-16,2025-07-25,0.0,1.0,SF01PEAUMR,SMC,,,,ZPRV,290,4,184826.0,480185.0,2
10814299.0,4896867,OMS_MESURE VIBRATOIRE PALIERS,OR000004896867,SF01-UT-FDEM-BASSIN-0IP02A,MOTOPOMPE EAU MER VERS SEM2 IPO2A MC,,,S-PC-P924 IP 02A,SF1-MCU,GM4,SF01,TCLO CONF CCRP JBFI PART RIMP,SOPL,IP1020250716,2025-07-16,2025-07-16,2025-07-25,0.0,1.0,SF01PEAUMR,SMC,,,,ZPRV,290,5,184826.0,480185.0,2
10814300.0,4896868,OMS_MESURE VIBRATOIRE PALIERS,OR000004896868,SF01-UT-FDEM-BASSIN-0IP02A,MOTOPOMPE EAU MER VERS SEM2 IPO2A MC,,,S-PC-P924 IP 02A,SF1-MCU,GM4,SF01,TCLO CONF CCRP JBFI PART RIMP,SOPL,IP1020250716,2025-07-16,2025-07-16,2025-07-25,0.0,1.0,SF01PEAUMR,SMC,,,,ZPRV,290,6,184826.0,480185.0,2
10814301.0,4896869,OMS_MESURE VIBRATOIRE PALIERS,OR000004896869,SF01-UT-FDEM-BASSIN-0IP02A,MOTOPOMPE EAU MER VERS SEM2 IPO2A MC,,,S-PC-P924 IP 02A,SF1-MCU,GM4,SF01,TCLO CONF CCRP JBFI PART RIMP,SOPL,IP1020250716,2025-07-16,2025-07-16,2025-07-25,0.0,1.0,SF01PEAUMR,SMC,,,,ZPRV,290,7,184826.0,480185.0,2
10814302.0,4896870,OMS_MESURE VIBRATOIRE PALIERS,OR000004896870,SF01-UT-FDEM-BASSIN-0IP02A,MOTOPOMPE EAU MER VERS SEM2 IPO2A MC,,,S-PC-P924 IP 02A,SF1-MCU,GM4,SF01,TCLO CONF CCRP JBFI PART RIMP,SOPL,IP1020250716,2025-07-16,2025-07-16,2025-07-25,0.0,1.0,SF01PEAUMR,SMC,,,,ZPRV,290,8,184826.0,480185.0,2
10814303.0,4896871,OMS_MESURE VIBRATOIRE PALIERS,OR000004896871,SF01-UT-FDEM-BASSIN-0IP02A,MOTOPOMPE EAU MER VERS SEM2 IPO2A MC,,,S-PC-P924 IP 02A,SF1-MCU,GM4,SF01,TCLO CONF CCRP JBFI PART RIMP,SOPL,IP1020250716,2025-07-16,2025-07-16,2025-07-25,0.0,1.0,SF01PEAUMR,SMC,,,,ZPRV,290,9,184826.0,480185.0,2
10814304.0,4896872,OMS_MESURE VIBRATOIRE PALIERS,OR000004896872,SF01-UT-FDEM-BASSIN-0IP02A,MOTOPOMPE EAU MER VERS SEM2 IPO2A MC,,,S-PC-P924 IP 02A,SF1-MCU,GM4,SF01,TCLO CONF CCRP JBFI PART RIMP,SOPL,IP1020250716,2025-07-16,2025-07-16,2025-07-25,0.0,1.0,SF01PEAUMR,SMC,,,,ZPRV,290,10,184826.0,480185.0,2
10814305.0,4896873,OMS_MESURE VIBRATOIRE PALIERS,OR000004896873,SF01-UT-FDEM-BASSIN-0IP02A,MOTOPOMPE EAU MER VERS SEM2 IPO2A MC,,,S-PC-P924 IP 02A,SF1-MCU,GM4,SF01,TCLO CONF CCRP JBFI PART RIMP,SOPL,IP1020250716,2025-07-19,2025-07-16,2025-07-25,0.0,1.0,SF01PEAUMR,SMC,,,,ZPRV,290,11,184826.0,480185.0,2
10814306.0,4896874,LUBRIFICATION DES PALIERS,OR000004896874,SF01-UT-FDEM-BASSIN-0IP02B,MOTOPOMPE EAU MER VERS SEM2 IPO2B,,,S-PC-P924 IP 02B,SF1-MCU,GM4,SF01,TCLO CONF CCRP JBFI PART RIMP,SOPL,IP1020250716,2025-07-16,2025-07-16,2025-07-25,0.0,4.0,SF01PEAUMR,SMC,,,,ZEST,350,1,184827.0,480186.0,2
10814307.0,4896875,LUBRIFICATION DES PALIERS,OR000004896875,SF01-UT-FDEM-BASSIN-0IP02B,MOTOPOMPE EAU MER VERS SEM2 IPO2B,,,S-PC-P924 IP 02B,SF1-MCU,GM4,SF01,TCLO CONF CCRP JBFI PART RIMP,SOPL,IP1020250716,2025-07-16,2025-07-16,2025-07-25,0.0,4.0,SF01PEAUMR,SMC,,,,ZEST,350,2,184827.0,480186.0,2
10814308.0,4896876,LUBRIFICATION DES PALIERS,OR000004896876,SF01-UT-FDEM-BASSIN-0IP02B,MOTOPOMPE EAU MER VERS SEM2 IPO2B,,,S-PC-P924 IP 02B,SF1-MCU,GM4,SF01,TCLO CONF CCRP JBFI PART RIMP,SOPL,IP1020250716,2025-07-16,2025-07-16,2025-07-25,0.0,4.0,SF01PEAUMR,SMC,,,,ZEST,350,3,184827.0,480186.0,2
10814309.0,4896877,LUBRIFICATION DES PALIERS,OR000004896877,SF01-UT-FDEM-BASSIN-0IP02B,MOTOPOMPE EAU MER VERS SEM2 IPO2B,,,S-PC-P924 IP 02B,SF1-MCU,GM4,SF01,TCLO CONF CCRP JBFI PART RIMP,SOPL,IP1020250716,2025-07-16,2025-07-16,2025-07-25,0.0,4.0,SF01PEAUMR,SMC,,,,ZEST,350,4,184827.0,480186.0,2
10814310.0,4896878,LUBRIFICATION DES PALIERS,OR000004896878,SF01-UT-FDEM-BASSIN-0IP02B,MOTOPOMPE EAU MER VERS SEM2 IPO2B,,,S-PC-P924 IP 02B,SF1-MCU,GM4,SF01,TCLO CONF CCRP JBFI PART RIMP,SOPL,IP1020250716,2025-07-16,2025-07-16,2025-07-25,0.0,4.0,SF01PEAUMR,SMC,,,,ZEST,350,5,184827.0,480186.0,2
10814311.0,4896879,LUBRIFICATION DES PALIERS,OR000004896879,SF01-UT-FDEM-BASSIN-0IP02B,MOTOPOMPE EAU MER VERS SEM2 IPO2B,,,S-PC-P924 IP 02B,SF1-MCU,GM4,SF01,TCLO CONF CCRP JBFI PART RIMP,SOPL,IP1020250716,2025-07-16,2025-07-16,2025-07-25,0.0,4.0,SF01PEAUMR,SMC,,,,ZEST,350,6,184827.0,480186.0,2
10814312.0,4896880,LUBRIFICATION DES PALIERS,OR000004896880,SF01-UT-FDEM-BASSIN-0IP02B,MOTOPOMPE EAU MER VERS SEM2 IPO2B,,,S-PC-P924 IP 02B,SF1-MCU,GM4,SF01,TCLO CONF CCRP JBFI PART RIMP,SOPL,IP1020250716,2025-07-16,2025-07-16,2025-07-25,0.0,4.0,SF01PEAUMR,SMC,,,,ZEST,350,7,184827.0,480186.0,2
10814313.0,4896881,LUBRIFICATION DES PALIERS,OR000004896881,SF01-UT-FDEM-BASSIN-0IP02B,MOTOPOMPE EAU MER VERS SEM2 IPO2B,,,S-PC-P924 IP 02B,SF1-MCU,GM4,SF01,TCLO CONF CCRP JBFI PART RIMP,SOPL,IP1020250716,2025-07-16,2025-07-16,2025-07-25,0.0,4.0,SF01PEAUMR,SMC,,,,ZEST,350,8,184827.0,480186.0,2
10814314.0,4896882,LUBRIFICATION DES PALIERS,OR000004896882,SF01-UT-FDEM-BASSIN-0IP02B,MOTOPOMPE EAU MER VERS SEM2 IPO2B,,,S-PC-P924 IP 02B,SF1-MCU,GM4,SF01,TCLO CONF CCRP JBFI PART RIMP,SOPL,IP1020250716,2025-07-16,2025-07-16,2025-07-25,0.0,4.0,SF01PEAUMR,SMC,,,,ZEST,350,9,184827.0,480186.0,2
10814315.0,4896883,LUBRIFICATION DES PALIERS,OR000004896883,SF01-UT-FDEM-BASSIN-0IP02B,MOTOPOMPE EAU MER VERS SEM2 IPO2B,,,S-PC-P924 IP 02B,SF1-MCU,GM4,SF01,TCLO CONF CCRP JBFI PART RIMP,SOPL,IP1020250716,2025-07-16,2025-07-16,2025-07-25,0.0,4.0,SF01PEAUMR,SMC,,,,ZEST,350,10,184827.0,480186.0,2
10814316.0,4896884,LUBRIFICATION DES PALIERS,OR000004896884,SF01-UT-FDEM-BASSIN-0IP02B,MOTOPOMPE EAU MER VERS SEM2 IPO2B,,,S-PC-P924 IP 02B,SF1-MCU,GM4,SF01,TCLO CONF CCRP JBFI PART RIMP,SOPL,IP1020250716,2025-07-21,2025-07-16,2025-07-22,0.0,4.0,SF01PEAUMR,SMC,,,,ZEST,350,11,184827.0,480186.0,2
10814317.0,4896885,OMS_MESURE VIBRATOIRE PALIERS,OR000004896885,SF01-UT-FDEM-BASSIN-0IP02B,MOTOPOMPE EAU MER VERS SEM2 IPO2B,,,S-PC-P924 IP 02B,SF1-MCU,GM4,SF01,TCLO CONF CCRP JBFI PART RIMP,SOPL,IP1020250716,2025-07-16,2025-07-16,2025-07-25,0.0,1.0,SF01PEAUMR,SMC,,,,ZPRV,290,1,184828.0,480187.0,2
10814318.0,4896886,OMS_MESURE VIBRATOIRE PALIERS,OR000004896886,SF01-UT-FDEM-BASSIN-0IP02B,MOTOPOMPE EAU MER VERS SEM2 IPO2B,,,S-PC-P924 IP 02B,SF1-MCU,GM4,SF01,TCLO CONF CCRP JBFI PART RIMP,SOPL,IP1020250716,2025-07-16,2025-07-16,2025-07-25,0.0,1.0,SF01PEAUMR,SMC,,,,ZPRV,290,2,184828.0,480187.0,2
10814319.0,4896887,OMS_MESURE VIBRATOIRE PALIERS,OR000004896887,SF01-UT-FDEM-BASSIN-0IP02B,MOTOPOMPE EAU MER VERS SEM2 IPO2B,,,S-PC-P924 IP 02B,SF1-MCU,GM4,SF01,TCLO CONF CCRP JBFI PART RIMP,SOPL,IP1020250716,2025-07-16,2025-07-16,2025-07-25,0.0,1.0,SF01PEAUMR,SMC,,,,ZPRV,290,3,184828.0,480187.0,2
10814320.0,4896888,OMS_MESURE VIBRATOIRE PALIERS,OR000004896888,SF01-UT-FDEM-BASSIN-0IP02B,MOTOPOMPE EAU MER VERS SEM2 IPO2B,,,S-PC-P924 IP 02B,SF1-MCU,GM4,SF01,TCLO CONF CCRP JBFI PART RIMP,SOPL,IP1020250716,2025-07-16,2025-07-16,2025-07-25,0.0,1.0,SF01PEAUMR,SMC,,,,ZPRV,290,4,184828.0,480187.0,2
10814321.0,4896889,OMS_MESURE VIBRATOIRE PALIERS,OR000004896889,SF01-UT-FDEM-BASSIN-0IP02B,MOTOPOMPE EAU MER VERS SEM2 IPO2B,,,S-PC-P924 IP 02B,SF1-MCU,GM4,SF01,TCLO CONF CCRP JBFI PART RIMP,SOPL,IP1020250716,2025-07-16,2025-07-16,2025-07-25,0.0,1.0,SF01PEAUMR,SMC,,,,ZPRV,290,5,184828.0,480187.0,2
10814322.0,4896890,OMS_MESURE VIBRATOIRE PALIERS,OR000004896890,SF01-UT-FDEM-BASSIN-0IP02B,MOTOPOMPE EAU MER VERS SEM2 IPO2B,,,S-PC-P924 IP 02B,SF1-MCU,GM4,SF01,TCLO CONF CCRP JBFI PART RIMP,SOPL,IP1020250716,2025-07-16,2025-07-16,2025-07-25,0.0,1.0,SF01PEAUMR,SMC,,,,ZPRV,290,6,184828.0,480187.0,2
10814323.0,4896891,OMS_MESURE VIBRATOIRE PALIERS,OR000004896891,SF01-UT-FDEM-BASSIN-0IP02B,MOTOPOMPE EAU MER VERS SEM2 IPO2B,,,S-PC-P924 IP 02B,SF1-MCU,GM4,SF01,TCLO CONF CCRP JBFI PART RIMP,SOPL,IP1020250716,2025-07-16,2025-07-16,2025-07-25,0.0,1.0,SF01PEAUMR,SMC,,,,ZPRV,290,7,184828.0,480187.0,2
10814324.0,4896892,OMS_MESURE VIBRATOIRE PALIERS,OR000004896892,SF01-UT-FDEM-BASSIN-0IP02B,MOTOPOMPE EAU MER VERS SEM2 IPO2B,,,S-PC-P924 IP 02B,SF1-MCU,GM4,SF01,TCLO CONF CCRP JBFI PART RIMP,SOPL,IP1020250716,2025-07-16,2025-07-16,2025-07-25,0.0,1.0,SF01PEAUMR,SMC,,,,ZPRV,290,8,184828.0,480187.0,2
10814325.0,4896893,OMS_MESURE VIBRATOIRE PALIERS,OR000004896893,SF01-UT-FDEM-BASSIN-0IP02B,MOTOPOMPE EAU MER VERS SEM2 IPO2B,,,S-PC-P924 IP 02B,SF1-MCU,GM4,SF01,TCLO CONF CCRP JBFI PART RIMP,SOPL,IP1020250716,2025-07-16,2025-07-16,2025-07-25,0.0,1.0,SF01PEAUMR,SMC,,,,ZPRV,290,9,184828.0,480187.0,2
10814326.0,4896894,OMS_MESURE VIBRATOIRE PALIERS,OR000004896894,SF01-UT-FDEM-BASSIN-0IP02B,MOTOPOMPE EAU MER VERS SEM2 IPO2B,,,S-PC-P924 IP 02B,SF1-MCU,GM4,SF01,TCLO CONF CCRP JBFI PART RIMP,SOPL,IP1020250716,2025-07-16,2025-07-16,2025-07-25,0.0,1.0,SF01PEAUMR,SMC,,,,ZPRV,290,10,184828.0,480187.0,2
10814327.0,4896895,OMS_MESURE VIBRATOIRE PALIERS,OR000004896895,SF01-UT-FDEM-BASSIN-0IP02B,MOTOPOMPE EAU MER VERS SEM2 IPO2B,,,S-PC-P924 IP 02B,SF1-MCU,GM4,SF01,TCLO CONF CCRP JBFI PART RIMP,SOPL,IP1020250716,2025-07-20,2025-07-16,2025-07-25,0.0,1.0,SF01PEAUMR,SMC,,,,ZPRV,290,11,184828.0,480187.0,2
,4898123,Démontage pompe IP03A pour révision,OR000004898123,SF01-UT-FDEM-BASSIN-0IP03A,MOTOPOMPE EAU MER VERS PSII IPO3A BASSIN,,,S-PC-P924 IP 03A,SF1-MCU,GM4,SF01,TCLO CONF CCRP JBFI PART RIMP,SOPL,MATAR1,2025-07-16,2025-07-16,,12.0,12.2,SF01PEAUMR,SMC,,,2.0,ZCOR,110,0,,,3
,4925824,Montage de la pompe IP03A BFEM,OR000004925824,SF01-UT-FDEM-BASSIN-0IP03A,MOTOPOMPE EAU MER VERS PSII IPO3A BASSIN,,,S-PC-P924 IP 03A,SF1-MCU,GM4,SF01,TCLO CONF CCRP JBFI PART RIMP,SOPL,MATAR1,2025-07-21,2025-07-21,,4.0,4.2,SF01PEAUMR,SMC,,,2.0,ZCOR,110,0,,,3
10846184.0,4934365,LUBRIFICATION DES PALIERS,OR000004934365,SF01-UT-FDEM-BASSIN-0IP01A,MOTOPOMPE EAU MER VERS CENTRALE IPO1A MC,,,S-PC-P924 IP 01A,SF1-MCU,GM4,SF01,TCLO CONF CCRP JBFI PART RIMP,SOPL,IP1020250721,2025-07-26,2025-07-21,2025-07-25,0.0,4.0,SF01PEAUMR,SMC,,,,ZEST,350,12,184821.0,480180.0,1
10846185.0,4934366,OMS_MESURE VIBRATOIRE PALIERS,OR000004934366,SF01-UT-FDEM-BASSIN-0IP01A,MOTOPOMPE EAU MER VERS CENTRALE IPO1A MC,,,S-PC-P924 IP 01A,SF1-MCU,GM4,SF01,TCLO CONF CCRP JBFI PART RIMP,SOPL,IP1020250721,2025-07-25,2025-07-21,2025-07-25,0.0,1.0,SF01PEAUMR,SMC,,,,ZPRV,290,12,184822.0,480181.0,1
10846186.0,4934367,LUBRIFICATION DES PALIERS,OR000004934367,SF01-UT-FDEM-BASSIN-0IP01B,MOTOPOMPE EAU MER VERS CENTRALE IPO1B MC,,,S-PC-P924 IP 01B,SF1-MCU,GM4,SF01,TCLO CONF CCRP JBFI PART RIMP,SOPL,IP1020250721,2025-07-27,2025-07-21,2025-07-25,0.0,4.0,SF01PEAUMR,SMC,,,,ZEST,350,12,184823.0,480182.0,1
10846187.0,4934368,OMS_MESURE VIBRATOIRE PALIERS,OR000004934368,SF01-UT-FDEM-BASSIN-0IP01B,MOTOPOMPE EAU MER VERS CENTRALE IPO1B MC,,,S-PC-P924 IP 01B,SF1-MCU,GM4,SF01,TCLO CONF CCRP JBFI PART RIMP,SOPL,IP1020250721,2025-07-26,2025-07-21,2025-07-25,0.0,1.0,SF01PEAUMR,SMC,,,,ZPRV,290,12,184824.0,480183.0,1
10846188.0,4934369,LUBRIFICATION DES PALIERS,OR000004934369,SF01-UT-FDEM-BASSIN-0IP02A,MOTOPOMPE EAU MER VERS SEM2 IPO2A MC,,,S-PC-P924 IP 02A,SF1-MCU,GM4,SF01,TCLO CONF CCRP JBFI PART RIMP,SOPL,IP1020250721,2025-07-27,2025-07-21,2025-07-25,0.0,4.0,SF01PEAUMR,SMC,,,,ZEST,350,12,184825.0,480184.0,2
10846189.0,4934370,OMS_MESURE VIBRATOIRE PALIERS,OR000004934370,SF01-UT-FDEM-BASSIN-0IP02A,MOTOPOMPE EAU MER VERS SEM2 IPO2A MC,,,S-PC-P924 IP 02A,SF1-MCU,GM4,SF01,TCLO CONF CCRP JBFI PART RIMP,SOPL,IP1020250721,2025-07-26,2025-07-21,2025-07-25,0.0,1.0,SF01PEAUMR,SMC,,,,ZPRV,290,12,184826.0,480185.0,2
10846310.0,4934371,LUBRIFICATION DES PALIERS,OR000004934371,SF01-UT-FDEM-BASSIN-0IP02B,MOTOPOMPE EAU MER VERS SEM2 IPO2B,,,S-PC-P924 IP 02B,SF1-MCU,GM4,SF01,TCLO CONF CCRP JBFI PART RIMP,SOPL,IP1020250721,2025-07-28,2025-07-21,2025-07-25,0.0,4.0,SF01PEAUMR,SMC,,,,ZEST,350,12,184827.0,480186.0,2
10846311.0,4934372,OMS_MESURE VIBRATOIRE PALIERS,OR000004934372,SF01-UT-FDEM-BASSIN-0IP02B,MOTOPOMPE EAU MER VERS SEM2 IPO2B,,,S-PC-P924 IP 02B,SF1-MCU,GM4,SF01,TCLO CONF CCRP JBFI PART RIMP,SOPL,IP1020250721,2025-07-27,2025-07-21,2025-07-25,0.0,1.0,SF01PEAUMR,SMC,,,,ZPRV,290,12,184828.0,480187.0,2
10846312.0,4934373,LUBRIFICATION DES PALIERS,OR000004934373,SF01-UT-FDEM-BASSIN-0IP03A,MOTOPOMPE EAU MER VERS PSII IPO3A BASSIN,,,S-PC-P924 IP 03A,SF1-MCU,GM4,SF01,TCLO CONF CCRP JBFI PART RIMP,SOPL,IP1020250721,2025-07-30,2025-07-21,2025-08-04,0.0,4.0,SF01PEAUMR,SMC,,,,ZEST,350,11,184829.0,480188.0,3
10846313.0,4934374,OMS_MESURE VIBRATOIRE PALIERS,OR000004934374,SF01-UT-FDEM-BASSIN-0IP03A,MOTOPOMPE EAU MER VERS PSII IPO3A BASSIN,,,S-PC-P924 IP 03A,SF1-MCU,GM4,SF01,TCLO CONF CCRP JBFI PART RIMP,SOPL,IP1020250721,2025-07-24,2025-07-21,2025-07-25,0.0,1.0,SF01PEAUMR,SMC,,,,ZPRV,290,12,184830.0,480189.0,3
10846314.0,4934375,LUBRIFICATION DES PALIERS,OR000004934375,SF01-UT-FDEM-BASSIN-0IP03B,MOTOPOMPE EAU MER VERS PSII IPO3B BASSIN,,,S-PC-P924 IP 03B,SF1-MCU,GM4,SF01,TCLO CONF CCRP JBFI PART RIMP,SOPL,IP1020250721,2025-07-30,2025-07-21,2025-08-04,0.0,4.0,SF01PEAUMR,SMC,,,,ZEST,350,11,184831.0,480190.0,3
10846315.0,4934376,OMS_MESURE VIBRATOIRE PALIERS,OR000004934376,SF01-UT-FDEM-BASSIN-0IP03B,MOTOPOMPE EAU MER VERS PSII IPO3B BASSIN,,,S-PC-P924 IP 03B,SF1-MCU,GM4,SF01,TCLO CONF CCRP JBFI PART RIMP,SOPL,IP1020250721,2025-07-24,2025-07-21,2025-07-25,0.0,1.0,SF01PEAUMR,SMC,,,,ZPRV,290,12,184832.0,480191.0,3
10846316.0,4934377,LUBRIFICATION DES PALIERS,OR000004934377,SF01-UT-FDEM-BASSIN-0IP04A,MOTOPOMPE EAU MER VERS PPII IPO4A BASSIN,,,S-PC-P924 IP 04A,SF1-MCU,GM4,SF01,TCLO CONF CCRP JBFI PART RIMP,SOPL,IP1020250721,2025-07-28,2025-07-21,2025-07-25,0.0,4.0,SF01PEAUMR,SMC,,,,ZEST,350,9,184833.0,480192.0,4
10846317.0,4934378,OMS_MESURE VIBRATOIRE PALIERS,OR000004934378,SF01-UT-FDEM-BASSIN-0IP04A,MOTOPOMPE EAU MER VERS PPII IPO4A BASSIN,,,S-PC-P924 IP 04A,SF1-MCU,GM4,SF01,TCLO CONF CCRP JBFI PART RIMP,SOPL,IP1020250721,2025-07-24,2025-07-21,2025-07-25,0.0,1.0,SF01PEAUMR,SMC,,,,ZPRV,290,12,184834.0,480193.0,4
10846318.0,4934379,LUBRIFICATION DES PALIERS,OR000004934379,SF01-UT-FDEM-BASSIN-0IP04B,MOTOPOMPE EAU MER VERS PPII IPO4B BASSIN,,,S-PC-P924 IP 04B,SF1-MCU,GM4,SF01,TCLO CONF CCRP JBFI PART RIMP,SOPL,IP1020250721,2025-08-12,2025-07-21,2025-08-12,0.0,1.0,SF01PEAUMR,SMC,,,,ZEST,350,5,184835.0,480194.0,4
10846319.0,4934620,OMS_MESURE VIBRATOIRE PALIERS,OR000004934620,SF01-UT-FDEM-BASSIN-0IP04B,MOTOPOMPE EAU MER VERS PPII IPO4B BASSIN,,,S-PC-P924 IP 04B,SF1-MCU,GM4,SF01,TCLO CONF CCRP JBFI PART RIMP,SOPL,IP1020250721,2025-07-25,2025-07-21,2025-07-25,0.0,1.0,SF01PEAUMR,SMC,,,,ZPRV,290,12,184836.0,480195.0,4
10846492.0,4936823,montage du moteur de la pompe IP03A,OR000004936823,SF01-UT-FDEM-BASSIN-0IP03A,MOTOPOMPE EAU MER VERS PSII IPO3A BASSIN,,,S-PC-P924 IP 03A,SF1-MCU,GM4,SF01,TCLO CONF CCRP JBFI PART RIMP,SOPL,MATAR1,2025-07-22,2025-07-22,,4.0,4.2,SF01PEAUMR,SMC,,,2.0,ZCOR,110,0,,,3
10811793.0,4943052,démontage pour révision de la pompe IP03,OR000004943052,SF01-UT-FDEM-BASSIN-0IP03A,MOTOPOMPE EAU MER VERS PSII IPO3A BASSIN,,,S-PC-P924 IP 03A,SF1-MCU,GM4,SF01,TCLO CONF CCRP JBFI PART RIMP,SOPL,MATAR1,2025-07-22,2025-07-22,,4.0,4.2,SF01PEAUMR,SMC,,,2.0,ZCOR,110,0,,,3
10846494.0,4952782,branchement du moteur de la pompe IP03A,OR000004952782,SF01-UT-FDEM-BASSIN-0IP03A,MOTOPOMPE EAU MER VERS PSII IPO3A BASSIN,,,S-PC-P924 IP 03A,SF1-ECU,GM7,SF01,TCLO CONF CCRP JBFI PART RIMP,SOPL,ISTA,2025-07-23,2025-07-23,,0.0,2.0,SF01PEAUMR,SMC,,,,ZCOR,110,0,,,3
12966141.0,4000022773,préventif (1 an) moteur MT,OR004000022773,SF01-UT-FDEM-BASSIN-0IP01A-GMOT-0MOTEUR,MOTEUR ELECTRIQUE MT,,,S-PC-924IP01A-M,SF1-ECU,GM7,SF01,TCLO CONF CCRP JBFI PART RIMP,SOPL,IP1020250728,2026-05-31,2025-07-28,2026-06-16,0.0,17.5,SF01PEAUMR,SMC,,,,ZEST,360,1,211022.0,536578.0,1
12966142.0,4000022775,préventif (1 an) moteur MT,OR004000022775,SF01-UT-FDEM-BASSIN-0IP01B-GMOT-0MOTEUR,MOTEUR ELECTRIQUE MT,,,S-PC-924IP01B-M,SF1-ECU,GM7,SF01,TCLO CONF CCRP JBFI PART RIMP,SOPL,IP1020250728,2026-05-31,2025-07-28,2026-06-16,0.0,17.5,SF01PEAUMR,SMC,,,,ZEST,360,1,211023.0,536579.0,1
,4000022778,préventif (1 an) moteur MT,OR004000022778,SF01-UT-FDEM-BASSIN-0IP02A-GMOT-0MOTEUR,MOTEUR ELECTRIQUE MT,,,S-PC-924IP02A-M,SF1-ECU,GM7,SF01,LANC CCRP PART RIMP,ATPL ATAS,IP1020250728,2026-12-31,2025-07-28,,7.0,0.0,SF01PEAUMR,SMC,,,2.0,ZEST,360,1,211024.0,536580.0,2
12966143.0,4000022840,préventif (1 an) moteur MT,OR004000022840,SF01-UT-FDEM-BASSIN-0IP02B-GMOT-0MOTEUR,MOTEUR ELECTRIQUE MT,,,S-PC-924IP02B-M,SF1-ECU,GM7,SF01,TCLO CONF CCRP JBFI PART RIMP,SOPL,IP1020250728,2026-05-31,2025-07-28,2026-06-16,0.0,9.0,SF01PEAUMR,SMC,,,,ZEST,360,1,211025.0,536581.0,2
,4000022844,préventif (1 an) moteur MT,OR004000022844,SF01-UT-FDEM-BASSIN-0IP03A-GMOT-0MOTEUR,MOTEUR ELECTRIQUE MT,,,S-PC-924IP03A-M,SF1-ECU,GM7,SF01,LANC CCRP PART RIMP,ATPL ATAS,IP1020250728,2026-12-31,2025-07-28,,7.0,0.0,SF01PEAUMR,SMC,,,2.0,ZEST,360,1,211026.0,536582.0,3
12966145.0,4000022847,préventif (1 an) moteur MT,OR004000022847,SF01-UT-FDEM-BASSIN-0IP03B-GMOT-0MOTEUR,MOTEUR ELECTRIQUE MT,,,S-PC-924IP03B-M,SF1-ECU,GM7,SF01,TCLO CONF CCRP JBFI PART RIMP,SOPL,IP1020250728,2026-05-31,2025-07-28,2026-06-16,0.0,9.0,SF01PEAUMR,SMC,,,,ZEST,360,1,211027.0,536583.0,3
,4000022850,préventif (1 an) moteur MT,OR004000022850,SF01-UT-FDEM-BASSIN-0IP04A-GMOT-0MOTEUR,MOTEUR ELECTRIQUE MT,,,S-PC-924IP04A-M,SF1-ECU,GM7,SF01,LANC CCRP PART RIMP,ATPL ATAS,IP1020250728,2026-12-31,2025-07-28,,7.0,0.0,SF01PEAUMR,SMC,,,2.0,ZEST,360,1,211028.0,536584.0,4
12966146.0,4000022854,préventif (1 an) moteur MT,OR004000022854,SF01-UT-FDEM-BASSIN-0IP04B-GMOT-0MOTEUR,MOTEUR ELECTRIQUE MT,,,S-PC-924IP04B-M,SF1-ECU,GM7,SF01,TCLO CONF CCRP JBFI PART RIMP,SOPL,IP1020250728,2026-05-31,2025-07-28,2026-06-16,0.0,9.0,SF01PEAUMR,SMC,,,,ZEST,360,1,211029.0,536585.0,4
,4000022997,préventif (3 mois) moteur MT,OR004000022997,SF01-UT-FDEM-BASSIN-0IP01A-GMOT-0MOTEUR,MOTEUR ELECTRIQUE MT,,,S-PC-924IP01A-M,SF1-ECU,GM7,SF01,TCLO CONF CCRP JBFI PART RIMP,SOPL,IP1020250728,2025-08-31,2025-07-28,2025-09-12,0.0,14.5,SF01PEAUMR,SMC,,,,ZEST,360,1,211356.0,536912.0,1
,4000022999,préventif (3 mois) moteur MT,OR004000022999,SF01-UT-FDEM-BASSIN-0IP01B-GMOT-0MOTEUR,MOTEUR ELECTRIQUE MT,,,S-PC-924IP01B-M,SF1-ECU,GM7,SF01,TCLO CONF CCRP JBFI PART RIMP,SOPL,IP1020250728,2025-08-31,2025-07-28,2025-09-24,0.0,3.1,SF01PEAUMR,SMC,,,,ZEST,360,1,211357.0,536913.0,1
,4000023064,préventif (3 mois) moteur MT,OR004000023064,SF01-UT-FDEM-BASSIN-0IP02A-GMOT-0MOTEUR,MOTEUR ELECTRIQUE MT,,,S-PC-924IP02A-M,SF1-ECU,GM7,SF01,TCLO CONF CCRP JBFI PART RIMP,SOPL,IP1020250728,2025-08-31,2025-07-28,2025-09-12,0.0,14.0,SF01PEAUMR,SMC,,,,ZEST,360,1,211358.0,536914.0,2
,4000023065,préventif (3 mois) moteur MT,OR004000023065,SF01-UT-FDEM-BASSIN-0IP02B-GMOT-0MOTEUR,MOTEUR ELECTRIQUE MT,,,S-PC-924IP02B-M,SF1-ECU,GM7,SF01,TCLO CONF CCRP JBFI PART RIMP,SOPL,IP1020250728,2025-08-31,2025-07-28,2025-09-24,0.0,3.1,SF01PEAUMR,SMC,,,,ZEST,360,1,211359.0,536915.0,2
,4000023067,préventif (3 mois) moteur MT,OR004000023067,SF01-UT-FDEM-BASSIN-0IP03A-GMOT-0MOTEUR,MOTEUR ELECTRIQUE MT,,,S-PC-924IP03A-M,SF1-ECU,GM7,SF01,TCLO CONF CCRP JBFI PART RIMP,SOPL,IP1020250728,2025-08-31,2025-07-28,2025-09-12,0.0,14.0,SF01PEAUMR,SMC,,,,ZEST,360,1,211360.0,536916.0,3
,4000023072,préventif (3 mois) moteur MT,OR004000023072,SF01-UT-FDEM-BASSIN-0IP03B-GMOT-0MOTEUR,MOTEUR ELECTRIQUE MT,,,S-PC-924IP03B-M,SF1-ECU,GM7,SF01,TCLO CONF CCRP JBFI PART RIMP,SOPL,IP1020250728,2025-08-31,2025-07-28,2025-09-12,0.0,14.0,SF01PEAUMR,SMC,,,,ZEST,360,1,211361.0,536917.0,3
,4000023073,préventif (3 mois) moteur MT,OR004000023073,SF01-UT-FDEM-BASSIN-0IP04A-GMOT-0MOTEUR,MOTEUR ELECTRIQUE MT,,,S-PC-924IP04A-M,SF1-ECU,GM7,SF01,TCLO CONF CCRP JBFI PART RIMP,SOPL,IP1020250728,2025-08-31,2025-07-28,2025-09-24,0.0,3.1,SF01PEAUMR,SMC,,,,ZEST,360,1,211362.0,536918.0,4
,4000023075,préventif (3 mois) moteur MT,OR004000023075,SF01-UT-FDEM-BASSIN-0IP04B-GMOT-0MOTEUR,MOTEUR ELECTRIQUE MT,,,S-PC-924IP04B-M,SF1-ECU,GM7,SF01,TCLO CONF CCRP JBFI PART RIMP,SOPL,IP1020250728,2025-08-31,2025-07-28,2025-09-24,0.0,3.1,SF01PEAUMR,SMC,,,,ZEST,360,1,211363.0,536919.0,4
11699576.0,4000023483,préventif des cellules MT,OR004000023483,SF01-UT-FDEM-BASSIN-0IP01A-GMOT-DEPARTM,DEPART MOTEUR MT,,,S-PC-924IP01A-D,SF1-ECU,GM7,SF01,TCLO CONF CCRP JBFI PART RIMP,SOPL,IP1020250728,2025-11-30,2025-07-28,2025-12-08,0.0,8.0,SF01PEAUMR,SMC,,,,ZEST,360,1,211059.0,536615.0,1
11739954.0,4000023485,préventif des cellules MT,OR004000023485,SF01-UT-FDEM-BASSIN-0IP01B-GMOT-DEPARTM,DEPART MOTEUR MT,,,S-PC-924IP01B-D,SF1-ECU,GM7,SF01,TCLO CONF CCRP JBFI PART RIMP,SOPL,IP1020250728,2025-11-30,2025-07-28,2025-12-18,0.0,3.5,SF01PEAUMR,SMC,,,,ZEST,360,1,211060.0,536616.0,1
11699577.0,4000023488,préventif des cellules MT,OR004000023488,SF01-UT-FDEM-BASSIN-0IP02A-GMOT-DEPARTM,DEPART MOTEUR MT,,,S-PC-924IP02A-D,SF1-ECU,GM7,SF01,TCLO CONF CCRP JBFI PART RIMP,SOPL,IP1020250728,2025-11-30,2025-07-28,2025-12-08,0.0,8.0,SF01PEAUMR,SMC,,,,ZEST,360,1,211061.0,536617.0,2
11739955.0,4000023491,préventif des cellules MT,OR004000023491,SF01-UT-FDEM-BASSIN-0IP02B-GMOT-DEPARTM,DEPART MOTEUR MT,,,S-PC-924IP02B-D,SF1-ECU,GM7,SF01,TCLO CONF CCRP JBFI PART RIMP,SOPL,IP1020250728,2025-11-30,2025-07-28,2025-12-18,0.0,3.5,SF01PEAUMR,SMC,,,,ZEST,360,1,211062.0,536618.0,2
11739956.0,4000023493,préventif des cellules MT,OR004000023493,SF01-UT-FDEM-BASSIN-0IP03A-GMOT-DEPARTM,DEPART MOTEUR MT,,,S-PC-924IP03A-D,SF1-ECU,GM7,SF01,TCLO CONF CCRP JBFI PART RIMP,SOPL,IP1020250728,2025-11-30,2025-07-28,2025-12-18,0.0,3.5,SF01PEAUMR,SMC,,,,ZEST,360,1,211063.0,536619.0,3
11739957.0,4000023496,préventif des cellules MT,OR004000023496,SF01-UT-FDEM-BASSIN-0IP03B-GMOT-DEPARTM,DEPART MOTEUR MT,,,S-PC-924IP03B-D,SF1-ECU,GM7,SF01,TCLO CONF CCRP JBFI PART RIMP,SOPL,IP1020250728,2025-11-30,2025-07-28,2025-12-18,0.0,3.5,SF01PEAUMR,SMC,,,,ZEST,360,1,211064.0,536620.0,3
11699578.0,4000023498,préventif des cellules MT,OR004000023498,SF01-UT-FDEM-BASSIN-0IP04A-GMOT-DEPARTM,DEPART MOTEUR MT,,,S-PC-924IP04A-D,SF1-ECU,GM7,SF01,TCLO CONF CCRP JBFI PART RIMP,SOPL,IP1020250728,2025-11-30,2025-07-28,2025-12-08,0.0,8.0,SF01PEAUMR,SMC,,,,ZEST,360,1,211065.0,536621.0,4
11739962.0,4000023581,préventif des cellules MT,OR004000023581,SF01-UT-FDEM-BASSIN-0IP04B-GMOT-DEPARTM,DEPART MOTEUR MT,,,S-PC-924IP04B-D,SF1-ECU,GM7,SF01,TCLO CONF CCRP JBFI PART RIMP,SOPL,IP1020250728,2025-11-30,2025-07-28,2025-12-18,0.0,3.5,SF01PEAUMR,SMC,,,,ZEST,360,1,211066.0,536622.0,4
11739988.0,4000023772,préventif (6 mois) moteur MT,OR004000023772,SF01-UT-FDEM-BASSIN-0IP01A-GMOT-0MOTEUR,MOTEUR ELECTRIQUE MT,,,S-PC-924IP01A-M,SF1-ECU,GM7,SF01,TCLO CONF CCRP JBFI PART RIMP,SOPL,IP1020250728,2025-11-30,2025-07-28,2025-12-18,0.0,3.7,SF01PEAUMR,SMC,,,,ZEST,360,1,211002.0,536558.0,1
11739990.0,4000023778,préventif (6 mois) moteur MT,OR004000023778,SF01-UT-FDEM-BASSIN-0IP01B-GMOT-0MOTEUR,MOTEUR ELECTRIQUE MT,,,S-PC-924IP01B-M,SF1-ECU,GM7,SF01,TCLO CONF CCRP JBFI PART RIMP,SOPL,IP1020250728,2025-11-30,2025-07-28,2025-12-18,0.0,3.7,SF01PEAUMR,SMC,,,,ZEST,360,1,211003.0,536559.0,1
11699620.0,4000023785,préventif (6 mois) moteur MT,OR004000023785,SF01-UT-FDEM-BASSIN-0IP02A-GMOT-0MOTEUR,MOTEUR ELECTRIQUE MT,,,S-PC-924IP02A-M,SF1-ECU,GM7,SF01,TCLO CONF CCRP JBFI PART RIMP,SOPL,IP1020250728,2025-11-30,2025-07-28,2025-12-08,0.0,8.5,SF01PEAUMR,SMC,,,,ZEST,360,1,211004.0,536560.0,2
11739994.0,4000023790,préventif (6 mois) moteur MT,OR004000023790,SF01-UT-FDEM-BASSIN-0IP02B-GMOT-0MOTEUR,MOTEUR ELECTRIQUE MT,,,S-PC-924IP02B-M,SF1-ECU,GM7,SF01,TCLO CONF CCRP JBFI PART RIMP,SOPL,IP1020250728,2025-11-30,2025-07-28,2025-12-18,0.0,3.7,SF01PEAUMR,SMC,,,,ZEST,360,1,211005.0,536561.0,2
11739996.0,4000023796,préventif (6 mois) moteur MT,OR004000023796,SF01-UT-FDEM-BASSIN-0IP03A-GMOT-0MOTEUR,MOTEUR ELECTRIQUE MT,,,S-PC-924IP03A-M,SF1-ECU,GM7,SF01,TCLO CONF CCRP JBFI PART RIMP,SOPL,IP1020250728,2025-11-30,2025-07-28,2025-12-18,0.0,3.7,SF01PEAUMR,SMC,,,,ZEST,360,1,211006.0,536562.0,3
11740012.0,4000023843,préventif (6 mois) moteur MT,OR004000023843,SF01-UT-FDEM-BASSIN-0IP03B-GMOT-0MOTEUR,MOTEUR ELECTRIQUE MT,,,S-PC-924IP03B-M,SF1-ECU,GM7,SF01,TCLO CONF CCRP JBFI PART RIMP,SOPL,IP1020250728,2025-11-30,2025-07-28,2025-12-18,0.0,3.7,SF01PEAUMR,SMC,,,,ZEST,360,1,211007.0,536563.0,3
11699621.0,4000023849,préventif (6 mois) moteur MT,OR004000023849,SF01-UT-FDEM-BASSIN-0IP04A-GMOT-0MOTEUR,MOTEUR ELECTRIQUE MT,,,S-PC-924IP04A-M,SF1-ECU,GM7,SF01,TCLO CONF CCRP JBFI PART RIMP,SOPL,IP1020250728,2025-11-30,2025-07-28,2025-12-08,0.0,8.5,SF01PEAUMR,SMC,,,,ZEST,360,1,211008.0,536564.0,4
11739833.0,4000023855,préventif (6 mois) moteur MT,OR004000023855,SF01-UT-FDEM-BASSIN-0IP04B-GMOT-0MOTEUR,MOTEUR ELECTRIQUE MT,,,S-PC-924IP04B-M,SF1-ECU,GM7,SF01,TCLO CONF CCRP JBFI PART RIMP,SOPL,IP1020250728,2025-11-30,2025-07-28,2025-12-18,0.0,3.7,SF01PEAUMR,SMC,,,,ZEST,360,1,211009.0,536565.0,4
12180660.0,4000025003,préventif (6 mois) moteur MT,OR004000025003,SF01-UT-FDEM-BASSIN-0IP01A-GMOT-0MOTEUR,MOTEUR ELECTRIQUE MT,,,S-PC-924IP01A-M,SF1-ECU,GM7,SF01,TCLO CONF CCRP ERCT JBFI PART RIMP,SOPL,IP1020250728,2026-01-19,2025-07-28,2026-02-25,6.5,8.0,SF01PEAUMR,SMC,,,,ZEST,360,1,212935.0,538491.0,1
12180661.0,4000025005,préventif (6 mois) moteur MT,OR004000025005,SF01-UT-FDEM-BASSIN-0IP01B-GMOT-0MOTEUR,MOTEUR ELECTRIQUE MT,,,S-PC-924IP01B-M,SF1-ECU,GM7,SF01,TCLO CONF CCRP ERCT JBFI PART RIMP,SOPL,IP1020250728,2026-01-19,2025-07-28,2026-02-25,6.5,8.0,SF01PEAUMR,SMC,,,,ZEST,360,1,212936.0,538492.0,1
12180662.0,4000025007,préventif (6 mois) moteur MT,OR004000025007,SF01-UT-FDEM-BASSIN-0IP02A-GMOT-0MOTEUR,MOTEUR ELECTRIQUE MT,,,S-PC-924IP02A-M,SF1-ECU,GM7,SF01,TCLO CONF CCRP ERCT JBFI PART RIMP,SOPL,IP1020250728,2026-01-19,2025-07-28,2026-02-25,6.5,8.0,SF01PEAUMR,SMC,,,,ZEST,360,1,212937.0,538493.0,2
12180663.0,4000025009,préventif (6 mois) moteur MT,OR004000025009,SF01-UT-FDEM-BASSIN-0IP02B-GMOT-0MOTEUR,MOTEUR ELECTRIQUE MT,,,S-PC-924IP02B-M,SF1-ECU,GM7,SF01,TCLO CONF CCRP ERCT JBFI PART RIMP,SOPL,IP1020250728,2026-01-19,2025-07-28,2026-02-25,6.5,8.0,SF01PEAUMR,SMC,,,,ZEST,360,1,212938.0,538494.0,2
12180664.0,4000025011,préventif (6 mois) moteur MT,OR004000025011,SF01-UT-FDEM-BASSIN-0IP03A-GMOT-0MOTEUR,MOTEUR ELECTRIQUE MT,,,S-PC-924IP03A-M,SF1-ECU,GM7,SF01,TCLO CONF CCRP ERCT JBFI PART RIMP,SOPL,IP1020250728,2026-01-19,2025-07-28,2026-02-25,6.5,8.0,SF01PEAUMR,SMC,,,,ZEST,360,1,212939.0,538495.0,3
12180665.0,4000025012,préventif (6 mois) moteur MT,OR004000025012,SF01-UT-FDEM-BASSIN-0IP03B-GMOT-0MOTEUR,MOTEUR ELECTRIQUE MT,,,S-PC-924IP03B-M,SF1-ECU,GM7,SF01,TCLO CONF CCRP ERCT JBFI PART RIMP,SOPL,IP1020250728,2026-01-19,2025-07-28,2026-02-25,6.5,8.0,SF01PEAUMR,SMC,,,,ZEST,360,1,212940.0,538496.0,3
12180666.0,4000025013,préventif (6 mois) moteur MT,OR004000025013,SF01-UT-FDEM-BASSIN-0IP04A-GMOT-0MOTEUR,MOTEUR ELECTRIQUE MT,,,S-PC-924IP04A-M,SF1-ECU,GM7,SF01,TCLO CONF CCRP ERCT JBFI PART RIMP,SOPL,IP1020250728,2026-01-19,2025-07-28,2026-02-25,6.5,8.0,SF01PEAUMR,SMC,,,,ZEST,360,1,212941.0,538497.0,4
12180667.0,4000025014,préventif (6 mois) moteur MT,OR004000025014,SF01-UT-FDEM-BASSIN-0IP04B-GMOT-0MOTEUR,MOTEUR ELECTRIQUE MT,,,S-PC-924IP04B-M,SF1-ECU,GM7,SF01,TCLO CONF CCRP ERCT JBFI PART RIMP,SOPL,IP1020250728,2026-01-19,2025-07-28,2026-02-25,6.5,8.0,SF01PEAUMR,SMC,,,,ZEST,360,1,212942.0,538498.0,4
11297987.0,4000025213,préventif (1 an) moteur MT,OR004000025213,SF01-UT-FDEM-BASSIN-0IP01A-GMOT-0MOTEUR,MOTEUR ELECTRIQUE MT,,,S-PC-924IP01A-M,SF1-ECU,GM7,SF01,TCLO CONF CCRP JBFI PART RIMP,SOPL,IP1020250728,2025-10-01,2025-07-28,2025-10-10,0.0,19.7,SF01PEAUMR,SMC,,,,ZEST,360,1,212955.0,539031.0,1
11297988.0,4000025214,préventif (1 an) moteur MT,OR004000025214,SF01-UT-FDEM-BASSIN-0IP01B-GMOT-0MOTEUR,MOTEUR ELECTRIQUE MT,,,S-PC-924IP01B-M,SF1-ECU,GM7,SF01,TCLO CONF CCRP JBFI PART RIMP,SOPL,IP1020250728,2025-10-02,2025-07-28,2025-10-10,0.0,19.8,SF01PEAUMR,SMC,,,,ZEST,360,1,212956.0,539032.0,1
11298030.0,4000025215,préventif (1 an) moteur MT,OR004000025215,SF01-UT-FDEM-BASSIN-0IP02A-GMOT-0MOTEUR,MOTEUR ELECTRIQUE MT,,,S-PC-924IP02A-M,SF1-ECU,GM7,SF01,TCLO CONF CCRP JBFI PART RIMP,SOPL,IP1020250728,2025-10-02,2025-07-28,2025-10-10,0.0,19.8,SF01PEAUMR,SMC,,,,ZEST,360,1,212957.0,539033.0,2
12180710.0,4000025231,préventif des cellules MT,OR004000025231,SF01-UT-FDEM-BASSIN-0IP01A-GMOT-DEPARTM,DEPART MOTEUR MT,,,S-PC-924IP01A-D,SF1-ECU,GM7,SF01,TCLO CONF CCRP ERCT JBFI PART RIMP,SOPL,IP1020250728,2026-01-19,2025-07-28,2026-02-25,3.1,7.5,SF01PEAUMR,SMC,,,,ZEST,360,1,212993.0,539069.0,1
12180712.0,4000025236,préventif des cellules MT,OR004000025236,SF01-UT-FDEM-BASSIN-0IP01B-GMOT-DEPARTM,DEPART MOTEUR MT,,,S-PC-924IP01B-D,SF1-ECU,GM7,SF01,TCLO CONF CCRP ERCT JBFI PART RIMP,SOPL,IP1020250728,2026-01-19,2025-07-28,2026-02-25,3.1,7.5,SF01PEAUMR,SMC,,,,ZEST,360,1,212994.0,539070.0,1
12180713.0,4000025261,préventif des cellules MT,OR004000025261,SF01-UT-FDEM-BASSIN-0IP02A-GMOT-DEPARTM,DEPART MOTEUR MT,,,S-PC-924IP02A-D,SF1-ECU,GM7,SF01,TCLO CONF CCRP ERCT JBFI PART RIMP,SOPL,IP1020250728,2026-01-19,2025-07-28,2026-02-25,3.1,7.5,SF01PEAUMR,SMC,,,,ZEST,360,1,212995.0,539071.0,2
12180716.0,4000025268,préventif des cellules MT,OR004000025268,SF01-UT-FDEM-BASSIN-0IP02B-GMOT-DEPARTM,DEPART MOTEUR MT,,,S-PC-924IP02B-D,SF1-ECU,GM7,SF01,TCLO CONF CCRP ERCT JBFI PART RIMP,SOPL,IP1020250728,2026-01-19,2025-07-28,2026-02-25,3.1,7.5,SF01PEAUMR,SMC,,,,ZEST,360,1,212996.0,539072.0,2
12180717.0,4000025276,préventif des cellules MT,OR004000025276,SF01-UT-FDEM-BASSIN-0IP03A-GMOT-DEPARTM,DEPART MOTEUR MT,,,S-PC-924IP03A-D,SF1-ECU,GM7,SF01,TCLO CONF CCRP ERCT JBFI PART RIMP,SOPL,IP1020250728,2026-01-19,2025-07-28,2026-02-25,3.1,7.5,SF01PEAUMR,SMC,,,,ZEST,360,1,212997.0,539073.0,3
12180719.0,4000025281,préventif des cellules MT,OR004000025281,SF01-UT-FDEM-BASSIN-0IP03B-GMOT-DEPARTM,DEPART MOTEUR MT,,,S-PC-924IP03B-D,SF1-ECU,GM7,SF01,TCLO CONF CCRP ERCT JBFI PART RIMP,SOPL,IP1020250728,2026-01-19,2025-07-28,2026-02-25,3.1,7.5,SF01PEAUMR,SMC,,,,ZEST,360,1,212998.0,539074.0,3
12180722.0,4000025289,préventif des cellules MT,OR004000025289,SF01-UT-FDEM-BASSIN-0IP04A-GMOT-DEPARTM,DEPART MOTEUR MT,,,S-PC-924IP04A-D,SF1-ECU,GM7,SF01,TCLO CONF CCRP ERCT JBFI PART RIMP,SOPL,IP1020250728,2026-01-19,2025-07-28,2026-02-25,3.1,7.5,SF01PEAUMR,SMC,,,,ZEST,360,1,212999.0,539075.0,4
12180723.0,4000025294,préventif des cellules MT,OR004000025294,SF01-UT-FDEM-BASSIN-0IP04B-GMOT-DEPARTM,DEPART MOTEUR MT,,,S-PC-924IP04B-D,SF1-ECU,GM7,SF01,TCLO CONF CCRP ERCT JBFI PART RIMP,SOPL,IP1020250728,2026-01-19,2025-07-28,2026-02-25,3.1,7.5,SF01PEAUMR,SMC,,,,ZEST,360,1,213000.0,539076.0,4
11297993.0,4000025301,préventif (1 an) moteur MT,OR004000025301,SF01-UT-FDEM-BASSIN-0IP02B-GMOT-0MOTEUR,MOTEUR ELECTRIQUE MT,,,S-PC-924IP02B-M,SF1-ECU,GM7,SF01,TCLO CONF CCRP JBFI PART RIMP,SOPL,IP1020250728,2025-10-02,2025-07-28,2025-10-10,0.0,19.8,SF01PEAUMR,SMC,,,,ZEST,360,1,212958.0,539034.0,2
11298031.0,4000025310,préventif (1 an) moteur MT,OR004000025310,SF01-UT-FDEM-BASSIN-0IP03A-GMOT-0MOTEUR,MOTEUR ELECTRIQUE MT,,,S-PC-924IP03A-M,SF1-ECU,GM7,SF01,TCLO CONF CCRP JBFI PART RIMP,SOPL,IP1020250728,2025-10-02,2025-07-28,2025-10-10,0.0,19.8,SF01PEAUMR,SMC,,,,ZEST,360,1,212959.0,539035.0,3
11297994.0,4000025311,préventif (1 an) moteur MT,OR004000025311,SF01-UT-FDEM-BASSIN-0IP03B-GMOT-0MOTEUR,MOTEUR ELECTRIQUE MT,,,S-PC-924IP03B-M,SF1-ECU,GM7,SF01,TCLO CONF CCRP JBFI PART RIMP,SOPL,IP1020250728,2025-10-02,2025-07-28,2025-10-10,0.0,19.8,SF01PEAUMR,SMC,,,,ZEST,360,1,212960.0,539036.0,3
11297995.0,4000025312,préventif (1 an) moteur MT,OR004000025312,SF01-UT-FDEM-BASSIN-0IP04A-GMOT-0MOTEUR,MOTEUR ELECTRIQUE MT,,,S-PC-924IP04A-M,SF1-ECU,GM7,SF01,TCLO CONF CCRP JBFI PART RIMP,SOPL,IP1020250728,2025-11-11,2025-07-28,2025-11-11,0.2,19.8,SF01PEAUMR,SMC,,,,ZEST,360,1,212961.0,539037.0,4
11297996.0,4000025313,préventif (1 an) moteur MT,OR004000025313,SF01-UT-FDEM-BASSIN-0IP04B-GMOT-0MOTEUR,MOTEUR ELECTRIQUE MT,,,S-PC-924IP04B-M,SF1-ECU,GM7,SF01,TCLO CONF CCRP JBFI PART RIMP,SOPL,IP1020250728,2025-11-11,2025-07-28,2025-11-11,0.2,19.7,SF01PEAUMR,SMC,,,,ZEST,360,1,212962.0,539038.0,4
11425354.0,4000025514,préventif (3 mois) moteur MT,OR004000025514,SF01-UT-FDEM-BASSIN-0IP01A-GMOT-0MOTEUR,MOTEUR ELECTRIQUE MT,,,S-PC-924IP01A-M,SF1-ECU,GM7,SF01,TCLO CONF CCRP JBFI PART RIMP,SOPL,IP1020250728,2025-10-29,2025-07-28,2025-11-04,0.0,10.9,SF01PEAUMR,SMC,,,,ZEST,360,1,213290.0,539366.0,1
11425284.0,4000025515,préventif (3 mois) moteur MT,OR004000025515,SF01-UT-FDEM-BASSIN-0IP01B-GMOT-0MOTEUR,MOTEUR ELECTRIQUE MT,,,S-PC-924IP01B-M,SF1-ECU,GM7,SF01,TCLO CONF CCRP JBFI PART RIMP,SOPL,IP1020250728,2025-10-29,2025-07-28,2025-11-04,0.0,10.9,SF01PEAUMR,SMC,,,,ZEST,360,1,213291.0,539367.0,1
11425356.0,4000025516,préventif (3 mois) moteur MT,OR004000025516,SF01-UT-FDEM-BASSIN-0IP02A-GMOT-0MOTEUR,MOTEUR ELECTRIQUE MT,,,S-PC-924IP02A-M,SF1-ECU,GM7,SF01,TCLO CONF CCRP JBFI PART RIMP,SOPL,IP1020250728,2025-10-29,2025-07-28,2025-11-04,0.0,10.9,SF01PEAUMR,SMC,,,,ZEST,360,1,213292.0,539368.0,2
11425346.0,4000025608,préventif (3 mois) moteur MT,OR004000025608,SF01-UT-FDEM-BASSIN-0IP02B-GMOT-0MOTEUR,MOTEUR ELECTRIQUE MT,,,S-PC-924IP02B-M,SF1-ECU,GM7,SF01,TCLO CONF CCRP JBFI PART RIMP,SOPL,IP1020250728,2025-10-29,2025-07-28,2025-12-18,3.1,2.3,SF01PEAUMR,SMC,,,,ZEST,360,1,213293.0,539369.0,2
11425357.0,4000025611,préventif (3 mois) moteur MT,OR004000025611,SF01-UT-FDEM-BASSIN-0IP03A-GMOT-0MOTEUR,MOTEUR ELECTRIQUE MT,,,S-PC-924IP03A-M,SF1-ECU,GM7,SF01,TCLO CONF CCRP JBFI PART RIMP,SOPL,IP1020250728,2025-10-29,2025-07-28,2025-11-04,0.0,10.9,SF01PEAUMR,SMC,,,,ZEST,360,1,213294.0,539370.0,3
11425362.0,4000025612,préventif (3 mois) moteur MT,OR004000025612,SF01-UT-FDEM-BASSIN-0IP03B-GMOT-0MOTEUR,MOTEUR ELECTRIQUE MT,,,S-PC-924IP03B-M,SF1-ECU,GM7,SF01,TCLO CONF CCRP JBFI PART RIMP,SOPL,IP1020250728,2025-10-29,2025-07-28,2025-11-04,0.0,10.9,SF01PEAUMR,SMC,,,,ZEST,360,1,213295.0,539371.0,3
11425363.0,4000025613,préventif (3 mois) moteur MT,OR004000025613,SF01-UT-FDEM-BASSIN-0IP04A-GMOT-0MOTEUR,MOTEUR ELECTRIQUE MT,,,S-PC-924IP04A-M,SF1-ECU,GM7,SF01,TCLO CONF CCRP JBFI PART RIMP,SOPL,IP1020250728,2025-10-29,2025-07-28,2025-12-18,3.1,2.3,SF01PEAUMR,SMC,,,,ZEST,360,1,213296.0,539372.0,4
11425364.0,4000025614,préventif (3 mois) moteur MT,OR004000025614,SF01-UT-FDEM-BASSIN-0IP04B-GMOT-0MOTEUR,MOTEUR ELECTRIQUE MT,,,S-PC-924IP04B-M,SF1-ECU,GM7,SF01,TCLO CONF CCRP JBFI PART RIMP,SOPL,IP1020250728,2025-10-29,2025-07-28,2025-12-18,3.1,2.3,SF01PEAUMR,SMC,,,,ZEST,360,1,213297.0,539373.0,4
,4000064014,Ouverture vanne de refoulement pompe,OR004000064014,SF01-UT-FDEM-BASSIN-0IP03A,MOTOPOMPE EAU MER VERS PSII IPO3A BASSIN,,,S-PC-P924 IP 03A,SF1-MCU,GM4,SF01,TCLO CONF CCRP JBFI PART RIMP,SOPL,MATAR1,2025-08-01,2025-08-01,,2.0,2.2,SF01PEAUMR,SMC,,,2.0,ZCOR,110,0,,,3
,4000103654,LUBRIFICATION DES PALIERS,OR004000103654,SF01-UT-FDEM-BASSIN-0IP01A,MOTOPOMPE EAU MER VERS CENTRALE IPO1A MC,,,S-PC-P924 IP 01A,SF1-MCU,GM4,SF01,TCLO CONF CCRP JBFI PART RIMP,SOPL,IP1020250805,2025-08-05,2025-08-05,2025-08-05,0.0,4.0,SF01PEAUMR,SMC,,,,ZEST,350,13,184821.0,480180.0,1
,4000103656,LUBRIFICATION DES PALIERS,OR004000103656,SF01-UT-FDEM-BASSIN-0IP01A,MOTOPOMPE EAU MER VERS CENTRALE IPO1A MC,,,S-PC-P924 IP 01A,SF1-MCU,GM4,SF01,TCLO CONF CCRP JBFI PART RIMP,SOPL,IP1020250805,2025-08-09,2025-08-05,2025-08-09,0.0,4.0,SF01PEAUMR,SMC,,,,ZEST,350,14,184821.0,480180.0,1
,4000103659,OMS_MESURE VIBRATOIRE PALIERS,OR004000103659,SF01-UT-FDEM-BASSIN-0IP01A,MOTOPOMPE EAU MER VERS CENTRALE IPO1A MC,,,S-PC-P924 IP 01A,SF1-MCU,GM4,SF01,TCLO CONF CCRP JBFI PART RIMP,SOPL,IP1020250805,2025-08-05,2025-08-05,2025-08-05,0.0,1.0,SF01PEAUMR,SMC,,,,ZPRV,290,13,184822.0,480181.0,1
,4000103680,OMS_MESURE VIBRATOIRE PALIERS,OR004000103680,SF01-UT-FDEM-BASSIN-0IP01A,MOTOPOMPE EAU MER VERS CENTRALE IPO1A MC,,,S-PC-P924 IP 01A,SF1-MCU,GM4,SF01,TCLO CONF CCRP JBFI PART RIMP,SOPL,IP1020250805,2025-08-08,2025-08-05,2025-08-08,0.0,1.0,SF01PEAUMR,SMC,,,,ZPRV,290,14,184822.0,480181.0,1
,4000103682,LUBRIFICATION DES PALIERS,OR004000103682,SF01-UT-FDEM-BASSIN-0IP01B,MOTOPOMPE EAU MER VERS CENTRALE IPO1B MC,,,S-PC-P924 IP 01B,SF1-MCU,GM4,SF01,TCLO CONF CCRP JBFI PART RIMP,SOPL,IP1020250805,2025-08-05,2025-08-05,2025-08-05,0.0,4.0,SF01PEAUMR,SMC,,,,ZEST,350,13,184823.0,480182.0,1
,4000103683,LUBRIFICATION DES PALIERS,OR004000103683,SF01-UT-FDEM-BASSIN-0IP01B,MOTOPOMPE EAU MER VERS CENTRALE IPO1B MC,,,S-PC-P924 IP 01B,SF1-MCU,GM4,SF01,TCLO CONF CCRP JBFI PART RIMP,SOPL,IP1020250805,2025-08-10,2025-08-05,2025-08-19,0.0,4.0,SF01PEAUMR,SMC,,,,ZEST,350,14,184823.0,480182.0,1
,4000103685,OMS_MESURE VIBRATOIRE PALIERS,OR004000103685,SF01-UT-FDEM-BASSIN-0IP01B,MOTOPOMPE EAU MER VERS CENTRALE IPO1B MC,,,S-PC-P924 IP 01B,SF1-MCU,GM4,SF01,TCLO CONF CCRP JBFI PART RIMP,SOPL,IP1020250805,2025-08-05,2025-08-05,2025-08-05,0.0,1.0,SF01PEAUMR,SMC,,,,ZPRV,290,13,184824.0,480183.0,1
,4000103686,OMS_MESURE VIBRATOIRE PALIERS,OR004000103686,SF01-UT-FDEM-BASSIN-0IP01B,MOTOPOMPE EAU MER VERS CENTRALE IPO1B MC,,,S-PC-P924 IP 01B,SF1-MCU,GM4,SF01,TCLO CONF CCRP JBFI PART RIMP,SOPL,IP1020250805,2025-08-09,2025-08-05,2025-08-09,0.0,1.0,SF01PEAUMR,SMC,,,,ZPRV,290,14,184824.0,480183.0,1
,4000103689,LUBRIFICATION DES PALIERS,OR004000103689,SF01-UT-FDEM-BASSIN-0IP02A,MOTOPOMPE EAU MER VERS SEM2 IPO2A MC,,,S-PC-P924 IP 02A,SF1-MCU,GM4,SF01,TCLO CONF CCRP JBFI PART RIMP,SOPL,IP1020250805,2025-08-05,2025-08-05,2025-08-05,0.0,4.0,SF01PEAUMR,SMC,,,,ZEST,350,13,184825.0,480184.0,2
,4000103690,LUBRIFICATION DES PALIERS,OR004000103690,SF01-UT-FDEM-BASSIN-0IP02A,MOTOPOMPE EAU MER VERS SEM2 IPO2A MC,,,S-PC-P924 IP 02A,SF1-MCU,GM4,SF01,TCLO CONF CCRP JBFI PART RIMP,SOPL,IP1020250805,2025-08-10,2025-08-05,2025-08-19,0.0,4.0,SF01PEAUMR,SMC,,,,ZEST,350,14,184825.0,480184.0,2
,4000103691,OMS_MESURE VIBRATOIRE PALIERS,OR004000103691,SF01-UT-FDEM-BASSIN-0IP02A,MOTOPOMPE EAU MER VERS SEM2 IPO2A MC,,,S-PC-P924 IP 02A,SF1-MCU,GM4,SF01,TCLO CONF CCRP JBFI PART RIMP,SOPL,IP1020250805,2025-08-05,2025-08-05,2025-08-05,0.0,1.0,SF01PEAUMR,SMC,,,,ZPRV,290,13,184826.0,480185.0,2
,4000103692,OMS_MESURE VIBRATOIRE PALIERS,OR004000103692,SF01-UT-FDEM-BASSIN-0IP02A,MOTOPOMPE EAU MER VERS SEM2 IPO2A MC,,,S-PC-P924 IP 02A,SF1-MCU,GM4,SF01,TCLO CONF CCRP JBFI PART RIMP,SOPL,IP1020250805,2025-08-09,2025-08-05,2025-08-09,0.0,1.0,SF01PEAUMR,SMC,,,,ZPRV,290,14,184826.0,480185.0,2
,4000103693,LUBRIFICATION DES PALIERS,OR004000103693,SF01-UT-FDEM-BASSIN-0IP02B,MOTOPOMPE EAU MER VERS SEM2 IPO2B,,,S-PC-P924 IP 02B,SF1-MCU,GM4,SF01,TCLO CONF CCRP JBFI PART RIMP,SOPL,IP1020250805,2025-08-05,2025-08-05,2025-08-05,0.0,4.0,SF01PEAUMR,SMC,,,,ZEST,350,13,184827.0,480186.0,2
,4000103694,LUBRIFICATION DES PALIERS,OR004000103694,SF01-UT-FDEM-BASSIN-0IP02B,MOTOPOMPE EAU MER VERS SEM2 IPO2B,,,S-PC-P924 IP 02B,SF1-MCU,GM4,SF01,TCLO CONF CCRP JBFI PART RIMP,SOPL,IP1020250805,2025-08-11,2025-08-05,2025-08-11,0.0,4.0,SF01PEAUMR,SMC,,,,ZEST,350,14,184827.0,480186.0,2
,4000103695,OMS_MESURE VIBRATOIRE PALIERS,OR004000103695,SF01-UT-FDEM-BASSIN-0IP02B,MOTOPOMPE EAU MER VERS SEM2 IPO2B,,,S-PC-P924 IP 02B,SF1-MCU,GM4,SF01,TCLO CONF CCRP JBFI PART RIMP,SOPL,IP1020250805,2025-08-05,2025-08-05,2025-08-05,0.0,1.0,SF01PEAUMR,SMC,,,,ZPRV,290,13,184828.0,480187.0,2
,4000103696,OMS_MESURE VIBRATOIRE PALIERS,OR004000103696,SF01-UT-FDEM-BASSIN-0IP02B,MOTOPOMPE EAU MER VERS SEM2 IPO2B,,,S-PC-P924 IP 02B,SF1-MCU,GM4,SF01,TCLO CONF CCRP JBFI PART RIMP,SOPL,IP1020250805,2025-08-10,2025-08-05,2025-08-19,0.0,1.0,SF01PEAUMR,SMC,,,,ZPRV,290,14,184828.0,480187.0,2
,4000103697,LUBRIFICATION DES PALIERS,OR004000103697,SF01-UT-FDEM-BASSIN-0IP03A,MOTOPOMPE EAU MER VERS PSII IPO3A BASSIN,,,S-PC-P924 IP 03A,SF1-MCU,GM4,SF01,TCLO CONF CCRP JBFI PART RIMP,SOPL,IP1020250805,2025-08-06,2025-08-05,2025-08-06,0.0,4.0,SF01PEAUMR,SMC,,,,ZEST,350,12,184829.0,480188.0,3
,4000103698,OMS_MESURE VIBRATOIRE PALIERS,OR004000103698,SF01-UT-FDEM-BASSIN-0IP03A,MOTOPOMPE EAU MER VERS PSII IPO3A BASSIN,,,S-PC-P924 IP 03A,SF1-MCU,GM4,SF01,TCLO CONF CCRP JBFI PART RIMP,SOPL,IP1020250805,2025-08-05,2025-08-05,2025-08-05,0.0,1.0,SF01PEAUMR,SMC,,,,ZPRV,290,13,184830.0,480189.0,3
,4000103699,OMS_MESURE VIBRATOIRE PALIERS,OR004000103699,SF01-UT-FDEM-BASSIN-0IP03A,MOTOPOMPE EAU MER VERS PSII IPO3A BASSIN,,,S-PC-P924 IP 03A,SF1-MCU,GM4,SF01,TCLO CONF CCRP JBFI PART RIMP,SOPL,IP1020250805,2025-08-07,2025-08-05,2025-08-08,0.0,1.0,SF01PEAUMR,SMC,,,,ZPRV,290,14,184830.0,480189.0,3
,4000103760,LUBRIFICATION DES PALIERS,OR004000103760,SF01-UT-FDEM-BASSIN-0IP03B,MOTOPOMPE EAU MER VERS PSII IPO3B BASSIN,,,S-PC-P924 IP 03B,SF1-MCU,GM4,SF01,TCLO CONF CCRP JBFI PART RIMP,SOPL,IP1020250805,2025-08-06,2025-08-05,2025-08-06,0.0,4.0,SF01PEAUMR,SMC,,,,ZEST,350,12,184831.0,480190.0,3
,4000103761,OMS_MESURE VIBRATOIRE PALIERS,OR004000103761,SF01-UT-FDEM-BASSIN-0IP03B,MOTOPOMPE EAU MER VERS PSII IPO3B BASSIN,,,S-PC-P924 IP 03B,SF1-MCU,GM4,SF01,TCLO CONF CCRP JBFI PART RIMP,SOPL,IP1020250805,2025-08-05,2025-08-05,2025-08-05,0.0,1.0,SF01PEAUMR,SMC,,,,ZPRV,290,13,184832.0,480191.0,3
,4000103762,OMS_MESURE VIBRATOIRE PALIERS,OR004000103762,SF01-UT-FDEM-BASSIN-0IP03B,MOTOPOMPE EAU MER VERS PSII IPO3B BASSIN,,,S-PC-P924 IP 03B,SF1-MCU,GM4,SF01,TCLO CONF CCRP JBFI PART RIMP,SOPL,IP1020250805,2025-08-07,2025-08-05,2025-08-07,0.0,1.0,SF01PEAUMR,SMC,,,,ZPRV,290,14,184832.0,480191.0,3
,4000103763,LUBRIFICATION DES PALIERS,OR004000103763,SF01-UT-FDEM-BASSIN-0IP04A,MOTOPOMPE EAU MER VERS PPII IPO4A BASSIN,,,S-PC-P924 IP 04A,SF1-MCU,GM4,SF01,TCLO CONF CCRP JBFI PART RIMP,SOPL,IP1020250805,2025-08-05,2025-08-05,2025-08-05,0.0,4.0,SF01PEAUMR,SMC,,,,ZEST,350,10,184833.0,480192.0,4
,4000103764,LUBRIFICATION DES PALIERS,OR004000103764,SF01-UT-FDEM-BASSIN-0IP04A,MOTOPOMPE EAU MER VERS PPII IPO4A BASSIN,,,S-PC-P924 IP 04A,SF1-MCU,GM4,SF01,TCLO CONF CCRP JBFI PART RIMP,SOPL,IP1020250805,2025-08-11,2025-08-05,2025-08-11,0.0,4.0,SF01PEAUMR,SMC,,,,ZEST,350,11,184833.0,480192.0,4
,4000103766,OMS_MESURE VIBRATOIRE PALIERS,OR004000103766,SF01-UT-FDEM-BASSIN-0IP04A,MOTOPOMPE EAU MER VERS PPII IPO4A BASSIN,,,S-PC-P924 IP 04A,SF1-MCU,GM4,SF01,TCLO CONF CCRP JBFI PART RIMP,SOPL,IP1020250805,2025-08-05,2025-08-05,2025-08-05,0.0,1.0,SF01PEAUMR,SMC,,,,ZPRV,290,13,184834.0,480193.0,4
,4000103767,OMS_MESURE VIBRATOIRE PALIERS,OR004000103767,SF01-UT-FDEM-BASSIN-0IP04A,MOTOPOMPE EAU MER VERS PPII IPO4A BASSIN,,,S-PC-P924 IP 04A,SF1-MCU,GM4,SF01,TCLO CONF CCRP JBFI PART RIMP,SOPL,IP1020250805,2025-08-07,2025-08-05,2025-08-07,0.0,1.0,SF01PEAUMR,SMC,,,,ZPRV,290,14,184834.0,480193.0,4
,4000103768,LUBRIFICATION DES PALIERS,OR004000103768,SF01-UT-FDEM-BASSIN-0IP04B,MOTOPOMPE EAU MER VERS PPII IPO4B BASSIN,,,S-PC-P924 IP 04B,SF1-MCU,GM4,SF01,TCLO CONF CCRP JBFI PART RIMP,SOPL,IP1020250805,2025-08-27,2025-08-05,2025-08-27,0.0,1.0,SF01PEAUMR,SMC,,,,ZEST,350,6,184835.0,480194.0,4
,4000103772,OMS_MESURE VIBRATOIRE PALIERS,OR004000103772,SF01-UT-FDEM-BASSIN-0IP04B,MOTOPOMPE EAU MER VERS PPII IPO4B BASSIN,,,S-PC-P924 IP 04B,SF1-MCU,GM4,SF01,TCLO CONF CCRP JBFI PART RIMP,SOPL,IP1020250805,2025-08-05,2025-08-05,2025-08-05,0.0,1.0,SF01PEAUMR,SMC,,,,ZPRV,290,13,184836.0,480195.0,4
,4000103773,OMS_MESURE VIBRATOIRE PALIERS,OR004000103773,SF01-UT-FDEM-BASSIN-0IP04B,MOTOPOMPE EAU MER VERS PPII IPO4B BASSIN,,,S-PC-P924 IP 04B,SF1-MCU,GM4,SF01,TCLO CONF CCRP JBFI PART RIMP,SOPL,IP1020250805,2025-08-08,2025-08-05,2025-08-08,0.0,1.0,SF01PEAUMR,SMC,,,,ZPRV,290,14,184836.0,480195.0,4
10968235.0,4000114392,LUBRIFICATION DES PALIERS,OR004000114392,SF01-UT-FDEM-BASSIN-0IP02A,MOTOPOMPE EAU MER VERS SEM2 IPO2A MC,,,S-PC-P924 IP 02A,SF1-MCU,GM4,SF01,TCLO CONF CCRP JBFI PART RIMP,SOPL,IP1020250805,2025-08-17,2025-08-05,2025-08-18,0.0,4.0,SF01PEAUMR,SMC,,,,ZEST,350,15,184825.0,480184.0,2
10968236.0,4000114393,OMS_MESURE VIBRATOIRE PALIERS,OR004000114393,SF01-UT-FDEM-BASSIN-0IP02A,MOTOPOMPE EAU MER VERS SEM2 IPO2A MC,,,S-PC-P924 IP 02A,SF1-MCU,GM4,SF01,TCLO CONF CCRP JBFI PART RIMP,SOPL,IP1020250805,2025-08-16,2025-08-05,2025-08-16,0.0,1.0,SF01PEAUMR,SMC,,,,ZPRV,290,15,184826.0,480185.0,2
10968238.0,4000114395,LUBRIFICATION DES PALIERS,OR004000114395,SF01-UT-FDEM-BASSIN-0IP02B,MOTOPOMPE EAU MER VERS SEM2 IPO2B,,,S-PC-P924 IP 02B,SF1-MCU,GM4,SF01,TCLO CONF CCRP JBFI PART RIMP,SOPL,IP1020250805,2025-08-18,2025-08-05,2025-08-18,0.0,4.0,SF01PEAUMR,SMC,,,,ZEST,350,15,184827.0,480186.0,2
10968239.0,4000114396,OMS_MESURE VIBRATOIRE PALIERS,OR004000114396,SF01-UT-FDEM-BASSIN-0IP02B,MOTOPOMPE EAU MER VERS SEM2 IPO2B,,,S-PC-P924 IP 02B,SF1-MCU,GM4,SF01,TCLO CONF CCRP JBFI PART RIMP,SOPL,IP1020250805,2025-08-17,2025-08-05,2025-08-18,0.0,1.0,SF01PEAUMR,SMC,,,,ZPRV,290,15,184828.0,480187.0,2
10968261.0,4000114398,LUBRIFICATION DES PALIERS,OR004000114398,SF01-UT-FDEM-BASSIN-0IP03A,MOTOPOMPE EAU MER VERS PSII IPO3A BASSIN,,,S-PC-P924 IP 03A,SF1-MCU,GM4,SF01,TCLO CONF CCRP JBFI PART RIMP,SOPL,IP1020250805,2025-08-13,2025-08-05,2025-08-13,0.0,4.0,SF01PEAUMR,SMC,,,,ZEST,350,13,184829.0,480188.0,3
10968263.0,4000114460,OMS_MESURE VIBRATOIRE PALIERS,OR004000114460,SF01-UT-FDEM-BASSIN-0IP03A,MOTOPOMPE EAU MER VERS PSII IPO3A BASSIN,,,S-PC-P924 IP 03A,SF1-MCU,GM4,SF01,TCLO CONF CCRP JBFI PART RIMP,SOPL,IP1020250805,2025-08-14,2025-08-05,2025-08-15,0.0,1.0,SF01PEAUMR,SMC,,,,ZPRV,290,15,184830.0,480189.0,3
10968264.0,4000114461,LUBRIFICATION DES PALIERS,OR004000114461,SF01-UT-FDEM-BASSIN-0IP03B,MOTOPOMPE EAU MER VERS PSII IPO3B BASSIN,,,S-PC-P924 IP 03B,SF1-MCU,GM4,SF01,TCLO CONF CCRP JBFI PART RIMP,SOPL,IP1020250805,2025-08-13,2025-08-05,2025-08-13,0.0,4.0,SF01PEAUMR,SMC,,,,ZEST,350,13,184831.0,480190.0,3
10968265.0,4000114462,OMS_MESURE VIBRATOIRE PALIERS,OR004000114462,SF01-UT-FDEM-BASSIN-0IP03B,MOTOPOMPE EAU MER VERS PSII IPO3B BASSIN,,,S-PC-P924 IP 03B,SF1-MCU,GM4,SF01,TCLO CONF CCRP JBFI PART RIMP,SOPL,IP1020250805,2025-08-14,2025-08-05,2025-08-15,0.0,1.0,SF01PEAUMR,SMC,,,,ZPRV,290,15,184832.0,480191.0,3
10968266.0,4000114463,LUBRIFICATION DES PALIERS,OR004000114463,SF01-UT-FDEM-BASSIN-0IP04A,MOTOPOMPE EAU MER VERS PPII IPO4A BASSIN,,,S-PC-P924 IP 04A,SF1-MCU,GM4,SF01,TCLO CONF CCRP JBFI PART RIMP,SOPL,IP1020250805,2025-08-18,2025-08-05,2025-08-18,0.0,4.0,SF01PEAUMR,SMC,,,,ZEST,350,12,184833.0,480192.0,4
10968267.0,4000114464,OMS_MESURE VIBRATOIRE PALIERS,OR004000114464,SF01-UT-FDEM-BASSIN-0IP04A,MOTOPOMPE EAU MER VERS PPII IPO4A BASSIN,,,S-PC-P924 IP 04A,SF1-MCU,GM4,SF01,TCLO CONF CCRP JBFI PART RIMP,SOPL,IP1020250805,2025-08-14,2025-08-05,2025-08-15,0.0,1.0,SF01PEAUMR,SMC,,,,ZPRV,290,15,184834.0,480193.0,4
10968268.0,4000114465,OMS_MESURE VIBRATOIRE PALIERS,OR004000114465,SF01-UT-FDEM-BASSIN-0IP04B,MOTOPOMPE EAU MER VERS PPII IPO4B BASSIN,,,S-PC-P924 IP 04B,SF1-MCU,GM4,SF01,TCLO CONF CCRP JBFI PART RIMP,SOPL,IP1020250805,2025-08-15,2025-08-05,2025-08-16,0.0,1.0,SF01PEAUMR,SMC,,,,ZPRV,290,15,184836.0,480195.0,4
10968309.0,4000114476,LUBRIFICATION DES PALIERS,OR004000114476,SF01-UT-FDEM-BASSIN-0IP01A,MOTOPOMPE EAU MER VERS CENTRALE IPO1A MC,,,S-PC-P924 IP 01A,SF1-MCU,GM4,SF01,TCLO CONF CCRP JBFI PART RIMP,SOPL,IP1020250805,2025-08-16,2025-08-05,2025-08-16,0.0,4.0,SF01PEAUMR,SMC,,,,ZEST,350,15,184821.0,480180.0,1
10968310.0,4000114477,OMS_MESURE VIBRATOIRE PALIERS,OR004000114477,SF01-UT-FDEM-BASSIN-0IP01A,MOTOPOMPE EAU MER VERS CENTRALE IPO1A MC,,,S-PC-P924 IP 01A,SF1-MCU,GM4,SF01,TCLO CONF CCRP JBFI PART RIMP,SOPL,IP1020250805,2025-08-15,2025-08-05,2025-08-16,0.0,1.0,SF01PEAUMR,SMC,,,,ZPRV,290,15,184822.0,480181.0,1
10968311.0,4000114478,LUBRIFICATION DES PALIERS,OR004000114478,SF01-UT-FDEM-BASSIN-0IP01B,MOTOPOMPE EAU MER VERS CENTRALE IPO1B MC,,,S-PC-P924 IP 01B,SF1-MCU,GM4,SF01,TCLO CONF CCRP JBFI PART RIMP,SOPL,IP1020250805,2025-08-17,2025-08-05,2025-08-18,0.0,4.0,SF01PEAUMR,SMC,,,,ZEST,350,15,184823.0,480182.0,1
10968312.0,4000114479,OMS_MESURE VIBRATOIRE PALIERS,OR004000114479,SF01-UT-FDEM-BASSIN-0IP01B,MOTOPOMPE EAU MER VERS CENTRALE IPO1B MC,,,S-PC-P924 IP 01B,SF1-MCU,GM4,SF01,TCLO CONF CCRP JBFI PART RIMP,SOPL,IP1020250805,2025-08-16,2025-08-05,2025-08-16,0.0,1.0,SF01PEAUMR,SMC,,,,ZPRV,290,15,184824.0,480183.0,1
10968544.0,4000114730,LUBRIFICATION DES PALIERS,OR004000114730,SF01-UT-FDEM-BASSIN-0IP01A,MOTOPOMPE EAU MER VERS CENTRALE IPO1A MC,,,S-PC-P924 IP 01A,SF1-MCU,GM4,SF01,TCLO CONF CCRP JBFI PART RIMP,SOPL,IP1020250805,2025-08-23,2025-08-05,2025-08-23,0.0,4.0,SF01PEAUMR,SMC,,,,ZEST,350,16,184821.0,480180.0,1
10968547.0,4000114733,OMS_MESURE VIBRATOIRE PALIERS,OR004000114733,SF01-UT-FDEM-BASSIN-0IP01A,MOTOPOMPE EAU MER VERS CENTRALE IPO1A MC,,,S-PC-P924 IP 01A,SF1-MCU,GM4,SF01,TCLO CONF CCRP JBFI PART RIMP,SOPL,IP1020250805,2025-08-22,2025-08-05,2025-08-22,0.0,1.0,SF01PEAUMR,SMC,,,,ZPRV,290,16,184822.0,480181.0,1
10968548.0,4000114734,LUBRIFICATION DES PALIERS,OR004000114734,SF01-UT-FDEM-BASSIN-0IP01B,MOTOPOMPE EAU MER VERS CENTRALE IPO1B MC,,,S-PC-P924 IP 01B,SF1-MCU,GM4,SF01,TCLO CONF CCRP JBFI PART RIMP,SOPL,IP1020250805,2025-08-24,2025-08-05,2025-08-26,0.0,4.0,SF01PEAUMR,SMC,,,,ZEST,350,16,184823.0,480182.0,1
10968549.0,4000114735,OMS_MESURE VIBRATOIRE PALIERS,OR004000114735,SF01-UT-FDEM-BASSIN-0IP01B,MOTOPOMPE EAU MER VERS CENTRALE IPO1B MC,,,S-PC-P924 IP 01B,SF1-MCU,GM4,SF01,TCLO CONF CCRP JBFI PART RIMP,SOPL,IP1020250805,2025-08-23,2025-08-05,2025-08-23,0.0,1.0,SF01PEAUMR,SMC,,,,ZPRV,290,16,184824.0,480183.0,1
10968560.0,4000114736,LUBRIFICATION DES PALIERS,OR004000114736,SF01-UT-FDEM-BASSIN-0IP02A,MOTOPOMPE EAU MER VERS SEM2 IPO2A MC,,,S-PC-P924 IP 02A,SF1-MCU,GM4,SF01,TCLO CONF CCRP JBFI PART RIMP,SOPL,IP1020250805,2025-08-24,2025-08-05,2025-08-26,0.0,4.0,SF01PEAUMR,SMC,,,,ZEST,350,16,184825.0,480184.0,2
10968561.0,4000114737,OMS_MESURE VIBRATOIRE PALIERS,OR004000114737,SF01-UT-FDEM-BASSIN-0IP02A,MOTOPOMPE EAU MER VERS SEM2 IPO2A MC,,,S-PC-P924 IP 02A,SF1-MCU,GM4,SF01,TCLO CONF CCRP JBFI PART RIMP,SOPL,IP1020250805,2025-08-23,2025-08-05,2025-08-23,0.0,1.0,SF01PEAUMR,SMC,,,,ZPRV,290,16,184826.0,480185.0,2
10968562.0,4000114738,LUBRIFICATION DES PALIERS,OR004000114738,SF01-UT-FDEM-BASSIN-0IP02B,MOTOPOMPE EAU MER VERS SEM2 IPO2B,,,S-PC-P924 IP 02B,SF1-MCU,GM4,SF01,TCLO CONF CCRP JBFI PART RIMP,SOPL,IP1020250805,2025-08-25,2025-08-05,2025-08-26,0.0,4.0,SF01PEAUMR,SMC,,,,ZEST,350,16,184827.0,480186.0,2
10968564.0,4000114760,OMS_MESURE VIBRATOIRE PALIERS,OR004000114760,SF01-UT-FDEM-BASSIN-0IP02B,MOTOPOMPE EAU MER VERS SEM2 IPO2B,,,S-PC-P924 IP 02B,SF1-MCU,GM4,SF01,TCLO CONF CCRP JBFI PART RIMP,SOPL,IP1020250805,2025-08-24,2025-08-05,2025-08-26,0.0,1.0,SF01PEAUMR,SMC,,,,ZPRV,290,16,184828.0,480187.0,2
10968567.0,4000114763,LUBRIFICATION DES PALIERS,OR004000114763,SF01-UT-FDEM-BASSIN-0IP03A,MOTOPOMPE EAU MER VERS PSII IPO3A BASSIN,,,S-PC-P924 IP 03A,SF1-MCU,GM4,SF01,TCLO CONF CCRP JBFI PART RIMP,SOPL,IP1020250805,2025-08-20,2025-08-05,2025-08-22,0.0,4.0,SF01PEAUMR,SMC,,,,ZEST,350,14,184829.0,480188.0,3
10968568.0,4000114764,OMS_MESURE VIBRATOIRE PALIERS,OR004000114764,SF01-UT-FDEM-BASSIN-0IP03A,MOTOPOMPE EAU MER VERS PSII IPO3A BASSIN,,,S-PC-P924 IP 03A,SF1-MCU,GM4,SF01,TCLO CONF CCRP JBFI PART RIMP,SOPL,IP1020250805,2025-08-21,2025-08-05,2025-08-22,0.0,1.0,SF01PEAUMR,SMC,,,,ZPRV,290,16,184830.0,480189.0,3
10968569.0,4000114765,LUBRIFICATION DES PALIERS,OR004000114765,SF01-UT-FDEM-BASSIN-0IP03B,MOTOPOMPE EAU MER VERS PSII IPO3B BASSIN,,,S-PC-P924 IP 03B,SF1-MCU,GM4,SF01,TCLO CONF CCRP JBFI PART RIMP,SOPL,IP1020250805,2025-08-20,2025-08-05,2025-08-22,0.0,4.0,SF01PEAUMR,SMC,,,,ZEST,350,14,184831.0,480190.0,3
10968590.0,4000114766,OMS_MESURE VIBRATOIRE PALIERS,OR004000114766,SF01-UT-FDEM-BASSIN-0IP03B,MOTOPOMPE EAU MER VERS PSII IPO3B BASSIN,,,S-PC-P924 IP 03B,SF1-MCU,GM4,SF01,TCLO CONF CCRP JBFI PART RIMP,SOPL,IP1020250805,2025-08-21,2025-08-05,2025-08-22,0.0,1.0,SF01PEAUMR,SMC,,,,ZPRV,290,16,184832.0,480191.0,3
10968591.0,4000114767,LUBRIFICATION DES PALIERS,OR004000114767,SF01-UT-FDEM-BASSIN-0IP04A,MOTOPOMPE EAU MER VERS PPII IPO4A BASSIN,,,S-PC-P924 IP 04A,SF1-MCU,GM4,SF01,TCLO CONF CCRP JBFI PART RIMP,SOPL,IP1020250805,2025-08-25,2025-08-05,2025-08-26,0.0,4.0,SF01PEAUMR,SMC,,,,ZEST,350,13,184833.0,480192.0,4
10968594.0,4000114770,OMS_MESURE VIBRATOIRE PALIERS,OR004000114770,SF01-UT-FDEM-BASSIN-0IP04A,MOTOPOMPE EAU MER VERS PPII IPO4A BASSIN,,,S-PC-P924 IP 04A,SF1-MCU,GM4,SF01,TCLO CONF CCRP JBFI PART RIMP,SOPL,IP1020250805,2025-08-21,2025-08-05,2025-08-22,0.0,1.0,SF01PEAUMR,SMC,,,,ZPRV,290,16,184834.0,480193.0,4
10968595.0,4000114771,OMS_MESURE VIBRATOIRE PALIERS,OR004000114771,SF01-UT-FDEM-BASSIN-0IP04B,MOTOPOMPE EAU MER VERS PPII IPO4B BASSIN,,,S-PC-P924 IP 04B,SF1-MCU,GM4,SF01,TCLO CONF CCRP JBFI PART RIMP,SOPL,IP1020250805,2025-08-22,2025-08-05,2025-08-22,0.0,1.0,SF01PEAUMR,SMC,,,,ZPRV,290,16,184836.0,480195.0,4
10992498.0,4000132175,LUBRIFICATION DES PALIERS,OR004000132175,SF01-UT-FDEM-BASSIN-0IP01A,MOTOPOMPE EAU MER VERS CENTRALE IPO1A MC,,,S-PC-P924 IP 01A,SF1-MCU,GM4,SF01,TCLO CONF CCRP JBFI PART RIMP,SOPL,IP1020250811,2025-08-30,2025-08-11,2025-08-30,0.0,4.0,SF01PEAUMR,SMC,,,,ZEST,350,17,184821.0,480180.0,1
10992550.0,4000132177,OMS_MESURE VIBRATOIRE PALIERS,OR004000132177,SF01-UT-FDEM-BASSIN-0IP01A,MOTOPOMPE EAU MER VERS CENTRALE IPO1A MC,,,S-PC-P924 IP 01A,SF1-MCU,GM4,SF01,TCLO CONF CCRP JBFI PART RIMP,SOPL,IP1020250811,2025-08-29,2025-08-11,2025-08-29,0.0,1.0,SF01PEAUMR,SMC,,,,ZPRV,290,17,184822.0,480181.0,1
10992552.0,4000132179,LUBRIFICATION DES PALIERS,OR004000132179,SF01-UT-FDEM-BASSIN-0IP01B,MOTOPOMPE EAU MER VERS CENTRALE IPO1B MC,,,S-PC-P924 IP 01B,SF1-MCU,GM4,SF01,TCLO CONF CCRP JBFI PART RIMP,SOPL,IP1020250811,2025-08-31,2025-08-11,2025-09-01,0.0,4.0,SF01PEAUMR,SMC,,,,ZEST,350,17,184823.0,480182.0,1
10992553.0,4000132300,OMS_MESURE VIBRATOIRE PALIERS,OR004000132300,SF01-UT-FDEM-BASSIN-0IP01B,MOTOPOMPE EAU MER VERS CENTRALE IPO1B MC,,,S-PC-P924 IP 01B,SF1-MCU,GM4,SF01,TCLO CONF CCRP JBFI PART RIMP,SOPL,IP1020250811,2025-08-30,2025-08-11,2025-08-30,0.0,1.0,SF01PEAUMR,SMC,,,,ZPRV,290,17,184824.0,480183.0,1
10992555.0,4000132302,LUBRIFICATION DES PALIERS,OR004000132302,SF01-UT-FDEM-BASSIN-0IP02A,MOTOPOMPE EAU MER VERS SEM2 IPO2A MC,,,S-PC-P924 IP 02A,SF1-MCU,GM4,SF01,TCLO CONF CCRP JBFI PART RIMP,SOPL,IP1020250811,2025-08-31,2025-08-11,2025-09-01,0.0,4.0,SF01PEAUMR,SMC,,,,ZEST,350,17,184825.0,480184.0,2
10992557.0,4000132304,OMS_MESURE VIBRATOIRE PALIERS,OR004000132304,SF01-UT-FDEM-BASSIN-0IP02A,MOTOPOMPE EAU MER VERS SEM2 IPO2A MC,,,S-PC-P924 IP 02A,SF1-MCU,GM4,SF01,TCLO CONF CCRP JBFI PART RIMP,SOPL,IP1020250811,2025-08-30,2025-08-11,2025-08-30,0.0,1.0,SF01PEAUMR,SMC,,,,ZPRV,290,17,184826.0,480185.0,2
10992558.0,4000132305,LUBRIFICATION DES PALIERS,OR004000132305,SF01-UT-FDEM-BASSIN-0IP02B,MOTOPOMPE EAU MER VERS SEM2 IPO2B,,,S-PC-P924 IP 02B,SF1-MCU,GM4,SF01,TCLO CONF CCRP JBFI PART RIMP,SOPL,IP1020250811,2025-09-01,2025-08-11,2025-09-01,0.0,4.0,SF01PEAUMR,SMC,,,,ZEST,350,17,184827.0,480186.0,2
10992600.0,4000132307,OMS_MESURE VIBRATOIRE PALIERS,OR004000132307,SF01-UT-FDEM-BASSIN-0IP02B,MOTOPOMPE EAU MER VERS SEM2 IPO2B,,,S-PC-P924 IP 02B,SF1-MCU,GM4,SF01,TCLO CONF CCRP JBFI PART RIMP,SOPL,IP1020250811,2025-08-31,2025-08-11,2025-09-01,0.0,1.0,SF01PEAUMR,SMC,,,,ZPRV,290,17,184828.0,480187.0,2
10992602.0,4000132309,LUBRIFICATION DES PALIERS,OR004000132309,SF01-UT-FDEM-BASSIN-0IP03A,MOTOPOMPE EAU MER VERS PSII IPO3A BASSIN,,,S-PC-P924 IP 03A,SF1-MCU,GM4,SF01,TCLO CONF CCRP JBFI PART RIMP,SOPL,IP1020250811,2025-08-27,2025-08-11,2025-08-27,0.0,4.0,SF01PEAUMR,SMC,,,,ZEST,350,15,184829.0,480188.0,3
10992603.0,4000132310,OMS_MESURE VIBRATOIRE PALIERS,OR004000132310,SF01-UT-FDEM-BASSIN-0IP03A,MOTOPOMPE EAU MER VERS PSII IPO3A BASSIN,,,S-PC-P924 IP 03A,SF1-MCU,GM4,SF01,TCLO CONF CCRP JBFI PART RIMP,SOPL,IP1020250811,2025-08-28,2025-08-11,2025-08-28,0.0,1.0,SF01PEAUMR,SMC,,,,ZPRV,290,17,184830.0,480189.0,3
10992605.0,4000132312,LUBRIFICATION DES PALIERS,OR004000132312,SF01-UT-FDEM-BASSIN-0IP03B,MOTOPOMPE EAU MER VERS PSII IPO3B BASSIN,,,S-PC-P924 IP 03B,SF1-MCU,GM4,SF01,TCLO CONF CCRP JBFI PART RIMP,SOPL,IP1020250811,2025-08-27,2025-08-11,2025-08-27,0.0,4.0,SF01PEAUMR,SMC,,,,ZEST,350,15,184831.0,480190.0,3
10992607.0,4000132314,OMS_MESURE VIBRATOIRE PALIERS,OR004000132314,SF01-UT-FDEM-BASSIN-0IP03B,MOTOPOMPE EAU MER VERS PSII IPO3B BASSIN,,,S-PC-P924 IP 03B,SF1-MCU,GM4,SF01,TCLO CONF CCRP JBFI PART RIMP,SOPL,IP1020250811,2025-08-28,2025-08-11,2025-08-28,0.0,1.0,SF01PEAUMR,SMC,,,,ZPRV,290,17,184832.0,480191.0,3
10992608.0,4000132315,LUBRIFICATION DES PALIERS,OR004000132315,SF01-UT-FDEM-BASSIN-0IP04A,MOTOPOMPE EAU MER VERS PPII IPO4A BASSIN,,,S-PC-P924 IP 04A,SF1-MCU,GM4,SF01,TCLO CONF CCRP JBFI PART RIMP,SOPL,IP1020250811,2025-09-01,2025-08-11,2025-09-01,0.0,4.0,SF01PEAUMR,SMC,,,,ZEST,350,14,184833.0,480192.0,4
10992620.0,4000132317,OMS_MESURE VIBRATOIRE PALIERS,OR004000132317,SF01-UT-FDEM-BASSIN-0IP04A,MOTOPOMPE EAU MER VERS PPII IPO4A BASSIN,,,S-PC-P924 IP 04A,SF1-MCU,GM4,SF01,TCLO CONF CCRP JBFI PART RIMP,SOPL,IP1020250811,2025-08-28,2025-08-11,2025-08-28,0.0,1.0,SF01PEAUMR,SMC,,,,ZPRV,290,17,184834.0,480193.0,4
10992622.0,4000132319,OMS_MESURE VIBRATOIRE PALIERS,OR004000132319,SF01-UT-FDEM-BASSIN-0IP04B,MOTOPOMPE EAU MER VERS PPII IPO4B BASSIN,,,S-PC-P924 IP 04B,SF1-MCU,GM4,SF01,TCLO CONF CCRP JBFI PART RIMP,SOPL,IP1020250811,2025-08-29,2025-08-11,2025-08-29,0.0,1.0,SF01PEAUMR,SMC,,,,ZPRV,290,17,184836.0,480195.0,4
11003891.0,4000151337,Démontage de la pompe IP03 B,OR004000151337,SF01-UT-FDEM-BASSIN-0IP03B,MOTOPOMPE EAU MER VERS PSII IPO3B BASSIN,,,S-PC-P924 IP 03B,SF1-MCU,GM4,SF01,TCLO CONF CCRP JBFI PART RIMP,SOPL,MATAR1,2025-08-13,2025-08-13,,12.0,12.0,SF01PEAUMR,SMC,,,2.0,ZCOR,110,0,,,3
,4000153096,Remise en état de la vanne de refoulemen,OR004000153096,SF01-UT-FDEM-BASSIN-0IP03A,MOTOPOMPE EAU MER VERS PSII IPO3A BASSIN,,,S-PC-P924 IP 03A,SF1-MCU,GM4,SF01,TCLO CONF CCRP JBFI PART RIMP,SOPL,MATAR1,2025-08-13,2025-08-13,,6.0,6.2,SF01PEAUMR,SMC,,,2.0,ZCOR,110,0,,,3
,4000153120,Serrage  tresses  de la pompe  IP03B,OR004000153120,SF01-UT-FDEM-BASSIN-0IP03A,MOTOPOMPE EAU MER VERS PSII IPO3A BASSIN,,,S-PC-P924 IP 03A,SF1-MCU,GM4,SF01,TCLO CONF CCRP JBFI PART RIMP,SOPL,MATAR1,2025-08-13,2025-08-13,,4.0,4.2,SF01PEAUMR,SMC,,,2.0,ZCOR,110,0,,,3
,4000203046,Serrage tresses IP04B,OR004000203046,SF01-UT-FDEM-BASSIN-0IP04B,MOTOPOMPE EAU MER VERS PPII IPO4B BASSIN,,,S-PC-P924 IP 04B,SF1-MCU,GM4,SF01,TCLO CONF CCRP JBFI PART RIMP,SOPL,MATAR1,2025-08-22,2025-08-22,,2.0,2.2,SF01PEAUMR,SMC,,,2.0,ZCOR,110,0,,,4
,4000203049,Montage moteur/pompe IP03B,OR004000203049,SF01-UT-FDEM-BASSIN-0IP03B,MOTOPOMPE EAU MER VERS PSII IPO3B BASSIN,,,S-PC-P924 IP 03B,SF1-MCU,GM4,SF01,TCLO CONF CCRP JBFI PART RIMP,SOPL,MATAR1,2025-08-22,2025-08-22,,6.0,6.2,SF01PEAUMR,SMC,,,2.0,ZCOR,110,0,,,3
11087596.0,4000223287,préventif (3 mois) moteur MT,OR004000223287,SF01-UT-FDEM-BASSIN-0IP01A-GMOT-0MOTEUR,MOTEUR ELECTRIQUE MT,,,S-PC-924IP01A-M,SF1-ECU,GM7,SF01,TCLO CONF CCRP JBFI PART RIMP,SOPL,IP1020250825,2025-11-30,2025-08-25,2025-09-23,0.0,3.1,SF01PEAUMR,SMC,,,,ZEST,360,2,211356.0,536912.0,1
11087597.0,4000223288,préventif (3 mois) moteur MT,OR004000223288,SF01-UT-FDEM-BASSIN-0IP01B-GMOT-0MOTEUR,MOTEUR ELECTRIQUE MT,,,S-PC-924IP01B-M,SF1-ECU,GM7,SF01,TCLO CONF CCRP JBFI PART RIMP,SOPL,IP1020250825,2025-11-30,2025-08-25,2025-09-23,0.0,3.1,SF01PEAUMR,SMC,,,,ZEST,360,2,211357.0,536913.0,1
11087598.0,4000223289,préventif (3 mois) moteur MT,OR004000223289,SF01-UT-FDEM-BASSIN-0IP02A-GMOT-0MOTEUR,MOTEUR ELECTRIQUE MT,,,S-PC-924IP02A-M,SF1-ECU,GM7,SF01,TCLO CONF CCRP JBFI PART RIMP,SOPL,IP1020250825,2025-11-30,2025-08-25,2025-09-23,0.0,3.1,SF01PEAUMR,SMC,,,,ZEST,360,2,211358.0,536914.0,2
11087680.0,4000223291,préventif (3 mois) moteur MT,OR004000223291,SF01-UT-FDEM-BASSIN-0IP02B-GMOT-0MOTEUR,MOTEUR ELECTRIQUE MT,,,S-PC-924IP02B-M,SF1-ECU,GM7,SF01,TCLO CONF CCRP JBFI PART RIMP,SOPL,IP1020250825,2025-11-30,2025-08-25,2025-09-23,0.0,3.1,SF01PEAUMR,SMC,,,,ZEST,360,2,211359.0,536915.0,2
11087681.0,4000223292,préventif (3 mois) moteur MT,OR004000223292,SF01-UT-FDEM-BASSIN-0IP03A-GMOT-0MOTEUR,MOTEUR ELECTRIQUE MT,,,S-PC-924IP03A-M,SF1-ECU,GM7,SF01,TCLO CONF CCRP JBFI PART RIMP,SOPL,IP1020250825,2025-11-30,2025-08-25,2025-09-23,0.0,3.1,SF01PEAUMR,SMC,,,,ZEST,360,2,211360.0,536916.0,3
11087684.0,4000223295,préventif (3 mois) moteur MT,OR004000223295,SF01-UT-FDEM-BASSIN-0IP03B-GMOT-0MOTEUR,MOTEUR ELECTRIQUE MT,,,S-PC-924IP03B-M,SF1-ECU,GM7,SF01,TCLO CONF CCRP JBFI PART RIMP,SOPL,IP1020250825,2025-11-30,2025-08-25,2025-09-23,0.0,3.1,SF01PEAUMR,SMC,,,,ZEST,360,2,211361.0,536917.0,3
11087686.0,4000223297,préventif (3 mois) moteur MT,OR004000223297,SF01-UT-FDEM-BASSIN-0IP04A-GMOT-0MOTEUR,MOTEUR ELECTRIQUE MT,,,S-PC-924IP04A-M,SF1-ECU,GM7,SF01,TCLO CONF CCRP JBFI PART RIMP,SOPL,IP1020250825,2025-11-30,2025-08-25,2025-09-23,0.0,5.1,SF01PEAUMR,SMC,,,,ZEST,360,2,211362.0,536918.0,4
11087689.0,4000223400,préventif (3 mois) moteur MT,OR004000223400,SF01-UT-FDEM-BASSIN-0IP04B-GMOT-0MOTEUR,MOTEUR ELECTRIQUE MT,,,S-PC-924IP04B-M,SF1-ECU,GM7,SF01,TCLO CONF CCRP JBFI PART RIMP,SOPL,IP1020250825,2025-11-30,2025-08-25,2025-09-23,0.0,3.1,SF01PEAUMR,SMC,,,,ZEST,360,2,211363.0,536919.0,4
11087891.0,4000262377,fuite circuit sur d'eau vers PS4,OR004000262377,SF01-UT-FDEM-BASSIN-0IP04A,MOTOPOMPE EAU MER VERS PPII IPO4A BASSIN,,,S-PC-P924 IP 04A,SF1-MCU,GM4,SF01,TCLO CONF CCRP JBFI PART RIMP,SOPL,Y.ESSMAOUI,2025-09-11,2025-08-29,,4.0,4.2,SF01PEAUMR,SMC,,,2.0,ZCOR,110,0,,,4
11138603.0,4000272097,LUBRIFICATION DES PALIERS,OR004000272097,SF01-UT-FDEM-BASSIN-0IP03A,MOTOPOMPE EAU MER VERS PSII IPO3A BASSIN,,,S-PC-P924 IP 03A,SF1-MCU,GM4,SF01,TCLO CONF CCRP JBFI PART RIMP,SOPL,IP1020250901,2025-09-03,2025-09-01,2025-09-04,0.0,4.0,SF01PEAUMR,SMC,,,,ZEST,350,16,184829.0,480188.0,3
11138607.0,4000272101,OMS_MESURE VIBRATOIRE PALIERS,OR004000272101,SF01-UT-FDEM-BASSIN-0IP03A,MOTOPOMPE EAU MER VERS PSII IPO3A BASSIN,,,S-PC-P924 IP 03A,SF1-MCU,GM4,SF01,TCLO CONF CCRP JBFI PART RIMP,SOPL,IP1020250901,2025-09-04,2025-09-01,2025-09-04,0.0,1.0,SF01PEAUMR,SMC,,,,ZPRV,290,18,184830.0,480189.0,3
11138632.0,4000272106,LUBRIFICATION DES PALIERS,OR004000272106,SF01-UT-FDEM-BASSIN-0IP03B,MOTOPOMPE EAU MER VERS PSII IPO3B BASSIN,,,S-PC-P924 IP 03B,SF1-MCU,GM4,SF01,TCLO CONF CCRP JBFI PART RIMP,SOPL,IP1020250901,2025-09-03,2025-09-01,2025-09-04,0.0,4.0,SF01PEAUMR,SMC,,,,ZEST,350,16,184831.0,480190.0,3
11138637.0,4000272111,OMS_MESURE VIBRATOIRE PALIERS,OR004000272111,SF01-UT-FDEM-BASSIN-0IP03B,MOTOPOMPE EAU MER VERS PSII IPO3B BASSIN,,,S-PC-P924 IP 03B,SF1-MCU,GM4,SF01,TCLO CONF CCRP JBFI PART RIMP,SOPL,IP1020250901,2025-09-04,2025-09-01,2025-09-04,0.0,1.0,SF01PEAUMR,SMC,,,,ZPRV,290,18,184832.0,480191.0,3
11138639.0,4000272113,LUBRIFICATION DES PALIERS,OR004000272113,SF01-UT-FDEM-BASSIN-0IP04A,MOTOPOMPE EAU MER VERS PPII IPO4A BASSIN,,,S-PC-P924 IP 04A,SF1-MCU,GM4,SF01,TCLO CONF CCRP JBFI PART RIMP,SOPL,IP1020250901,2025-09-08,2025-09-01,2025-09-08,0.0,4.0,SF01PEAUMR,SMC,,,,ZEST,350,15,184833.0,480192.0,4
11138651.0,4000272115,LUBRIFICATION DES PALIERS,OR004000272115,SF01-UT-FDEM-BASSIN-0IP01A,MOTOPOMPE EAU MER VERS CENTRALE IPO1A MC,,,S-PC-P924 IP 01A,SF1-MCU,GM4,SF01,TCLO CONF CCRP JBFI PART RIMP,SOPL,IP1020250901,2025-09-06,2025-09-01,2025-09-08,0.0,4.0,SF01PEAUMR,SMC,,,,ZEST,350,18,184821.0,480180.0,1
11138653.0,4000272117,OMS_MESURE VIBRATOIRE PALIERS,OR004000272117,SF01-UT-FDEM-BASSIN-0IP04A,MOTOPOMPE EAU MER VERS PPII IPO4A BASSIN,,,S-PC-P924 IP 04A,SF1-MCU,GM4,SF01,TCLO CONF CCRP JBFI PART RIMP,SOPL,IP1020250901,2025-09-04,2025-09-01,2025-09-04,0.0,1.0,SF01PEAUMR,SMC,,,,ZPRV,290,18,184834.0,480193.0,4
11138654.0,4000272118,OMS_MESURE VIBRATOIRE PALIERS,OR004000272118,SF01-UT-FDEM-BASSIN-0IP01A,MOTOPOMPE EAU MER VERS CENTRALE IPO1A MC,,,S-PC-P924 IP 01A,SF1-MCU,GM4,SF01,TCLO CONF CCRP JBFI PART RIMP,SOPL,IP1020250901,2025-09-05,2025-09-01,2025-09-08,0.0,1.0,SF01PEAUMR,SMC,,,,ZPRV,290,18,184822.0,480181.0,1
11138655.0,4000272119,LUBRIFICATION DES PALIERS,OR004000272119,SF01-UT-FDEM-BASSIN-0IP04B,MOTOPOMPE EAU MER VERS PPII IPO4B BASSIN,,,S-PC-P924 IP 04B,SF1-MCU,GM4,SF01,TCLO CONF CCRP JBFI PART RIMP,SOPL,IP1020250901,2025-09-11,2025-09-01,2025-09-11,0.0,1.0,SF01PEAUMR,SMC,,,,ZEST,350,7,184835.0,480194.0,4
11138656.0,4000272160,LUBRIFICATION DES PALIERS,OR004000272160,SF01-UT-FDEM-BASSIN-0IP01B,MOTOPOMPE EAU MER VERS CENTRALE IPO1B MC,,,S-PC-P924 IP 01B,SF1-MCU,GM4,SF01,TCLO CONF CCRP JBFI PART RIMP,SOPL,IP1020250901,2025-09-07,2025-09-01,2025-09-08,0.0,4.0,SF01PEAUMR,SMC,,,,ZEST,350,18,184823.0,480182.0,1
11138659.0,4000272163,OMS_MESURE VIBRATOIRE PALIERS,OR004000272163,SF01-UT-FDEM-BASSIN-0IP01B,MOTOPOMPE EAU MER VERS CENTRALE IPO1B MC,,,S-PC-P924 IP 01B,SF1-MCU,GM4,SF01,TCLO CONF CCRP JBFI PART RIMP,SOPL,IP1020250901,2025-09-06,2025-09-01,2025-09-08,0.0,1.0,SF01PEAUMR,SMC,,,,ZPRV,290,18,184824.0,480183.0,1
11138660.0,4000272164,OMS_MESURE VIBRATOIRE PALIERS,OR004000272164,SF01-UT-FDEM-BASSIN-0IP04B,MOTOPOMPE EAU MER VERS PPII IPO4B BASSIN,,,S-PC-P924 IP 04B,SF1-MCU,GM4,SF01,TCLO CONF CCRP JBFI PART RIMP,SOPL,IP1020250901,2025-09-05,2025-09-01,2025-09-08,0.0,1.0,SF01PEAUMR,SMC,,,,ZPRV,290,18,184836.0,480195.0,4
11138663.0,4000272167,LUBRIFICATION DES PALIERS,OR004000272167,SF01-UT-FDEM-BASSIN-0IP02A,MOTOPOMPE EAU MER VERS SEM2 IPO2A MC,,,S-PC-P924 IP 02A,SF1-MCU,GM4,SF01,TCLO CONF CCRP JBFI PART RIMP,SOPL,IP1020250901,2025-09-07,2025-09-01,2025-09-08,0.0,4.0,SF01PEAUMR,SMC,,,,ZEST,350,18,184825.0,480184.0,2
11138667.0,4000272171,OMS_MESURE VIBRATOIRE PALIERS,OR004000272171,SF01-UT-FDEM-BASSIN-0IP02A,MOTOPOMPE EAU MER VERS SEM2 IPO2A MC,,,S-PC-P924 IP 02A,SF1-MCU,GM4,SF01,TCLO CONF CCRP JBFI PART RIMP,SOPL,IP1020250901,2025-09-06,2025-09-01,2025-09-08,0.0,1.0,SF01PEAUMR,SMC,,,,ZPRV,290,18,184826.0,480185.0,2
11138691.0,4000272175,LUBRIFICATION DES PALIERS,OR004000272175,SF01-UT-FDEM-BASSIN-0IP02B,MOTOPOMPE EAU MER VERS SEM2 IPO2B,,,S-PC-P924 IP 02B,SF1-MCU,GM4,SF01,TCLO CONF CCRP JBFI PART RIMP,SOPL,IP1020250901,2025-09-08,2025-09-01,2025-09-08,0.0,4.0,SF01PEAUMR,SMC,,,,ZEST,350,18,184827.0,480186.0,2
11138694.0,4000272178,OMS_MESURE VIBRATOIRE PALIERS,OR004000272178,SF01-UT-FDEM-BASSIN-0IP02B,MOTOPOMPE EAU MER VERS SEM2 IPO2B,,,S-PC-P924 IP 02B,SF1-MCU,GM4,SF01,TCLO CONF CCRP JBFI PART RIMP,SOPL,IP1020250901,2025-09-07,2025-09-01,2025-09-08,0.0,1.0,SF01PEAUMR,SMC,,,,ZPRV,290,18,184828.0,480187.0,2
11148585.0,4000285035,LUBRIFICATION DES PALIERS,OR004000285035,SF01-UT-FDEM-BASSIN-0IP01A,MOTOPOMPE EAU MER VERS CENTRALE IPO1A MC,,,S-PC-P924 IP 01A,SF1-MCU,GM4,SF01,TCLO CONF CCRP JBFI PART RIMP,SOPL,IP1020250902,2025-09-13,2025-09-02,2025-09-15,0.0,4.0,SF01PEAUMR,SMC,,,,ZEST,350,19,184821.0,480180.0,1
11148588.0,4000285038,OMS_MESURE VIBRATOIRE PALIERS,OR004000285038,SF01-UT-FDEM-BASSIN-0IP01A,MOTOPOMPE EAU MER VERS CENTRALE IPO1A MC,,,S-PC-P924 IP 01A,SF1-MCU,GM4,SF01,TCLO CONF CCRP JBFI PART RIMP,SOPL,IP1020250902,2025-09-12,2025-09-02,2025-09-12,0.0,1.0,SF01PEAUMR,SMC,,,,ZPRV,290,19,184822.0,480181.0,1
11148589.0,4000285039,LUBRIFICATION DES PALIERS,OR004000285039,SF01-UT-FDEM-BASSIN-0IP01B,MOTOPOMPE EAU MER VERS CENTRALE IPO1B MC,,,S-PC-P924 IP 01B,SF1-MCU,GM4,SF01,TCLO CONF CCRP JBFI PART RIMP,SOPL,IP1020250902,2025-09-14,2025-09-02,2025-09-15,0.0,4.0,SF01PEAUMR,SMC,,,,ZEST,350,19,184823.0,480182.0,1
11148602.0,4000285082,OMS_MESURE VIBRATOIRE PALIERS,OR004000285082,SF01-UT-FDEM-BASSIN-0IP01B,MOTOPOMPE EAU MER VERS CENTRALE IPO1B MC,,,S-PC-P924 IP 01B,SF1-MCU,GM4,SF01,TCLO CONF CCRP JBFI PART RIMP,SOPL,IP1020250902,2025-09-13,2025-09-02,2025-09-15,0.0,1.0,SF01PEAUMR,SMC,,,,ZPRV,290,19,184824.0,480183.0,1
11148604.0,4000285084,LUBRIFICATION DES PALIERS,OR004000285084,SF01-UT-FDEM-BASSIN-0IP02A,MOTOPOMPE EAU MER VERS SEM2 IPO2A MC,,,S-PC-P924 IP 02A,SF1-MCU,GM4,SF01,TCLO CONF CCRP JBFI PART RIMP,SOPL,IP1020250902,2025-09-14,2025-09-02,2025-09-15,0.0,4.0,SF01PEAUMR,SMC,,,,ZEST,350,19,184825.0,480184.0,2
11148605.0,4000285085,OMS_MESURE VIBRATOIRE PALIERS,OR004000285085,SF01-UT-FDEM-BASSIN-0IP02A,MOTOPOMPE EAU MER VERS SEM2 IPO2A MC,,,S-PC-P924 IP 02A,SF1-MCU,GM4,SF01,TCLO CONF CCRP JBFI PART RIMP,SOPL,IP1020250902,2025-09-13,2025-09-02,2025-09-15,0.0,1.0,SF01PEAUMR,SMC,,,,ZPRV,290,19,184826.0,480185.0,2
11148608.0,4000285088,LUBRIFICATION DES PALIERS,OR004000285088,SF01-UT-FDEM-BASSIN-0IP02B,MOTOPOMPE EAU MER VERS SEM2 IPO2B,,,S-PC-P924 IP 02B,SF1-MCU,GM4,SF01,TCLO CONF CCRP JBFI PART RIMP,SOPL,IP1020250902,2025-09-15,2025-09-02,2025-09-15,0.0,4.0,SF01PEAUMR,SMC,,,,ZEST,350,19,184827.0,480186.0,2
11148641.0,4000285091,OMS_MESURE VIBRATOIRE PALIERS,OR004000285091,SF01-UT-FDEM-BASSIN-0IP02B,MOTOPOMPE EAU MER VERS SEM2 IPO2B,,,S-PC-P924 IP 02B,SF1-MCU,GM4,SF01,TCLO CONF CCRP JBFI PART RIMP,SOPL,IP1020250902,2025-09-14,2025-09-02,2025-09-15,0.0,1.0,SF01PEAUMR,SMC,,,,ZPRV,290,19,184828.0,480187.0,2
11148643.0,4000285093,LUBRIFICATION DES PALIERS,OR004000285093,SF01-UT-FDEM-BASSIN-0IP03A,MOTOPOMPE EAU MER VERS PSII IPO3A BASSIN,,,S-PC-P924 IP 03A,SF1-MCU,GM4,SF01,TCLO CONF CCRP JBFI PART RIMP,SOPL,IP1020250902,2025-09-10,2025-09-02,2025-09-10,0.0,4.0,SF01PEAUMR,SMC,,,,ZEST,350,17,184829.0,480188.0,3
11148646.0,4000285096,OMS_MESURE VIBRATOIRE PALIERS,OR004000285096,SF01-UT-FDEM-BASSIN-0IP03A,MOTOPOMPE EAU MER VERS PSII IPO3A BASSIN,,,S-PC-P924 IP 03A,SF1-MCU,GM4,SF01,TCLO CONF CCRP JBFI PART RIMP,SOPL,IP1020250902,2025-09-11,2025-09-02,2025-09-11,0.0,1.0,SF01PEAUMR,SMC,,,,ZPRV,290,19,184830.0,480189.0,3
11148648.0,4000285098,LUBRIFICATION DES PALIERS,OR004000285098,SF01-UT-FDEM-BASSIN-0IP03B,MOTOPOMPE EAU MER VERS PSII IPO3B BASSIN,,,S-PC-P924 IP 03B,SF1-MCU,GM4,SF01,TCLO CONF CCRP JBFI PART RIMP,SOPL,IP1020250902,2025-09-10,2025-09-02,2025-09-10,0.0,4.0,SF01PEAUMR,SMC,,,,ZEST,350,17,184831.0,480190.0,3
11148670.0,4000285140,OMS_MESURE VIBRATOIRE PALIERS,OR004000285140,SF01-UT-FDEM-BASSIN-0IP03B,MOTOPOMPE EAU MER VERS PSII IPO3B BASSIN,,,S-PC-P924 IP 03B,SF1-MCU,GM4,SF01,TCLO CONF CCRP JBFI PART RIMP,SOPL,IP1020250902,2025-09-11,2025-09-02,2025-09-11,0.0,1.0,SF01PEAUMR,SMC,,,,ZPRV,290,19,184832.0,480191.0,3
11148672.0,4000285142,LUBRIFICATION DES PALIERS,OR004000285142,SF01-UT-FDEM-BASSIN-0IP04A,MOTOPOMPE EAU MER VERS PPII IPO4A BASSIN,,,S-PC-P924 IP 04A,SF1-MCU,GM4,SF01,TCLO CONF CCRP JBFI PART RIMP,SOPL,IP1020250902,2025-09-15,2025-09-02,2025-09-15,0.0,4.0,SF01PEAUMR,SMC,,,,ZEST,350,16,184833.0,480192.0,4
11148674.0,4000285144,OMS_MESURE VIBRATOIRE PALIERS,OR004000285144,SF01-UT-FDEM-BASSIN-0IP04A,MOTOPOMPE EAU MER VERS PPII IPO4A BASSIN,,,S-PC-P924 IP 04A,SF1-MCU,GM4,SF01,TCLO CONF CCRP JBFI PART RIMP,SOPL,IP1020250902,2025-09-11,2025-09-02,2025-09-11,0.0,1.0,SF01PEAUMR,SMC,,,,ZPRV,290,19,184834.0,480193.0,4
11148676.0,4000285146,LUBRIFICATION DES PALIERS,OR004000285146,SF01-UT-FDEM-BASSIN-0IP04B,MOTOPOMPE EAU MER VERS PPII IPO4B BASSIN,,,S-PC-P924 IP 04B,SF1-MCU,GM4,SF01,TCLO CONF CCRP JBFI PART RIMP,SOPL,IP1020250902,2025-09-26,2025-09-02,2025-09-26,0.0,1.0,SF01PEAUMR,SMC,,,,ZEST,350,8,184835.0,480194.0,4
11148678.0,4000285148,OMS_MESURE VIBRATOIRE PALIERS,OR004000285148,SF01-UT-FDEM-BASSIN-0IP04B,MOTOPOMPE EAU MER VERS PPII IPO4B BASSIN,,,S-PC-P924 IP 04B,SF1-MCU,GM4,SF01,TCLO CONF CCRP JBFI PART RIMP,SOPL,IP1020250902,2025-09-12,2025-09-02,2025-09-12,0.0,1.0,SF01PEAUMR,SMC,,,,ZPRV,290,19,184836.0,480195.0,4
,4000286225,Changement les tresses de pompe IP04B,OR004000286225,SF01-UT-FDEM-BASSIN-0IP04B,MOTOPOMPE EAU MER VERS PPII IPO4B BASSIN,,,S-PC-P924 IP 04B,SF1-MCU,GM4,SF01,TCLO CONF CCRP JBFI PART RIMP,SOPL,MATAR1,2025-09-02,2025-09-02,,2.0,2.2,SF01PEAUMR,SMC,,,2.0,ZCOR,110,0,,,4
,4000287142,Serrage des tresses de la pompe,OR004000287142,SF01-UT-FDEM-BASSIN-0IP04A,MOTOPOMPE EAU MER VERS PPII IPO4A BASSIN,,,S-PC-P924 IP 04A,SF1-MCU,GM4,SF01,TCLO CONF CCRP JBFI PART RIMP,SOPL,MATAR1,2025-09-02,2025-09-02,,2.0,2.2,SF01PEAUMR,SMC,,,2.0,ZCOR,110,0,,,4
,4000287145,Démontage joint plien sur circuit,OR004000287145,SF01-UT-FDEM-BASSIN-0IP04A,MOTOPOMPE EAU MER VERS PPII IPO4A BASSIN,,,S-PC-P924 IP 04A,SF1-MCU,GM4,SF01,TCLO CONF CCRP JBFI PART RIMP,SOPL,MATAR1,2025-09-02,2025-09-02,,2.0,2.2,SF01PEAUMR,SMC,,,2.0,ZCOR,110,0,,,4
,4000306854,Contrôle de la pompe IP01A,OR004000306854,SF01-UT-FDEM-BASSIN-0IP01A,MOTOPOMPE EAU MER VERS CENTRALE IPO1A MC,,,S-PC-P924 IP 01A,SF1-MCU,GM4,SF01,TCLO CONF CCRP JBFI PART RIMP,SOPL,MATAR1,2025-09-04,2025-09-04,,4.0,4.2,SF01PEAUMR,SMC,,,2.0,ZCOR,110,0,,,1
11052553.0,4000328507,Branchement électrique de la pompe IP03B,OR004000328507,SF01-UT-FDEM-BASSIN-0IP03B,MOTOPOMPE EAU MER VERS PSII IPO3B BASSIN,,,S-PC-P924 IP 03B,SF1-ECU,GM4,SF01,TCLO CONF CCRP JBFI PART RIMP,SOPL,ISTA,2025-09-10,2025-09-10,,0.0,1.7,SF01PEAUMR,SMC,,,,ZCOR,110,0,,,3
11206963.0,4000345125,LUBRIFICATION DES PALIERS,OR004000345125,SF01-UT-FDEM-BASSIN-0IP03A,MOTOPOMPE EAU MER VERS PSII IPO3A BASSIN,,,S-PC-P924 IP 03A,SF1-MCU,GM4,SF01,TCLO CONF CCRP JBFI PART RIMP,SOPL,IP1020250915,2025-09-17,2025-09-15,2025-09-17,0.0,4.0,SF01PEAUMR,SMC,,,,ZEST,350,18,184829.0,480188.0,3
11206965.0,4000345127,OMS_MESURE VIBRATOIRE PALIERS,OR004000345127,SF01-UT-FDEM-BASSIN-0IP03A,MOTOPOMPE EAU MER VERS PSII IPO3A BASSIN,,,S-PC-P924 IP 03A,SF1-MCU,GM4,SF01,TCLO CONF CCRP JBFI PART RIMP,SOPL,IP1020250915,2025-09-18,2025-09-15,2025-09-18,0.0,1.0,SF01PEAUMR,SMC,,,,ZPRV,290,20,184830.0,480189.0,3
11206969.0,4000345131,LUBRIFICATION DES PALIERS,OR004000345131,SF01-UT-FDEM-BASSIN-0IP03B,MOTOPOMPE EAU MER VERS PSII IPO3B BASSIN,,,S-PC-P924 IP 03B,SF1-MCU,GM4,SF01,TCLO CONF CCRP JBFI PART RIMP,SOPL,IP1020250915,2025-09-17,2025-09-15,2025-09-17,0.0,4.0,SF01PEAUMR,SMC,,,,ZEST,350,18,184831.0,480190.0,3
11206982.0,4000345135,OMS_MESURE VIBRATOIRE PALIERS,OR004000345135,SF01-UT-FDEM-BASSIN-0IP03B,MOTOPOMPE EAU MER VERS PSII IPO3B BASSIN,,,S-PC-P924 IP 03B,SF1-MCU,GM4,SF01,TCLO CONF CCRP JBFI PART RIMP,SOPL,IP1020250915,2025-09-18,2025-09-15,2025-09-18,0.0,1.0,SF01PEAUMR,SMC,,,,ZPRV,290,20,184832.0,480191.0,3
11206985.0,4000345137,LUBRIFICATION DES PALIERS,OR004000345137,SF01-UT-FDEM-BASSIN-0IP04A,MOTOPOMPE EAU MER VERS PPII IPO4A BASSIN,,,S-PC-P924 IP 04A,SF1-MCU,GM4,SF01,TCLO CONF CCRP JBFI PART RIMP,SOPL,IP1020250915,2025-09-22,2025-09-15,2025-09-22,0.0,4.0,SF01PEAUMR,SMC,,,,ZEST,350,17,184833.0,480192.0,4
11206987.0,4000345139,OMS_MESURE VIBRATOIRE PALIERS,OR004000345139,SF01-UT-FDEM-BASSIN-0IP04A,MOTOPOMPE EAU MER VERS PPII IPO4A BASSIN,,,S-PC-P924 IP 04A,SF1-MCU,GM4,SF01,TCLO CONF CCRP JBFI PART RIMP,SOPL,IP1020250915,2025-09-18,2025-09-15,2025-09-18,0.0,1.0,SF01PEAUMR,SMC,,,,ZPRV,290,20,184834.0,480193.0,4
11206989.0,4000345181,OMS_MESURE VIBRATOIRE PALIERS,OR004000345181,SF01-UT-FDEM-BASSIN-0IP04B,MOTOPOMPE EAU MER VERS PPII IPO4B BASSIN,,,S-PC-P924 IP 04B,SF1-MCU,GM4,SF01,TCLO CONF CCRP JBFI PART RIMP,SOPL,IP1020250915,2025-09-19,2025-09-15,2025-09-19,0.0,1.0,SF01PEAUMR,SMC,,,,ZPRV,290,20,184836.0,480195.0,4
11206992.0,4000345184,LUBRIFICATION DES PALIERS,OR004000345184,SF01-UT-FDEM-BASSIN-0IP01A,MOTOPOMPE EAU MER VERS CENTRALE IPO1A MC,,,S-PC-P924 IP 01A,SF1-MCU,GM4,SF01,TCLO CONF CCRP JBFI PART RIMP,SOPL,IP1020250915,2025-09-20,2025-09-15,2025-09-20,0.0,4.0,SF01PEAUMR,SMC,,,,ZEST,350,20,184821.0,480180.0,1
11206993.0,4000345185,OMS_MESURE VIBRATOIRE PALIERS,OR004000345185,SF01-UT-FDEM-BASSIN-0IP01A,MOTOPOMPE EAU MER VERS CENTRALE IPO1A MC,,,S-PC-P924 IP 01A,SF1-MCU,GM4,SF01,TCLO CONF CCRP JBFI PART RIMP,SOPL,IP1020250915,2025-09-19,2025-09-15,2025-09-19,0.0,1.0,SF01PEAUMR,SMC,,,,ZPRV,290,20,184822.0,480181.0,1
11206994.0,4000345186,LUBRIFICATION DES PALIERS,OR004000345186,SF01-UT-FDEM-BASSIN-0IP01B,MOTOPOMPE EAU MER VERS CENTRALE IPO1B MC,,,S-PC-P924 IP 01B,SF1-MCU,GM4,SF01,TCLO CONF CCRP JBFI PART RIMP,SOPL,IP1020250915,2025-09-21,2025-09-15,2025-09-22,0.0,4.0,SF01PEAUMR,SMC,,,,ZEST,350,20,184823.0,480182.0,1
11206995.0,4000345187,OMS_MESURE VIBRATOIRE PALIERS,OR004000345187,SF01-UT-FDEM-BASSIN-0IP01B,MOTOPOMPE EAU MER VERS CENTRALE IPO1B MC,,,S-PC-P924 IP 01B,SF1-MCU,GM4,SF01,TCLO CONF CCRP JBFI PART RIMP,SOPL,IP1020250915,2025-09-20,2025-09-15,2025-09-20,0.0,1.0,SF01PEAUMR,SMC,,,,ZPRV,290,20,184824.0,480183.0,1
11206996.0,4000345188,LUBRIFICATION DES PALIERS,OR004000345188,SF01-UT-FDEM-BASSIN-0IP02A,MOTOPOMPE EAU MER VERS SEM2 IPO2A MC,,,S-PC-P924 IP 02A,SF1-MCU,GM4,SF01,TCLO CONF CCRP JBFI PART RIMP,SOPL,IP1020250915,2025-09-21,2025-09-15,2025-09-22,0.0,4.0,SF01PEAUMR,SMC,,,,ZEST,350,20,184825.0,480184.0,2
11206997.0,4000345189,OMS_MESURE VIBRATOIRE PALIERS,OR004000345189,SF01-UT-FDEM-BASSIN-0IP02A,MOTOPOMPE EAU MER VERS SEM2 IPO2A MC,,,S-PC-P924 IP 02A,SF1-MCU,GM4,SF01,TCLO CONF CCRP JBFI PART RIMP,SOPL,IP1020250915,2025-09-20,2025-09-15,2025-09-20,0.0,1.0,SF01PEAUMR,SMC,,,,ZPRV,290,20,184826.0,480185.0,2
11206998.0,4000345190,LUBRIFICATION DES PALIERS,OR004000345190,SF01-UT-FDEM-BASSIN-0IP02B,MOTOPOMPE EAU MER VERS SEM2 IPO2B,,,S-PC-P924 IP 02B,SF1-MCU,GM4,SF01,TCLO CONF CCRP JBFI PART RIMP,SOPL,IP1020250915,2025-09-22,2025-09-15,2025-09-22,0.0,4.0,SF01PEAUMR,SMC,,,,ZEST,350,20,184827.0,480186.0,2
11206999.0,4000345191,OMS_MESURE VIBRATOIRE PALIERS,OR004000345191,SF01-UT-FDEM-BASSIN-0IP02B,MOTOPOMPE EAU MER VERS SEM2 IPO2B,,,S-PC-P924 IP 02B,SF1-MCU,GM4,SF01,TCLO CONF CCRP JBFI PART RIMP,SOPL,IP1020250915,2025-09-21,2025-09-15,2025-09-22,0.0,1.0,SF01PEAUMR,SMC,,,,ZPRV,290,20,184828.0,480187.0,2
,4000346486,Serrage des tresses pompe IP04A,OR004000346486,SF01-UT-FDEM-BASSIN-0IP04A,MOTOPOMPE EAU MER VERS PPII IPO4A BASSIN,,,S-PC-P924 IP 04A,SF1-MCU,GM4,SF01,TCLO CONF CCRP JBFI PART RIMP,SOPL,MATAR1,2025-09-16,2025-09-16,,2.0,2.2,SF01PEAUMR,SMC,,,2.0,ZCOR,110,0,,,4
11181882.0,4000358509,Serrage des tresses pompe IP04A,OR004000358509,SF01-UT-FDEM-BASSIN-0IP04A,MOTOPOMPE EAU MER VERS PPII IPO4A BASSIN,,,S-PC-P924 IP 04A,SF1-MCU,GM4,SF01,TCLO CONF CCRP JBFI PART RIMP,SOPL,MATAR1,2025-09-18,2025-09-18,,2.0,2.2,SF01PEAUMR,SMC,,,2.0,ZCOR,110,0,,,4
11052537.0,4000370212,Montage de la pompe à eau de mer IP03 B,OR004000370212,SF01-UT-FDEM-BASSIN-0IP03B,MOTOPOMPE EAU MER VERS PSII IPO3B BASSIN,,,S-PC-P924 IP 03B,SF1-MCU,GM4,SF01,TCLO CONF CCRP JBFI PART RIMP,SOPL,MATAR1,2025-09-22,2025-09-20,,4.0,4.2,SF01PEAUMR,SMC,,,2.0,ZCOR,110,0,,,3
11233787.0,4000372531,LUBRIFICATION DES PALIERS,OR004000372531,SF01-UT-FDEM-BASSIN-0IP03A,MOTOPOMPE EAU MER VERS PSII IPO3A BASSIN,,,S-PC-P924 IP 03A,SF1-MCU,GM4,SF01,TCLO CONF CCRP JBFI PART RIMP,SOPL,IP1020250922,2025-09-24,2025-09-22,2025-09-24,0.0,4.0,SF01PEAUMR,SMC,,,,ZEST,350,19,184829.0,480188.0,3
11233791.0,4000372535,OMS_MESURE VIBRATOIRE PALIERS,OR004000372535,SF01-UT-FDEM-BASSIN-0IP03A,MOTOPOMPE EAU MER VERS PSII IPO3A BASSIN,,,S-PC-P924 IP 03A,SF1-MCU,GM4,SF01,TCLO CONF CCRP JBFI PART RIMP,SOPL,IP1020250922,2025-09-25,2025-09-22,2025-09-25,0.0,1.0,SF01PEAUMR,SMC,,,,ZPRV,290,21,184830.0,480189.0,3
11233795.0,4000372539,LUBRIFICATION DES PALIERS,OR004000372539,SF01-UT-FDEM-BASSIN-0IP03B,MOTOPOMPE EAU MER VERS PSII IPO3B BASSIN,,,S-PC-P924 IP 03B,SF1-MCU,GM4,SF01,TCLO CONF CCRP JBFI PART RIMP,SOPL,IP1020250922,2025-09-24,2025-09-22,2025-09-24,0.0,4.0,SF01PEAUMR,SMC,,,,ZEST,350,19,184831.0,480190.0,3
11233813.0,4000372545,LUBRIFICATION DES PALIERS,OR004000372545,SF01-UT-FDEM-BASSIN-0IP01A,MOTOPOMPE EAU MER VERS CENTRALE IPO1A MC,,,S-PC-P924 IP 01A,SF1-MCU,GM4,SF01,TCLO CONF CCRP JBFI PART RIMP,SOPL,IP1020250922,2025-09-27,2025-09-22,2025-09-29,0.0,4.0,SF01PEAUMR,SMC,,,,ZEST,350,21,184821.0,480180.0,1
11233815.0,4000372548,OMS_MESURE VIBRATOIRE PALIERS,OR004000372548,SF01-UT-FDEM-BASSIN-0IP01A,MOTOPOMPE EAU MER VERS CENTRALE IPO1A MC,,,S-PC-P924 IP 01A,SF1-MCU,GM4,SF01,TCLO CONF CCRP JBFI PART RIMP,SOPL,IP1020250922,2025-09-26,2025-09-22,2025-09-26,0.0,1.0,SF01PEAUMR,SMC,,,,ZPRV,290,21,184822.0,480181.0,1
11233818.0,4000372550,LUBRIFICATION DES PALIERS,OR004000372550,SF01-UT-FDEM-BASSIN-0IP01B,MOTOPOMPE EAU MER VERS CENTRALE IPO1B MC,,,S-PC-P924 IP 01B,SF1-MCU,GM4,SF01,TCLO CONF CCRP JBFI PART RIMP,SOPL,IP1020250922,2025-09-28,2025-09-22,2025-09-29,0.0,4.0,SF01PEAUMR,SMC,,,,ZEST,350,21,184823.0,480182.0,1
11233841.0,4000372553,OMS_MESURE VIBRATOIRE PALIERS,OR004000372553,SF01-UT-FDEM-BASSIN-0IP01B,MOTOPOMPE EAU MER VERS CENTRALE IPO1B MC,,,S-PC-P924 IP 01B,SF1-MCU,GM4,SF01,TCLO CONF CCRP JBFI PART RIMP,SOPL,IP1020250922,2025-09-27,2025-09-22,2025-09-29,0.0,1.0,SF01PEAUMR,SMC,,,,ZPRV,290,21,184824.0,480183.0,1
11233844.0,4000372556,LUBRIFICATION DES PALIERS,OR004000372556,SF01-UT-FDEM-BASSIN-0IP02A,MOTOPOMPE EAU MER VERS SEM2 IPO2A MC,,,S-PC-P924 IP 02A,SF1-MCU,GM4,SF01,TCLO CONF CCRP JBFI PART RIMP,SOPL,IP1020250922,2025-09-28,2025-09-22,2025-09-29,0.0,4.0,SF01PEAUMR,SMC,,,,ZEST,350,21,184825.0,480184.0,2
11233847.0,4000372559,OMS_MESURE VIBRATOIRE PALIERS,OR004000372559,SF01-UT-FDEM-BASSIN-0IP02A,MOTOPOMPE EAU MER VERS SEM2 IPO2A MC,,,S-PC-P924 IP 02A,SF1-MCU,GM4,SF01,TCLO CONF CCRP JBFI PART RIMP,SOPL,IP1020250922,2025-09-27,2025-09-22,2025-09-29,0.0,1.0,SF01PEAUMR,SMC,,,,ZPRV,290,21,184826.0,480185.0,2
11233821.0,4000372564,OMS_MESURE VIBRATOIRE PALIERS,OR004000372564,SF01-UT-FDEM-BASSIN-0IP03B,MOTOPOMPE EAU MER VERS PSII IPO3B BASSIN,,,S-PC-P924 IP 03B,SF1-MCU,GM4,SF01,TCLO CONF CCRP JBFI PART RIMP,SOPL,IP1020250922,2025-09-25,2025-09-22,2025-09-25,0.0,1.0,SF01PEAUMR,SMC,,,,ZPRV,290,21,184832.0,480191.0,3
11233826.0,4000372570,LUBRIFICATION DES PALIERS,OR004000372570,SF01-UT-FDEM-BASSIN-0IP04A,MOTOPOMPE EAU MER VERS PPII IPO4A BASSIN,,,S-PC-P924 IP 04A,SF1-MCU,GM4,SF01,TCLO CONF CCRP JBFI PART RIMP,SOPL,IP1020250922,2025-09-29,2025-09-22,2025-09-29,0.0,4.0,SF01PEAUMR,SMC,,,,ZEST,350,18,184833.0,480192.0,4
11233830.0,4000372574,OMS_MESURE VIBRATOIRE PALIERS,OR004000372574,SF01-UT-FDEM-BASSIN-0IP04A,MOTOPOMPE EAU MER VERS PPII IPO4A BASSIN,,,S-PC-P924 IP 04A,SF1-MCU,GM4,SF01,TCLO CONF CCRP JBFI PART RIMP,SOPL,IP1020250922,2025-09-25,2025-09-22,2025-09-25,0.0,1.0,SF01PEAUMR,SMC,,,,ZPRV,290,21,184834.0,480193.0,4
11233833.0,4000372577,LUBRIFICATION DES PALIERS,OR004000372577,SF01-UT-FDEM-BASSIN-0IP04B,MOTOPOMPE EAU MER VERS PPII IPO4B BASSIN,,,S-PC-P924 IP 04B,SF1-MCU,GM4,SF01,TCLO CONF CCRP JBFI PART RIMP,SOPL,IP1020250922,2025-10-11,2025-09-22,2025-10-13,0.0,1.0,SF01PEAUMR,SMC,,,,ZEST,350,9,184835.0,480194.0,4
11233837.0,4000372601,OMS_MESURE VIBRATOIRE PALIERS,OR004000372601,SF01-UT-FDEM-BASSIN-0IP04B,MOTOPOMPE EAU MER VERS PPII IPO4B BASSIN,,,S-PC-P924 IP 04B,SF1-MCU,GM4,SF01,TCLO CONF CCRP JBFI PART RIMP,SOPL,IP1020250922,2025-09-26,2025-09-22,2025-09-26,0.0,1.0,SF01PEAUMR,SMC,,,,ZPRV,290,21,184836.0,480195.0,4
11233870.0,4000372622,LUBRIFICATION DES PALIERS,OR004000372622,SF01-UT-FDEM-BASSIN-0IP02B,MOTOPOMPE EAU MER VERS SEM2 IPO2B,,,S-PC-P924 IP 02B,SF1-MCU,GM4,SF01,TCLO CONF CCRP JBFI PART RIMP,SOPL,IP1020250922,2025-09-29,2025-09-22,2025-09-29,0.0,4.0,SF01PEAUMR,SMC,,,,ZEST,350,21,184827.0,480186.0,2
11233872.0,4000372624,OMS_MESURE VIBRATOIRE PALIERS,OR004000372624,SF01-UT-FDEM-BASSIN-0IP02B,MOTOPOMPE EAU MER VERS SEM2 IPO2B,,,S-PC-P924 IP 02B,SF1-MCU,GM4,SF01,TCLO CONF CCRP JBFI PART RIMP,SOPL,IP1020250922,2025-09-28,2025-09-22,2025-09-29,0.0,1.0,SF01PEAUMR,SMC,,,,ZPRV,290,21,184828.0,480187.0,2
10209595.0,4000374357,shunt des interlocks des pompes IP03 A/B,OR004000374357,SF01-UT-FDEM-BASSIN-0IP03A,MOTOPOMPE EAU MER VERS PSII IPO3A BASSIN,,,S-PC-P924 IP 03A,SF1-RCU,GM4,SF01,TCLO CONF CCRP JBFI PART RIMP,SOPL,ERRAMI EL,2025-11-11,2025-09-22,,1.0,2.0,SF01PEAUMR,SMC,,,1.0,ZCOR,110,0,,,3
11052551.0,4000374475,Montage sonde de la pompe IP03 B,OR004000374475,SF01-UT-FDEM-BASSIN-0IP03B,MOTOPOMPE EAU MER VERS PSII IPO3B BASSIN,,,S-PC-P924 IP 03B,SF1-RCU,GM4,SF01,TCLO CONF CCRP JBFI PART RIMP,SOPL,ERRAMI EL,2025-11-11,2025-09-22,,1.0,2.2,SF01PEAUMR,SMC,,,1.0,ZCOR,110,0,,,3
11207056.0,4000378183,manomètre du circuit de refoulement IP03,OR004000378183,SF01-UT-FDEM-BASSIN-0IP03A,MOTOPOMPE EAU MER VERS PSII IPO3A BASSIN,,,S-PC-P924 IP 03A,SF1-RCU,GM0,SF01,TCLO CONF CCRP JBFI PART RIMP,SOPL,BENMOUSSA1,2025-09-23,2025-09-22,,2.0,2.95,SF01PEAUMR,SMC,,,,ZCOR,110,0,,,3
11207082.0,4000378197,manomètre du circuit de ref pompes IP04,OR004000378197,SF01-UT-FDEM-BASSIN-0IP04A,MOTOPOMPE EAU MER VERS PPII IPO4A BASSIN,,,S-PC-P924 IP 04A,SF1-RCU,GM0,SF01,TCLO CONF CCRP JBFI PART RIMP,SOPL,BENMOUSSA1,2025-11-11,2025-09-22,,1.0,3.2,SF01PEAUMR,SMC,,,,ZCOR,110,0,,,4
11181883.0,4000378368,pompe IP02B,OR004000378368,SF01-UT-FDEM-BASSIN-0IP02B,MOTOPOMPE EAU MER VERS SEM2 IPO2B,,,S-PC-P924 IP 02B,SF1-MCU,GM4,SF01,TCLO CONF CCRP JBFI PART RIMP,SOPL,MATAR1,2025-09-22,2025-09-22,,2.0,2.2,SF01PEAUMR,SMC,,,2.0,ZCOR,110,0,,,2
10354408.0,4000392702,Installation échafaudage au niveau IP02,OR004000392702,SF01-UT-FDEM-BASSIN-0IP02A,MOTOPOMPE EAU MER VERS SEM2 IPO2A MC,,,S-PC-P924 IP 02A,SF1-GCMC,GMD,SF01,TCLO CONF CCRP JBFI PART RIMP,X,MATAR1,2025-09-23,2025-09-23,,0.0,8.0,SF01PEAUMR,SMC,,,2.0,ZCOR,110,0,,,2
10649520.0,4000392714,installation d'échafaudage IP03A,OR004000392714,SF01-UT-FDEM-BASSIN-0IP03A,MOTOPOMPE EAU MER VERS PSII IPO3A BASSIN,,,S-PC-P924 IP 03A,SF1-GCMC,GMD,SF01,TCLO CONF CCRP JBFI PART RIMP,X,MATAR1,2025-09-23,2025-09-23,,0.0,0.0,SF01PEAUMR,SMC,,,2.0,ZCOR,110,0,,,3
11207660.0,4000393539,Montage échafaudage au niveau pompe IP02,OR004000393539,SF01-UT-FDEM-BASSIN-0IP02A,MOTOPOMPE EAU MER VERS SEM2 IPO2A MC,,,S-PC-P924 IP 02A,SF1-GCMC,GM4,SF01,TCLO CONF CCRP JBFI PART RIMP,X,MATAR1,2025-09-23,2025-09-23,,9.0,9.5,SF01PEAUMR,SMC,,,2.0,ZCOR,110,0,,,2
11077005.0,4000393573,Installation échafaudage au niveau IP01A,OR004000393573,SF01-UT-FDEM-BASSIN-0IP01A,MOTOPOMPE EAU MER VERS CENTRALE IPO1A MC,,,S-PC-P924 IP 01A,SF1-GCMC,GM4,SF01,TCLO CONF CCRP JBFI PART RIMP,X,MATAR1,2025-09-23,2025-09-23,,12.0,12.5,SF01PEAUMR,SMC,,,2.0,ZCOR,110,0,,,1
11077008.0,4000393574,Installation échafaudage au niveau IP03B,OR004000393574,SF01-UT-FDEM-BASSIN-0IP03B,MOTOPOMPE EAU MER VERS PSII IPO3B BASSIN,,,S-PC-P924 IP 03B,SF1-GCMC,GM4,SF01,TCLO CONF CCRP JBFI PART RIMP,X,MATAR1,2025-09-23,2025-09-23,,8.0,8.5,SF01PEAUMR,SMC,,,2.0,ZCOR,110,0,,,3
11207085.0,4000393818,manomètre du circuit ref des pompes IP02,OR004000393818,SF01-UT-FDEM-BASSIN-0IP02A,MOTOPOMPE EAU MER VERS SEM2 IPO2A MC,,,S-PC-P924 IP 02A,SF1-RCU,GM0,SF01,TCLO CONF CCRP JBFI PART RIMP,SOPL,MATAR1,2025-11-11,2025-09-23,,1.0,2.7,SF01PEAUMR,SMC,,,2.0,ZCOR,110,0,,,2
11296308.0,4000434178,Préventif systématique,OR004000434178,SF01-UT-FDEM-BASSIN-0IP01B-CRSV-924FT401,DEBIT REFOULEMENT PPE IP01/AB,,,S-PC-924 FIT 401 E,SF1-RCU,GM0,SF01,TCLO CONF CCRP JBFI PART RIMP,SOPL,IP1020250929,2026-01-19,2025-09-29,2026-02-17,0.0,6.7,SF01PEAUMR,SMC,,,,ZEST,360,1,218859.0,554968.0,1
11296350.0,4000434240,Préventif systématique,OR004000434240,SF01-UT-FDEM-BASSIN-0IP02B-CRSV-924FT402,DEBIT REFOULEMENT PPE IP02/AB,,,S-PC-924 FIT 402 E,SF1-RCU,GM0,SF01,TCLO CONF CCRP JBFI PART RIMP,SOPL,IP1020250929,2026-01-19,2025-09-29,2026-02-17,0.0,3.6,SF01PEAUMR,SMC,,,,ZEST,360,1,218860.0,554969.0,2
11296351.0,4000434241,Préventif systématique,OR004000434241,SF01-UT-FDEM-BASSIN-0IP04B-CRSV-924FT404,DEBITMETRE  DES POM DE REFOU IP04 A/B,,,S-PC-924 FIT 404 E,SF1-RCU,GM0,SF01,TCLO CONF CCRP JBFI PART RIMP,SOPL,IP1020250929,2026-01-19,2025-09-29,2026-02-17,0.0,3.6,SF01PEAUMR,SMC,,,,ZEST,360,1,218861.0,554970.0,4
11296358.0,4000434248,Préventif systématique,OR004000434248,SF01-UT-FDEM-BASSIN-0IP01B-CRSV-924PT006,PRESSION EAU DE MER DES POMPES  IP01A/B,,,S-PC-924 PT 006 E,SF1-RCU,GM0,SF01,TCLO CONF CCRP JBFI PART RIMP,SOPL,IP1020250929,2026-01-19,2025-09-29,2026-02-17,0.0,3.6,SF01PEAUMR,SMC,,,,ZEST,360,1,218864.0,554973.0,1
11296390.0,4000434250,Préventif systématique,OR004000434250,SF01-UT-FDEM-BASSIN-0IP02B-CRSV-924PT007,PRESSION EAU DE MER DES POMPES  IP02A/B,,,S-PC-924 PT 007 E,SF1-RCU,GM0,SF01,TCLO CONF CCRP JBFI PART RIMP,SOPL,IP1020250929,2026-01-19,2025-09-29,2026-02-17,0.0,3.6,SF01PEAUMR,SMC,,,,ZEST,360,1,218865.0,554974.0,2
11296392.0,4000434252,Préventif systématique,OR004000434252,SF01-UT-FDEM-BASSIN-0IP03B-CRSV-924PT008,P E/MER DES POMPES DE REFOULEM IP03/B,,,S-PC-924 PT 008 E,SF1-RCU,GM0,SF01,TCLO CONF CCRP JBFI PART RIMP,SOPL,IP1020250929,2026-01-19,2025-09-29,2026-02-17,0.0,3.6,SF01PEAUMR,SMC,,,,ZEST,360,1,218866.0,554975.0,3
11296395.0,4000434255,Préventif systématique,OR004000434255,SF01-UT-FDEM-BASSIN-0IP04B-CRSV-924PV009,VANNE DE DECHARGE IP04,,,S-PC-924 PV 009 E,SF1-RCU,GM0,SF01,TCLO CONF CCRP ERCT JBFI PART RIMP,SOPL,IP1020250929,2025-12-10,2025-09-29,2026-02-17,1.2,8.0,SF01PEAUMR,SMC,,,,ZEST,360,1,218867.0,554976.0,4
11296396.0,4000434256,Préventif systématique,OR004000434256,SF01-UT-FDEM-BASSIN-0IP01B-CRSV-924TT110,T°EAU DE MER  DES POMPES  IP01A/B,,,S-PC-924 TT 110 E,SF1-RCU,GM0,SF01,TCLO CONF CCRP JBFI PART RIMP,SOPL,IP1020250929,2026-01-19,2025-09-29,2026-02-17,0.0,4.2,SF01PEAUMR,SMC,,,,ZEST,360,1,218868.0,554977.0,1
11296399.0,4000434259,Préventif systématique,OR004000434259,SF01-UT-FDEM-BASSIN-0IP02B-CRSV-924TT111,T°EAU DE MER  DES POMPES  IP02A/B,,,S-PC-924 TT 111 E,SF1-RCU,GM0,SF01,TCLO CONF CCRP JBFI PART RIMP,SOPL,IP1020250929,2026-01-19,2025-09-29,2026-02-17,0.0,4.2,SF01PEAUMR,SMC,,,,ZEST,360,1,218869.0,554978.0,2
11296431.0,4000434321,Préventif systématique,OR004000434321,SF01-UT-FDEM-BASSIN-0IP03B-CRSV-924TT112,T° E/MER DES POMPES DE REFOULEME IP03A/B,,,S-PC-924 TT 112 E,SF1-RCU,GM0,SF01,TCLO CONF CCRP JBFI PART RIMP,SOPL,IP1020250929,2026-01-19,2025-09-29,2026-02-17,0.0,4.2,SF01PEAUMR,SMC,,,,ZEST,360,1,218870.0,554979.0,3
11296433.0,4000434323,Préventif systématique,OR004000434323,SF01-UT-FDEM-BASSIN-0IP01A-CRSV-924VT670,CAPTEUR DE VIBRATION DE LA POMPE IP01 A,,,S-PC-924 VT 670 AE,SF1-RCU,GM0,SF01,TCLO CONF CCRP ERCT JBFI PART RIMP,SOPL,IP1020250929,2025-12-10,2025-09-29,2026-02-17,0.6,3.5,SF01PEAUMR,SMC,,,,ZEST,360,1,218871.0,554980.0,1
11296435.0,4000434325,Préventif systématique,OR004000434325,SF01-UT-FDEM-BASSIN-0IP01B-CRSV-924VT671,VIBRATION DE POMPE IP01B,,,S-PC-924 VT 671 AE,SF1-RCU,GM0,SF01,TCLO CONF CCRP ERCT JBFI PART RIMP,SOPL,IP1020250929,2025-12-10,2025-09-29,2026-02-17,0.6,3.5,SF01PEAUMR,SMC,,,,ZEST,360,1,218872.0,554981.0,1
11296437.0,4000434327,Préventif systématique,OR004000434327,SF01-UT-FDEM-BASSIN-0IP03A-CRSV-924VT674,CAPTEUR DE VIBRATION DE LA POMP IP03 A,,,S-PC-924 VT 674 AE,SF1-RCU,GM0,SF01,TCLO CONF CCRP ERCT JBFI PART RIMP,SOPL,IP1020250929,2025-12-10,2025-09-29,2026-02-17,0.6,3.5,SF01PEAUMR,SMC,,,,ZEST,360,1,218873.0,554982.0,3
11296439.0,4000434329,Préventif systématique,OR004000434329,SF01-UT-FDEM-BASSIN-0IP03B-CRSV-924VT675,CAPTEUR DE VIBRATION DE LA POMPE IP03 B,,,S-PC-924 VT 675 AE,SF1-RCU,GM0,SF01,TCLO CONF CCRP ERCT JBFI PART RIMP,SOPL,IP1020250929,2025-12-10,2025-09-29,2026-02-17,0.6,3.5,SF01PEAUMR,SMC,,,,ZEST,360,1,218874.0,554983.0,3
11296471.0,4000434331,Préventif systématique,OR004000434331,SF01-UT-FDEM-BASSIN-0IP04A-CRSV-924VT676,CAPTEUR DE VIBRATION DE LA POMPE IP04 A,,,S-PC-924 VT 676 AE,SF1-RCU,GM0,SF01,TCLO CONF CCRP ERCT JBFI PART RIMP,SOPL,IP1020250929,2025-12-10,2025-09-29,2026-02-17,0.6,3.5,SF01PEAUMR,SMC,,,,ZEST,360,1,218875.0,554984.0,4
11296473.0,4000434333,Préventif systématique,OR004000434333,SF01-UT-FDEM-BASSIN-0IP04B-CRSV-924VT677,CAPTEUR DE VIBRATION DE LA POMPE IP04 B,,,S-PC-924 VT 677 AE,SF1-RCU,GM0,SF01,TCLO CONF CCRP ERCT JBFI PART RIMP,SOPL,IP1020250929,2025-12-10,2025-09-29,2026-02-17,0.6,5.5,SF01PEAUMR,SMC,,,,ZEST,360,1,218876.0,554985.0,4
11297157.0,4000435170,LUBRIFICATION DES PALIERS,OR004000435170,SF01-UT-FDEM-BASSIN-0IP03A,MOTOPOMPE EAU MER VERS PSII IPO3A BASSIN,,,S-PC-P924 IP 03A,SF1-MCU,GM4,SF01,TCLO CONF CCRP JBFI PART RIMP,SOPL,IP1020250929,2025-10-01,2025-09-29,2025-10-01,0.0,4.0,SF01PEAUMR,SMC,,,,ZEST,350,20,184829.0,480188.0,3
11297159.0,4000435172,OMS_MESURE VIBRATOIRE PALIERS,OR004000435172,SF01-UT-FDEM-BASSIN-0IP03A,MOTOPOMPE EAU MER VERS PSII IPO3A BASSIN,,,S-PC-P924 IP 03A,SF1-MCU,GM4,SF01,TCLO CONF CCRP JBFI PART RIMP,SOPL,IP1020250929,2025-10-02,2025-09-29,2025-10-02,0.0,1.0,SF01PEAUMR,SMC,,,,ZPRV,290,22,184830.0,480189.0,3
11297171.0,4000435174,LUBRIFICATION DES PALIERS,OR004000435174,SF01-UT-FDEM-BASSIN-0IP03B,MOTOPOMPE EAU MER VERS PSII IPO3B BASSIN,,,S-PC-P924 IP 03B,SF1-MCU,GM4,SF01,TCLO CONF CCRP JBFI PART RIMP,SOPL,IP1020250929,2025-10-01,2025-09-29,2025-10-01,0.0,4.0,SF01PEAUMR,SMC,,,,ZEST,350,20,184831.0,480190.0,3
11297174.0,4000435177,OMS_MESURE VIBRATOIRE PALIERS,OR004000435177,SF01-UT-FDEM-BASSIN-0IP03B,MOTOPOMPE EAU MER VERS PSII IPO3B BASSIN,,,S-PC-P924 IP 03B,SF1-MCU,GM4,SF01,TCLO CONF CCRP JBFI PART RIMP,SOPL,IP1020250929,2025-10-02,2025-09-29,2025-10-02,0.0,1.0,SF01PEAUMR,SMC,,,,ZPRV,290,22,184832.0,480191.0,3
11297175.0,4000435178,LUBRIFICATION DES PALIERS,OR004000435178,SF01-UT-FDEM-BASSIN-0IP01A,MOTOPOMPE EAU MER VERS CENTRALE IPO1A MC,,,S-PC-P924 IP 01A,SF1-MCU,GM4,SF01,TCLO CONF CCRP JBFI PART RIMP,SOPL,IP1020250929,2025-10-04,2025-09-29,2025-10-04,0.0,4.0,SF01PEAUMR,SMC,,,,ZEST,350,22,184821.0,480180.0,1
11297176.0,4000435179,LUBRIFICATION DES PALIERS,OR004000435179,SF01-UT-FDEM-BASSIN-0IP04A,MOTOPOMPE EAU MER VERS PPII IPO4A BASSIN,,,S-PC-P924 IP 04A,SF1-MCU,GM4,SF01,TCLO CONF CCRP JBFI PART RIMP,SOPL,IP1020250929,2025-10-06,2025-09-29,2025-10-06,0.0,4.0,SF01PEAUMR,SMC,,,,ZEST,350,19,184833.0,480192.0,4
11297177.0,4000435200,OMS_MESURE VIBRATOIRE PALIERS,OR004000435200,SF01-UT-FDEM-BASSIN-0IP01A,MOTOPOMPE EAU MER VERS CENTRALE IPO1A MC,,,S-PC-P924 IP 01A,SF1-MCU,GM4,SF01,TCLO CONF CCRP JBFI PART RIMP,SOPL,IP1020250929,2025-10-03,2025-09-29,2025-10-04,0.0,1.0,SF01PEAUMR,SMC,,,,ZPRV,290,22,184822.0,480181.0,1
11297178.0,4000435201,OMS_MESURE VIBRATOIRE PALIERS,OR004000435201,SF01-UT-FDEM-BASSIN-0IP04A,MOTOPOMPE EAU MER VERS PPII IPO4A BASSIN,,,S-PC-P924 IP 04A,SF1-MCU,GM4,SF01,TCLO CONF CCRP JBFI PART RIMP,SOPL,IP1020250929,2025-10-02,2025-09-29,2025-10-02,0.0,1.0,SF01PEAUMR,SMC,,,,ZPRV,290,22,184834.0,480193.0,4
11297179.0,4000435202,LUBRIFICATION DES PALIERS,OR004000435202,SF01-UT-FDEM-BASSIN-0IP01B,MOTOPOMPE EAU MER VERS CENTRALE IPO1B MC,,,S-PC-P924 IP 01B,SF1-MCU,GM4,SF01,TCLO CONF CCRP JBFI PART RIMP,SOPL,IP1020250929,2025-10-05,2025-09-29,2025-10-06,0.0,4.0,SF01PEAUMR,SMC,,,,ZEST,350,22,184823.0,480182.0,1
11297190.0,4000435203,LUBRIFICATION DES PALIERS,OR004000435203,SF01-UT-FDEM-BASSIN-0IP04B,MOTOPOMPE EAU MER VERS PPII IPO4B BASSIN,,,S-PC-P924 IP 04B,SF1-MCU,GM4,SF01,TCLO CONF CCRP JBFI PART RIMP,SOPL,IP1020250929,2025-10-26,2025-09-29,2025-10-27,0.0,1.0,SF01PEAUMR,SMC,,,,ZEST,350,10,184835.0,480194.0,4
11297192.0,4000435205,OMS_MESURE VIBRATOIRE PALIERS,OR004000435205,SF01-UT-FDEM-BASSIN-0IP01B,MOTOPOMPE EAU MER VERS CENTRALE IPO1B MC,,,S-PC-P924 IP 01B,SF1-MCU,GM4,SF01,TCLO CONF CCRP JBFI PART RIMP,SOPL,IP1020250929,2025-10-04,2025-09-29,2025-10-04,0.0,1.0,SF01PEAUMR,SMC,,,,ZPRV,290,22,184824.0,480183.0,1
11297193.0,4000435206,OMS_MESURE VIBRATOIRE PALIERS,OR004000435206,SF01-UT-FDEM-BASSIN-0IP04B,MOTOPOMPE EAU MER VERS PPII IPO4B BASSIN,,,S-PC-P924 IP 04B,SF1-MCU,GM4,SF01,TCLO CONF CCRP JBFI PART RIMP,SOPL,IP1020250929,2025-10-03,2025-09-29,2025-10-04,0.0,1.0,SF01PEAUMR,SMC,,,,ZPRV,290,22,184836.0,480195.0,4
11297194.0,4000435207,LUBRIFICATION DES PALIERS,OR004000435207,SF01-UT-FDEM-BASSIN-0IP02A,MOTOPOMPE EAU MER VERS SEM2 IPO2A MC,,,S-PC-P924 IP 02A,SF1-MCU,GM4,SF01,TCLO CONF CCRP JBFI PART RIMP,SOPL,IP1020250929,2025-10-05,2025-09-29,2025-10-06,0.0,4.0,SF01PEAUMR,SMC,,,,ZEST,350,22,184825.0,480184.0,2
11297196.0,4000435209,OMS_MESURE VIBRATOIRE PALIERS,OR004000435209,SF01-UT-FDEM-BASSIN-0IP02A,MOTOPOMPE EAU MER VERS SEM2 IPO2A MC,,,S-PC-P924 IP 02A,SF1-MCU,GM4,SF01,TCLO CONF CCRP JBFI PART RIMP,SOPL,IP1020250929,2025-10-04,2025-09-29,2025-10-04,0.0,1.0,SF01PEAUMR,SMC,,,,ZPRV,290,22,184826.0,480185.0,2
11297198.0,4000435211,LUBRIFICATION DES PALIERS,OR004000435211,SF01-UT-FDEM-BASSIN-0IP02B,MOTOPOMPE EAU MER VERS SEM2 IPO2B,,,S-PC-P924 IP 02B,SF1-MCU,GM4,SF01,TCLO CONF CCRP JBFI PART RIMP,SOPL,IP1020250929,2025-10-06,2025-09-29,2025-10-06,0.0,4.0,SF01PEAUMR,SMC,,,,ZEST,350,22,184827.0,480186.0,2
11297221.0,4000435214,OMS_MESURE VIBRATOIRE PALIERS,OR004000435214,SF01-UT-FDEM-BASSIN-0IP02B,MOTOPOMPE EAU MER VERS SEM2 IPO2B,,,S-PC-P924 IP 02B,SF1-MCU,GM4,SF01,TCLO CONF CCRP JBFI PART RIMP,SOPL,IP1020250929,2025-10-05,2025-09-29,2025-10-06,0.0,1.0,SF01PEAUMR,SMC,,,,ZPRV,290,22,184828.0,480187.0,2
11295586.0,4000437093,fuite entre bride de dilatoflex de la po,OR004000437093,SF01-UT-FDEM-BASSIN-0IP04B,MOTOPOMPE EAU MER VERS PPII IPO4B BASSIN,,,S-PC-P924 IP 04B,SF1-MCU,GM4,SF01,TCLO CONF CCRP JBFI PART RIMP,SOPL,FATHELLAH,2025-10-01,2025-09-29,,4.0,4.4,SF01PEAUMR,SMC,,,,ZCOR,110,0,,,4
11369186.0,4000516026,LUBRIFICATION DES PALIERS,OR004000516026,SF01-UT-FDEM-BASSIN-0IP03A,MOTOPOMPE EAU MER VERS PSII IPO3A BASSIN,,,S-PC-P924 IP 03A,SF1-MCU,GM4,SF01,TCLO CONF CCRP JBFI PART RIMP,SOPL,IP1020251012,2025-10-12,2025-10-12,2025-10-13,0.0,4.0,SF01PEAUMR,SMC,,,,ZEST,350,21,184829.0,480188.0,3
11369187.0,4000516027,LUBRIFICATION DES PALIERS,OR004000516027,SF01-UT-FDEM-BASSIN-0IP03A,MOTOPOMPE EAU MER VERS PSII IPO3A BASSIN,,,S-PC-P924 IP 03A,SF1-MCU,GM4,SF01,TCLO CONF CCRP JBFI PART RIMP,SOPL,IP1020251012,2025-10-15,2025-10-12,2025-10-15,0.0,4.0,SF01PEAUMR,SMC,,,,ZEST,350,22,184829.0,480188.0,3
11369189.0,4000516029,OMS_MESURE VIBRATOIRE PALIERS,OR004000516029,SF01-UT-FDEM-BASSIN-0IP03A,MOTOPOMPE EAU MER VERS PSII IPO3A BASSIN,,,S-PC-P924 IP 03A,SF1-MCU,GM4,SF01,TCLO CONF CCRP JBFI PART RIMP,SOPL,IP1020251012,2025-10-12,2025-10-12,2025-10-13,0.0,1.0,SF01PEAUMR,SMC,,,,ZPRV,290,23,184830.0,480189.0,3
11369231.0,4000516031,OMS_MESURE VIBRATOIRE PALIERS,OR004000516031,SF01-UT-FDEM-BASSIN-0IP03A,MOTOPOMPE EAU MER VERS PSII IPO3A BASSIN,,,S-PC-P924 IP 03A,SF1-MCU,GM4,SF01,TCLO CONF CCRP JBFI PART RIMP,SOPL,IP1020251012,2025-10-16,2025-10-12,2025-10-16,0.0,1.0,SF01PEAUMR,SMC,,,,ZPRV,290,24,184830.0,480189.0,3
11369233.0,4000516033,LUBRIFICATION DES PALIERS,OR004000516033,SF01-UT-FDEM-BASSIN-0IP03B,MOTOPOMPE EAU MER VERS PSII IPO3B BASSIN,,,S-PC-P924 IP 03B,SF1-MCU,GM4,SF01,TCLO CONF CCRP JBFI PART RIMP,SOPL,IP1020251012,2025-10-12,2025-10-12,2025-10-13,0.0,4.0,SF01PEAUMR,SMC,,,,ZEST,350,21,184831.0,480190.0,3
11369234.0,4000516034,LUBRIFICATION DES PALIERS,OR004000516034,SF01-UT-FDEM-BASSIN-0IP03B,MOTOPOMPE EAU MER VERS PSII IPO3B BASSIN,,,S-PC-P924 IP 03B,SF1-MCU,GM4,SF01,TCLO CONF CCRP JBFI PART RIMP,SOPL,IP1020251012,2025-10-15,2025-10-12,2025-10-15,0.0,4.0,SF01PEAUMR,SMC,,,,ZEST,350,22,184831.0,480190.0,3
11369235.0,4000516035,OMS_MESURE VIBRATOIRE PALIERS,OR004000516035,SF01-UT-FDEM-BASSIN-0IP03B,MOTOPOMPE EAU MER VERS PSII IPO3B BASSIN,,,S-PC-P924 IP 03B,SF1-MCU,GM4,SF01,TCLO CONF CCRP JBFI PART RIMP,SOPL,IP1020251012,2025-10-12,2025-10-12,2025-10-13,0.0,1.0,SF01PEAUMR,SMC,,,,ZPRV,290,23,184832.0,480191.0,3
11369236.0,4000516036,OMS_MESURE VIBRATOIRE PALIERS,OR004000516036,SF01-UT-FDEM-BASSIN-0IP03B,MOTOPOMPE EAU MER VERS PSII IPO3B BASSIN,,,S-PC-P924 IP 03B,SF1-MCU,GM4,SF01,TCLO CONF CCRP JBFI PART RIMP,SOPL,IP1020251012,2025-10-16,2025-10-12,2025-10-16,0.0,1.0,SF01PEAUMR,SMC,,,,ZPRV,290,24,184832.0,480191.0,3
11369237.0,4000516037,LUBRIFICATION DES PALIERS,OR004000516037,SF01-UT-FDEM-BASSIN-0IP04A,MOTOPOMPE EAU MER VERS PPII IPO4A BASSIN,,,S-PC-P924 IP 04A,SF1-MCU,GM4,SF01,TCLO CONF CCRP JBFI PART RIMP,SOPL,IP1020251012,2025-10-13,2025-10-12,2025-10-13,0.0,4.0,SF01PEAUMR,SMC,,,,ZEST,350,20,184833.0,480192.0,4
11369255.0,4000516075,LUBRIFICATION DES PALIERS,OR004000516075,SF01-UT-FDEM-BASSIN-0IP01A,MOTOPOMPE EAU MER VERS CENTRALE IPO1A MC,,,S-PC-P924 IP 01A,SF1-MCU,GM4,SF01,TCLO CONF CCRP JBFI PART RIMP,SOPL,IP1020251012,2025-10-12,2025-10-12,2025-10-13,0.0,4.0,SF01PEAUMR,SMC,,,,ZEST,350,23,184821.0,480180.0,1
11369258.0,4000516078,LUBRIFICATION DES PALIERS,OR004000516078,SF01-UT-FDEM-BASSIN-0IP01A,MOTOPOMPE EAU MER VERS CENTRALE IPO1A MC,,,S-PC-P924 IP 01A,SF1-MCU,GM4,SF01,TCLO CONF CCRP JBFI PART RIMP,SOPL,IP1020251012,2025-10-18,2025-10-12,2025-10-18,0.0,4.0,SF01PEAUMR,SMC,,,,ZEST,350,24,184821.0,480180.0,1
11369260.0,4000516100,OMS_MESURE VIBRATOIRE PALIERS,OR004000516100,SF01-UT-FDEM-BASSIN-0IP04A,MOTOPOMPE EAU MER VERS PPII IPO4A BASSIN,,,S-PC-P924 IP 04A,SF1-MCU,GM4,SF01,TCLO CONF CCRP JBFI PART RIMP,SOPL,IP1020251012,2025-10-12,2025-10-12,2025-10-13,0.0,1.0,SF01PEAUMR,SMC,,,,ZPRV,290,23,184834.0,480193.0,4
11369261.0,4000516101,OMS_MESURE VIBRATOIRE PALIERS,OR004000516101,SF01-UT-FDEM-BASSIN-0IP04A,MOTOPOMPE EAU MER VERS PPII IPO4A BASSIN,,,S-PC-P924 IP 04A,SF1-MCU,GM4,SF01,TCLO CONF CCRP JBFI PART RIMP,SOPL,IP1020251012,2025-10-16,2025-10-12,2025-10-16,0.0,1.0,SF01PEAUMR,SMC,,,,ZPRV,290,24,184834.0,480193.0,4
11369263.0,4000516103,LUBRIFICATION DES PALIERS,OR004000516103,SF01-UT-FDEM-BASSIN-0IP04B,MOTOPOMPE EAU MER VERS PPII IPO4B BASSIN,,,S-PC-P924 IP 04B,SF1-MCU,GM4,SF01,TCLO CONF CCRP JBFI PART RIMP,SOPL,IP1020251012,2025-11-10,2025-10-12,2025-11-10,0.0,1.0,SF01PEAUMR,SMC,,,,ZEST,350,11,184835.0,480194.0,4
11369266.0,4000516106,OMS_MESURE VIBRATOIRE PALIERS,OR004000516106,SF01-UT-FDEM-BASSIN-0IP04B,MOTOPOMPE EAU MER VERS PPII IPO4B BASSIN,,,S-PC-P924 IP 04B,SF1-MCU,GM4,SF01,TCLO CONF CCRP JBFI PART RIMP,SOPL,IP1020251012,2025-10-12,2025-10-12,2025-10-13,0.0,1.0,SF01PEAUMR,SMC,,,,ZPRV,290,23,184836.0,480195.0,4
11369267.0,4000516107,OMS_MESURE VIBRATOIRE PALIERS,OR004000516107,SF01-UT-FDEM-BASSIN-0IP04B,MOTOPOMPE EAU MER VERS PPII IPO4B BASSIN,,,S-PC-P924 IP 04B,SF1-MCU,GM4,SF01,TCLO CONF CCRP JBFI PART RIMP,SOPL,IP1020251012,2025-10-17,2025-10-12,2025-10-17,0.0,1.0,SF01PEAUMR,SMC,,,,ZPRV,290,24,184836.0,480195.0,4
11369283.0,4000516123,OMS_MESURE VIBRATOIRE PALIERS,OR004000516123,SF01-UT-FDEM-BASSIN-0IP01A,MOTOPOMPE EAU MER VERS CENTRALE IPO1A MC,,,S-PC-P924 IP 01A,SF1-MCU,GM4,SF01,TCLO CONF CCRP JBFI PART RIMP,SOPL,IP1020251012,2025-10-12,2025-10-12,2025-10-13,0.0,1.0,SF01PEAUMR,SMC,,,,ZPRV,290,23,184822.0,480181.0,1
11369285.0,4000516125,OMS_MESURE VIBRATOIRE PALIERS,OR004000516125,SF01-UT-FDEM-BASSIN-0IP01A,MOTOPOMPE EAU MER VERS CENTRALE IPO1A MC,,,S-PC-P924 IP 01A,SF1-MCU,GM4,SF01,TCLO CONF CCRP JBFI PART RIMP,SOPL,IP1020251012,2025-10-17,2025-10-12,2025-10-17,0.0,1.0,SF01PEAUMR,SMC,,,,ZPRV,290,24,184822.0,480181.0,1
11369287.0,4000516127,LUBRIFICATION DES PALIERS,OR004000516127,SF01-UT-FDEM-BASSIN-0IP01B,MOTOPOMPE EAU MER VERS CENTRALE IPO1B MC,,,S-PC-P924 IP 01B,SF1-MCU,GM4,SF01,TCLO CONF CCRP JBFI PART RIMP,SOPL,IP1020251012,2025-10-12,2025-10-12,2025-10-13,0.0,4.0,SF01PEAUMR,SMC,,,,ZEST,350,23,184823.0,480182.0,1
11369288.0,4000516128,LUBRIFICATION DES PALIERS,OR004000516128,SF01-UT-FDEM-BASSIN-0IP01B,MOTOPOMPE EAU MER VERS CENTRALE IPO1B MC,,,S-PC-P924 IP 01B,SF1-MCU,GM4,SF01,TCLO CONF CCRP JBFI PART RIMP,SOPL,IP1020251012,2025-10-19,2025-10-12,2025-10-20,0.0,4.0,SF01PEAUMR,SMC,,,,ZEST,350,24,184823.0,480182.0,1
11369289.0,4000516129,OMS_MESURE VIBRATOIRE PALIERS,OR004000516129,SF01-UT-FDEM-BASSIN-0IP01B,MOTOPOMPE EAU MER VERS CENTRALE IPO1B MC,,,S-PC-P924 IP 01B,SF1-MCU,GM4,SF01,TCLO CONF CCRP JBFI PART RIMP,SOPL,IP1020251012,2025-10-12,2025-10-12,2025-10-13,0.0,1.0,SF01PEAUMR,SMC,,,,ZPRV,290,23,184824.0,480183.0,1
11369300.0,4000516130,OMS_MESURE VIBRATOIRE PALIERS,OR004000516130,SF01-UT-FDEM-BASSIN-0IP01B,MOTOPOMPE EAU MER VERS CENTRALE IPO1B MC,,,S-PC-P924 IP 01B,SF1-MCU,GM4,SF01,TCLO CONF CCRP JBFI PART RIMP,SOPL,IP1020251012,2025-10-18,2025-10-12,2025-10-18,0.0,1.0,SF01PEAUMR,SMC,,,,ZPRV,290,24,184824.0,480183.0,1
11369301.0,4000516131,LUBRIFICATION DES PALIERS,OR004000516131,SF01-UT-FDEM-BASSIN-0IP02A,MOTOPOMPE EAU MER VERS SEM2 IPO2A MC,,,S-PC-P924 IP 02A,SF1-MCU,GM4,SF01,TCLO CONF CCRP JBFI PART RIMP,SOPL,IP1020251012,2025-10-12,2025-10-12,2025-10-13,0.0,4.0,SF01PEAUMR,SMC,,,,ZEST,350,23,184825.0,480184.0,2
11369302.0,4000516132,LUBRIFICATION DES PALIERS,OR004000516132,SF01-UT-FDEM-BASSIN-0IP02A,MOTOPOMPE EAU MER VERS SEM2 IPO2A MC,,,S-PC-P924 IP 02A,SF1-MCU,GM4,SF01,TCLO CONF CCRP JBFI PART RIMP,SOPL,IP1020251012,2025-10-19,2025-10-12,2025-10-20,0.0,4.0,SF01PEAUMR,SMC,,,,ZEST,350,24,184825.0,480184.0,2
11369303.0,4000516133,OMS_MESURE VIBRATOIRE PALIERS,OR004000516133,SF01-UT-FDEM-BASSIN-0IP02A,MOTOPOMPE EAU MER VERS SEM2 IPO2A MC,,,S-PC-P924 IP 02A,SF1-MCU,GM4,SF01,TCLO CONF CCRP JBFI PART RIMP,SOPL,IP1020251012,2025-10-12,2025-10-12,2025-10-13,0.0,1.0,SF01PEAUMR,SMC,,,,ZPRV,290,23,184826.0,480185.0,2
11369304.0,4000516134,OMS_MESURE VIBRATOIRE PALIERS,OR004000516134,SF01-UT-FDEM-BASSIN-0IP02A,MOTOPOMPE EAU MER VERS SEM2 IPO2A MC,,,S-PC-P924 IP 02A,SF1-MCU,GM4,SF01,TCLO CONF CCRP JBFI PART RIMP,SOPL,IP1020251012,2025-10-18,2025-10-12,2025-10-18,0.0,1.0,SF01PEAUMR,SMC,,,,ZPRV,290,24,184826.0,480185.0,2
11369305.0,4000516135,LUBRIFICATION DES PALIERS,OR004000516135,SF01-UT-FDEM-BASSIN-0IP02B,MOTOPOMPE EAU MER VERS SEM2 IPO2B,,,S-PC-P924 IP 02B,SF1-MCU,GM4,SF01,TCLO CONF CCRP JBFI PART RIMP,SOPL,IP1020251012,2025-10-13,2025-10-12,2025-10-13,0.0,4.0,SF01PEAUMR,SMC,,,,ZEST,350,23,184827.0,480186.0,2
11369306.0,4000516136,OMS_MESURE VIBRATOIRE PALIERS,OR004000516136,SF01-UT-FDEM-BASSIN-0IP02B,MOTOPOMPE EAU MER VERS SEM2 IPO2B,,,S-PC-P924 IP 02B,SF1-MCU,GM4,SF01,TCLO CONF CCRP JBFI PART RIMP,SOPL,IP1020251012,2025-10-12,2025-10-12,2025-10-13,0.0,1.0,SF01PEAUMR,SMC,,,,ZPRV,290,23,184828.0,480187.0,2
11369307.0,4000516137,OMS_MESURE VIBRATOIRE PALIERS,OR004000516137,SF01-UT-FDEM-BASSIN-0IP02B,MOTOPOMPE EAU MER VERS SEM2 IPO2B,,,S-PC-P924 IP 02B,SF1-MCU,GM4,SF01,TCLO CONF CCRP JBFI PART RIMP,SOPL,IP1020251012,2025-10-19,2025-10-12,2025-10-20,0.0,1.0,SF01PEAUMR,SMC,,,,ZPRV,290,24,184828.0,480187.0,2
11378540.0,4000525394,préventif (3 mois) moteur MT,OR004000525394,SF01-UT-FDEM-BASSIN-0IP01A-GMOT-0MOTEUR,MOTEUR ELECTRIQUE MT,,,S-PC-924IP01A-M,SF1-ECU,GM7,SF01,TCLO CONF CCRP JBFI PART RIMP,SOPL,IP1020251013,2026-01-19,2025-10-13,2026-02-25,0.0,4.5,SF01PEAUMR,SMC,,,,ZEST,360,2,213290.0,539366.0,1
11378541.0,4000525395,préventif (3 mois) moteur MT,OR004000525395,SF01-UT-FDEM-BASSIN-0IP01B-GMOT-0MOTEUR,MOTEUR ELECTRIQUE MT,,,S-PC-924IP01B-M,SF1-ECU,GM7,SF01,TCLO CONF CCRP JBFI PART RIMP,SOPL,IP1020251013,2026-01-19,2025-10-13,2026-02-25,0.0,4.5,SF01PEAUMR,SMC,,,,ZEST,360,2,213291.0,539367.0,1
11378542.0,4000525396,préventif (3 mois) moteur MT,OR004000525396,SF01-UT-FDEM-BASSIN-0IP02A-GMOT-0MOTEUR,MOTEUR ELECTRIQUE MT,,,S-PC-924IP02A-M,SF1-ECU,GM7,SF01,TCLO CONF CCRP JBFI PART RIMP,SOPL,IP1020251013,2026-01-19,2025-10-13,2026-02-25,0.0,4.5,SF01PEAUMR,SMC,,,,ZEST,360,2,213292.0,539368.0,2
11378543.0,4000525397,préventif (3 mois) moteur MT,OR004000525397,SF01-UT-FDEM-BASSIN-0IP02B-GMOT-0MOTEUR,MOTEUR ELECTRIQUE MT,,,S-PC-924IP02B-M,SF1-ECU,GM7,SF01,TCLO CONF CCRP JBFI PART RIMP,SOPL,IP1020251013,2026-01-19,2025-10-13,2026-02-25,0.0,4.5,SF01PEAUMR,SMC,,,,ZEST,360,2,213293.0,539369.0,2
11378544.0,4000525398,préventif (3 mois) moteur MT,OR004000525398,SF01-UT-FDEM-BASSIN-0IP03A-GMOT-0MOTEUR,MOTEUR ELECTRIQUE MT,,,S-PC-924IP03A-M,SF1-ECU,GM7,SF01,TCLO CONF CCRP JBFI PART RIMP,SOPL,IP1020251013,2026-01-19,2025-10-13,2026-02-25,0.0,4.5,SF01PEAUMR,SMC,,,,ZEST,360,2,213294.0,539370.0,3
11378545.0,4000525399,préventif (3 mois) moteur MT,OR004000525399,SF01-UT-FDEM-BASSIN-0IP03B-GMOT-0MOTEUR,MOTEUR ELECTRIQUE MT,,,S-PC-924IP03B-M,SF1-ECU,GM7,SF01,TCLO CONF CCRP JBFI PART RIMP,SOPL,IP1020251013,2026-01-19,2025-10-13,2026-02-25,0.0,4.5,SF01PEAUMR,SMC,,,,ZEST,360,2,213295.0,539371.0,3
11378546.0,4000525480,préventif (3 mois) moteur MT,OR004000525480,SF01-UT-FDEM-BASSIN-0IP04A-GMOT-0MOTEUR,MOTEUR ELECTRIQUE MT,,,S-PC-924IP04A-M,SF1-ECU,GM7,SF01,TCLO CONF CCRP JBFI PART RIMP,SOPL,IP1020251013,2026-01-19,2025-10-13,2026-02-25,0.0,4.5,SF01PEAUMR,SMC,,,,ZEST,360,2,213296.0,539372.0,4
11378547.0,4000525481,préventif (3 mois) moteur MT,OR004000525481,SF01-UT-FDEM-BASSIN-0IP04B-GMOT-0MOTEUR,MOTEUR ELECTRIQUE MT,,,S-PC-924IP04B-M,SF1-ECU,GM7,SF01,TCLO CONF CCRP JBFI PART RIMP,SOPL,IP1020251013,2026-01-19,2025-10-13,2026-02-25,0.0,4.5,SF01PEAUMR,SMC,,,,ZEST,360,2,213297.0,539373.0,4
11378613.0,4000525578,Préventif systématique,OR004000525578,SF01-UT-FDEM-BASSIN-0IP01A-CRSV-924VT670,CAPTEUR DE VIBRATION DE LA POMPE IP01 A,,,S-PC-924 VT 670 AE,SF1-RCU,GM0,SF01,TCLO CONF CCRP JBFI PART RIMP,SOPL,IP1020251013,2026-01-19,2025-10-13,2026-02-17,0.0,0.8,SF01PEAUMR,SMC,,,,ZEST,360,2,218871.0,554980.0,1
11378617.0,4000525602,Préventif systématique,OR004000525602,SF01-UT-FDEM-BASSIN-0IP01B-CRSV-924VT671,VIBRATION DE POMPE IP01B,,,S-PC-924 VT 671 AE,SF1-RCU,GM0,SF01,TCLO CONF CCRP JBFI PART RIMP,SOPL,IP1020251013,2026-01-19,2025-10-13,2026-02-18,0.0,1.1,SF01PEAUMR,SMC,,,,ZEST,360,2,218872.0,554981.0,1
11378619.0,4000525604,Préventif systématique,OR004000525604,SF01-UT-FDEM-BASSIN-0IP03A-CRSV-924VT674,CAPTEUR DE VIBRATION DE LA POMP IP03 A,,,S-PC-924 VT 674 AE,SF1-RCU,GM0,SF01,TCLO CONF CCRP JBFI PART RIMP,SOPL,IP1020251013,2026-01-19,2025-10-13,2026-02-18,0.0,1.1,SF01PEAUMR,SMC,,,,ZEST,360,2,218873.0,554982.0,3
11378641.0,4000525606,Préventif systématique,OR004000525606,SF01-UT-FDEM-BASSIN-0IP03B-CRSV-924VT675,CAPTEUR DE VIBRATION DE LA POMPE IP03 B,,,S-PC-924 VT 675 AE,SF1-RCU,GM0,SF01,TCLO CONF CCRP JBFI PART RIMP,SOPL,IP1020251013,2026-01-19,2025-10-13,2026-02-18,0.0,1.1,SF01PEAUMR,SMC,,,,ZEST,360,2,218874.0,554983.0,3
11378643.0,4000525608,Préventif systématique,OR004000525608,SF01-UT-FDEM-BASSIN-0IP04A-CRSV-924VT676,CAPTEUR DE VIBRATION DE LA POMPE IP04 A,,,S-PC-924 VT 676 AE,SF1-RCU,GM0,SF01,TCLO CONF CCRP JBFI PART RIMP,SOPL,IP1020251013,2026-01-19,2025-10-13,2026-02-18,0.0,1.1,SF01PEAUMR,SMC,,,,ZEST,360,2,218875.0,554984.0,4
11378644.0,4000525609,Préventif systématique,OR004000525609,SF01-UT-FDEM-BASSIN-0IP04B-CRSV-924VT677,CAPTEUR DE VIBRATION DE LA POMPE IP04 B,,,S-PC-924 VT 677 AE,SF1-RCU,GM0,SF01,TCLO CONF CCRP JBFI PART RIMP,SOPL,IP1020251013,2026-01-19,2025-10-13,2026-02-18,0.0,1.1,SF01PEAUMR,SMC,,,,ZEST,360,2,218876.0,554985.0,4
11378645.0,4000525610,Préventif systématique,OR004000525610,SF01-UT-FDEM-BASSIN-0IP04B-CRSV-924PV009,VANNE DE DECHARGE IP04,,,S-PC-924 PV 009 E,SF1-RCU,GM0,SF01,TCLO CONF CCRP JBFI PART RIMP,SOPL,IP1020251013,2026-01-19,2025-10-13,2026-02-18,0.0,2.9,SF01PEAUMR,SMC,,,,ZEST,360,2,218867.0,554976.0,4
,4000536505,Etanchement fuite sur refoulement pompe,OR004000536505,SF01-UT-FDEM-BASSIN-0IP04A,MOTOPOMPE EAU MER VERS PPII IPO4A BASSIN,,,S-PC-P924 IP 04A,SF1-MCU,GM4,SF01,TCLO CONF CCRP JBFI PART RIMP,SOPL,MATAR1,2025-10-16,2025-10-16,,2.0,2.4,SF01PEAUMR,SMC,,,2.0,ZCOR,110,0,,,4
,4000538202,Mise en place d’une conduite de décha,OR004000538202,SF01-UT-FDEM-BASSIN-0IP04A,MOTOPOMPE EAU MER VERS PPII IPO4A BASSIN,,,S-PC-P924 IP 04A,SF1-MCU,GM4,SF01,TCLO CONF ARTM CCRP ERCT JBFI RIMP,SOPL,FATHELLAH,2025-11-05,2025-10-17,,25066.14,36.0,SF01PEAUMR,SMC,,,,ZCOR,110,0,,,4
11402695.0,4000622503,serrage des tresses de la pompe IP02/B,OR004000622503,SF01-UT-FDEM-BASSIN-0IP02B,MOTOPOMPE EAU MER VERS SEM2 IPO2B,,,S-PC-P924 IP 02B,SF1-MCU,GM4,SF01,TCLO CONF CCRP JBFI PART RIMP,SOPL,MATAR1,2025-10-29,2025-10-29,,2.0,2.4,SF01PEAUMR,SMC,,,2.0,ZCOR,110,0,,,2
11497838.0,4000655555,LUBRIFICATION DES PALIERS,OR004000655555,SF01-UT-FDEM-BASSIN-0IP03A,MOTOPOMPE EAU MER VERS PSII IPO3A BASSIN,,,S-PC-P924 IP 03A,SF1-MCU,GM4,SF01,TCLO CONF CCRP JBFI PART RIMP,SOPL,IP1020251103,2025-11-03,2025-11-03,2025-11-04,0.0,4.5,SF01PEAUMR,SMC,,,,ZEST,350,23,184829.0,480188.0,3
11497839.0,4000655556,LUBRIFICATION DES PALIERS,OR004000655556,SF01-UT-FDEM-BASSIN-0IP03A,MOTOPOMPE EAU MER VERS PSII IPO3A BASSIN,,,S-PC-P924 IP 03A,SF1-MCU,GM4,SF01,TCLO CONF CCRP JBFI PART RIMP,SOPL,IP1020251103,2025-11-03,2025-11-03,2025-11-04,0.0,4.5,SF01PEAUMR,SMC,,,,ZEST,350,24,184829.0,480188.0,3
11497870.0,4000655557,LUBRIFICATION DES PALIERS,OR004000655557,SF01-UT-FDEM-BASSIN-0IP03A,MOTOPOMPE EAU MER VERS PSII IPO3A BASSIN,,,S-PC-P924 IP 03A,SF1-MCU,GM4,SF01,TCLO CONF CCRP JBFI PART RIMP,SOPL,IP1020251103,2025-11-05,2025-11-03,2025-11-05,0.0,4.2,SF01PEAUMR,SMC,,,,ZEST,350,25,184829.0,480188.0,3
11497873.0,4000655580,OMS_MESURE VIBRATOIRE PALIERS,OR004000655580,SF01-UT-FDEM-BASSIN-0IP03A,MOTOPOMPE EAU MER VERS PSII IPO3A BASSIN,,,S-PC-P924 IP 03A,SF1-MCU,GM4,SF01,TCLO CONF CCRP JBFI PART RIMP,SOPL,IP1020251103,2025-11-03,2025-11-03,2025-11-04,0.0,1.5,SF01PEAUMR,SMC,,,,ZPRV,290,25,184830.0,480189.0,3
11497874.0,4000655581,OMS_MESURE VIBRATOIRE PALIERS,OR004000655581,SF01-UT-FDEM-BASSIN-0IP03A,MOTOPOMPE EAU MER VERS PSII IPO3A BASSIN,,,S-PC-P924 IP 03A,SF1-MCU,GM4,SF01,TCLO CONF CCRP JBFI PART RIMP,SOPL,IP1020251103,2025-11-03,2025-11-03,2025-11-04,0.0,1.5,SF01PEAUMR,SMC,,,,ZPRV,290,26,184830.0,480189.0,3
11497875.0,4000655582,OMS_MESURE VIBRATOIRE PALIERS,OR004000655582,SF01-UT-FDEM-BASSIN-0IP03A,MOTOPOMPE EAU MER VERS PSII IPO3A BASSIN,,,S-PC-P924 IP 03A,SF1-MCU,GM4,SF01,TCLO CONF CCRP JBFI PART RIMP,SOPL,IP1020251103,2025-11-06,2025-11-03,2025-11-07,0.0,1.0,SF01PEAUMR,SMC,,,,ZPRV,290,27,184830.0,480189.0,3
11497877.0,4000655584,LUBRIFICATION DES PALIERS,OR004000655584,SF01-UT-FDEM-BASSIN-0IP03B,MOTOPOMPE EAU MER VERS PSII IPO3B BASSIN,,,S-PC-P924 IP 03B,SF1-MCU,GM4,SF01,TCLO CONF CCRP JBFI PART RIMP,SOPL,IP1020251103,2025-11-03,2025-11-03,2025-11-04,0.0,4.5,SF01PEAUMR,SMC,,,,ZEST,350,23,184831.0,480190.0,3
11497879.0,4000655586,LUBRIFICATION DES PALIERS,OR004000655586,SF01-UT-FDEM-BASSIN-0IP03B,MOTOPOMPE EAU MER VERS PSII IPO3B BASSIN,,,S-PC-P924 IP 03B,SF1-MCU,GM4,SF01,TCLO CONF CCRP JBFI PART RIMP,SOPL,IP1020251103,2025-11-03,2025-11-03,2025-11-04,0.0,4.5,SF01PEAUMR,SMC,,,,ZEST,350,24,184831.0,480190.0,3
11497891.0,4000655588,LUBRIFICATION DES PALIERS,OR004000655588,SF01-UT-FDEM-BASSIN-0IP03B,MOTOPOMPE EAU MER VERS PSII IPO3B BASSIN,,,S-PC-P924 IP 03B,SF1-MCU,GM4,SF01,TCLO CONF CCRP JBFI PART RIMP,SOPL,IP1020251103,2025-11-05,2025-11-03,2025-11-05,0.0,4.2,SF01PEAUMR,SMC,,,,ZEST,350,25,184831.0,480190.0,3
11497894.0,4000655591,OMS_MESURE VIBRATOIRE PALIERS,OR004000655591,SF01-UT-FDEM-BASSIN-0IP03B,MOTOPOMPE EAU MER VERS PSII IPO3B BASSIN,,,S-PC-P924 IP 03B,SF1-MCU,GM4,SF01,TCLO CONF CCRP JBFI PART RIMP,SOPL,IP1020251103,2025-11-03,2025-11-03,2025-11-04,0.0,1.5,SF01PEAUMR,SMC,,,,ZPRV,290,25,184832.0,480191.0,3
11497895.0,4000655592,OMS_MESURE VIBRATOIRE PALIERS,OR004000655592,SF01-UT-FDEM-BASSIN-0IP03B,MOTOPOMPE EAU MER VERS PSII IPO3B BASSIN,,,S-PC-P924 IP 03B,SF1-MCU,GM4,SF01,TCLO CONF CCRP JBFI PART RIMP,SOPL,IP1020251103,2025-11-03,2025-11-03,2025-11-04,0.0,1.5,SF01PEAUMR,SMC,,,,ZPRV,290,26,184832.0,480191.0,3
11497896.0,4000655593,OMS_MESURE VIBRATOIRE PALIERS,OR004000655593,SF01-UT-FDEM-BASSIN-0IP03B,MOTOPOMPE EAU MER VERS PSII IPO3B BASSIN,,,S-PC-P924 IP 03B,SF1-MCU,GM4,SF01,TCLO CONF CCRP JBFI PART RIMP,SOPL,IP1020251103,2025-11-06,2025-11-03,2025-11-07,0.0,1.0,SF01PEAUMR,SMC,,,,ZPRV,290,27,184832.0,480191.0,3
11497921.0,4000655598,LUBRIFICATION DES PALIERS,OR004000655598,SF01-UT-FDEM-BASSIN-0IP04A,MOTOPOMPE EAU MER VERS PPII IPO4A BASSIN,,,S-PC-P924 IP 04A,SF1-MCU,GM4,SF01,TCLO CONF CCRP JBFI PART RIMP,SOPL,IP1020251103,2025-11-03,2025-11-03,2025-11-04,0.0,4.5,SF01PEAUMR,SMC,,,,ZEST,350,21,184833.0,480192.0,4
11497923.0,4000655640,LUBRIFICATION DES PALIERS,OR004000655640,SF01-UT-FDEM-BASSIN-0IP04A,MOTOPOMPE EAU MER VERS PPII IPO4A BASSIN,,,S-PC-P924 IP 04A,SF1-MCU,GM4,SF01,TCLO CONF CCRP JBFI PART RIMP,SOPL,IP1020251103,2025-11-03,2025-11-03,2025-11-04,0.0,4.5,SF01PEAUMR,SMC,,,,ZEST,350,22,184833.0,480192.0,4
11497925.0,4000655642,LUBRIFICATION DES PALIERS,OR004000655642,SF01-UT-FDEM-BASSIN-0IP04A,MOTOPOMPE EAU MER VERS PPII IPO4A BASSIN,,,S-PC-P924 IP 04A,SF1-MCU,GM4,SF01,TCLO CONF CCRP JBFI PART RIMP,SOPL,IP1020251103,2025-11-03,2025-11-03,2025-11-04,0.0,4.5,SF01PEAUMR,SMC,,,,ZEST,350,23,184833.0,480192.0,4
11497926.0,4000655643,LUBRIFICATION DES PALIERS,OR004000655643,SF01-UT-FDEM-BASSIN-0IP04A,MOTOPOMPE EAU MER VERS PPII IPO4A BASSIN,,,S-PC-P924 IP 04A,SF1-MCU,GM4,SF01,TCLO CONF CCRP JBFI PART RIMP,SOPL,IP1020251103,2025-11-10,2025-11-03,2025-11-10,0.0,4.0,SF01PEAUMR,SMC,,,,ZEST,350,24,184833.0,480192.0,4
11497931.0,4000655648,OMS_MESURE VIBRATOIRE PALIERS,OR004000655648,SF01-UT-FDEM-BASSIN-0IP04A,MOTOPOMPE EAU MER VERS PPII IPO4A BASSIN,,,S-PC-P924 IP 04A,SF1-MCU,GM4,SF01,TCLO CONF CCRP JBFI PART RIMP,SOPL,IP1020251103,2025-11-03,2025-11-03,2025-11-04,0.0,1.5,SF01PEAUMR,SMC,,,,ZPRV,290,25,184834.0,480193.0,4
11497932.0,4000655649,OMS_MESURE VIBRATOIRE PALIERS,OR004000655649,SF01-UT-FDEM-BASSIN-0IP04A,MOTOPOMPE EAU MER VERS PPII IPO4A BASSIN,,,S-PC-P924 IP 04A,SF1-MCU,GM4,SF01,TCLO CONF CCRP JBFI PART RIMP,SOPL,IP1020251103,2025-11-03,2025-11-03,2025-11-04,0.0,1.5,SF01PEAUMR,SMC,,,,ZPRV,290,26,184834.0,480193.0,4
11497933.0,4000655650,OMS_MESURE VIBRATOIRE PALIERS,OR004000655650,SF01-UT-FDEM-BASSIN-0IP04A,MOTOPOMPE EAU MER VERS PPII IPO4A BASSIN,,,S-PC-P924 IP 04A,SF1-MCU,GM4,SF01,TCLO CONF CCRP JBFI PART RIMP,SOPL,IP1020251103,2025-11-06,2025-11-03,2025-11-07,0.0,1.0,SF01PEAUMR,SMC,,,,ZPRV,290,27,184834.0,480193.0,4
11497939.0,4000655656,LUBRIFICATION DES PALIERS,OR004000655656,SF01-UT-FDEM-BASSIN-0IP04B,MOTOPOMPE EAU MER VERS PPII IPO4B BASSIN,,,S-PC-P924 IP 04B,SF1-MCU,GM4,SF01,TCLO CONF CCRP JBFI PART RIMP,SOPL,IP1020251103,2025-11-25,2025-11-03,2025-11-25,0.0,1.0,SF01PEAUMR,SMC,,,,ZEST,350,12,184835.0,480194.0,4
11497946.0,4000655668,LUBRIFICATION DES PALIERS,OR004000655668,SF01-UT-FDEM-BASSIN-0IP01A,MOTOPOMPE EAU MER VERS CENTRALE IPO1A MC,,,S-PC-P924 IP 01A,SF1-MCU,GM4,SF01,TCLO CONF CCRP JBFI PART RIMP,SOPL,IP1020251103,2025-11-03,2025-11-03,2025-11-04,0.0,4.5,SF01PEAUMR,SMC,,,,ZEST,350,25,184821.0,480180.0,1
11497947.0,4000655669,LUBRIFICATION DES PALIERS,OR004000655669,SF01-UT-FDEM-BASSIN-0IP01A,MOTOPOMPE EAU MER VERS CENTRALE IPO1A MC,,,S-PC-P924 IP 01A,SF1-MCU,GM4,SF01,TCLO CONF CCRP JBFI PART RIMP,SOPL,IP1020251103,2025-11-03,2025-11-03,2025-11-04,0.0,4.5,SF01PEAUMR,SMC,,,,ZEST,350,26,184821.0,480180.0,1
11497948.0,4000655670,LUBRIFICATION DES PALIERS,OR004000655670,SF01-UT-FDEM-BASSIN-0IP01A,MOTOPOMPE EAU MER VERS CENTRALE IPO1A MC,,,S-PC-P924 IP 01A,SF1-MCU,GM4,SF01,TCLO CONF CCRP JBFI PART RIMP,SOPL,IP1020251103,2025-11-08,2025-11-03,2025-11-10,0.0,4.0,SF01PEAUMR,SMC,,,,ZEST,350,27,184821.0,480180.0,1
11497992.0,4000655674,OMS_MESURE VIBRATOIRE PALIERS,OR004000655674,SF01-UT-FDEM-BASSIN-0IP01A,MOTOPOMPE EAU MER VERS CENTRALE IPO1A MC,,,S-PC-P924 IP 01A,SF1-MCU,GM4,SF01,TCLO CONF CCRP JBFI PART RIMP,SOPL,IP1020251103,2025-11-03,2025-11-03,2025-11-04,0.0,1.5,SF01PEAUMR,SMC,,,,ZPRV,290,25,184822.0,480181.0,1
11497993.0,4000655675,OMS_MESURE VIBRATOIRE PALIERS,OR004000655675,SF01-UT-FDEM-BASSIN-0IP01A,MOTOPOMPE EAU MER VERS CENTRALE IPO1A MC,,,S-PC-P924 IP 01A,SF1-MCU,GM4,SF01,TCLO CONF CCRP JBFI PART RIMP,SOPL,IP1020251103,2025-11-03,2025-11-03,2025-11-04,0.0,1.5,SF01PEAUMR,SMC,,,,ZPRV,290,26,184822.0,480181.0,1
11497994.0,4000655676,OMS_MESURE VIBRATOIRE PALIERS,OR004000655676,SF01-UT-FDEM-BASSIN-0IP01A,MOTOPOMPE EAU MER VERS CENTRALE IPO1A MC,,,S-PC-P924 IP 01A,SF1-MCU,GM4,SF01,TCLO CONF CCRP JBFI PART RIMP,SOPL,IP1020251103,2025-11-07,2025-11-03,2025-11-07,0.0,1.0,SF01PEAUMR,SMC,,,,ZPRV,290,27,184822.0,480181.0,1
11497965.0,4000655682,OMS_MESURE VIBRATOIRE PALIERS,OR004000655682,SF01-UT-FDEM-BASSIN-0IP04B,MOTOPOMPE EAU MER VERS PPII IPO4B BASSIN,,,S-PC-P924 IP 04B,SF1-MCU,GM4,SF01,TCLO CONF CCRP JBFI PART RIMP,SOPL,IP1020251103,2025-11-03,2025-11-03,2025-11-04,0.0,1.5,SF01PEAUMR,SMC,,,,ZPRV,290,25,184836.0,480195.0,4
11497967.0,4000655684,OMS_MESURE VIBRATOIRE PALIERS,OR004000655684,SF01-UT-FDEM-BASSIN-0IP04B,MOTOPOMPE EAU MER VERS PPII IPO4B BASSIN,,,S-PC-P924 IP 04B,SF1-MCU,GM4,SF01,TCLO CONF CCRP JBFI PART RIMP,SOPL,IP1020251103,2025-11-03,2025-11-03,2025-11-04,0.0,1.5,SF01PEAUMR,SMC,,,,ZPRV,290,26,184836.0,480195.0,4
11497968.0,4000655685,OMS_MESURE VIBRATOIRE PALIERS,OR004000655685,SF01-UT-FDEM-BASSIN-0IP04B,MOTOPOMPE EAU MER VERS PPII IPO4B BASSIN,,,S-PC-P924 IP 04B,SF1-MCU,GM4,SF01,TCLO CONF CCRP JBFI PART RIMP,SOPL,IP1020251103,2025-11-07,2025-11-03,2025-11-07,0.0,1.0,SF01PEAUMR,SMC,,,,ZPRV,290,27,184836.0,480195.0,4
11497998.0,4000655720,LUBRIFICATION DES PALIERS,OR004000655720,SF01-UT-FDEM-BASSIN-0IP01B,MOTOPOMPE EAU MER VERS CENTRALE IPO1B MC,,,S-PC-P924 IP 01B,SF1-MCU,GM4,SF01,TCLO CONF CCRP JBFI PART RIMP,SOPL,IP1020251103,2025-11-03,2025-11-03,2025-11-04,0.0,4.2,SF01PEAUMR,SMC,,,,ZEST,350,25,184823.0,480182.0,1
11497999.0,4000655721,LUBRIFICATION DES PALIERS,OR004000655721,SF01-UT-FDEM-BASSIN-0IP01B,MOTOPOMPE EAU MER VERS CENTRALE IPO1B MC,,,S-PC-P924 IP 01B,SF1-MCU,GM4,SF01,TCLO CONF CCRP JBFI PART RIMP,SOPL,IP1020251103,2025-11-03,2025-11-03,2025-11-04,0.0,4.2,SF01PEAUMR,SMC,,,,ZEST,350,26,184823.0,480182.0,1
11498010.0,4000655722,LUBRIFICATION DES PALIERS,OR004000655722,SF01-UT-FDEM-BASSIN-0IP01B,MOTOPOMPE EAU MER VERS CENTRALE IPO1B MC,,,S-PC-P924 IP 01B,SF1-MCU,GM4,SF01,TCLO CONF CCRP JBFI PART RIMP,SOPL,IP1020251103,2025-11-09,2025-11-03,2025-11-10,0.0,4.0,SF01PEAUMR,SMC,,,,ZEST,350,27,184823.0,480182.0,1
11498014.0,4000655726,OMS_MESURE VIBRATOIRE PALIERS,OR004000655726,SF01-UT-FDEM-BASSIN-0IP01B,MOTOPOMPE EAU MER VERS CENTRALE IPO1B MC,,,S-PC-P924 IP 01B,SF1-MCU,GM4,SF01,TCLO CONF CCRP JBFI PART RIMP,SOPL,IP1020251103,2025-11-03,2025-11-03,2025-11-04,0.0,1.2,SF01PEAUMR,SMC,,,,ZPRV,290,25,184824.0,480183.0,1
11498016.0,4000655728,OMS_MESURE VIBRATOIRE PALIERS,OR004000655728,SF01-UT-FDEM-BASSIN-0IP01B,MOTOPOMPE EAU MER VERS CENTRALE IPO1B MC,,,S-PC-P924 IP 01B,SF1-MCU,GM4,SF01,TCLO CONF CCRP JBFI PART RIMP,SOPL,IP1020251103,2025-11-03,2025-11-03,2025-11-04,0.0,1.2,SF01PEAUMR,SMC,,,,ZPRV,290,26,184824.0,480183.0,1
11498017.0,4000655729,OMS_MESURE VIBRATOIRE PALIERS,OR004000655729,SF01-UT-FDEM-BASSIN-0IP01B,MOTOPOMPE EAU MER VERS CENTRALE IPO1B MC,,,S-PC-P924 IP 01B,SF1-MCU,GM4,SF01,TCLO CONF CCRP JBFI PART RIMP,SOPL,IP1020251103,2025-11-08,2025-11-03,2025-11-10,0.0,1.0,SF01PEAUMR,SMC,,,,ZPRV,290,27,184824.0,480183.0,1
11498018.0,4000655730,LUBRIFICATION DES PALIERS,OR004000655730,SF01-UT-FDEM-BASSIN-0IP02A,MOTOPOMPE EAU MER VERS SEM2 IPO2A MC,,,S-PC-P924 IP 02A,SF1-MCU,GM4,SF01,TCLO CONF CCRP JBFI PART RIMP,SOPL,IP1020251103,2025-11-03,2025-11-03,2025-11-04,0.0,4.2,SF01PEAUMR,SMC,,,,ZEST,350,25,184825.0,480184.0,2
11498019.0,4000655731,LUBRIFICATION DES PALIERS,OR004000655731,SF01-UT-FDEM-BASSIN-0IP02A,MOTOPOMPE EAU MER VERS SEM2 IPO2A MC,,,S-PC-P924 IP 02A,SF1-MCU,GM4,SF01,TCLO CONF CCRP JBFI PART RIMP,SOPL,IP1020251103,2025-11-03,2025-11-03,2025-11-04,0.0,4.2,SF01PEAUMR,SMC,,,,ZEST,350,26,184825.0,480184.0,2
11498030.0,4000655732,LUBRIFICATION DES PALIERS,OR004000655732,SF01-UT-FDEM-BASSIN-0IP02A,MOTOPOMPE EAU MER VERS SEM2 IPO2A MC,,,S-PC-P924 IP 02A,SF1-MCU,GM4,SF01,TCLO CONF CCRP JBFI PART RIMP,SOPL,IP1020251103,2025-11-09,2025-11-03,2025-11-10,0.0,4.0,SF01PEAUMR,SMC,,,,ZEST,350,27,184825.0,480184.0,2
11498031.0,4000655733,OMS_MESURE VIBRATOIRE PALIERS,OR004000655733,SF01-UT-FDEM-BASSIN-0IP02A,MOTOPOMPE EAU MER VERS SEM2 IPO2A MC,,,S-PC-P924 IP 02A,SF1-MCU,GM4,SF01,TCLO CONF CCRP JBFI PART RIMP,SOPL,IP1020251103,2025-11-03,2025-11-03,2025-11-04,0.0,1.2,SF01PEAUMR,SMC,,,,ZPRV,290,25,184826.0,480185.0,2
11498032.0,4000655734,OMS_MESURE VIBRATOIRE PALIERS,OR004000655734,SF01-UT-FDEM-BASSIN-0IP02A,MOTOPOMPE EAU MER VERS SEM2 IPO2A MC,,,S-PC-P924 IP 02A,SF1-MCU,GM4,SF01,TCLO CONF CCRP JBFI PART RIMP,SOPL,IP1020251103,2025-11-03,2025-11-03,2025-11-04,0.0,1.2,SF01PEAUMR,SMC,,,,ZPRV,290,26,184826.0,480185.0,2
11498033.0,4000655735,OMS_MESURE VIBRATOIRE PALIERS,OR004000655735,SF01-UT-FDEM-BASSIN-0IP02A,MOTOPOMPE EAU MER VERS SEM2 IPO2A MC,,,S-PC-P924 IP 02A,SF1-MCU,GM4,SF01,TCLO CONF CCRP JBFI PART RIMP,SOPL,IP1020251103,2025-11-08,2025-11-03,2025-11-10,0.0,1.0,SF01PEAUMR,SMC,,,,ZPRV,290,27,184826.0,480185.0,2
11498034.0,4000655736,LUBRIFICATION DES PALIERS,OR004000655736,SF01-UT-FDEM-BASSIN-0IP02B,MOTOPOMPE EAU MER VERS SEM2 IPO2B,,,S-PC-P924 IP 02B,SF1-MCU,GM4,SF01,TCLO CONF CCRP JBFI PART RIMP,SOPL,IP1020251103,2025-11-03,2025-11-03,2025-11-04,0.0,4.2,SF01PEAUMR,SMC,,,,ZEST,350,24,184827.0,480186.0,2
11498035.0,4000655737,LUBRIFICATION DES PALIERS,OR004000655737,SF01-UT-FDEM-BASSIN-0IP02B,MOTOPOMPE EAU MER VERS SEM2 IPO2B,,,S-PC-P924 IP 02B,SF1-MCU,GM4,SF01,TCLO CONF CCRP JBFI PART RIMP,SOPL,IP1020251103,2025-11-03,2025-11-03,2025-11-04,0.0,4.2,SF01PEAUMR,SMC,,,,ZEST,350,25,184827.0,480186.0,2
11498036.0,4000655738,LUBRIFICATION DES PALIERS,OR004000655738,SF01-UT-FDEM-BASSIN-0IP02B,MOTOPOMPE EAU MER VERS SEM2 IPO2B,,,S-PC-P924 IP 02B,SF1-MCU,GM4,SF01,TCLO CONF CCRP JBFI PART RIMP,SOPL,IP1020251103,2025-11-03,2025-11-03,2025-11-04,0.0,4.2,SF01PEAUMR,SMC,,,,ZEST,350,26,184827.0,480186.0,2
11498037.0,4000655739,LUBRIFICATION DES PALIERS,OR004000655739,SF01-UT-FDEM-BASSIN-0IP02B,MOTOPOMPE EAU MER VERS SEM2 IPO2B,,,S-PC-P924 IP 02B,SF1-MCU,GM4,SF01,TCLO CONF CCRP JBFI PART RIMP,SOPL,IP1020251103,2025-11-10,2025-11-03,2025-11-10,0.0,4.0,SF01PEAUMR,SMC,,,,ZEST,350,27,184827.0,480186.0,2
11498039.0,4000655741,OMS_MESURE VIBRATOIRE PALIERS,OR004000655741,SF01-UT-FDEM-BASSIN-0IP02B,MOTOPOMPE EAU MER VERS SEM2 IPO2B,,,S-PC-P924 IP 02B,SF1-MCU,GM4,SF01,TCLO CONF CCRP JBFI PART RIMP,SOPL,IP1020251103,2025-11-03,2025-11-03,2025-11-04,0.0,1.2,SF01PEAUMR,SMC,,,,ZPRV,290,25,184828.0,480187.0,2
11498041.0,4000655743,OMS_MESURE VIBRATOIRE PALIERS,OR004000655743,SF01-UT-FDEM-BASSIN-0IP02B,MOTOPOMPE EAU MER VERS SEM2 IPO2B,,,S-PC-P924 IP 02B,SF1-MCU,GM4,SF01,TCLO CONF CCRP JBFI PART RIMP,SOPL,IP1020251103,2025-11-03,2025-11-03,2025-11-04,0.0,1.2,SF01PEAUMR,SMC,,,,ZPRV,290,26,184828.0,480187.0,2
11498042.0,4000655744,OMS_MESURE VIBRATOIRE PALIERS,OR004000655744,SF01-UT-FDEM-BASSIN-0IP02B,MOTOPOMPE EAU MER VERS SEM2 IPO2B,,,S-PC-P924 IP 02B,SF1-MCU,GM4,SF01,TCLO CONF CCRP JBFI PART RIMP,SOPL,IP1020251103,2025-11-09,2025-11-03,2025-11-10,0.0,1.0,SF01PEAUMR,SMC,,,,ZPRV,290,27,184828.0,480187.0,2
10124313.0,4000677921,Démontage de la pompe d'eau de mer IP04A,OR004000677921,SF01-UT-FDEM-BASSIN-0IP04A,MOTOPOMPE EAU MER VERS PPII IPO4A BASSIN,,,S-PC-P924 IP 04A,SF1-MCU,GM4,SF01,TCLO CONF CCRP JBFI PART RIMP,SOPL,MATAR1,2025-11-10,2025-11-10,,4.0,4.4,SF01PEAUMR,SMC,,,2.0,ZCOR,110,0,,,4
11416857.0,4000697843,SF01-UT-FDEM-BASSIN-0IP04A,OR004000697843,SF01-UT-FDEM-BASSIN-0IP04A,MOTOPOMPE EAU MER VERS PPII IPO4A BASSIN,,,S-PC-P924 IP 04A,SF1-MCU,GM4,SF01,TCLO CONF CCRP JBFI PART RIMP,SOPL,MATAR1,2025-11-14,2025-11-14,,4.0,4.4,SF01PEAUMR,SMC,,,2.0,ZCOR,110,0,,,4
11554988.0,4000704578,préventif (6 mois) moteur MT,OR004000704578,SF01-UT-FDEM-BASSIN-0IP01A-GMOT-0MOTEUR,MOTEUR ELECTRIQUE MT,,,S-PC-924IP01A-M,SF1-ECU,GM7,SF01,TCLO CONF CCRP JBFI PART RIMP,SOPL,IP1020251117,2026-05-31,2025-11-17,2026-06-16,0.0,8.5,SF01PEAUMR,SMC,,,,ZEST,360,2,211002.0,536558.0,1
11555012.0,4000704622,préventif (6 mois) moteur MT,OR004000704622,SF01-UT-FDEM-BASSIN-0IP01B-GMOT-0MOTEUR,MOTEUR ELECTRIQUE MT,,,S-PC-924IP01B-M,SF1-ECU,GM7,SF01,LANC CCRP PART RIMP,ATPL ATAS,IP1020251117,2026-12-31,2025-11-17,,6.5,0.0,SF01PEAUMR,SMC,,,2.0,ZEST,360,2,211003.0,536559.0,1
11555014.0,4000704624,préventif (6 mois) moteur MT,OR004000704624,SF01-UT-FDEM-BASSIN-0IP02A-GMOT-0MOTEUR,MOTEUR ELECTRIQUE MT,,,S-PC-924IP02A-M,SF1-ECU,GM7,SF01,TCLO CONF CCRP JBFI PART RIMP,SOPL,IP1020251117,2026-05-31,2025-11-17,2026-06-16,0.0,8.5,SF01PEAUMR,SMC,,,,ZEST,360,2,211004.0,536560.0,2
11555017.0,4000704627,préventif (6 mois) moteur MT,OR004000704627,SF01-UT-FDEM-BASSIN-0IP02B-GMOT-0MOTEUR,MOTEUR ELECTRIQUE MT,,,S-PC-924IP02B-M,SF1-ECU,GM7,SF01,LANC CCRP PART RIMP,ATPL ATAS,IP1020251117,2026-12-31,2025-11-17,,6.5,0.0,SF01PEAUMR,SMC,,,2.0,ZEST,360,2,211005.0,536561.0,2
11555051.0,4000704631,préventif (6 mois) moteur MT,OR004000704631,SF01-UT-FDEM-BASSIN-0IP03A-GMOT-0MOTEUR,MOTEUR ELECTRIQUE MT,,,S-PC-924IP03A-M,SF1-ECU,GM7,SF01,LANC CCRP PART RIMP,ATPL ATAS,IP1020251117,2026-12-31,2025-11-17,,6.5,0.0,SF01PEAUMR,SMC,,,2.0,ZEST,360,2,211006.0,536562.0,3
11555055.0,4000704635,préventif (6 mois) moteur MT,OR004000704635,SF01-UT-FDEM-BASSIN-0IP03B-GMOT-0MOTEUR,MOTEUR ELECTRIQUE MT,,,S-PC-924IP03B-M,SF1-ECU,GM7,SF01,TCLO CONF CCRP JBFI PART RIMP,SOPL,IP1020251117,2026-05-31,2025-11-17,2026-06-16,0.0,8.5,SF01PEAUMR,SMC,,,,ZEST,360,2,211007.0,536563.0,3
11555058.0,4000704638,préventif (6 mois) moteur MT,OR004000704638,SF01-UT-FDEM-BASSIN-0IP04A-GMOT-0MOTEUR,MOTEUR ELECTRIQUE MT,,,S-PC-924IP04A-M,SF1-ECU,GM7,SF01,LANC CCRP PART RIMP,ATPL ATAS,IP1020251117,2026-12-31,2025-11-17,,6.5,0.0,SF01PEAUMR,SMC,,,2.0,ZEST,360,2,211008.0,536564.0,4
11555082.0,4000704702,préventif (6 mois) moteur MT,OR004000704702,SF01-UT-FDEM-BASSIN-0IP04B-GMOT-0MOTEUR,MOTEUR ELECTRIQUE MT,,,S-PC-924IP04B-M,SF1-ECU,GM7,SF01,TCLO CONF CCRP JBFI PART RIMP,SOPL,IP1020251117,2026-05-31,2025-11-17,2026-06-16,0.0,8.5,SF01PEAUMR,SMC,,,,ZEST,360,2,211009.0,536565.0,4
11555251.0,4000704852,préventif (3 mois) moteur MT,OR004000704852,SF01-UT-FDEM-BASSIN-0IP01A-GMOT-0MOTEUR,MOTEUR ELECTRIQUE MT,,,S-PC-924IP01A-M,SF1-ECU,GM7,SF01,TCLO CONF CCRP JBFI PART RIMP,SOPL,IP1020251117,2026-03-01,2025-11-17,2026-04-15,3.1,8.6,SF01PEAUMR,SMC,,,,ZEST,360,3,211356.0,536912.0,1
11555252.0,4000704853,préventif (3 mois) moteur MT,OR004000704853,SF01-UT-FDEM-BASSIN-0IP01B-GMOT-0MOTEUR,MOTEUR ELECTRIQUE MT,,,S-PC-924IP01B-M,SF1-ECU,GM7,SF01,TCLO CONF CCRP JBFI PART RIMP,SOPL,IP1020251117,2026-03-01,2025-11-17,2026-04-15,3.1,4.9,SF01PEAUMR,SMC,,,,ZEST,360,3,211357.0,536913.0,1
11555253.0,4000704854,préventif (3 mois) moteur MT,OR004000704854,SF01-UT-FDEM-BASSIN-0IP02A-GMOT-0MOTEUR,MOTEUR ELECTRIQUE MT,,,S-PC-924IP02A-M,SF1-ECU,GM7,SF01,TCLO CONF CCRP JBFI PART RIMP,SOPL,IP1020251117,2026-03-01,2025-11-17,2026-04-15,3.1,4.9,SF01PEAUMR,SMC,,,,ZEST,360,3,211358.0,536914.0,2
11555254.0,4000704855,préventif (3 mois) moteur MT,OR004000704855,SF01-UT-FDEM-BASSIN-0IP02B-GMOT-0MOTEUR,MOTEUR ELECTRIQUE MT,,,S-PC-924IP02B-M,SF1-ECU,GM7,SF01,TCLO CONF CCRP JBFI PART RIMP,SOPL,IP1020251117,2026-03-01,2025-11-17,2026-04-15,3.1,5.3,SF01PEAUMR,SMC,,,,ZEST,360,3,211359.0,536915.0,2
11555255.0,4000704856,préventif (3 mois) moteur MT,OR004000704856,SF01-UT-FDEM-BASSIN-0IP03A-GMOT-0MOTEUR,MOTEUR ELECTRIQUE MT,,,S-PC-924IP03A-M,SF1-ECU,GM7,SF01,TCLO CONF CCRP JBFI PART RIMP,SOPL,IP1020251117,2026-03-01,2025-11-17,2026-04-15,3.1,3.6,SF01PEAUMR,SMC,,,,ZEST,360,3,211360.0,536916.0,3
11555256.0,4000704858,préventif (3 mois) moteur MT,OR004000704858,SF01-UT-FDEM-BASSIN-0IP03B-GMOT-0MOTEUR,MOTEUR ELECTRIQUE MT,,,S-PC-924IP03B-M,SF1-ECU,GM7,SF01,TCLO CONF CCRP JBFI PART RIMP,SOPL,IP1020251117,2026-03-01,2025-11-17,2026-04-15,3.1,3.6,SF01PEAUMR,SMC,,,,ZEST,360,3,211361.0,536917.0,3
11555257.0,4000704859,préventif (3 mois) moteur MT,OR004000704859,SF01-UT-FDEM-BASSIN-0IP04A-GMOT-0MOTEUR,MOTEUR ELECTRIQUE MT,,,S-PC-924IP04A-M,SF1-ECU,GM7,SF01,TCLO CONF CCRP JBFI PART RIMP,SOPL,IP1020251117,2026-09-06,2025-11-17,2026-08-19,0.0,5.5,SF01PEAUMR,SMC,,,2.0,ZEST,360,3,211362.0,536918.0,4
11555232.0,4000704862,préventif des cellules MT,OR004000704862,SF01-UT-FDEM-BASSIN-0IP01A-GMOT-DEPARTM,DEPART MOTEUR MT,,,S-PC-924IP01A-D,SF1-ECU,GM7,SF01,TCLO CONF CCRP JBFI PART RIMP,SOPL,IP1020251117,2026-05-31,2025-11-17,2026-06-16,0.0,8.0,SF01PEAUMR,SMC,,,,ZEST,360,2,211059.0,536615.0,1
11555234.0,4000704864,préventif des cellules MT,OR004000704864,SF01-UT-FDEM-BASSIN-0IP01B-GMOT-DEPARTM,DEPART MOTEUR MT,,,S-PC-924IP01B-D,SF1-ECU,GM7,SF01,LANC CCRP PART RIMP,ATPL ATAS,IP1020251117,2026-12-31,2025-11-17,,3.1,0.0,SF01PEAUMR,SMC,,,2.0,ZEST,360,2,211060.0,536616.0,1
11555237.0,4000704867,préventif des cellules MT,OR004000704867,SF01-UT-FDEM-BASSIN-0IP02A-GMOT-DEPARTM,DEPART MOTEUR MT,,,S-PC-924IP02A-D,SF1-ECU,GM7,SF01,TCLO CONF CCRP JBFI PART RIMP,SOPL,IP1020251117,2026-05-31,2025-11-17,2026-06-16,0.0,8.0,SF01PEAUMR,SMC,,,,ZEST,360,2,211061.0,536617.0,2
11555239.0,4000704869,préventif des cellules MT,OR004000704869,SF01-UT-FDEM-BASSIN-0IP02B-GMOT-DEPARTM,DEPART MOTEUR MT,,,S-PC-924IP02B-D,SF1-ECU,GM7,SF01,LANC CCRP PART RIMP,ATPL ATAS,IP1020251117,2026-12-31,2025-11-17,,3.1,0.0,SF01PEAUMR,SMC,,,2.0,ZEST,360,2,211062.0,536618.0,2
11555262.0,4000704872,préventif des cellules MT,OR004000704872,SF01-UT-FDEM-BASSIN-0IP03A-GMOT-DEPARTM,DEPART MOTEUR MT,,,S-PC-924IP03A-D,SF1-ECU,GM7,SF01,LANC CCRP PART RIMP,ATPL ATAS,IP1020251117,2026-12-31,2025-11-17,,3.1,0.0,SF01PEAUMR,SMC,,,2.0,ZEST,360,2,211063.0,536619.0,3
11555264.0,4000704874,préventif des cellules MT,OR004000704874,SF01-UT-FDEM-BASSIN-0IP03B-GMOT-DEPARTM,DEPART MOTEUR MT,,,S-PC-924IP03B-D,SF1-ECU,GM7,SF01,TCLO CONF CCRP JBFI PART RIMP,SOPL,IP1020251117,2026-05-31,2025-11-17,2026-06-16,0.0,8.0,SF01PEAUMR,SMC,,,,ZEST,360,2,211064.0,536620.0,3
11555266.0,4000704876,préventif des cellules MT,OR004000704876,SF01-UT-FDEM-BASSIN-0IP04A-GMOT-DEPARTM,DEPART MOTEUR MT,,,S-PC-924IP04A-D,SF1-ECU,GM7,SF01,LANC CCRP PART RIMP,ATPL ATAS,IP1020251117,2026-12-31,2025-11-17,,3.1,0.0,SF01PEAUMR,SMC,,,2.0,ZEST,360,2,211065.0,536621.0,4
11555269.0,4000704878,préventif des cellules MT,OR004000704878,SF01-UT-FDEM-BASSIN-0IP04B-GMOT-DEPARTM,DEPART MOTEUR MT,,,S-PC-924IP04B-D,SF1-ECU,GM7,SF01,TCLO CONF CCRP JBFI PART RIMP,SOPL,IP1020251117,2026-05-31,2025-11-17,2026-06-16,0.0,8.0,SF01PEAUMR,SMC,,,,ZEST,360,2,211066.0,536622.0,4
11555258.0,4000704920,préventif (3 mois) moteur MT,OR004000704920,SF01-UT-FDEM-BASSIN-0IP04B-GMOT-0MOTEUR,MOTEUR ELECTRIQUE MT,,,S-PC-924IP04B-M,SF1-ECU,GM7,SF01,TCLO CONF CCRP JBFI PART RIMP,SOPL,IP1020251117,2026-03-01,2025-11-17,2026-04-15,3.1,3.6,SF01PEAUMR,SMC,,,,ZEST,360,3,211363.0,536919.0,4
11557439.0,4000706712,LUBRIFICATION DES PALIERS,OR004000706712,SF01-UT-FDEM-BASSIN-0IP04B,MOTOPOMPE EAU MER VERS PPII IPO4B BASSIN,,,S-PC-P924 IP 04B,SF1-MCU,GM4,SF01,TCLO CONF CCRP JBFI PART RIMP,SOPL,IP1020251117,2025-12-10,2025-11-17,2025-12-10,0.0,1.0,SF01PEAUMR,SMC,,,,ZEST,350,13,184835.0,480194.0,4
11557481.0,4000706714,OMS_MESURE VIBRATOIRE PALIERS,OR004000706714,SF01-UT-FDEM-BASSIN-0IP04B,MOTOPOMPE EAU MER VERS PPII IPO4B BASSIN,,,S-PC-P924 IP 04B,SF1-MCU,GM4,SF01,TCLO CONF CCRP JBFI PART RIMP,SOPL,IP1020251117,2025-11-17,2025-11-17,2025-11-19,0.0,1.0,SF01PEAUMR,SMC,,,,ZPRV,290,28,184836.0,480195.0,4
11557482.0,4000706715,OMS_MESURE VIBRATOIRE PALIERS,OR004000706715,SF01-UT-FDEM-BASSIN-0IP04B,MOTOPOMPE EAU MER VERS PPII IPO4B BASSIN,,,S-PC-P924 IP 04B,SF1-MCU,GM4,SF01,TCLO CONF CCRP JBFI PART RIMP,SOPL,IP1020251117,2025-11-21,2025-11-17,2025-11-24,0.0,1.0,SF01PEAUMR,SMC,,,,ZPRV,290,29,184836.0,480195.0,4
11557625.0,4000706888,LUBRIFICATION DES PALIERS,OR004000706888,SF01-UT-FDEM-BASSIN-0IP01A,MOTOPOMPE EAU MER VERS CENTRALE IPO1A MC,,,S-PC-P924 IP 01A,SF1-MCU,GM4,SF01,TCLO CONF CCRP JBFI PART RIMP,SOPL,IP1020251117,2025-11-17,2025-11-17,2025-11-19,0.0,4.0,SF01PEAUMR,SMC,,,,ZEST,350,28,184821.0,480180.0,1
11557626.0,4000706889,LUBRIFICATION DES PALIERS,OR004000706889,SF01-UT-FDEM-BASSIN-0IP01A,MOTOPOMPE EAU MER VERS CENTRALE IPO1A MC,,,S-PC-P924 IP 01A,SF1-MCU,GM4,SF01,TCLO CONF CCRP JBFI PART RIMP,SOPL,IP1020251117,2025-11-22,2025-11-17,2025-11-24,0.0,4.0,SF01PEAUMR,SMC,,,,ZEST,350,29,184821.0,480180.0,1
11557630.0,4000706893,OMS_MESURE VIBRATOIRE PALIERS,OR004000706893,SF01-UT-FDEM-BASSIN-0IP01A,MOTOPOMPE EAU MER VERS CENTRALE IPO1A MC,,,S-PC-P924 IP 01A,SF1-MCU,GM4,SF01,TCLO CONF CCRP JBFI PART RIMP,SOPL,IP1020251117,2025-11-17,2025-11-17,2025-11-19,0.0,1.0,SF01PEAUMR,SMC,,,,ZPRV,290,28,184822.0,480181.0,1
11557631.0,4000706894,OMS_MESURE VIBRATOIRE PALIERS,OR004000706894,SF01-UT-FDEM-BASSIN-0IP01A,MOTOPOMPE EAU MER VERS CENTRALE IPO1A MC,,,S-PC-P924 IP 01A,SF1-MCU,GM4,SF01,TCLO CONF CCRP JBFI PART RIMP,SOPL,IP1020251117,2025-11-21,2025-11-17,2025-11-24,0.0,1.0,SF01PEAUMR,SMC,,,,ZPRV,290,29,184822.0,480181.0,1
11557636.0,4000706899,LUBRIFICATION DES PALIERS,OR004000706899,SF01-UT-FDEM-BASSIN-0IP01B,MOTOPOMPE EAU MER VERS CENTRALE IPO1B MC,,,S-PC-P924 IP 01B,SF1-MCU,GM4,SF01,TCLO CONF CCRP JBFI PART RIMP,SOPL,IP1020251117,2025-11-17,2025-11-17,2025-11-19,0.0,4.0,SF01PEAUMR,SMC,,,,ZEST,350,28,184823.0,480182.0,1
11557637.0,4000706920,LUBRIFICATION DES PALIERS,OR004000706920,SF01-UT-FDEM-BASSIN-0IP01B,MOTOPOMPE EAU MER VERS CENTRALE IPO1B MC,,,S-PC-P924 IP 01B,SF1-MCU,GM4,SF01,TCLO CONF CCRP JBFI PART RIMP,SOPL,IP1020251117,2025-11-23,2025-11-17,2025-11-24,0.0,4.0,SF01PEAUMR,SMC,,,,ZEST,350,29,184823.0,480182.0,1
11557651.0,4000706924,OMS_MESURE VIBRATOIRE PALIERS,OR004000706924,SF01-UT-FDEM-BASSIN-0IP01B,MOTOPOMPE EAU MER VERS CENTRALE IPO1B MC,,,S-PC-P924 IP 01B,SF1-MCU,GM4,SF01,TCLO CONF CCRP JBFI PART RIMP,SOPL,IP1020251117,2025-11-17,2025-11-17,2025-11-19,0.0,1.0,SF01PEAUMR,SMC,,,,ZPRV,290,28,184824.0,480183.0,1
11557652.0,4000706925,OMS_MESURE VIBRATOIRE PALIERS,OR004000706925,SF01-UT-FDEM-BASSIN-0IP01B,MOTOPOMPE EAU MER VERS CENTRALE IPO1B MC,,,S-PC-P924 IP 01B,SF1-MCU,GM4,SF01,TCLO CONF CCRP JBFI PART RIMP,SOPL,IP1020251117,2025-11-22,2025-11-17,2025-11-24,0.0,1.0,SF01PEAUMR,SMC,,,,ZPRV,290,29,184824.0,480183.0,1
11557657.0,4000706930,LUBRIFICATION DES PALIERS,OR004000706930,SF01-UT-FDEM-BASSIN-0IP02A,MOTOPOMPE EAU MER VERS SEM2 IPO2A MC,,,S-PC-P924 IP 02A,SF1-MCU,GM4,SF01,TCLO CONF CCRP JBFI PART RIMP,SOPL,IP1020251117,2025-11-17,2025-11-17,2025-11-19,0.0,4.0,SF01PEAUMR,SMC,,,,ZEST,350,28,184825.0,480184.0,2
11557658.0,4000706931,LUBRIFICATION DES PALIERS,OR004000706931,SF01-UT-FDEM-BASSIN-0IP02A,MOTOPOMPE EAU MER VERS SEM2 IPO2A MC,,,S-PC-P924 IP 02A,SF1-MCU,GM4,SF01,TCLO CONF CCRP JBFI PART RIMP,SOPL,IP1020251117,2025-11-23,2025-11-17,2025-11-24,0.0,4.0,SF01PEAUMR,SMC,,,,ZEST,350,29,184825.0,480184.0,2
11557672.0,4000706935,OMS_MESURE VIBRATOIRE PALIERS,OR004000706935,SF01-UT-FDEM-BASSIN-0IP02A,MOTOPOMPE EAU MER VERS SEM2 IPO2A MC,,,S-PC-P924 IP 02A,SF1-MCU,GM4,SF01,TCLO CONF CCRP JBFI PART RIMP,SOPL,IP1020251117,2025-11-17,2025-11-17,2025-11-19,0.0,1.0,SF01PEAUMR,SMC,,,,ZPRV,290,28,184826.0,480185.0,2
11557673.0,4000706936,OMS_MESURE VIBRATOIRE PALIERS,OR004000706936,SF01-UT-FDEM-BASSIN-0IP02A,MOTOPOMPE EAU MER VERS SEM2 IPO2A MC,,,S-PC-P924 IP 02A,SF1-MCU,GM4,SF01,TCLO CONF CCRP JBFI PART RIMP,SOPL,IP1020251117,2025-11-22,2025-11-17,2025-11-24,0.0,1.0,SF01PEAUMR,SMC,,,,ZPRV,290,29,184826.0,480185.0,2
11557675.0,4000706938,LUBRIFICATION DES PALIERS,OR004000706938,SF01-UT-FDEM-BASSIN-0IP02B,MOTOPOMPE EAU MER VERS SEM2 IPO2B,,,S-PC-P924 IP 02B,SF1-MCU,GM4,SF01,TCLO CONF CCRP JBFI PART RIMP,SOPL,IP1020251117,2025-11-17,2025-11-17,2025-11-19,0.0,4.0,SF01PEAUMR,SMC,,,,ZEST,350,28,184827.0,480186.0,2
11557677.0,4000706940,LUBRIFICATION DES PALIERS,OR004000706940,SF01-UT-FDEM-BASSIN-0IP02B,MOTOPOMPE EAU MER VERS SEM2 IPO2B,,,S-PC-P924 IP 02B,SF1-MCU,GM4,SF01,TCLO CONF CCRP JBFI PART RIMP,SOPL,IP1020251117,2025-11-24,2025-11-17,2025-11-24,0.0,4.0,SF01PEAUMR,SMC,,,,ZEST,350,29,184827.0,480186.0,2
11557680.0,4000706943,OMS_MESURE VIBRATOIRE PALIERS,OR004000706943,SF01-UT-FDEM-BASSIN-0IP02B,MOTOPOMPE EAU MER VERS SEM2 IPO2B,,,S-PC-P924 IP 02B,SF1-MCU,GM4,SF01,TCLO CONF CCRP JBFI PART RIMP,SOPL,IP1020251117,2025-11-17,2025-11-17,2025-11-19,0.0,1.0,SF01PEAUMR,SMC,,,,ZPRV,290,28,184828.0,480187.0,2
11557682.0,4000706945,OMS_MESURE VIBRATOIRE PALIERS,OR004000706945,SF01-UT-FDEM-BASSIN-0IP02B,MOTOPOMPE EAU MER VERS SEM2 IPO2B,,,S-PC-P924 IP 02B,SF1-MCU,GM4,SF01,TCLO CONF CCRP JBFI PART RIMP,SOPL,IP1020251117,2025-11-23,2025-11-17,2025-11-24,0.0,1.0,SF01PEAUMR,SMC,,,,ZPRV,290,29,184828.0,480187.0,2
11557687.0,4000706950,LUBRIFICATION DES PALIERS,OR004000706950,SF01-UT-FDEM-BASSIN-0IP03A,MOTOPOMPE EAU MER VERS PSII IPO3A BASSIN,,,S-PC-P924 IP 03A,SF1-MCU,GM4,SF01,TCLO CONF CCRP JBFI PART RIMP,SOPL,IP1020251117,2025-11-17,2025-11-17,2025-11-19,0.0,4.0,SF01PEAUMR,SMC,,,,ZEST,350,26,184829.0,480188.0,3
11557688.0,4000706951,LUBRIFICATION DES PALIERS,OR004000706951,SF01-UT-FDEM-BASSIN-0IP03A,MOTOPOMPE EAU MER VERS PSII IPO3A BASSIN,,,S-PC-P924 IP 03A,SF1-MCU,GM4,SF01,TCLO CONF CCRP JBFI PART RIMP,SOPL,IP1020251117,2025-11-19,2025-11-17,2025-11-19,0.0,4.0,SF01PEAUMR,SMC,,,,ZEST,350,27,184829.0,480188.0,3
11557691.0,4000706954,OMS_MESURE VIBRATOIRE PALIERS,OR004000706954,SF01-UT-FDEM-BASSIN-0IP03A,MOTOPOMPE EAU MER VERS PSII IPO3A BASSIN,,,S-PC-P924 IP 03A,SF1-MCU,GM4,SF01,TCLO CONF CCRP JBFI PART RIMP,SOPL,IP1020251117,2025-11-17,2025-11-17,2025-11-19,0.0,1.0,SF01PEAUMR,SMC,,,,ZPRV,290,28,184830.0,480189.0,3
11557693.0,4000706956,OMS_MESURE VIBRATOIRE PALIERS,OR004000706956,SF01-UT-FDEM-BASSIN-0IP03A,MOTOPOMPE EAU MER VERS PSII IPO3A BASSIN,,,S-PC-P924 IP 03A,SF1-MCU,GM4,SF01,TCLO CONF CCRP JBFI PART RIMP,SOPL,IP1020251117,2025-11-20,2025-11-17,2025-11-20,0.0,1.0,SF01PEAUMR,SMC,,,,ZPRV,290,29,184830.0,480189.0,3
11557697.0,4000706980,LUBRIFICATION DES PALIERS,OR004000706980,SF01-UT-FDEM-BASSIN-0IP03B,MOTOPOMPE EAU MER VERS PSII IPO3B BASSIN,,,S-PC-P924 IP 03B,SF1-MCU,GM4,SF01,TCLO CONF CCRP JBFI PART RIMP,SOPL,IP1020251117,2025-11-17,2025-11-17,2025-11-19,0.0,4.0,SF01PEAUMR,SMC,,,,ZEST,350,26,184831.0,480190.0,3
11557698.0,4000706981,LUBRIFICATION DES PALIERS,OR004000706981,SF01-UT-FDEM-BASSIN-0IP03B,MOTOPOMPE EAU MER VERS PSII IPO3B BASSIN,,,S-PC-P924 IP 03B,SF1-MCU,GM4,SF01,TCLO CONF CCRP JBFI PART RIMP,SOPL,IP1020251117,2025-11-19,2025-11-17,2025-11-19,0.0,4.0,SF01PEAUMR,SMC,,,,ZEST,350,27,184831.0,480190.0,3
11557702.0,4000706985,OMS_MESURE VIBRATOIRE PALIERS,OR004000706985,SF01-UT-FDEM-BASSIN-0IP03B,MOTOPOMPE EAU MER VERS PSII IPO3B BASSIN,,,S-PC-P924 IP 03B,SF1-MCU,GM4,SF01,TCLO CONF CCRP JBFI PART RIMP,SOPL,IP1020251117,2025-11-17,2025-11-17,2025-11-19,0.0,1.0,SF01PEAUMR,SMC,,,,ZPRV,290,28,184832.0,480191.0,3
11557704.0,4000706987,OMS_MESURE VIBRATOIRE PALIERS,OR004000706987,SF01-UT-FDEM-BASSIN-0IP03B,MOTOPOMPE EAU MER VERS PSII IPO3B BASSIN,,,S-PC-P924 IP 03B,SF1-MCU,GM4,SF01,TCLO CONF CCRP JBFI PART RIMP,SOPL,IP1020251117,2025-11-20,2025-11-17,2025-11-20,0.0,1.0,SF01PEAUMR,SMC,,,,ZPRV,290,29,184832.0,480191.0,3
11557706.0,4000706989,LUBRIFICATION DES PALIERS,OR004000706989,SF01-UT-FDEM-BASSIN-0IP04A,MOTOPOMPE EAU MER VERS PPII IPO4A BASSIN,,,S-PC-P924 IP 04A,SF1-MCU,GM4,SF01,TCLO CONF CCRP JBFI PART RIMP,SOPL,IP1020251117,2025-11-17,2025-11-17,2025-11-19,0.0,4.0,SF01PEAUMR,SMC,,,,ZEST,350,25,184833.0,480192.0,4
11557708.0,4000706991,LUBRIFICATION DES PALIERS,OR004000706991,SF01-UT-FDEM-BASSIN-0IP04A,MOTOPOMPE EAU MER VERS PPII IPO4A BASSIN,,,S-PC-P924 IP 04A,SF1-MCU,GM4,SF01,TCLO CONF CCRP JBFI PART RIMP,SOPL,IP1020251117,2025-11-24,2025-11-17,2025-11-24,0.0,4.0,SF01PEAUMR,SMC,,,,ZEST,350,26,184833.0,480192.0,4
11557721.0,4000706994,OMS_MESURE VIBRATOIRE PALIERS,OR004000706994,SF01-UT-FDEM-BASSIN-0IP04A,MOTOPOMPE EAU MER VERS PPII IPO4A BASSIN,,,S-PC-P924 IP 04A,SF1-MCU,GM4,SF01,TCLO CONF CCRP JBFI PART RIMP,SOPL,IP1020251117,2025-11-17,2025-11-17,2025-11-19,0.0,1.0,SF01PEAUMR,SMC,,,,ZPRV,290,28,184834.0,480193.0,4
11557722.0,4000706995,OMS_MESURE VIBRATOIRE PALIERS,OR004000706995,SF01-UT-FDEM-BASSIN-0IP04A,MOTOPOMPE EAU MER VERS PPII IPO4A BASSIN,,,S-PC-P924 IP 04A,SF1-MCU,GM4,SF01,TCLO CONF CCRP JBFI PART RIMP,SOPL,IP1020251117,2025-11-20,2025-11-17,2025-11-20,0.0,1.0,SF01PEAUMR,SMC,,,,ZPRV,290,29,184834.0,480193.0,4
11595475.0,4000742457,LUBRIFICATION DES PALIERS,OR004000742457,SF01-UT-FDEM-BASSIN-0IP04B,MOTOPOMPE EAU MER VERS PPII IPO4B BASSIN,,,S-PC-P924 IP 04B,SF1-MCU,GM4,SF01,TCLO CONF CCRP JBFI PART RIMP,SOPL,IP1020251124,2025-12-25,2025-11-24,2025-12-25,0.0,1.0,SF01PEAUMR,SMC,,,,ZEST,350,14,184835.0,480194.0,4
11595477.0,4000742459,OMS_MESURE VIBRATOIRE PALIERS,OR004000742459,SF01-UT-FDEM-BASSIN-0IP04B,MOTOPOMPE EAU MER VERS PPII IPO4B BASSIN,,,S-PC-P924 IP 04B,SF1-MCU,GM4,SF01,TCLO CONF CCRP JBFI PART RIMP,SOPL,IP1020251124,2025-11-28,2025-11-24,2025-12-01,0.0,1.0,SF01PEAUMR,SMC,,,,ZPRV,290,30,184836.0,480195.0,4
11595527.0,4000742474,LUBRIFICATION DES PALIERS,OR004000742474,SF01-UT-FDEM-BASSIN-0IP01A,MOTOPOMPE EAU MER VERS CENTRALE IPO1A MC,,,S-PC-P924 IP 01A,SF1-MCU,GM4,SF01,TCLO CONF CCRP JBFI PART RIMP,SOPL,IP1020251124,2025-11-29,2025-11-24,2025-12-01,0.0,4.0,SF01PEAUMR,SMC,,,,ZEST,350,30,184821.0,480180.0,1
11595528.0,4000742475,OMS_MESURE VIBRATOIRE PALIERS,OR004000742475,SF01-UT-FDEM-BASSIN-0IP01A,MOTOPOMPE EAU MER VERS CENTRALE IPO1A MC,,,S-PC-P924 IP 01A,SF1-MCU,GM4,SF01,TCLO CONF CCRP JBFI PART RIMP,SOPL,IP1020251124,2025-11-28,2025-11-24,2025-12-01,0.0,1.0,SF01PEAUMR,SMC,,,,ZPRV,290,30,184822.0,480181.0,1
11595529.0,4000742476,LUBRIFICATION DES PALIERS,OR004000742476,SF01-UT-FDEM-BASSIN-0IP01B,MOTOPOMPE EAU MER VERS CENTRALE IPO1B MC,,,S-PC-P924 IP 01B,SF1-MCU,GM4,SF01,TCLO CONF CCRP JBFI PART RIMP,SOPL,IP1020251124,2025-11-30,2025-11-24,2025-12-01,0.0,4.0,SF01PEAUMR,SMC,,,,ZEST,350,30,184823.0,480182.0,1
11595570.0,4000742477,OMS_MESURE VIBRATOIRE PALIERS,OR004000742477,SF01-UT-FDEM-BASSIN-0IP01B,MOTOPOMPE EAU MER VERS CENTRALE IPO1B MC,,,S-PC-P924 IP 01B,SF1-MCU,GM4,SF01,TCLO CONF CCRP JBFI PART RIMP,SOPL,IP1020251124,2025-11-29,2025-11-24,2025-12-01,0.0,1.0,SF01PEAUMR,SMC,,,,ZPRV,290,30,184824.0,480183.0,1
11595571.0,4000742478,LUBRIFICATION DES PALIERS,OR004000742478,SF01-UT-FDEM-BASSIN-0IP02A,MOTOPOMPE EAU MER VERS SEM2 IPO2A MC,,,S-PC-P924 IP 02A,SF1-MCU,GM4,SF01,TCLO CONF CCRP JBFI PART RIMP,SOPL,IP1020251124,2025-11-30,2025-11-24,2025-12-01,0.0,4.0,SF01PEAUMR,SMC,,,,ZEST,350,30,184825.0,480184.0,2
11595572.0,4000742479,OMS_MESURE VIBRATOIRE PALIERS,OR004000742479,SF01-UT-FDEM-BASSIN-0IP02A,MOTOPOMPE EAU MER VERS SEM2 IPO2A MC,,,S-PC-P924 IP 02A,SF1-MCU,GM4,SF01,TCLO CONF CCRP JBFI PART RIMP,SOPL,IP1020251124,2025-11-29,2025-11-24,2025-12-01,0.0,1.0,SF01PEAUMR,SMC,,,,ZPRV,290,30,184826.0,480185.0,2
11595573.0,4000742560,LUBRIFICATION DES PALIERS,OR004000742560,SF01-UT-FDEM-BASSIN-0IP02B,MOTOPOMPE EAU MER VERS SEM2 IPO2B,,,S-PC-P924 IP 02B,SF1-MCU,GM4,SF01,TCLO CONF CCRP JBFI PART RIMP,SOPL,IP1020251124,2025-12-01,2025-11-24,2025-12-01,0.0,4.0,SF01PEAUMR,SMC,,,,ZEST,350,30,184827.0,480186.0,2
11595574.0,4000742561,OMS_MESURE VIBRATOIRE PALIERS,OR004000742561,SF01-UT-FDEM-BASSIN-0IP02B,MOTOPOMPE EAU MER VERS SEM2 IPO2B,,,S-PC-P924 IP 02B,SF1-MCU,GM4,SF01,TCLO CONF CCRP JBFI PART RIMP,SOPL,IP1020251124,2025-11-30,2025-11-24,2025-12-01,0.0,1.0,SF01PEAUMR,SMC,,,,ZPRV,290,30,184828.0,480187.0,2
11595575.0,4000742562,LUBRIFICATION DES PALIERS,OR004000742562,SF01-UT-FDEM-BASSIN-0IP03A,MOTOPOMPE EAU MER VERS PSII IPO3A BASSIN,,,S-PC-P924 IP 03A,SF1-MCU,GM4,SF01,TCLO CONF CCRP JBFI PART RIMP,SOPL,IP1020251124,2025-11-26,2025-11-24,2025-11-26,0.0,4.0,SF01PEAUMR,SMC,,,,ZEST,350,28,184829.0,480188.0,3
11595576.0,4000742563,OMS_MESURE VIBRATOIRE PALIERS,OR004000742563,SF01-UT-FDEM-BASSIN-0IP03A,MOTOPOMPE EAU MER VERS PSII IPO3A BASSIN,,,S-PC-P924 IP 03A,SF1-MCU,GM4,SF01,TCLO CONF CCRP JBFI PART RIMP,SOPL,IP1020251124,2025-11-27,2025-11-24,2025-11-27,0.0,1.0,SF01PEAUMR,SMC,,,,ZPRV,290,30,184830.0,480189.0,3
11595577.0,4000742564,LUBRIFICATION DES PALIERS,OR004000742564,SF01-UT-FDEM-BASSIN-0IP03B,MOTOPOMPE EAU MER VERS PSII IPO3B BASSIN,,,S-PC-P924 IP 03B,SF1-MCU,GM4,SF01,TCLO CONF CCRP JBFI PART RIMP,SOPL,IP1020251124,2025-11-26,2025-11-24,2025-11-26,0.0,4.0,SF01PEAUMR,SMC,,,,ZEST,350,28,184831.0,480190.0,3
11595578.0,4000742565,OMS_MESURE VIBRATOIRE PALIERS,OR004000742565,SF01-UT-FDEM-BASSIN-0IP03B,MOTOPOMPE EAU MER VERS PSII IPO3B BASSIN,,,S-PC-P924 IP 03B,SF1-MCU,GM4,SF01,TCLO CONF CCRP JBFI PART RIMP,SOPL,IP1020251124,2025-11-27,2025-11-24,2025-11-27,0.0,1.0,SF01PEAUMR,SMC,,,,ZPRV,290,30,184832.0,480191.0,3
11595579.0,4000742566,LUBRIFICATION DES PALIERS,OR004000742566,SF01-UT-FDEM-BASSIN-0IP04A,MOTOPOMPE EAU MER VERS PPII IPO4A BASSIN,,,S-PC-P924 IP 04A,SF1-MCU,GM4,SF01,TCLO CONF CCRP JBFI PART RIMP,SOPL,IP1020251124,2025-12-01,2025-11-24,2025-12-01,0.0,4.0,SF01PEAUMR,SMC,,,,ZEST,350,27,184833.0,480192.0,4
11595590.0,4000742567,OMS_MESURE VIBRATOIRE PALIERS,OR004000742567,SF01-UT-FDEM-BASSIN-0IP04A,MOTOPOMPE EAU MER VERS PPII IPO4A BASSIN,,,S-PC-P924 IP 04A,SF1-MCU,GM4,SF01,TCLO CONF CCRP JBFI PART RIMP,SOPL,IP1020251124,2025-11-27,2025-11-24,2025-11-27,0.0,1.0,SF01PEAUMR,SMC,,,,ZPRV,290,30,184834.0,480193.0,4
11662353.0,4000809119,LUBRIFICATION DES PALIERS,OR004000809119,SF01-UT-FDEM-BASSIN-0IP01A,MOTOPOMPE EAU MER VERS CENTRALE IPO1A MC,,,S-PC-P924 IP 01A,SF1-MCU,GM4,SF01,TCLO CONF CCRP JBFI PART RIMP,SOPL,IP1020251201,2025-12-06,2025-12-01,2025-12-08,0.0,4.0,SF01PEAUMR,SMC,,,,ZEST,350,31,184821.0,480180.0,1
11662281.0,4000809129,LUBRIFICATION DES PALIERS,OR004000809129,SF01-UT-FDEM-BASSIN-0IP03A,MOTOPOMPE EAU MER VERS PSII IPO3A BASSIN,,,S-PC-P924 IP 03A,SF1-MCU,GM4,SF01,TCLO CONF CCRP JBFI PART RIMP,SOPL,IP1020251201,2025-12-03,2025-12-01,2025-12-03,0.0,4.0,SF01PEAUMR,SMC,,,,ZEST,350,29,184829.0,480188.0,3
11662282.0,4000809130,OMS_MESURE VIBRATOIRE PALIERS,OR004000809130,SF01-UT-FDEM-BASSIN-0IP03A,MOTOPOMPE EAU MER VERS PSII IPO3A BASSIN,,,S-PC-P924 IP 03A,SF1-MCU,GM4,SF01,TCLO CONF CCRP JBFI PART RIMP,SOPL,IP1020251201,2025-12-04,2025-12-01,2025-12-04,0.0,1.0,SF01PEAUMR,SMC,,,,ZPRV,290,31,184830.0,480189.0,3
11662283.0,4000809131,LUBRIFICATION DES PALIERS,OR004000809131,SF01-UT-FDEM-BASSIN-0IP03B,MOTOPOMPE EAU MER VERS PSII IPO3B BASSIN,,,S-PC-P924 IP 03B,SF1-MCU,GM4,SF01,TCLO CONF CCRP JBFI PART RIMP,SOPL,IP1020251201,2025-12-03,2025-12-01,2025-12-03,0.0,4.0,SF01PEAUMR,SMC,,,,ZEST,350,29,184831.0,480190.0,3
11662284.0,4000809132,OMS_MESURE VIBRATOIRE PALIERS,OR004000809132,SF01-UT-FDEM-BASSIN-0IP03B,MOTOPOMPE EAU MER VERS PSII IPO3B BASSIN,,,S-PC-P924 IP 03B,SF1-MCU,GM4,SF01,TCLO CONF CCRP JBFI PART RIMP,SOPL,IP1020251201,2025-12-04,2025-12-01,2025-12-04,0.0,1.0,SF01PEAUMR,SMC,,,,ZPRV,290,31,184832.0,480191.0,3
11662285.0,4000809133,LUBRIFICATION DES PALIERS,OR004000809133,SF01-UT-FDEM-BASSIN-0IP04A,MOTOPOMPE EAU MER VERS PPII IPO4A BASSIN,,,S-PC-P924 IP 04A,SF1-MCU,GM4,SF01,TCLO CONF CCRP JBFI PART RIMP,SOPL,IP1020251201,2025-12-08,2025-12-01,2025-12-08,0.0,4.0,SF01PEAUMR,SMC,,,,ZEST,350,28,184833.0,480192.0,4
11662286.0,4000809134,OMS_MESURE VIBRATOIRE PALIERS,OR004000809134,SF01-UT-FDEM-BASSIN-0IP04A,MOTOPOMPE EAU MER VERS PPII IPO4A BASSIN,,,S-PC-P924 IP 04A,SF1-MCU,GM4,SF01,TCLO CONF CCRP JBFI PART RIMP,SOPL,IP1020251201,2025-12-04,2025-12-01,2025-12-04,0.0,1.0,SF01PEAUMR,SMC,,,,ZPRV,290,31,184834.0,480193.0,4
11662287.0,4000809135,OMS_MESURE VIBRATOIRE PALIERS,OR004000809135,SF01-UT-FDEM-BASSIN-0IP04B,MOTOPOMPE EAU MER VERS PPII IPO4B BASSIN,,,S-PC-P924 IP 04B,SF1-MCU,GM4,SF01,TCLO CONF CCRP JBFI PART RIMP,SOPL,IP1020251201,2025-12-05,2025-12-01,2025-12-05,0.0,1.0,SF01PEAUMR,SMC,,,,ZPRV,290,31,184836.0,480195.0,4
11662355.0,4000809221,OMS_MESURE VIBRATOIRE PALIERS,OR004000809221,SF01-UT-FDEM-BASSIN-0IP01A,MOTOPOMPE EAU MER VERS CENTRALE IPO1A MC,,,S-PC-P924 IP 01A,SF1-MCU,GM4,SF01,TCLO CONF CCRP JBFI PART RIMP,SOPL,IP1020251201,2025-12-05,2025-12-01,2025-12-05,0.0,1.0,SF01PEAUMR,SMC,,,,ZPRV,290,31,184822.0,480181.0,1
11662357.0,4000809223,LUBRIFICATION DES PALIERS,OR004000809223,SF01-UT-FDEM-BASSIN-0IP01B,MOTOPOMPE EAU MER VERS CENTRALE IPO1B MC,,,S-PC-P924 IP 01B,SF1-MCU,GM4,SF01,TCLO CONF CCRP JBFI PART RIMP,SOPL,IP1020251201,2025-12-07,2025-12-01,2025-12-08,0.0,4.0,SF01PEAUMR,SMC,,,,ZEST,350,31,184823.0,480182.0,1
11662358.0,4000809224,OMS_MESURE VIBRATOIRE PALIERS,OR004000809224,SF01-UT-FDEM-BASSIN-0IP01B,MOTOPOMPE EAU MER VERS CENTRALE IPO1B MC,,,S-PC-P924 IP 01B,SF1-MCU,GM4,SF01,TCLO CONF CCRP JBFI PART RIMP,SOPL,IP1020251201,2025-12-06,2025-12-01,2025-12-08,0.0,1.0,SF01PEAUMR,SMC,,,,ZPRV,290,31,184824.0,480183.0,1
11662359.0,4000809225,LUBRIFICATION DES PALIERS,OR004000809225,SF01-UT-FDEM-BASSIN-0IP02A,MOTOPOMPE EAU MER VERS SEM2 IPO2A MC,,,S-PC-P924 IP 02A,SF1-MCU,GM4,SF01,TCLO CONF CCRP JBFI PART RIMP,SOPL,IP1020251201,2025-12-07,2025-12-01,2025-12-08,0.0,4.0,SF01PEAUMR,SMC,,,,ZEST,350,31,184825.0,480184.0,2
11662370.0,4000809226,OMS_MESURE VIBRATOIRE PALIERS,OR004000809226,SF01-UT-FDEM-BASSIN-0IP02A,MOTOPOMPE EAU MER VERS SEM2 IPO2A MC,,,S-PC-P924 IP 02A,SF1-MCU,GM4,SF01,TCLO CONF CCRP JBFI PART RIMP,SOPL,IP1020251201,2025-12-06,2025-12-01,2025-12-08,0.0,1.0,SF01PEAUMR,SMC,,,,ZPRV,290,31,184826.0,480185.0,2
11662371.0,4000809227,LUBRIFICATION DES PALIERS,OR004000809227,SF01-UT-FDEM-BASSIN-0IP02B,MOTOPOMPE EAU MER VERS SEM2 IPO2B,,,S-PC-P924 IP 02B,SF1-MCU,GM4,SF01,TCLO CONF CCRP JBFI PART RIMP,SOPL,IP1020251201,2025-12-08,2025-12-01,2025-12-08,0.0,4.0,SF01PEAUMR,SMC,,,,ZEST,350,31,184827.0,480186.0,2
11662372.0,4000809228,OMS_MESURE VIBRATOIRE PALIERS,OR004000809228,SF01-UT-FDEM-BASSIN-0IP02B,MOTOPOMPE EAU MER VERS SEM2 IPO2B,,,S-PC-P924 IP 02B,SF1-MCU,GM4,SF01,TCLO CONF CCRP JBFI PART RIMP,SOPL,IP1020251201,2025-12-07,2025-12-01,2025-12-08,0.0,1.0,SF01PEAUMR,SMC,,,,ZPRV,290,31,184828.0,480187.0,2
11701598.0,4000846378,LUBRIFICATION DES PALIERS,OR004000846378,SF01-UT-FDEM-BASSIN-0IP01A,MOTOPOMPE EAU MER VERS CENTRALE IPO1A MC,,,S-PC-P924 IP 01A,SF1-MCU,GM4,SF01,TCLO CONF CCRP JBFI PART RIMP,SOPL,IP1020251208,2025-12-13,2025-12-08,2025-12-13,0.0,4.0,SF01PEAUMR,SMC,,,,ZEST,350,32,184821.0,480180.0,1
11701599.0,4000846379,OMS_MESURE VIBRATOIRE PALIERS,OR004000846379,SF01-UT-FDEM-BASSIN-0IP01A,MOTOPOMPE EAU MER VERS CENTRALE IPO1A MC,,,S-PC-P924 IP 01A,SF1-MCU,GM4,SF01,TCLO CONF CCRP JBFI PART RIMP,SOPL,IP1020251208,2025-12-12,2025-12-08,2025-12-12,0.0,1.0,SF01PEAUMR,SMC,,,,ZPRV,290,32,184822.0,480181.0,1
11701620.0,4000846440,LUBRIFICATION DES PALIERS,OR004000846440,SF01-UT-FDEM-BASSIN-0IP01B,MOTOPOMPE EAU MER VERS CENTRALE IPO1B MC,,,S-PC-P924 IP 01B,SF1-MCU,GM4,SF01,TCLO CONF CCRP JBFI PART RIMP,SOPL,IP1020251208,2025-12-14,2025-12-08,2025-12-16,0.0,4.0,SF01PEAUMR,SMC,,,,ZEST,350,32,184823.0,480182.0,1
11701621.0,4000846441,OMS_MESURE VIBRATOIRE PALIERS,OR004000846441,SF01-UT-FDEM-BASSIN-0IP01B,MOTOPOMPE EAU MER VERS CENTRALE IPO1B MC,,,S-PC-P924 IP 01B,SF1-MCU,GM4,SF01,TCLO CONF CCRP JBFI PART RIMP,SOPL,IP1020251208,2025-12-13,2025-12-08,2025-12-13,0.0,1.0,SF01PEAUMR,SMC,,,,ZPRV,290,32,184824.0,480183.0,1
11701622.0,4000846442,LUBRIFICATION DES PALIERS,OR004000846442,SF01-UT-FDEM-BASSIN-0IP02A,MOTOPOMPE EAU MER VERS SEM2 IPO2A MC,,,S-PC-P924 IP 02A,SF1-MCU,GM4,SF01,TCLO CONF CCRP JBFI PART RIMP,SOPL,IP1020251208,2025-12-14,2025-12-08,2025-12-16,0.0,4.0,SF01PEAUMR,SMC,,,,ZEST,350,32,184825.0,480184.0,2
11701623.0,4000846443,OMS_MESURE VIBRATOIRE PALIERS,OR004000846443,SF01-UT-FDEM-BASSIN-0IP02A,MOTOPOMPE EAU MER VERS SEM2 IPO2A MC,,,S-PC-P924 IP 02A,SF1-MCU,GM4,SF01,TCLO CONF CCRP JBFI PART RIMP,SOPL,IP1020251208,2025-12-13,2025-12-08,2025-12-13,0.0,1.0,SF01PEAUMR,SMC,,,,ZPRV,290,32,184826.0,480185.0,2
11701624.0,4000846444,LUBRIFICATION DES PALIERS,OR004000846444,SF01-UT-FDEM-BASSIN-0IP02B,MOTOPOMPE EAU MER VERS SEM2 IPO2B,,,S-PC-P924 IP 02B,SF1-MCU,GM4,SF01,TCLO CONF CCRP JBFI PART RIMP,SOPL,IP1020251208,2025-12-15,2025-12-08,2025-12-16,0.0,4.0,SF01PEAUMR,SMC,,,,ZEST,350,32,184827.0,480186.0,2
11701625.0,4000846445,OMS_MESURE VIBRATOIRE PALIERS,OR004000846445,SF01-UT-FDEM-BASSIN-0IP02B,MOTOPOMPE EAU MER VERS SEM2 IPO2B,,,S-PC-P924 IP 02B,SF1-MCU,GM4,SF01,TCLO CONF CCRP JBFI PART RIMP,SOPL,IP1020251208,2025-12-14,2025-12-08,2025-12-16,0.0,1.0,SF01PEAUMR,SMC,,,,ZPRV,290,32,184828.0,480187.0,2
11701626.0,4000846446,LUBRIFICATION DES PALIERS,OR004000846446,SF01-UT-FDEM-BASSIN-0IP03A,MOTOPOMPE EAU MER VERS PSII IPO3A BASSIN,,,S-PC-P924 IP 03A,SF1-MCU,GM4,SF01,TCLO CONF CCRP JBFI PART RIMP,SOPL,IP1020251208,2025-12-10,2025-12-08,2025-12-10,0.0,4.0,SF01PEAUMR,SMC,,,,ZEST,350,30,184829.0,480188.0,3
11701627.0,4000846447,OMS_MESURE VIBRATOIRE PALIERS,OR004000846447,SF01-UT-FDEM-BASSIN-0IP03A,MOTOPOMPE EAU MER VERS PSII IPO3A BASSIN,,,S-PC-P924 IP 03A,SF1-MCU,GM4,SF01,TCLO CONF CCRP JBFI PART RIMP,SOPL,IP1020251208,2025-12-11,2025-12-08,2025-12-12,0.0,1.0,SF01PEAUMR,SMC,,,,ZPRV,290,32,184830.0,480189.0,3
11701628.0,4000846448,LUBRIFICATION DES PALIERS,OR004000846448,SF01-UT-FDEM-BASSIN-0IP03B,MOTOPOMPE EAU MER VERS PSII IPO3B BASSIN,,,S-PC-P924 IP 03B,SF1-MCU,GM4,SF01,TCLO CONF CCRP JBFI PART RIMP,SOPL,IP1020251208,2025-12-10,2025-12-08,2025-12-10,0.0,4.0,SF01PEAUMR,SMC,,,,ZEST,350,30,184831.0,480190.0,3
11701629.0,4000846449,OMS_MESURE VIBRATOIRE PALIERS,OR004000846449,SF01-UT-FDEM-BASSIN-0IP03B,MOTOPOMPE EAU MER VERS PSII IPO3B BASSIN,,,S-PC-P924 IP 03B,SF1-MCU,GM4,SF01,TCLO CONF CCRP JBFI PART RIMP,SOPL,IP1020251208,2025-12-11,2025-12-08,2025-12-12,0.0,1.0,SF01PEAUMR,SMC,,,,ZPRV,290,32,184832.0,480191.0,3
11701650.0,4000846450,LUBRIFICATION DES PALIERS,OR004000846450,SF01-UT-FDEM-BASSIN-0IP04A,MOTOPOMPE EAU MER VERS PPII IPO4A BASSIN,,,S-PC-P924 IP 04A,SF1-MCU,GM4,SF01,TCLO CONF CCRP JBFI PART RIMP,SOPL,IP1020251208,2025-12-15,2025-12-08,2025-12-16,0.0,4.0,SF01PEAUMR,SMC,,,,ZEST,350,29,184833.0,480192.0,4
11701651.0,4000846451,OMS_MESURE VIBRATOIRE PALIERS,OR004000846451,SF01-UT-FDEM-BASSIN-0IP04A,MOTOPOMPE EAU MER VERS PPII IPO4A BASSIN,,,S-PC-P924 IP 04A,SF1-MCU,GM4,SF01,TCLO CONF CCRP JBFI PART RIMP,SOPL,IP1020251208,2025-12-11,2025-12-08,2025-12-12,0.0,1.0,SF01PEAUMR,SMC,,,,ZPRV,290,32,184834.0,480193.0,4
11701652.0,4000846452,OMS_MESURE VIBRATOIRE PALIERS,OR004000846452,SF01-UT-FDEM-BASSIN-0IP04B,MOTOPOMPE EAU MER VERS PPII IPO4B BASSIN,,,S-PC-P924 IP 04B,SF1-MCU,GM4,SF01,TCLO CONF CCRP JBFI PART RIMP,SOPL,IP1020251208,2025-12-12,2025-12-08,2025-12-12,0.0,1.0,SF01PEAUMR,SMC,,,,ZPRV,290,32,184836.0,480195.0,4
11726890.0,4000869417,LUBRIFICATION DES PALIERS,OR004000869417,SF01-UT-FDEM-BASSIN-0IP01A,MOTOPOMPE EAU MER VERS CENTRALE IPO1A MC,,,S-PC-P924 IP 01A,SF1-MCU,GM4,SF01,TCLO CONF CCRP JBFI PART RIMP,SOPL,IP1020251216,2025-12-20,2025-12-16,2025-12-22,0.0,4.0,SF01PEAUMR,SMC,,,,ZEST,350,33,184821.0,480180.0,1
11726893.0,4000869460,OMS_MESURE VIBRATOIRE PALIERS,OR004000869460,SF01-UT-FDEM-BASSIN-0IP01A,MOTOPOMPE EAU MER VERS CENTRALE IPO1A MC,,,S-PC-P924 IP 01A,SF1-MCU,GM4,SF01,TCLO CONF CCRP JBFI PART RIMP,SOPL,IP1020251216,2025-12-19,2025-12-16,2025-12-19,0.0,1.0,SF01PEAUMR,SMC,,,,ZPRV,290,33,184822.0,480181.0,1
11726895.0,4000869462,LUBRIFICATION DES PALIERS,OR004000869462,SF01-UT-FDEM-BASSIN-0IP01B,MOTOPOMPE EAU MER VERS CENTRALE IPO1B MC,,,S-PC-P924 IP 01B,SF1-MCU,GM4,SF01,TCLO CONF CCRP JBFI PART RIMP,SOPL,IP1020251216,2025-12-21,2025-12-16,2025-12-22,0.0,4.0,SF01PEAUMR,SMC,,,,ZEST,350,33,184823.0,480182.0,1
11726898.0,4000869465,OMS_MESURE VIBRATOIRE PALIERS,OR004000869465,SF01-UT-FDEM-BASSIN-0IP01B,MOTOPOMPE EAU MER VERS CENTRALE IPO1B MC,,,S-PC-P924 IP 01B,SF1-MCU,GM4,SF01,TCLO CONF CCRP JBFI PART RIMP,SOPL,IP1020251216,2025-12-20,2025-12-16,2025-12-22,0.0,1.0,SF01PEAUMR,SMC,,,,ZPRV,290,33,184824.0,480183.0,1
11726899.0,4000869466,LUBRIFICATION DES PALIERS,OR004000869466,SF01-UT-FDEM-BASSIN-0IP02A,MOTOPOMPE EAU MER VERS SEM2 IPO2A MC,,,S-PC-P924 IP 02A,SF1-MCU,GM4,SF01,TCLO CONF CCRP JBFI PART RIMP,SOPL,IP1020251216,2025-12-21,2025-12-16,2025-12-22,0.0,4.0,SF01PEAUMR,SMC,,,,ZEST,350,33,184825.0,480184.0,2
11726920.0,4000869467,OMS_MESURE VIBRATOIRE PALIERS,OR004000869467,SF01-UT-FDEM-BASSIN-0IP02A,MOTOPOMPE EAU MER VERS SEM2 IPO2A MC,,,S-PC-P924 IP 02A,SF1-MCU,GM4,SF01,TCLO CONF CCRP JBFI PART RIMP,SOPL,IP1020251216,2025-12-20,2025-12-16,2025-12-22,0.0,1.0,SF01PEAUMR,SMC,,,,ZPRV,290,33,184826.0,480185.0,2
11726922.0,4000869469,LUBRIFICATION DES PALIERS,OR004000869469,SF01-UT-FDEM-BASSIN-0IP02B,MOTOPOMPE EAU MER VERS SEM2 IPO2B,,,S-PC-P924 IP 02B,SF1-MCU,GM4,SF01,TCLO CONF CCRP JBFI PART RIMP,SOPL,IP1020251216,2025-12-22,2025-12-16,2025-12-22,0.0,4.0,SF01PEAUMR,SMC,,,,ZEST,350,33,184827.0,480186.0,2
11726924.0,4000869471,OMS_MESURE VIBRATOIRE PALIERS,OR004000869471,SF01-UT-FDEM-BASSIN-0IP02B,MOTOPOMPE EAU MER VERS SEM2 IPO2B,,,S-PC-P924 IP 02B,SF1-MCU,GM4,SF01,TCLO CONF CCRP JBFI PART RIMP,SOPL,IP1020251216,2025-12-21,2025-12-16,2025-12-22,0.0,1.0,SF01PEAUMR,SMC,,,,ZPRV,290,33,184828.0,480187.0,2
11726926.0,4000869473,LUBRIFICATION DES PALIERS,OR004000869473,SF01-UT-FDEM-BASSIN-0IP03A,MOTOPOMPE EAU MER VERS PSII IPO3A BASSIN,,,S-PC-P924 IP 03A,SF1-MCU,GM4,SF01,TCLO CONF CCRP JBFI PART RIMP,SOPL,IP1020251216,2025-12-17,2025-12-16,2025-12-17,0.0,4.0,SF01PEAUMR,SMC,,,,ZEST,350,31,184829.0,480188.0,3
11726930.0,4000869477,OMS_MESURE VIBRATOIRE PALIERS,OR004000869477,SF01-UT-FDEM-BASSIN-0IP03A,MOTOPOMPE EAU MER VERS PSII IPO3A BASSIN,,,S-PC-P924 IP 03A,SF1-MCU,GM4,SF01,TCLO CONF CCRP JBFI PART RIMP,SOPL,IP1020251216,2025-12-18,2025-12-16,2025-12-18,0.0,1.0,SF01PEAUMR,SMC,,,,ZPRV,290,33,184830.0,480189.0,3
11726933.0,4000869480,LUBRIFICATION DES PALIERS,OR004000869480,SF01-UT-FDEM-BASSIN-0IP03B,MOTOPOMPE EAU MER VERS PSII IPO3B BASSIN,,,S-PC-P924 IP 03B,SF1-MCU,GM4,SF01,TCLO CONF CCRP JBFI PART RIMP,SOPL,IP1020251216,2025-12-17,2025-12-16,2025-12-17,0.0,4.0,SF01PEAUMR,SMC,,,,ZEST,350,31,184831.0,480190.0,3
11726934.0,4000869481,OMS_MESURE VIBRATOIRE PALIERS,OR004000869481,SF01-UT-FDEM-BASSIN-0IP03B,MOTOPOMPE EAU MER VERS PSII IPO3B BASSIN,,,S-PC-P924 IP 03B,SF1-MCU,GM4,SF01,TCLO CONF CCRP JBFI PART RIMP,SOPL,IP1020251216,2025-12-18,2025-12-16,2025-12-18,0.0,1.0,SF01PEAUMR,SMC,,,,ZPRV,290,33,184832.0,480191.0,3
11726937.0,4000869484,LUBRIFICATION DES PALIERS,OR004000869484,SF01-UT-FDEM-BASSIN-0IP04A,MOTOPOMPE EAU MER VERS PPII IPO4A BASSIN,,,S-PC-P924 IP 04A,SF1-MCU,GM4,SF01,TCLO CONF CCRP JBFI PART RIMP,SOPL,IP1020251216,2025-12-22,2025-12-16,2025-12-22,0.0,4.0,SF01PEAUMR,SMC,,,,ZEST,350,30,184833.0,480192.0,4
11726951.0,4000869488,OMS_MESURE VIBRATOIRE PALIERS,OR004000869488,SF01-UT-FDEM-BASSIN-0IP04A,MOTOPOMPE EAU MER VERS PPII IPO4A BASSIN,,,S-PC-P924 IP 04A,SF1-MCU,GM4,SF01,TCLO CONF CCRP JBFI PART RIMP,SOPL,IP1020251216,2025-12-18,2025-12-16,2025-12-18,0.0,1.0,SF01PEAUMR,SMC,,,,ZPRV,290,33,184834.0,480193.0,4
11726953.0,4000869490,OMS_MESURE VIBRATOIRE PALIERS,OR004000869490,SF01-UT-FDEM-BASSIN-0IP04B,MOTOPOMPE EAU MER VERS PPII IPO4B BASSIN,,,S-PC-P924 IP 04B,SF1-MCU,GM4,SF01,TCLO CONF CCRP JBFI PART RIMP,SOPL,IP1020251216,2025-12-19,2025-12-16,2025-12-19,0.0,1.0,SF01PEAUMR,SMC,,,,ZPRV,290,33,184836.0,480195.0,4
11726839.0,4000873269,serrage des tresses de la pompe IP04B,OR004000873269,SF01-UT-FDEM-BASSIN-0IP04B,MOTOPOMPE EAU MER VERS PPII IPO4B BASSIN,,,S-PC-P924 IP 04B,SF1-MCU,GM4,SF01,TCLO CONF CCRP ERCT JBFI PART RIMP,SOPL,MATAR1,2025-12-17,2025-12-17,,2.0,2.2,SF01PEAUMR,SMC,,,2.0,ZCOR,110,0,,,4
11755307.0,4000896776,LUBRIFICATION DES PALIERS,OR004000896776,SF01-UT-FDEM-BASSIN-0IP01A,MOTOPOMPE EAU MER VERS CENTRALE IPO1A MC,,,S-PC-P924 IP 01A,SF1-MCU,GM4,SF01,TCLO CONF CCRP JBFI PART RIMP,SOPL,IP1020251222,2025-12-27,2025-12-22,2025-12-29,0.0,4.0,SF01PEAUMR,SMC,,,,ZEST,350,34,184821.0,480180.0,1
11755308.0,4000896777,OMS_MESURE VIBRATOIRE PALIERS,OR004000896777,SF01-UT-FDEM-BASSIN-0IP01A,MOTOPOMPE EAU MER VERS CENTRALE IPO1A MC,,,S-PC-P924 IP 01A,SF1-MCU,GM4,SF01,TCLO CONF CCRP JBFI PART RIMP,SOPL,IP1020251222,2025-12-26,2025-12-22,2025-12-29,0.0,1.0,SF01PEAUMR,SMC,,,,ZPRV,290,34,184822.0,480181.0,1
11755309.0,4000896778,LUBRIFICATION DES PALIERS,OR004000896778,SF01-UT-FDEM-BASSIN-0IP01B,MOTOPOMPE EAU MER VERS CENTRALE IPO1B MC,,,S-PC-P924 IP 01B,SF1-MCU,GM4,SF01,TCLO CONF CCRP JBFI PART RIMP,SOPL,IP1020251222,2025-12-28,2025-12-22,2025-12-29,0.0,4.0,SF01PEAUMR,SMC,,,,ZEST,350,34,184823.0,480182.0,1
11755330.0,4000896779,OMS_MESURE VIBRATOIRE PALIERS,OR004000896779,SF01-UT-FDEM-BASSIN-0IP01B,MOTOPOMPE EAU MER VERS CENTRALE IPO1B MC,,,S-PC-P924 IP 01B,SF1-MCU,GM4,SF01,TCLO CONF CCRP JBFI PART RIMP,SOPL,IP1020251222,2025-12-27,2025-12-22,2025-12-29,0.0,1.0,SF01PEAUMR,SMC,,,,ZPRV,290,34,184824.0,480183.0,1
11755331.0,4000896800,LUBRIFICATION DES PALIERS,OR004000896800,SF01-UT-FDEM-BASSIN-0IP02A,MOTOPOMPE EAU MER VERS SEM2 IPO2A MC,,,S-PC-P924 IP 02A,SF1-MCU,GM4,SF01,TCLO CONF CCRP JBFI PART RIMP,SOPL,IP1020251222,2025-12-28,2025-12-22,2025-12-29,0.0,4.0,SF01PEAUMR,SMC,,,,ZEST,350,34,184825.0,480184.0,2
11755333.0,4000896802,OMS_MESURE VIBRATOIRE PALIERS,OR004000896802,SF01-UT-FDEM-BASSIN-0IP02A,MOTOPOMPE EAU MER VERS SEM2 IPO2A MC,,,S-PC-P924 IP 02A,SF1-MCU,GM4,SF01,TCLO CONF CCRP JBFI PART RIMP,SOPL,IP1020251222,2025-12-27,2025-12-22,2025-12-29,0.0,1.0,SF01PEAUMR,SMC,,,,ZPRV,290,34,184826.0,480185.0,2
11755335.0,4000896804,LUBRIFICATION DES PALIERS,OR004000896804,SF01-UT-FDEM-BASSIN-0IP02B,MOTOPOMPE EAU MER VERS SEM2 IPO2B,,,S-PC-P924 IP 02B,SF1-MCU,GM4,SF01,TCLO CONF CCRP JBFI PART RIMP,SOPL,IP1020251222,2025-12-29,2025-12-22,2025-12-29,0.0,4.0,SF01PEAUMR,SMC,,,,ZEST,350,34,184827.0,480186.0,2
11755336.0,4000896805,OMS_MESURE VIBRATOIRE PALIERS,OR004000896805,SF01-UT-FDEM-BASSIN-0IP02B,MOTOPOMPE EAU MER VERS SEM2 IPO2B,,,S-PC-P924 IP 02B,SF1-MCU,GM4,SF01,TCLO CONF CCRP JBFI PART RIMP,SOPL,IP1020251222,2025-12-28,2025-12-22,2025-12-29,0.0,1.0,SF01PEAUMR,SMC,,,,ZPRV,290,34,184828.0,480187.0,2
11755338.0,4000896807,LUBRIFICATION DES PALIERS,OR004000896807,SF01-UT-FDEM-BASSIN-0IP03A,MOTOPOMPE EAU MER VERS PSII IPO3A BASSIN,,,S-PC-P924 IP 03A,SF1-MCU,GM4,SF01,TCLO CONF CCRP JBFI PART RIMP,SOPL,IP1020251222,2025-12-24,2025-12-22,2025-12-24,0.0,4.0,SF01PEAUMR,SMC,,,,ZEST,350,32,184829.0,480188.0,3
11755339.0,4000896808,OMS_MESURE VIBRATOIRE PALIERS,OR004000896808,SF01-UT-FDEM-BASSIN-0IP03A,MOTOPOMPE EAU MER VERS PSII IPO3A BASSIN,,,S-PC-P924 IP 03A,SF1-MCU,GM4,SF01,TCLO CONF CCRP JBFI PART RIMP,SOPL,IP1020251222,2025-12-25,2025-12-22,2025-12-25,0.0,1.0,SF01PEAUMR,SMC,,,,ZPRV,290,34,184830.0,480189.0,3
11755351.0,4000896810,LUBRIFICATION DES PALIERS,OR004000896810,SF01-UT-FDEM-BASSIN-0IP03B,MOTOPOMPE EAU MER VERS PSII IPO3B BASSIN,,,S-PC-P924 IP 03B,SF1-MCU,GM4,SF01,TCLO CONF CCRP JBFI PART RIMP,SOPL,IP1020251222,2025-12-24,2025-12-22,2025-12-24,0.0,4.0,SF01PEAUMR,SMC,,,,ZEST,350,32,184831.0,480190.0,3
11755352.0,4000896811,OMS_MESURE VIBRATOIRE PALIERS,OR004000896811,SF01-UT-FDEM-BASSIN-0IP03B,MOTOPOMPE EAU MER VERS PSII IPO3B BASSIN,,,S-PC-P924 IP 03B,SF1-MCU,GM4,SF01,TCLO CONF CCRP JBFI PART RIMP,SOPL,IP1020251222,2025-12-25,2025-12-22,2025-12-25,0.0,1.0,SF01PEAUMR,SMC,,,,ZPRV,290,34,184832.0,480191.0,3
11755354.0,4000896813,LUBRIFICATION DES PALIERS,OR004000896813,SF01-UT-FDEM-BASSIN-0IP04A,MOTOPOMPE EAU MER VERS PPII IPO4A BASSIN,,,S-PC-P924 IP 04A,SF1-MCU,GM4,SF01,TCLO CONF CCRP JBFI PART RIMP,SOPL,IP1020251222,2025-12-29,2025-12-22,2025-12-29,0.0,4.0,SF01PEAUMR,SMC,,,,ZEST,350,31,184833.0,480192.0,4
11755355.0,4000896814,OMS_MESURE VIBRATOIRE PALIERS,OR004000896814,SF01-UT-FDEM-BASSIN-0IP04A,MOTOPOMPE EAU MER VERS PPII IPO4A BASSIN,,,S-PC-P924 IP 04A,SF1-MCU,GM4,SF01,TCLO CONF CCRP JBFI PART RIMP,SOPL,IP1020251222,2025-12-25,2025-12-22,2025-12-25,0.0,1.0,SF01PEAUMR,SMC,,,,ZPRV,290,34,184834.0,480193.0,4
11755357.0,4000896816,LUBRIFICATION DES PALIERS,OR004000896816,SF01-UT-FDEM-BASSIN-0IP04B,MOTOPOMPE EAU MER VERS PPII IPO4B BASSIN,,,S-PC-P924 IP 04B,SF1-MCU,GM4,SF01,TCLO CONF CCRP JBFI PART RIMP,SOPL,IP1020251222,2026-01-09,2025-12-22,2026-01-09,0.0,1.0,SF01PEAUMR,SMC,,,,ZEST,350,15,184835.0,480194.0,4
11755359.0,4000896818,OMS_MESURE VIBRATOIRE PALIERS,OR004000896818,SF01-UT-FDEM-BASSIN-0IP04B,MOTOPOMPE EAU MER VERS PPII IPO4B BASSIN,,,S-PC-P924 IP 04B,SF1-MCU,GM4,SF01,TCLO CONF CCRP JBFI PART RIMP,SOPL,IP1020251222,2025-12-26,2025-12-22,2025-12-29,0.0,1.0,SF01PEAUMR,SMC,,,,ZPRV,290,34,184836.0,480195.0,4
11756080.0,4000897633,LUBRIFICATION DES PALIERS,OR004000897633,SF01-UT-FDEM-BASSIN-0IP03A,MOTOPOMPE EAU MER VERS PSII IPO3A BASSIN,,,S-PC-P924 IP 03A,SF1-MCU,GM4,SF01,TCLO CONF CCRP JBFI PART RIMP,SOPL,IP1020251222,2025-12-31,2025-12-22,2025-12-31,0.0,4.0,SF01PEAUMR,SMC,,,,ZEST,350,33,184829.0,480188.0,3
11756083.0,4000897636,OMS_MESURE VIBRATOIRE PALIERS,OR004000897636,SF01-UT-FDEM-BASSIN-0IP03A,MOTOPOMPE EAU MER VERS PSII IPO3A BASSIN,,,S-PC-P924 IP 03A,SF1-MCU,GM4,SF01,TCLO CONF CCRP JBFI PART RIMP,SOPL,IP1020251222,2026-01-01,2025-12-22,2026-01-02,0.0,1.0,SF01PEAUMR,SMC,,,,ZPRV,290,35,184830.0,480189.0,3
11756087.0,4000897640,LUBRIFICATION DES PALIERS,OR004000897640,SF01-UT-FDEM-BASSIN-0IP03B,MOTOPOMPE EAU MER VERS PSII IPO3B BASSIN,,,S-PC-P924 IP 03B,SF1-MCU,GM4,SF01,TCLO CONF CCRP JBFI PART RIMP,SOPL,IP1020251222,2025-12-31,2025-12-22,2025-12-31,0.0,4.0,SF01PEAUMR,SMC,,,,ZEST,350,33,184831.0,480190.0,3
11756089.0,4000897642,OMS_MESURE VIBRATOIRE PALIERS,OR004000897642,SF01-UT-FDEM-BASSIN-0IP03B,MOTOPOMPE EAU MER VERS PSII IPO3B BASSIN,,,S-PC-P924 IP 03B,SF1-MCU,GM4,SF01,TCLO CONF CCRP JBFI PART RIMP,SOPL,IP1020251222,2026-01-01,2025-12-22,2026-01-02,0.0,1.0,SF01PEAUMR,SMC,,,,ZPRV,290,35,184832.0,480191.0,3
11756092.0,4000897645,LUBRIFICATION DES PALIERS,OR004000897645,SF01-UT-FDEM-BASSIN-0IP04A,MOTOPOMPE EAU MER VERS PPII IPO4A BASSIN,,,S-PC-P924 IP 04A,SF1-MCU,GM4,SF01,TCLO CONF CCRP JBFI PART RIMP,SOPL,IP1020251222,2026-01-05,2025-12-22,2026-01-05,0.0,4.0,SF01PEAUMR,SMC,,,,ZEST,350,32,184833.0,480192.0,4
11756094.0,4000897647,OMS_MESURE VIBRATOIRE PALIERS,OR004000897647,SF01-UT-FDEM-BASSIN-0IP04A,MOTOPOMPE EAU MER VERS PPII IPO4A BASSIN,,,S-PC-P924 IP 04A,SF1-MCU,GM4,SF01,TCLO CONF CCRP JBFI PART RIMP,SOPL,IP1020251222,2026-01-01,2025-12-22,2026-01-02,0.0,1.0,SF01PEAUMR,SMC,,,,ZPRV,290,35,184834.0,480193.0,4
11756097.0,4000897650,OMS_MESURE VIBRATOIRE PALIERS,OR004000897650,SF01-UT-FDEM-BASSIN-0IP04B,MOTOPOMPE EAU MER VERS PPII IPO4B BASSIN,,,S-PC-P924 IP 04B,SF1-MCU,GM4,SF01,TCLO CONF CCRP JBFI PART RIMP,SOPL,IP1020251222,2026-01-02,2025-12-22,2026-01-02,0.0,1.0,SF01PEAUMR,SMC,,,,ZPRV,290,35,184836.0,480195.0,4
11756101.0,4000897663,LUBRIFICATION DES PALIERS,OR004000897663,SF01-UT-FDEM-BASSIN-0IP01A,MOTOPOMPE EAU MER VERS CENTRALE IPO1A MC,,,S-PC-P924 IP 01A,SF1-MCU,GM4,SF01,TCLO CONF CCRP JBFI PART RIMP,SOPL,IP1020251222,2026-01-03,2025-12-22,2026-01-05,0.0,4.0,SF01PEAUMR,SMC,,,,ZEST,350,35,184821.0,480180.0,1
11756104.0,4000897665,OMS_MESURE VIBRATOIRE PALIERS,OR004000897665,SF01-UT-FDEM-BASSIN-0IP01A,MOTOPOMPE EAU MER VERS CENTRALE IPO1A MC,,,S-PC-P924 IP 01A,SF1-MCU,GM4,SF01,TCLO CONF CCRP JBFI PART RIMP,SOPL,IP1020251222,2026-01-02,2025-12-22,2026-01-02,0.0,1.0,SF01PEAUMR,SMC,,,,ZPRV,290,35,184822.0,480181.0,1
11756106.0,4000897667,LUBRIFICATION DES PALIERS,OR004000897667,SF01-UT-FDEM-BASSIN-0IP01B,MOTOPOMPE EAU MER VERS CENTRALE IPO1B MC,,,S-PC-P924 IP 01B,SF1-MCU,GM4,SF01,TCLO CONF CCRP JBFI PART RIMP,SOPL,IP1020251222,2026-01-04,2025-12-22,2026-01-05,0.0,4.0,SF01PEAUMR,SMC,,,,ZEST,350,35,184823.0,480182.0,1
11756108.0,4000897669,OMS_MESURE VIBRATOIRE PALIERS,OR004000897669,SF01-UT-FDEM-BASSIN-0IP01B,MOTOPOMPE EAU MER VERS CENTRALE IPO1B MC,,,S-PC-P924 IP 01B,SF1-MCU,GM4,SF01,TCLO CONF CCRP JBFI PART RIMP,SOPL,IP1020251222,2026-01-03,2025-12-22,2026-01-05,0.0,1.0,SF01PEAUMR,SMC,,,,ZPRV,290,35,184824.0,480183.0,1
11756131.0,4000897672,LUBRIFICATION DES PALIERS,OR004000897672,SF01-UT-FDEM-BASSIN-0IP02A,MOTOPOMPE EAU MER VERS SEM2 IPO2A MC,,,S-PC-P924 IP 02A,SF1-MCU,GM4,SF01,TCLO CONF CCRP JBFI PART RIMP,SOPL,IP1020251222,2026-01-04,2025-12-22,2026-01-05,0.0,4.0,SF01PEAUMR,SMC,,,,ZEST,350,35,184825.0,480184.0,2
11756132.0,4000897673,OMS_MESURE VIBRATOIRE PALIERS,OR004000897673,SF01-UT-FDEM-BASSIN-0IP02A,MOTOPOMPE EAU MER VERS SEM2 IPO2A MC,,,S-PC-P924 IP 02A,SF1-MCU,GM4,SF01,TCLO CONF CCRP JBFI PART RIMP,SOPL,IP1020251222,2026-01-03,2025-12-22,2026-01-05,0.0,1.0,SF01PEAUMR,SMC,,,,ZPRV,290,35,184826.0,480185.0,2
11756135.0,4000897676,LUBRIFICATION DES PALIERS,OR004000897676,SF01-UT-FDEM-BASSIN-0IP02B,MOTOPOMPE EAU MER VERS SEM2 IPO2B,,,S-PC-P924 IP 02B,SF1-MCU,GM4,SF01,TCLO CONF CCRP JBFI PART RIMP,SOPL,IP1020251222,2026-01-05,2025-12-22,2026-01-05,0.0,4.0,SF01PEAUMR,SMC,,,,ZEST,350,35,184827.0,480186.0,2
11756136.0,4000897677,OMS_MESURE VIBRATOIRE PALIERS,OR004000897677,SF01-UT-FDEM-BASSIN-0IP02B,MOTOPOMPE EAU MER VERS SEM2 IPO2B,,,S-PC-P924 IP 02B,SF1-MCU,GM4,SF01,TCLO CONF CCRP JBFI PART RIMP,SOPL,IP1020251222,2026-01-04,2025-12-22,2026-01-05,0.0,1.0,SF01PEAUMR,SMC,,,,ZPRV,290,35,184828.0,480187.0,2
11727586.0,4000907861,montage échafaudage au niveau pompeIP01A,OR004000907861,SF01-UT-FDEM-BASSIN-0IP01A,MOTOPOMPE EAU MER VERS CENTRALE IPO1A MC,,,S-PC-P924 IP 01A,SF1-GCMC,GMD,SF01,LANC CONF CCRP JBFI PART RIMP TàLT,ATPL ATAL,MATAR1,2025-12-23,2025-12-23,,0.0,0.2,SF01PEAUMR,SMC,,,2.0,ZCOR,110,0,,,1
11818656.0,4000959371,LUBRIFICATION DES PALIERS,OR004000959371,SF01-UT-FDEM-BASSIN-0IP01A,MOTOPOMPE EAU MER VERS CENTRALE IPO1A MC,,,S-PC-P924 IP 01A,SF1-MCU,GM4,SF01,TCLO CONF CCRP JBFI PART RIMP,SOPL,IP1020251229,2026-01-10,2025-12-29,2026-01-10,0.0,4.0,SF01PEAUMR,SMC,,,,ZEST,350,36,184821.0,480180.0,1
11818658.0,4000959373,OMS_MESURE VIBRATOIRE PALIERS,OR004000959373,SF01-UT-FDEM-BASSIN-0IP01A,MOTOPOMPE EAU MER VERS CENTRALE IPO1A MC,,,S-PC-P924 IP 01A,SF1-MCU,GM4,SF01,TCLO CONF CCRP JBFI PART RIMP,SOPL,IP1020251229,2026-01-09,2025-12-29,2026-01-09,0.0,1.0,SF01PEAUMR,SMC,,,,ZPRV,290,36,184822.0,480181.0,1
11818680.0,4000959375,LUBRIFICATION DES PALIERS,OR004000959375,SF01-UT-FDEM-BASSIN-0IP01B,MOTOPOMPE EAU MER VERS CENTRALE IPO1B MC,,,S-PC-P924 IP 01B,SF1-MCU,GM4,SF01,TCLO CONF CCRP JBFI PART RIMP,SOPL,IP1020251229,2026-01-11,2025-12-29,2026-01-12,0.0,4.0,SF01PEAUMR,SMC,,,,ZEST,350,36,184823.0,480182.0,1
11818682.0,4000959377,OMS_MESURE VIBRATOIRE PALIERS,OR004000959377,SF01-UT-FDEM-BASSIN-0IP01B,MOTOPOMPE EAU MER VERS CENTRALE IPO1B MC,,,S-PC-P924 IP 01B,SF1-MCU,GM4,SF01,TCLO CONF CCRP JBFI PART RIMP,SOPL,IP1020251229,2026-01-10,2025-12-29,2026-01-10,0.0,1.0,SF01PEAUMR,SMC,,,,ZPRV,290,36,184824.0,480183.0,1
11818683.0,4000959378,LUBRIFICATION DES PALIERS,OR004000959378,SF01-UT-FDEM-BASSIN-0IP02A,MOTOPOMPE EAU MER VERS SEM2 IPO2A MC,,,S-PC-P924 IP 02A,SF1-MCU,GM4,SF01,TCLO CONF CCRP JBFI PART RIMP,SOPL,IP1020251229,2026-01-11,2025-12-29,2026-01-12,0.0,4.0,SF01PEAUMR,SMC,,,,ZEST,350,36,184825.0,480184.0,2
11818686.0,4000959401,OMS_MESURE VIBRATOIRE PALIERS,OR004000959401,SF01-UT-FDEM-BASSIN-0IP02A,MOTOPOMPE EAU MER VERS SEM2 IPO2A MC,,,S-PC-P924 IP 02A,SF1-MCU,GM4,SF01,TCLO CONF CCRP JBFI PART RIMP,SOPL,IP1020251229,2026-01-10,2025-12-29,2026-01-10,0.0,1.0,SF01PEAUMR,SMC,,,,ZPRV,290,36,184826.0,480185.0,2
11818689.0,4000959404,LUBRIFICATION DES PALIERS,OR004000959404,SF01-UT-FDEM-BASSIN-0IP02B,MOTOPOMPE EAU MER VERS SEM2 IPO2B,,,S-PC-P924 IP 02B,SF1-MCU,GM4,SF01,TCLO CONF CCRP JBFI PART RIMP,SOPL,IP1020251229,2026-01-12,2025-12-29,2026-01-12,0.0,4.0,SF01PEAUMR,SMC,,,,ZEST,350,36,184827.0,480186.0,2
11818691.0,4000959406,OMS_MESURE VIBRATOIRE PALIERS,OR004000959406,SF01-UT-FDEM-BASSIN-0IP02B,MOTOPOMPE EAU MER VERS SEM2 IPO2B,,,S-PC-P924 IP 02B,SF1-MCU,GM4,SF01,TCLO CONF CCRP JBFI PART RIMP,SOPL,IP1020251229,2026-01-11,2025-12-29,2026-01-12,0.0,1.0,SF01PEAUMR,SMC,,,,ZPRV,290,36,184828.0,480187.0,2
11818694.0,4000959409,LUBRIFICATION DES PALIERS,OR004000959409,SF01-UT-FDEM-BASSIN-0IP03A,MOTOPOMPE EAU MER VERS PSII IPO3A BASSIN,,,S-PC-P924 IP 03A,SF1-MCU,GM4,SF01,TCLO CONF CCRP JBFI PART RIMP,SOPL,IP1020251229,2026-01-07,2025-12-29,2026-01-07,0.0,4.0,SF01PEAUMR,SMC,,,,ZEST,350,34,184829.0,480188.0,3
11818696.0,4000959411,OMS_MESURE VIBRATOIRE PALIERS,OR004000959411,SF01-UT-FDEM-BASSIN-0IP03A,MOTOPOMPE EAU MER VERS PSII IPO3A BASSIN,,,S-PC-P924 IP 03A,SF1-MCU,GM4,SF01,TCLO CONF CCRP JBFI PART RIMP,SOPL,IP1020251229,2026-01-08,2025-12-29,2026-01-08,0.0,1.0,SF01PEAUMR,SMC,,,,ZPRV,290,36,184830.0,480189.0,3
11818699.0,4000959414,LUBRIFICATION DES PALIERS,OR004000959414,SF01-UT-FDEM-BASSIN-0IP03B,MOTOPOMPE EAU MER VERS PSII IPO3B BASSIN,,,S-PC-P924 IP 03B,SF1-MCU,GM4,SF01,TCLO CONF CCRP JBFI PART RIMP,SOPL,IP1020251229,2026-01-07,2025-12-29,2026-01-07,0.0,4.0,SF01PEAUMR,SMC,,,,ZEST,350,34,184831.0,480190.0,3
11818712.0,4000959417,OMS_MESURE VIBRATOIRE PALIERS,OR004000959417,SF01-UT-FDEM-BASSIN-0IP03B,MOTOPOMPE EAU MER VERS PSII IPO3B BASSIN,,,S-PC-P924 IP 03B,SF1-MCU,GM4,SF01,TCLO CONF CCRP JBFI PART RIMP,SOPL,IP1020251229,2026-01-08,2025-12-29,2026-01-08,0.0,1.0,SF01PEAUMR,SMC,,,,ZPRV,290,36,184832.0,480191.0,3
11818713.0,4000959418,LUBRIFICATION DES PALIERS,OR004000959418,SF01-UT-FDEM-BASSIN-0IP04A,MOTOPOMPE EAU MER VERS PPII IPO4A BASSIN,,,S-PC-P924 IP 04A,SF1-MCU,GM4,SF01,TCLO CONF CCRP JBFI PART RIMP,SOPL,IP1020251229,2026-01-12,2025-12-29,2026-01-12,0.0,4.0,SF01PEAUMR,SMC,,,,ZEST,350,33,184833.0,480192.0,4
11818715.0,4000959420,OMS_MESURE VIBRATOIRE PALIERS,OR004000959420,SF01-UT-FDEM-BASSIN-0IP04A,MOTOPOMPE EAU MER VERS PPII IPO4A BASSIN,,,S-PC-P924 IP 04A,SF1-MCU,GM4,SF01,TCLO CONF CCRP JBFI PART RIMP,SOPL,IP1020251229,2026-01-08,2025-12-29,2026-01-08,0.0,1.0,SF01PEAUMR,SMC,,,,ZPRV,290,36,184834.0,480193.0,4
11818717.0,4000959422,OMS_MESURE VIBRATOIRE PALIERS,OR004000959422,SF01-UT-FDEM-BASSIN-0IP04B,MOTOPOMPE EAU MER VERS PPII IPO4B BASSIN,,,S-PC-P924 IP 04B,SF1-MCU,GM4,SF01,TCLO CONF CCRP JBFI PART RIMP,SOPL,IP1020251229,2026-01-09,2025-12-29,2026-01-09,0.0,1.0,SF01PEAUMR,SMC,,,,ZPRV,290,36,184836.0,480195.0,4
11922052.0,4001059854,préventif (6 mois) moteur MT,OR004001059854,SF01-UT-FDEM-BASSIN-0IP01A-GMOT-0MOTEUR,MOTEUR ELECTRIQUE MT,,,S-PC-924IP01A-M,SF1-ECU,GM7,SF01,LANC CCRP PART RIMP,ATPL ATEI,IP1020260112,2026-12-27,2026-01-12,,0.0,0.0,SF01PEAUMR,SMC,,,3.0,ZEST,360,2,212935.0,538491.0,1
11922057.0,4001059859,préventif (6 mois) moteur MT,OR004001059859,SF01-UT-FDEM-BASSIN-0IP01B-GMOT-0MOTEUR,MOTEUR ELECTRIQUE MT,,,S-PC-924IP01B-M,SF1-ECU,GM7,SF01,TCLO CONF CCRP JBFI PART RIMP,SOPL,IP1020260112,2026-07-20,2026-01-12,2026-08-05,0.0,8.5,SF01PEAUMR,SMC,,,2.0,ZEST,360,2,212936.0,538492.0,1
11922039.0,4001060152,préventif des cellules MT,OR004001060152,SF01-UT-FDEM-BASSIN-0IP01A-GMOT-DEPARTM,DEPART MOTEUR MT,,,S-PC-924IP01A-D,SF1-ECU,GM7,SF01,LANC CCRP PART RIMP,ATPL ATEI,IP1020260112,2026-12-20,2026-01-12,,0.0,0.0,SF01PEAUMR,SMC,,,2.0,ZEST,360,2,212993.0,539069.0,1
11922062.0,4001060155,préventif des cellules MT,OR004001060155,SF01-UT-FDEM-BASSIN-0IP01B-GMOT-DEPARTM,DEPART MOTEUR MT,,,S-PC-924IP01B-D,SF1-ECU,GM7,SF01,TCLO CONF CCRP JBFI PART RIMP,SOPL,IP1020260112,2026-07-20,2026-01-12,2026-08-05,0.0,8.0,SF01PEAUMR,SMC,,,2.0,ZEST,360,2,212994.0,539070.0,1
11922064.0,4001060157,préventif des cellules MT,OR004001060157,SF01-UT-FDEM-BASSIN-0IP02A-GMOT-DEPARTM,DEPART MOTEUR MT,,,S-PC-924IP02A-D,SF1-ECU,GM7,SF01,LANC CCRP PART RIMP,ATPL ATEI,IP1020260112,2026-12-27,2026-01-12,,0.0,0.0,SF01PEAUMR,SMC,,,3.0,ZEST,360,2,212995.0,539071.0,2
11922073.0,4001060185,préventif (6 mois) moteur MT,OR004001060185,SF01-UT-FDEM-BASSIN-0IP02A-GMOT-0MOTEUR,MOTEUR ELECTRIQUE MT,,,S-PC-924IP02A-M,SF1-ECU,GM7,SF01,LANC CCRP PART RIMP,ATPL ATEI,IP1020260112,2026-12-27,2026-01-12,,0.0,0.0,SF01PEAUMR,SMC,,,3.0,ZEST,360,2,212937.0,538493.0,2
11922077.0,4001060189,préventif (6 mois) moteur MT,OR004001060189,SF01-UT-FDEM-BASSIN-0IP02B-GMOT-0MOTEUR,MOTEUR ELECTRIQUE MT,,,S-PC-924IP02B-M,SF1-ECU,GM7,SF01,TCLO CONF CCRP JBFI PART RIMP,SOPL,IP1020260112,2026-07-20,2026-01-12,2026-08-05,0.0,8.17,SF01PEAUMR,SMC,,,2.0,ZEST,360,2,212938.0,538494.0,2
11922092.0,4001060194,préventif (6 mois) moteur MT,OR004001060194,SF01-UT-FDEM-BASSIN-0IP03A-GMOT-0MOTEUR,MOTEUR ELECTRIQUE MT,,,S-PC-924IP03A-M,SF1-ECU,GM7,SF01,TCLO CONF CCRP JBFI PART RIMP,SOPL,IP1020260112,2026-07-20,2026-01-12,2026-08-05,0.0,8.17,SF01PEAUMR,SMC,,,2.0,ZEST,360,2,212939.0,538495.0,3
11922097.0,4001060199,préventif (6 mois) moteur MT,OR004001060199,SF01-UT-FDEM-BASSIN-0IP03B-GMOT-0MOTEUR,MOTEUR ELECTRIQUE MT,,,S-PC-924IP03B-M,SF1-ECU,GM7,SF01,TCLO CONF CCRP JBFI PART RIMP,SOPL,IP1020260112,2026-07-20,2026-01-12,2026-08-05,0.0,8.17,SF01PEAUMR,SMC,,,2.0,ZEST,360,2,212940.0,538496.0,3
11922068.0,4001060201,préventif des cellules MT,OR004001060201,SF01-UT-FDEM-BASSIN-0IP02B-GMOT-DEPARTM,DEPART MOTEUR MT,,,S-PC-924IP02B-D,SF1-ECU,GM7,SF01,TCLO CONF CCRP JBFI PART RIMP,SOPL,IP1020260112,2026-07-20,2026-01-12,2026-08-05,0.0,7.67,SF01PEAUMR,SMC,,,2.0,ZEST,360,2,212996.0,539072.0,2
11922101.0,4001060204,préventif des cellules MT,OR004001060204,SF01-UT-FDEM-BASSIN-0IP03A-GMOT-DEPARTM,DEPART MOTEUR MT,,,S-PC-924IP03A-D,SF1-ECU,GM7,SF01,TCLO CONF CCRP JBFI PART RIMP,SOPL,IP1020260112,2026-07-20,2026-01-12,2026-08-05,0.0,7.67,SF01PEAUMR,SMC,,,2.0,ZEST,360,2,212997.0,539073.0,3
11922105.0,4001060208,préventif des cellules MT,OR004001060208,SF01-UT-FDEM-BASSIN-0IP03B-GMOT-DEPARTM,DEPART MOTEUR MT,,,S-PC-924IP03B-D,SF1-ECU,GM7,SF01,TCLO CONF CCRP JBFI PART RIMP,SOPL,IP1020260112,2026-07-20,2026-01-12,2026-08-05,0.0,7.67,SF01PEAUMR,SMC,,,2.0,ZEST,360,2,212998.0,539074.0,3
11922109.0,4001060212,préventif des cellules MT,OR004001060212,SF01-UT-FDEM-BASSIN-0IP04A-GMOT-DEPARTM,DEPART MOTEUR MT,,,S-PC-924IP04A-D,SF1-ECU,GM7,SF01,TCLO CONF CCRP JBFI PART RIMP,SOPL,IP1020260112,2026-07-20,2026-01-12,2026-08-05,0.0,7.67,SF01PEAUMR,SMC,,,2.0,ZEST,360,2,212999.0,539075.0,4
11922134.0,4001060217,préventif des cellules MT,OR004001060217,SF01-UT-FDEM-BASSIN-0IP04B-GMOT-DEPARTM,DEPART MOTEUR MT,,,S-PC-924IP04B-D,SF1-ECU,GM7,SF01,TCLO CONF CCRP JBFI PART RIMP,SOPL,IP1020260112,2026-07-20,2026-01-12,2026-08-05,0.0,7.67,SF01PEAUMR,SMC,,,2.0,ZEST,360,2,213000.0,539076.0,4
11922121.0,4001060243,préventif (6 mois) moteur MT,OR004001060243,SF01-UT-FDEM-BASSIN-0IP04A-GMOT-0MOTEUR,MOTEUR ELECTRIQUE MT,,,S-PC-924IP04A-M,SF1-ECU,GM7,SF01,TCLO CONF CCRP JBFI PART RIMP,SOPL,IP1020260112,2026-07-20,2026-01-12,2026-07-28,0.0,8.5,SF01PEAUMR,SMC,,,2.0,ZEST,360,2,212941.0,538497.0,4
11922123.0,4001060245,préventif (6 mois) moteur MT,OR004001060245,SF01-UT-FDEM-BASSIN-0IP04B-GMOT-0MOTEUR,MOTEUR ELECTRIQUE MT,,,S-PC-924IP04B-M,SF1-ECU,GM7,SF01,TCLO CONF CCRP JBFI PART RIMP,SOPL,IP1020260112,2026-07-20,2026-01-12,2026-07-28,0.0,8.17,SF01PEAUMR,SMC,,,2.0,ZEST,360,2,212942.0,538498.0,4
11922281.0,4001060394,préventif (3 mois) moteur MT,OR004001060394,SF01-UT-FDEM-BASSIN-0IP01A-GMOT-0MOTEUR,MOTEUR ELECTRIQUE MT,,,S-PC-924IP01A-M,SF1-ECU,GM7,SF01,TCLO CONF CCRP JBFI PART RIMP,SOPL,IP1020260112,2026-04-20,2026-01-12,2026-05-15,3.1,9.2,SF01PEAUMR,SMC,,,,ZEST,360,3,213290.0,539366.0,1
11922284.0,4001060397,préventif (3 mois) moteur MT,OR004001060397,SF01-UT-FDEM-BASSIN-0IP01B-GMOT-0MOTEUR,MOTEUR ELECTRIQUE MT,,,S-PC-924IP01B-M,SF1-ECU,GM7,SF01,TCLO CONF CCRP JBFI PART RIMP,SOPL,IP1020260112,2026-04-20,2026-01-12,2026-05-20,3.1,5.0,SF01PEAUMR,SMC,,,,ZEST,360,3,213291.0,539367.0,1
11922288.0,4001060401,préventif (3 mois) moteur MT,OR004001060401,SF01-UT-FDEM-BASSIN-0IP02A-GMOT-0MOTEUR,MOTEUR ELECTRIQUE MT,,,S-PC-924IP02A-M,SF1-ECU,GM7,SF01,TCLO CONF CCRP JBFI PART RIMP,SOPL,IP1020260112,2026-04-20,2026-01-12,2026-05-05,3.1,2.3,SF01PEAUMR,SMC,,,,ZEST,360,3,213292.0,539368.0,2
11922291.0,4001060404,préventif (3 mois) moteur MT,OR004001060404,SF01-UT-FDEM-BASSIN-0IP02B-GMOT-0MOTEUR,MOTEUR ELECTRIQUE MT,,,S-PC-924IP02B-M,SF1-ECU,GM7,SF01,TCLO CONF CCRP JBFI PART RIMP,SOPL,IP1020260112,2026-04-20,2026-01-12,2026-05-20,3.1,5.0,SF01PEAUMR,SMC,,,,ZEST,360,3,213293.0,539369.0,2
11922293.0,4001060406,préventif (3 mois) moteur MT,OR004001060406,SF01-UT-FDEM-BASSIN-0IP03A-GMOT-0MOTEUR,MOTEUR ELECTRIQUE MT,,,S-PC-924IP03A-M,SF1-ECU,GM7,SF01,TCLO CONF CCRP JBFI PART RIMP,SOPL,IP1020260112,2026-04-20,2026-01-12,2026-04-28,0.0,3.2,SF01PEAUMR,SMC,,,,ZEST,360,3,213294.0,539370.0,3
11922296.0,4001060409,préventif (3 mois) moteur MT,OR004001060409,SF01-UT-FDEM-BASSIN-0IP03B-GMOT-0MOTEUR,MOTEUR ELECTRIQUE MT,,,S-PC-924IP03B-M,SF1-ECU,GM7,SF01,TCLO CONF CCRP JBFI PART RIMP,SOPL,IP1020260112,2026-04-20,2026-01-12,2026-05-20,3.1,5.0,SF01PEAUMR,SMC,,,,ZEST,360,3,213295.0,539371.0,3
11922298.0,4001060411,préventif (3 mois) moteur MT,OR004001060411,SF01-UT-FDEM-BASSIN-0IP04A-GMOT-0MOTEUR,MOTEUR ELECTRIQUE MT,,,S-PC-924IP04A-M,SF1-ECU,GM7,SF01,TCLO CONF CCRP JBFI PART RIMP,SOPL,IP1020260112,2026-04-20,2026-01-12,2026-05-20,3.1,5.0,SF01PEAUMR,SMC,,,,ZEST,360,3,213296.0,539372.0,4
11922301.0,4001060414,préventif (3 mois) moteur MT,OR004001060414,SF01-UT-FDEM-BASSIN-0IP04B-GMOT-0MOTEUR,MOTEUR ELECTRIQUE MT,,,S-PC-924IP04B-M,SF1-ECU,GM7,SF01,TCLO CONF CCRP JBFI PART RIMP,SOPL,IP1020260112,2026-04-20,2026-01-12,2026-05-05,3.1,2.3,SF01PEAUMR,SMC,,,,ZEST,360,3,213297.0,539373.0,4
11934213.0,4001071316,LUBRIFICATION DES PALIERS,OR004001071316,SF01-UT-FDEM-BASSIN-0IP03A,MOTOPOMPE EAU MER VERS PSII IPO3A BASSIN,,,S-PC-P924 IP 03A,SF1-MCU,GM4,SF01,TCLO CONF CCRP JBFI PART RIMP,SOPL,IP1020260117,2026-01-17,2026-01-17,2026-01-18,0.0,4.0,SF01PEAUMR,SMC,,,,ZEST,350,35,184829.0,480188.0,3
11934214.0,4001071317,LUBRIFICATION DES PALIERS,OR004001071317,SF01-UT-FDEM-BASSIN-0IP03A,MOTOPOMPE EAU MER VERS PSII IPO3A BASSIN,,,S-PC-P924 IP 03A,SF1-MCU,GM4,SF01,TCLO CONF CCRP JBFI PART RIMP,SOPL,IP1020260117,2026-01-21,2026-01-17,2026-01-21,0.0,4.0,SF01PEAUMR,SMC,,,,ZEST,350,36,184829.0,480188.0,3
11934248.0,4001071352,LUBRIFICATION DES PALIERS,OR004001071352,SF01-UT-FDEM-BASSIN-0IP01A,MOTOPOMPE EAU MER VERS CENTRALE IPO1A MC,,,S-PC-P924 IP 01A,SF1-MCU,GM4,SF01,TCLO CONF CCRP JBFI PART RIMP,SOPL,IP1020260117,2026-01-17,2026-01-17,2026-01-18,0.0,4.0,SF01PEAUMR,SMC,,,,ZEST,350,37,184821.0,480180.0,1
11934249.0,4001071353,LUBRIFICATION DES PALIERS,OR004001071353,SF01-UT-FDEM-BASSIN-0IP01A,MOTOPOMPE EAU MER VERS CENTRALE IPO1A MC,,,S-PC-P924 IP 01A,SF1-MCU,GM4,SF01,TCLO CONF CCRP JBFI PART RIMP,SOPL,IP1020260117,2026-01-24,2026-01-17,2026-01-27,0.0,4.0,SF01PEAUMR,SMC,,,,ZEST,350,38,184821.0,480180.0,1
11934281.0,4001071355,OMS_MESURE VIBRATOIRE PALIERS,OR004001071355,SF01-UT-FDEM-BASSIN-0IP01A,MOTOPOMPE EAU MER VERS CENTRALE IPO1A MC,,,S-PC-P924 IP 01A,SF1-MCU,GM4,SF01,TCLO CONF CCRP JBFI PART RIMP,SOPL,IP1020260117,2026-01-17,2026-01-17,2026-01-18,0.0,1.0,SF01PEAUMR,SMC,,,,ZPRV,290,37,184822.0,480181.0,1
11934282.0,4001071356,OMS_MESURE VIBRATOIRE PALIERS,OR004001071356,SF01-UT-FDEM-BASSIN-0IP01A,MOTOPOMPE EAU MER VERS CENTRALE IPO1A MC,,,S-PC-P924 IP 01A,SF1-MCU,GM4,SF01,TCLO CONF CCRP JBFI PART RIMP,SOPL,IP1020260117,2026-01-23,2026-01-17,2026-01-27,0.0,1.0,SF01PEAUMR,SMC,,,,ZPRV,290,38,184822.0,480181.0,1
11934284.0,4001071358,LUBRIFICATION DES PALIERS,OR004001071358,SF01-UT-FDEM-BASSIN-0IP01B,MOTOPOMPE EAU MER VERS CENTRALE IPO1B MC,,,S-PC-P924 IP 01B,SF1-MCU,GM4,SF01,TCLO CONF CCRP JBFI PART RIMP,SOPL,IP1020260117,2026-01-18,2026-01-17,2026-01-18,0.0,4.0,SF01PEAUMR,SMC,,,,ZEST,350,37,184823.0,480182.0,1
11934219.0,4001071362,OMS_MESURE VIBRATOIRE PALIERS,OR004001071362,SF01-UT-FDEM-BASSIN-0IP03A,MOTOPOMPE EAU MER VERS PSII IPO3A BASSIN,,,S-PC-P924 IP 03A,SF1-MCU,GM4,SF01,TCLO CONF CCRP JBFI PART RIMP,SOPL,IP1020260117,2026-01-17,2026-01-17,2026-01-18,0.0,1.0,SF01PEAUMR,SMC,,,,ZPRV,290,37,184830.0,480189.0,3
11934231.0,4001071364,OMS_MESURE VIBRATOIRE PALIERS,OR004001071364,SF01-UT-FDEM-BASSIN-0IP03A,MOTOPOMPE EAU MER VERS PSII IPO3A BASSIN,,,S-PC-P924 IP 03A,SF1-MCU,GM4,SF01,TCLO CONF CCRP JBFI PART RIMP,SOPL,IP1020260117,2026-01-22,2026-01-17,2026-01-27,0.0,1.0,SF01PEAUMR,SMC,,,,ZPRV,290,38,184830.0,480189.0,3
11934236.0,4001071369,LUBRIFICATION DES PALIERS,OR004001071369,SF01-UT-FDEM-BASSIN-0IP03B,MOTOPOMPE EAU MER VERS PSII IPO3B BASSIN,,,S-PC-P924 IP 03B,SF1-MCU,GM4,SF01,TCLO CONF CCRP JBFI PART RIMP,SOPL,IP1020260117,2026-01-17,2026-01-17,2026-01-18,0.0,4.0,SF01PEAUMR,SMC,,,,ZEST,350,35,184831.0,480190.0,3
11934237.0,4001071370,LUBRIFICATION DES PALIERS,OR004001071370,SF01-UT-FDEM-BASSIN-0IP03B,MOTOPOMPE EAU MER VERS PSII IPO3B BASSIN,,,S-PC-P924 IP 03B,SF1-MCU,GM4,SF01,TCLO CONF CCRP JBFI PART RIMP,SOPL,IP1020260117,2026-01-21,2026-01-17,2026-01-21,0.0,4.0,SF01PEAUMR,SMC,,,,ZEST,350,36,184831.0,480190.0,3
11934251.0,4001071374,OMS_MESURE VIBRATOIRE PALIERS,OR004001071374,SF01-UT-FDEM-BASSIN-0IP03B,MOTOPOMPE EAU MER VERS PSII IPO3B BASSIN,,,S-PC-P924 IP 03B,SF1-MCU,GM4,SF01,TCLO CONF CCRP JBFI PART RIMP,SOPL,IP1020260117,2026-01-17,2026-01-17,2026-01-18,0.0,1.0,SF01PEAUMR,SMC,,,,ZPRV,290,37,184832.0,480191.0,3
11934253.0,4001071376,OMS_MESURE VIBRATOIRE PALIERS,OR004001071376,SF01-UT-FDEM-BASSIN-0IP03B,MOTOPOMPE EAU MER VERS PSII IPO3B BASSIN,,,S-PC-P924 IP 03B,SF1-MCU,GM4,SF01,TCLO CONF CCRP JBFI PART RIMP,SOPL,IP1020260117,2026-01-22,2026-01-17,2026-01-27,0.0,1.0,SF01PEAUMR,SMC,,,,ZPRV,290,38,184832.0,480191.0,3
11934257.0,4001071380,LUBRIFICATION DES PALIERS,OR004001071380,SF01-UT-FDEM-BASSIN-0IP04A,MOTOPOMPE EAU MER VERS PPII IPO4A BASSIN,,,S-PC-P924 IP 04A,SF1-MCU,GM4,SF01,TCLO CONF CCRP JBFI PART RIMP,SOPL,IP1020260117,2026-01-19,2026-01-17,2026-01-19,0.0,4.0,SF01PEAUMR,SMC,,,,ZEST,350,34,184833.0,480192.0,4
11934271.0,4001071384,OMS_MESURE VIBRATOIRE PALIERS,OR004001071384,SF01-UT-FDEM-BASSIN-0IP04A,MOTOPOMPE EAU MER VERS PPII IPO4A BASSIN,,,S-PC-P924 IP 04A,SF1-MCU,GM4,SF01,TCLO CONF CCRP JBFI PART RIMP,SOPL,IP1020260117,2026-01-17,2026-01-17,2026-01-18,0.0,1.0,SF01PEAUMR,SMC,,,,ZPRV,290,37,184834.0,480193.0,4
11934273.0,4001071386,OMS_MESURE VIBRATOIRE PALIERS,OR004001071386,SF01-UT-FDEM-BASSIN-0IP04A,MOTOPOMPE EAU MER VERS PPII IPO4A BASSIN,,,S-PC-P924 IP 04A,SF1-MCU,GM4,SF01,TCLO CONF CCRP JBFI PART RIMP,SOPL,IP1020260117,2026-01-22,2026-01-17,2026-01-27,0.0,1.0,SF01PEAUMR,SMC,,,,ZPRV,290,38,184834.0,480193.0,4
11934276.0,4001071389,LUBRIFICATION DES PALIERS,OR004001071389,SF01-UT-FDEM-BASSIN-0IP04B,MOTOPOMPE EAU MER VERS PPII IPO4B BASSIN,,,S-PC-P924 IP 04B,SF1-MCU,GM4,SF01,TCLO CONF CCRP JBFI PART RIMP,SOPL,IP1020260117,2026-01-24,2026-01-17,2026-01-27,0.0,1.0,SF01PEAUMR,SMC,,,,ZEST,350,16,184835.0,480194.0,4
11934300.0,4001071393,OMS_MESURE VIBRATOIRE PALIERS,OR004001071393,SF01-UT-FDEM-BASSIN-0IP04B,MOTOPOMPE EAU MER VERS PPII IPO4B BASSIN,,,S-PC-P924 IP 04B,SF1-MCU,GM4,SF01,TCLO CONF CCRP JBFI PART RIMP,SOPL,IP1020260117,2026-01-17,2026-01-17,2026-01-18,0.0,1.0,SF01PEAUMR,SMC,,,,ZPRV,290,37,184836.0,480195.0,4
11934302.0,4001071395,OMS_MESURE VIBRATOIRE PALIERS,OR004001071395,SF01-UT-FDEM-BASSIN-0IP04B,MOTOPOMPE EAU MER VERS PPII IPO4B BASSIN,,,S-PC-P924 IP 04B,SF1-MCU,GM4,SF01,TCLO CONF CCRP JBFI PART RIMP,SOPL,IP1020260117,2026-01-23,2026-01-17,2026-01-27,0.0,1.0,SF01PEAUMR,SMC,,,,ZPRV,290,38,184836.0,480195.0,4
11934286.0,4001071440,OMS_MESURE VIBRATOIRE PALIERS,OR004001071440,SF01-UT-FDEM-BASSIN-0IP01B,MOTOPOMPE EAU MER VERS CENTRALE IPO1B MC,,,S-PC-P924 IP 01B,SF1-MCU,GM4,SF01,TCLO CONF CCRP JBFI PART RIMP,SOPL,IP1020260117,2026-01-17,2026-01-17,2026-01-18,0.0,1.0,SF01PEAUMR,SMC,,,,ZPRV,290,37,184824.0,480183.0,1
11934287.0,4001071441,OMS_MESURE VIBRATOIRE PALIERS,OR004001071441,SF01-UT-FDEM-BASSIN-0IP01B,MOTOPOMPE EAU MER VERS CENTRALE IPO1B MC,,,S-PC-P924 IP 01B,SF1-MCU,GM4,SF01,TCLO CONF CCRP JBFI PART RIMP,SOPL,IP1020260117,2026-01-24,2026-01-17,2026-01-27,0.0,1.0,SF01PEAUMR,SMC,,,,ZPRV,290,38,184824.0,480183.0,1
11934289.0,4001071443,LUBRIFICATION DES PALIERS,OR004001071443,SF01-UT-FDEM-BASSIN-0IP02A,MOTOPOMPE EAU MER VERS SEM2 IPO2A MC,,,S-PC-P924 IP 02A,SF1-MCU,GM4,SF01,TCLO CONF CCRP JBFI PART RIMP,SOPL,IP1020260117,2026-01-18,2026-01-17,2026-01-18,0.0,4.0,SF01PEAUMR,SMC,,,,ZEST,350,37,184825.0,480184.0,2
11934331.0,4001071445,OMS_MESURE VIBRATOIRE PALIERS,OR004001071445,SF01-UT-FDEM-BASSIN-0IP02A,MOTOPOMPE EAU MER VERS SEM2 IPO2A MC,,,S-PC-P924 IP 02A,SF1-MCU,GM4,SF01,TCLO CONF CCRP JBFI PART RIMP,SOPL,IP1020260117,2026-01-17,2026-01-17,2026-01-18,0.0,1.0,SF01PEAUMR,SMC,,,,ZPRV,290,37,184826.0,480185.0,2
11934332.0,4001071446,OMS_MESURE VIBRATOIRE PALIERS,OR004001071446,SF01-UT-FDEM-BASSIN-0IP02A,MOTOPOMPE EAU MER VERS SEM2 IPO2A MC,,,S-PC-P924 IP 02A,SF1-MCU,GM4,SF01,TCLO CONF CCRP JBFI PART RIMP,SOPL,IP1020260117,2026-01-24,2026-01-17,2026-01-27,0.0,1.0,SF01PEAUMR,SMC,,,,ZPRV,290,38,184826.0,480185.0,2
11934334.0,4001071448,LUBRIFICATION DES PALIERS,OR004001071448,SF01-UT-FDEM-BASSIN-0IP02B,MOTOPOMPE EAU MER VERS SEM2 IPO2B,,,S-PC-P924 IP 02B,SF1-MCU,GM4,SF01,TCLO CONF CCRP JBFI PART RIMP,SOPL,IP1020260117,2026-01-19,2026-01-17,2026-01-19,0.0,4.0,SF01PEAUMR,SMC,,,,ZEST,350,37,184827.0,480186.0,2
11934335.0,4001071449,OMS_MESURE VIBRATOIRE PALIERS,OR004001071449,SF01-UT-FDEM-BASSIN-0IP02B,MOTOPOMPE EAU MER VERS SEM2 IPO2B,,,S-PC-P924 IP 02B,SF1-MCU,GM4,SF01,TCLO CONF CCRP JBFI PART RIMP,SOPL,IP1020260117,2026-01-18,2026-01-17,2026-01-18,0.0,1.0,SF01PEAUMR,SMC,,,,ZPRV,290,37,184828.0,480187.0,2
11943127.0,4001080156,Préventif systématique,OR004001080156,SF01-UT-FDEM-BASSIN-0IP03B-CRSV-924TT112,T° E/MER DES POMPES DE REFOULEME IP03A/B,,,S-PC-924 TT 112 E,SF1-RCU,GM0,SF01,TCLO CONF CCRP JBFI PART RIMP,SOPL,IP1020260119,2026-07-20,2026-01-19,2026-08-17,0.0,6.0,SF01PEAUMR,SMC,,,2.0,ZEST,360,2,218870.0,554979.0,3
11943141.0,4001080180,Préventif systématique,OR004001080180,SF01-UT-FDEM-BASSIN-0IP01A-CRSV-924VT670,CAPTEUR DE VIBRATION DE LA POMPE IP01 A,,,S-PC-924 VT 670 AE,SF1-RCU,GM0,SF01,TCLO CONF CCRP JBFI PART RIMP,SOPL,IP1020260119,2026-04-30,2026-01-19,2026-05-20,0.0,1.7,SF01PEAUMR,SMC,,,,ZEST,360,3,218871.0,554980.0,1
11943144.0,4001080184,Préventif systématique,OR004001080184,SF01-UT-FDEM-BASSIN-0IP01B-CRSV-924VT671,VIBRATION DE POMPE IP01B,,,S-PC-924 VT 671 AE,SF1-RCU,GM0,SF01,TCLO CONF CCRP JBFI PART RIMP,SOPL,IP1020260119,2026-04-29,2026-01-19,2026-05-20,0.6,1.7,SF01PEAUMR,SMC,,,,ZEST,360,3,218872.0,554981.0,1
11943148.0,4001080187,Préventif systématique,OR004001080187,SF01-UT-FDEM-BASSIN-0IP03A-CRSV-924VT674,CAPTEUR DE VIBRATION DE LA POMP IP03 A,,,S-PC-924 VT 674 AE,SF1-RCU,GM0,SF01,TCLO CONF CCRP JBFI PART RIMP,SOPL,IP1020260119,2026-04-28,2026-01-19,2026-05-20,0.6,1.7,SF01PEAUMR,SMC,,,,ZEST,360,3,218873.0,554982.0,3
11943170.0,4001080189,Préventif systématique,OR004001080189,SF01-UT-FDEM-BASSIN-0IP03B-CRSV-924VT675,CAPTEUR DE VIBRATION DE LA POMPE IP03 B,,,S-PC-924 VT 675 AE,SF1-RCU,GM0,SF01,TCLO CONF CCRP JBFI PART RIMP,SOPL,IP1020260119,2026-04-28,2026-01-19,2026-05-20,0.6,1.7,SF01PEAUMR,SMC,,,,ZEST,360,3,218874.0,554983.0,3
11943174.0,4001080193,Préventif systématique,OR004001080193,SF01-UT-FDEM-BASSIN-0IP04A-CRSV-924VT676,CAPTEUR DE VIBRATION DE LA POMPE IP04 A,,,S-PC-924 VT 676 AE,SF1-RCU,GM0,SF01,TCLO CONF CCRP JBFI PART RIMP,SOPL,IP1020260119,2026-04-28,2026-01-19,2026-05-20,0.6,1.7,SF01PEAUMR,SMC,,,,ZEST,360,3,218875.0,554984.0,4
11943177.0,4001080196,Préventif systématique,OR004001080196,SF01-UT-FDEM-BASSIN-0IP04B-CRSV-924VT677,CAPTEUR DE VIBRATION DE LA POMPE IP04 B,,,S-PC-924 VT 677 AE,SF1-RCU,GM0,SF01,TCLO CONF CCRP JBFI PART RIMP,SOPL,IP1020260119,2026-04-29,2026-01-19,2026-05-20,0.6,1.7,SF01PEAUMR,SMC,,,,ZEST,360,3,218876.0,554985.0,4
11943192.0,4001080243,Préventif systématique,OR004001080243,SF01-UT-FDEM-BASSIN-0IP01B-CRSV-924FT401,DEBIT REFOULEMENT PPE IP01/AB,,,S-PC-924 FIT 401 E,SF1-RCU,GM0,SF01,TCLO CONF CCRP JBFI PART RIMP,SOPL,IP1020260119,2026-07-20,2026-01-19,2026-08-17,0.0,4.5,SF01PEAUMR,SMC,,,2.0,ZEST,360,2,218859.0,554968.0,1
11943194.0,4001080245,Préventif systématique,OR004001080245,SF01-UT-FDEM-BASSIN-0IP02B-CRSV-924FT402,DEBIT REFOULEMENT PPE IP02/AB,,,S-PC-924 FIT 402 E,SF1-RCU,GM0,SF01,TCLO CONF CCRP JBFI PART RIMP,SOPL,IP1020260119,2026-07-20,2026-01-19,2026-08-17,0.0,4.5,SF01PEAUMR,SMC,,,2.0,ZEST,360,2,218860.0,554969.0,2
11943196.0,4001080247,Préventif systématique,OR004001080247,SF01-UT-FDEM-BASSIN-0IP04B-CRSV-924FT404,DEBITMETRE  DES POM DE REFOU IP04 A/B,,,S-PC-924 FIT 404 E,SF1-RCU,GM0,SF01,TCLO CONF CCRP JBFI PART RIMP,SOPL,IP1020260119,2026-07-20,2026-01-19,2026-08-17,0.0,4.5,SF01PEAUMR,SMC,,,2.0,ZEST,360,2,218861.0,554970.0,4
11943231.0,4001080252,Préventif systématique,OR004001080252,SF01-UT-FDEM-BASSIN-0IP01B-CRSV-924PT006,PRESSION EAU DE MER DES POMPES  IP01A/B,,,S-PC-924 PT 006 E,SF1-RCU,GM0,SF01,TCLO CONF CCRP JBFI PART RIMP,SOPL,IP1020260119,2026-07-20,2026-01-19,2026-08-17,0.0,4.5,SF01PEAUMR,SMC,,,2.0,ZEST,360,2,218864.0,554973.0,1
11943233.0,4001080254,Préventif systématique,OR004001080254,SF01-UT-FDEM-BASSIN-0IP02B-CRSV-924PT007,PRESSION EAU DE MER DES POMPES  IP02A/B,,,S-PC-924 PT 007 E,SF1-RCU,GM0,SF01,TCLO CONF CCRP JBFI PART RIMP,SOPL,IP1020260119,2026-07-20,2026-01-19,2026-08-17,0.0,4.5,SF01PEAUMR,SMC,,,2.0,ZEST,360,2,218865.0,554974.0,2
11943235.0,4001080256,Préventif systématique,OR004001080256,SF01-UT-FDEM-BASSIN-0IP03B-CRSV-924PT008,P E/MER DES POMPES DE REFOULEM IP03/B,,,S-PC-924 PT 008 E,SF1-RCU,GM0,SF01,TCLO CONF CCRP JBFI PART RIMP,SOPL,IP1020260119,2026-07-20,2026-01-19,2026-08-17,0.0,4.5,SF01PEAUMR,SMC,,,2.0,ZEST,360,2,218866.0,554975.0,3
11943237.0,4001080258,Préventif systématique,OR004001080258,SF01-UT-FDEM-BASSIN-0IP04B-CRSV-924PV009,VANNE DE DECHARGE IP04,,,S-PC-924 PV 009 E,SF1-RCU,GM0,SF01,TCLO CONF CCRP JBFI PART RIMP,SOPL,IP1020260119,2026-04-28,2026-01-19,2026-05-20,1.2,6.1,SF01PEAUMR,SMC,,,,ZEST,360,3,218867.0,554976.0,4
11943250.0,4001080281,Préventif systématique,OR004001080281,SF01-UT-FDEM-BASSIN-0IP01B-CRSV-924TT110,T°EAU DE MER  DES POMPES  IP01A/B,,,S-PC-924 TT 110 E,SF1-RCU,GM0,SF01,TCLO CONF CCRP JBFI PART RIMP,SOPL,IP1020260119,2026-07-20,2026-01-19,2026-08-17,0.0,6.0,SF01PEAUMR,SMC,,,2.0,ZEST,360,2,218868.0,554977.0,1
11943252.0,4001080283,Préventif systématique,OR004001080283,SF01-UT-FDEM-BASSIN-0IP02B-CRSV-924TT111,T°EAU DE MER  DES POMPES  IP02A/B,,,S-PC-924 TT 111 E,SF1-RCU,GM0,SF01,TCLO CONF CCRP JBFI PART RIMP,SOPL,IP1020260119,2026-07-20,2026-01-19,2026-08-17,0.0,6.0,SF01PEAUMR,SMC,,,2.0,ZEST,360,2,218869.0,554978.0,2
,4001102048,CHANGEMENT D'ACCOUPLEMENT,OR004001102048,SF01-UT-FDEM-BASSIN-0IP04A-TRAN,TRANSMISSION IP04A VERS CENTRALE BASSIN,,,,SF1-MCU,GM4,SF01,TCLO CONF ARCO CCRP ERCT JBFI MMEf RIMP,SOPL,BENMOUSSA1,2026-01-24,2026-01-24,,49304.0,49300.0,SF01SLFPS4,SMC,,,,ZCOR,110,0,,,4
,4001102069,CHANGEMENT D'ACCOUPLEMENT,OR004001102069,SF01-UT-FDEM-BASSIN-0IP03A-TRAN,TRANSMISSION IP03A VERS CENTRALE BASSIN,,,,SF1-MCU,GM4,SF01,TCLO CONF ARCO CCRP ERCT JBFI MMEf RIMP,SOPL,BENMOUSSA1,2026-01-24,2026-01-24,,49304.0,49300.0,SF01SLFPS4,SMC,,,,ZCOR,110,0,,,3
,4001102070,CHANGEMENT D'ACCOUPLEMENT,OR004001102070,SF01-UT-FDEM-BASSIN-0IP03B-TRAN,TRANSMISSION IP03B VERS CENTRALE BASSIN,,,,SF1-MCU,GM4,SF01,TCLO CONF ARCO CCRP ERCT JBFI MMEf RIMP,SOPL,BENMOUSSA1,2026-01-24,2026-01-24,,49304.0,49300.0,SF01SLFPS4,SMC,,,,ZCOR,110,0,,,3
,4001102100,CHANGEMENT D'ACCOUPLEMENT,OR004001102100,SF01-UT-FDEM-BASSIN-0IP04B-TRAN,TRANSMISSION IP04B VERS CENTRALE BASSIN,,,,SF1-MCU,GM4,SF01,TCLO CONF ARCO CCRP ERCT JBFI MMEf RIMP,SOPL,BENMOUSSA1,2026-01-24,2026-01-24,,49304.0,49300.0,SF01SLFPS4,SMC,,,,ZCOR,110,0,,,4
12024809.0,4001162054,LUBRIFICATION DES PALIERS,OR004001162054,SF01-UT-FDEM-BASSIN-0IP03A,MOTOPOMPE EAU MER VERS PSII IPO3A BASSIN,,,S-PC-P924 IP 03A,SF1-MCU,GM4,SF01,TCLO CONF CCRP JBFI PART RIMP,SOPL,IP1020260131,2026-01-31,2026-01-31,2026-02-02,0.0,4.0,SF01PEAUMR,SMC,,,,ZEST,350,37,184829.0,480188.0,3
12024851.0,4001162056,LUBRIFICATION DES PALIERS,OR004001162056,SF01-UT-FDEM-BASSIN-0IP03A,MOTOPOMPE EAU MER VERS PSII IPO3A BASSIN,,,S-PC-P924 IP 03A,SF1-MCU,GM4,SF01,TCLO CONF CCRP JBFI PART RIMP,SOPL,IP1020260131,2026-02-04,2026-01-31,2026-02-04,0.0,4.0,SF01PEAUMR,SMC,,,,ZEST,350,38,184829.0,480188.0,3
12024853.0,4001162058,OMS_MESURE VIBRATOIRE PALIERS,OR004001162058,SF01-UT-FDEM-BASSIN-0IP03A,MOTOPOMPE EAU MER VERS PSII IPO3A BASSIN,,,S-PC-P924 IP 03A,SF1-MCU,GM4,SF01,TCLO CONF CCRP JBFI PART RIMP,SOPL,IP1020260131,2026-01-31,2026-01-31,2026-02-02,0.0,1.0,SF01PEAUMR,SMC,,,,ZPRV,290,39,184830.0,480189.0,3
12024855.0,4001162160,OMS_MESURE VIBRATOIRE PALIERS,OR004001162160,SF01-UT-FDEM-BASSIN-0IP03A,MOTOPOMPE EAU MER VERS PSII IPO3A BASSIN,,,S-PC-P924 IP 03A,SF1-MCU,GM4,SF01,TCLO CONF CCRP JBFI PART RIMP,SOPL,IP1020260131,2026-02-05,2026-01-31,2026-02-09,0.0,1.0,SF01PEAUMR,SMC,,,,ZPRV,290,40,184830.0,480189.0,3
12024856.0,4001162161,LUBRIFICATION DES PALIERS,OR004001162161,SF01-UT-FDEM-BASSIN-0IP03B,MOTOPOMPE EAU MER VERS PSII IPO3B BASSIN,,,S-PC-P924 IP 03B,SF1-MCU,GM4,SF01,TCLO CONF CCRP JBFI PART RIMP,SOPL,IP1020260131,2026-01-31,2026-01-31,2026-02-02,0.0,4.0,SF01PEAUMR,SMC,,,,ZEST,350,37,184831.0,480190.0,3
12024857.0,4001162162,LUBRIFICATION DES PALIERS,OR004001162162,SF01-UT-FDEM-BASSIN-0IP03B,MOTOPOMPE EAU MER VERS PSII IPO3B BASSIN,,,S-PC-P924 IP 03B,SF1-MCU,GM4,SF01,TCLO CONF CCRP JBFI PART RIMP,SOPL,IP1020260131,2026-02-04,2026-01-31,2026-02-04,0.0,4.0,SF01PEAUMR,SMC,,,,ZEST,350,38,184831.0,480190.0,3
12024858.0,4001162163,OMS_MESURE VIBRATOIRE PALIERS,OR004001162163,SF01-UT-FDEM-BASSIN-0IP03B,MOTOPOMPE EAU MER VERS PSII IPO3B BASSIN,,,S-PC-P924 IP 03B,SF1-MCU,GM4,SF01,TCLO CONF CCRP JBFI PART RIMP,SOPL,IP1020260131,2026-01-31,2026-01-31,2026-02-02,0.0,1.0,SF01PEAUMR,SMC,,,,ZPRV,290,39,184832.0,480191.0,3
12024880.0,4001162165,OMS_MESURE VIBRATOIRE PALIERS,OR004001162165,SF01-UT-FDEM-BASSIN-0IP03B,MOTOPOMPE EAU MER VERS PSII IPO3B BASSIN,,,S-PC-P924 IP 03B,SF1-MCU,GM4,SF01,TCLO CONF CCRP JBFI PART RIMP,SOPL,IP1020260131,2026-02-05,2026-01-31,2026-02-09,0.0,1.0,SF01PEAUMR,SMC,,,,ZPRV,290,40,184832.0,480191.0,3
12024882.0,4001162167,LUBRIFICATION DES PALIERS,OR004001162167,SF01-UT-FDEM-BASSIN-0IP04A,MOTOPOMPE EAU MER VERS PPII IPO4A BASSIN,,,S-PC-P924 IP 04A,SF1-MCU,GM4,SF01,TCLO CONF CCRP JBFI PART RIMP,SOPL,IP1020260131,2026-01-31,2026-01-31,2026-02-02,0.0,4.0,SF01PEAUMR,SMC,,,,ZEST,350,35,184833.0,480192.0,4
12024883.0,4001162168,LUBRIFICATION DES PALIERS,OR004001162168,SF01-UT-FDEM-BASSIN-0IP04A,MOTOPOMPE EAU MER VERS PPII IPO4A BASSIN,,,S-PC-P924 IP 04A,SF1-MCU,GM4,SF01,TCLO CONF CCRP JBFI PART RIMP,SOPL,IP1020260131,2026-02-02,2026-01-31,2026-02-02,0.0,4.0,SF01PEAUMR,SMC,,,,ZEST,350,36,184833.0,480192.0,4
12024886.0,4001162171,OMS_MESURE VIBRATOIRE PALIERS,OR004001162171,SF01-UT-FDEM-BASSIN-0IP04A,MOTOPOMPE EAU MER VERS PPII IPO4A BASSIN,,,S-PC-P924 IP 04A,SF1-MCU,GM4,SF01,TCLO CONF CCRP JBFI PART RIMP,SOPL,IP1020260131,2026-01-31,2026-01-31,2026-02-02,0.0,1.0,SF01PEAUMR,SMC,,,,ZPRV,290,39,184834.0,480193.0,4
12024887.0,4001162172,OMS_MESURE VIBRATOIRE PALIERS,OR004001162172,SF01-UT-FDEM-BASSIN-0IP04A,MOTOPOMPE EAU MER VERS PPII IPO4A BASSIN,,,S-PC-P924 IP 04A,SF1-MCU,GM4,SF01,TCLO CONF CCRP JBFI PART RIMP,SOPL,IP1020260131,2026-02-05,2026-01-31,2026-02-09,0.0,1.0,SF01PEAUMR,SMC,,,,ZPRV,290,40,184834.0,480193.0,4
12024930.0,4001162175,LUBRIFICATION DES PALIERS,OR004001162175,SF01-UT-FDEM-BASSIN-0IP04B,MOTOPOMPE EAU MER VERS PPII IPO4B BASSIN,,,S-PC-P924 IP 04B,SF1-MCU,GM4,SF01,TCLO CONF CCRP JBFI PART RIMP,SOPL,IP1020260131,2026-02-08,2026-01-31,2026-02-09,0.0,1.0,SF01PEAUMR,SMC,,,,ZEST,350,17,184835.0,480194.0,4
12024933.0,4001162178,OMS_MESURE VIBRATOIRE PALIERS,OR004001162178,SF01-UT-FDEM-BASSIN-0IP04B,MOTOPOMPE EAU MER VERS PPII IPO4B BASSIN,,,S-PC-P924 IP 04B,SF1-MCU,GM4,SF01,TCLO CONF CCRP JBFI PART RIMP,SOPL,IP1020260131,2026-01-31,2026-01-31,2026-02-02,0.0,1.0,SF01PEAUMR,SMC,,,,ZPRV,290,39,184836.0,480195.0,4
12024934.0,4001162179,OMS_MESURE VIBRATOIRE PALIERS,OR004001162179,SF01-UT-FDEM-BASSIN-0IP04B,MOTOPOMPE EAU MER VERS PPII IPO4B BASSIN,,,S-PC-P924 IP 04B,SF1-MCU,GM4,SF01,TCLO CONF CCRP JBFI PART RIMP,SOPL,IP1020260131,2026-02-06,2026-01-31,2026-02-09,0.0,1.0,SF01PEAUMR,SMC,,,,ZPRV,290,40,184836.0,480195.0,4
12024924.0,4001162194,LUBRIFICATION DES PALIERS,OR004001162194,SF01-UT-FDEM-BASSIN-0IP01A,MOTOPOMPE EAU MER VERS CENTRALE IPO1A MC,,,S-PC-P924 IP 01A,SF1-MCU,GM4,SF01,TCLO CONF CCRP JBFI PART RIMP,SOPL,IP1020260131,2026-01-31,2026-01-31,2026-02-02,0.0,4.0,SF01PEAUMR,SMC,,,,ZEST,350,39,184821.0,480180.0,1
12024925.0,4001162195,LUBRIFICATION DES PALIERS,OR004001162195,SF01-UT-FDEM-BASSIN-0IP01A,MOTOPOMPE EAU MER VERS CENTRALE IPO1A MC,,,S-PC-P924 IP 01A,SF1-MCU,GM4,SF01,TCLO CONF CCRP JBFI PART RIMP,SOPL,IP1020260131,2026-02-07,2026-01-31,2026-02-09,0.0,4.0,SF01PEAUMR,SMC,,,,ZEST,350,40,184821.0,480180.0,1
12024927.0,4001162197,OMS_MESURE VIBRATOIRE PALIERS,OR004001162197,SF01-UT-FDEM-BASSIN-0IP01A,MOTOPOMPE EAU MER VERS CENTRALE IPO1A MC,,,S-PC-P924 IP 01A,SF1-MCU,GM4,SF01,TCLO CONF CCRP JBFI PART RIMP,SOPL,IP1020260131,2026-01-31,2026-01-31,2026-02-02,0.0,1.0,SF01PEAUMR,SMC,,,,ZPRV,290,39,184822.0,480181.0,1
12024928.0,4001162198,OMS_MESURE VIBRATOIRE PALIERS,OR004001162198,SF01-UT-FDEM-BASSIN-0IP01A,MOTOPOMPE EAU MER VERS CENTRALE IPO1A MC,,,S-PC-P924 IP 01A,SF1-MCU,GM4,SF01,TCLO CONF CCRP JBFI PART RIMP,SOPL,IP1020260131,2026-02-06,2026-01-31,2026-02-09,0.0,1.0,SF01PEAUMR,SMC,,,,ZPRV,290,40,184822.0,480181.0,1
12024955.0,4001162245,LUBRIFICATION DES PALIERS,OR004001162245,SF01-UT-FDEM-BASSIN-0IP01B,MOTOPOMPE EAU MER VERS CENTRALE IPO1B MC,,,S-PC-P924 IP 01B,SF1-MCU,GM4,SF01,TCLO CONF CCRP JBFI PART RIMP,SOPL,IP1020260131,2026-01-31,2026-01-31,2026-02-02,0.0,4.0,SF01PEAUMR,SMC,,,,ZEST,350,38,184823.0,480182.0,1
12024956.0,4001162246,LUBRIFICATION DES PALIERS,OR004001162246,SF01-UT-FDEM-BASSIN-0IP01B,MOTOPOMPE EAU MER VERS CENTRALE IPO1B MC,,,S-PC-P924 IP 01B,SF1-MCU,GM4,SF01,TCLO CONF CCRP JBFI PART RIMP,SOPL,IP1020260131,2026-02-01,2026-01-31,2026-02-02,0.0,4.0,SF01PEAUMR,SMC,,,,ZEST,350,39,184823.0,480182.0,1
12024961.0,4001162251,OMS_MESURE VIBRATOIRE PALIERS,OR004001162251,SF01-UT-FDEM-BASSIN-0IP01B,MOTOPOMPE EAU MER VERS CENTRALE IPO1B MC,,,S-PC-P924 IP 01B,SF1-MCU,GM4,SF01,TCLO CONF CCRP JBFI PART RIMP,SOPL,IP1020260131,2026-01-31,2026-01-31,2026-02-02,0.0,1.0,SF01PEAUMR,SMC,,,,ZPRV,290,39,184824.0,480183.0,1
12024962.0,4001162252,OMS_MESURE VIBRATOIRE PALIERS,OR004001162252,SF01-UT-FDEM-BASSIN-0IP01B,MOTOPOMPE EAU MER VERS CENTRALE IPO1B MC,,,S-PC-P924 IP 01B,SF1-MCU,GM4,SF01,TCLO CONF CCRP JBFI PART RIMP,SOPL,IP1020260131,2026-02-07,2026-01-31,2026-02-09,0.0,1.0,SF01PEAUMR,SMC,,,,ZPRV,290,40,184824.0,480183.0,1
12024967.0,4001162257,LUBRIFICATION DES PALIERS,OR004001162257,SF01-UT-FDEM-BASSIN-0IP02A,MOTOPOMPE EAU MER VERS SEM2 IPO2A MC,,,S-PC-P924 IP 02A,SF1-MCU,GM4,SF01,TCLO CONF CCRP JBFI PART RIMP,SOPL,IP1020260131,2026-01-31,2026-01-31,2026-02-02,0.0,4.0,SF01PEAUMR,SMC,,,,ZEST,350,38,184825.0,480184.0,2
12024968.0,4001162258,LUBRIFICATION DES PALIERS,OR004001162258,SF01-UT-FDEM-BASSIN-0IP02A,MOTOPOMPE EAU MER VERS SEM2 IPO2A MC,,,S-PC-P924 IP 02A,SF1-MCU,GM4,SF01,TCLO CONF CCRP JBFI PART RIMP,SOPL,IP1020260131,2026-02-01,2026-01-31,2026-02-02,0.0,4.0,SF01PEAUMR,SMC,,,,ZEST,350,39,184825.0,480184.0,2
12024991.0,4001162261,OMS_MESURE VIBRATOIRE PALIERS,OR004001162261,SF01-UT-FDEM-BASSIN-0IP02A,MOTOPOMPE EAU MER VERS SEM2 IPO2A MC,,,S-PC-P924 IP 02A,SF1-MCU,GM4,SF01,TCLO CONF CCRP JBFI PART RIMP,SOPL,IP1020260131,2026-01-31,2026-01-31,2026-02-02,0.0,1.0,SF01PEAUMR,SMC,,,,ZPRV,290,39,184826.0,480185.0,2
12024992.0,4001162262,OMS_MESURE VIBRATOIRE PALIERS,OR004001162262,SF01-UT-FDEM-BASSIN-0IP02A,MOTOPOMPE EAU MER VERS SEM2 IPO2A MC,,,S-PC-P924 IP 02A,SF1-MCU,GM4,SF01,TCLO CONF CCRP JBFI PART RIMP,SOPL,IP1020260131,2026-02-07,2026-01-31,2026-02-09,0.0,1.0,SF01PEAUMR,SMC,,,,ZPRV,290,40,184826.0,480185.0,2
12024995.0,4001162265,LUBRIFICATION DES PALIERS,OR004001162265,SF01-UT-FDEM-BASSIN-0IP02B,MOTOPOMPE EAU MER VERS SEM2 IPO2B,,,S-PC-P924 IP 02B,SF1-MCU,GM4,SF01,TCLO CONF CCRP JBFI PART RIMP,SOPL,IP1020260131,2026-01-31,2026-01-31,2026-02-02,0.0,4.0,SF01PEAUMR,SMC,,,,ZEST,350,38,184827.0,480186.0,2
12024996.0,4001162266,LUBRIFICATION DES PALIERS,OR004001162266,SF01-UT-FDEM-BASSIN-0IP02B,MOTOPOMPE EAU MER VERS SEM2 IPO2B,,,S-PC-P924 IP 02B,SF1-MCU,GM4,SF01,TCLO CONF CCRP JBFI PART RIMP,SOPL,IP1020260131,2026-02-02,2026-01-31,2026-02-02,0.0,4.0,SF01PEAUMR,SMC,,,,ZEST,350,39,184827.0,480186.0,2
12024998.0,4001162268,OMS_MESURE VIBRATOIRE PALIERS,OR004001162268,SF01-UT-FDEM-BASSIN-0IP02B,MOTOPOMPE EAU MER VERS SEM2 IPO2B,,,S-PC-P924 IP 02B,SF1-MCU,GM4,SF01,TCLO CONF CCRP JBFI PART RIMP,SOPL,IP1020260131,2026-01-31,2026-01-31,2026-02-02,0.0,1.0,SF01PEAUMR,SMC,,,,ZPRV,290,38,184828.0,480187.0,2
12025010.0,4001162270,OMS_MESURE VIBRATOIRE PALIERS,OR004001162270,SF01-UT-FDEM-BASSIN-0IP02B,MOTOPOMPE EAU MER VERS SEM2 IPO2B,,,S-PC-P924 IP 02B,SF1-MCU,GM4,SF01,TCLO CONF CCRP JBFI PART RIMP,SOPL,IP1020260131,2026-02-01,2026-01-31,2026-02-02,0.0,1.0,SF01PEAUMR,SMC,,,,ZPRV,290,39,184828.0,480187.0,2
12070377.0,4001208049,LUBRIFICATION DES PALIERS,OR004001208049,SF01-UT-FDEM-BASSIN-0IP03A,MOTOPOMPE EAU MER VERS PSII IPO3A BASSIN,,,S-PC-P924 IP 03A,SF1-MCU,GM4,SF01,TCLO CONF CCRP JBFI PART RIMP,SOPL,IP1020260207,2026-02-11,2026-02-07,2026-02-12,0.0,4.0,SF01PEAUMR,SMC,,,,ZEST,350,39,184829.0,480188.0,3
12070379.0,4001208051,OMS_MESURE VIBRATOIRE PALIERS,OR004001208051,SF01-UT-FDEM-BASSIN-0IP03A,MOTOPOMPE EAU MER VERS PSII IPO3A BASSIN,,,S-PC-P924 IP 03A,SF1-MCU,GM4,SF01,TCLO CONF CCRP JBFI PART RIMP,SOPL,IP1020260207,2026-02-12,2026-02-07,2026-02-12,0.0,1.0,SF01PEAUMR,SMC,,,,ZPRV,290,41,184830.0,480189.0,3
12070430.0,4001208052,LUBRIFICATION DES PALIERS,OR004001208052,SF01-UT-FDEM-BASSIN-0IP03B,MOTOPOMPE EAU MER VERS PSII IPO3B BASSIN,,,S-PC-P924 IP 03B,SF1-MCU,GM4,SF01,TCLO CONF CCRP JBFI PART RIMP,SOPL,IP1020260207,2026-02-11,2026-02-07,2026-02-12,0.0,4.0,SF01PEAUMR,SMC,,,,ZEST,350,39,184831.0,480190.0,3
12070432.0,4001208054,OMS_MESURE VIBRATOIRE PALIERS,OR004001208054,SF01-UT-FDEM-BASSIN-0IP03B,MOTOPOMPE EAU MER VERS PSII IPO3B BASSIN,,,S-PC-P924 IP 03B,SF1-MCU,GM4,SF01,TCLO CONF CCRP JBFI PART RIMP,SOPL,IP1020260207,2026-02-12,2026-02-07,2026-02-12,0.0,1.0,SF01PEAUMR,SMC,,,,ZPRV,290,41,184832.0,480191.0,3
12070434.0,4001208056,LUBRIFICATION DES PALIERS,OR004001208056,SF01-UT-FDEM-BASSIN-0IP04A,MOTOPOMPE EAU MER VERS PPII IPO4A BASSIN,,,S-PC-P924 IP 04A,SF1-MCU,GM4,SF01,TCLO CONF CCRP JBFI PART RIMP,SOPL,IP1020260207,2026-02-09,2026-02-07,2026-02-09,0.0,4.0,SF01PEAUMR,SMC,,,,ZEST,350,37,184833.0,480192.0,4
12070436.0,4001208058,OMS_MESURE VIBRATOIRE PALIERS,OR004001208058,SF01-UT-FDEM-BASSIN-0IP04A,MOTOPOMPE EAU MER VERS PPII IPO4A BASSIN,,,S-PC-P924 IP 04A,SF1-MCU,GM4,SF01,TCLO CONF CCRP JBFI PART RIMP,SOPL,IP1020260207,2026-02-12,2026-02-07,2026-02-12,0.0,1.0,SF01PEAUMR,SMC,,,,ZPRV,290,41,184834.0,480193.0,4
12070437.0,4001208059,LUBRIFICATION DES PALIERS,OR004001208059,SF01-UT-FDEM-BASSIN-0IP01A,MOTOPOMPE EAU MER VERS CENTRALE IPO1A MC,,,S-PC-P924 IP 01A,SF1-MCU,GM4,SF01,TCLO CONF CCRP JBFI PART RIMP,SOPL,IP1020260207,2026-02-14,2026-02-07,2026-02-17,0.0,4.0,SF01PEAUMR,SMC,,,,ZEST,350,41,184821.0,480180.0,1
12070438.0,4001208140,LUBRIFICATION DES PALIERS,OR004001208140,SF01-UT-FDEM-BASSIN-0IP04B,MOTOPOMPE EAU MER VERS PPII IPO4B BASSIN,,,S-PC-P924 IP 04B,SF1-MCU,GM4,SF01,TCLO CONF CCRP JBFI PART RIMP,SOPL,IP1020260207,2026-02-23,2026-02-07,2026-02-23,0.0,1.0,SF01PEAUMR,SMC,,,,ZEST,350,18,184835.0,480194.0,4
12070439.0,4001208141,OMS_MESURE VIBRATOIRE PALIERS,OR004001208141,SF01-UT-FDEM-BASSIN-0IP04B,MOTOPOMPE EAU MER VERS PPII IPO4B BASSIN,,,S-PC-P924 IP 04B,SF1-MCU,GM4,SF01,TCLO CONF CCRP JBFI PART RIMP,SOPL,IP1020260207,2026-02-13,2026-02-07,2026-02-17,0.0,1.0,SF01PEAUMR,SMC,,,,ZPRV,290,41,184836.0,480195.0,4
12070460.0,4001208142,OMS_MESURE VIBRATOIRE PALIERS,OR004001208142,SF01-UT-FDEM-BASSIN-0IP01A,MOTOPOMPE EAU MER VERS CENTRALE IPO1A MC,,,S-PC-P924 IP 01A,SF1-MCU,GM4,SF01,TCLO CONF CCRP JBFI PART RIMP,SOPL,IP1020260207,2026-02-13,2026-02-07,2026-02-17,0.0,1.0,SF01PEAUMR,SMC,,,,ZPRV,290,41,184822.0,480181.0,1
12070461.0,4001208143,LUBRIFICATION DES PALIERS,OR004001208143,SF01-UT-FDEM-BASSIN-0IP01B,MOTOPOMPE EAU MER VERS CENTRALE IPO1B MC,,,S-PC-P924 IP 01B,SF1-MCU,GM4,SF01,TCLO CONF CCRP JBFI PART RIMP,SOPL,IP1020260207,2026-02-08,2026-02-07,2026-02-09,0.0,4.0,SF01PEAUMR,SMC,,,,ZEST,350,40,184823.0,480182.0,1
12070463.0,4001208145,OMS_MESURE VIBRATOIRE PALIERS,OR004001208145,SF01-UT-FDEM-BASSIN-0IP01B,MOTOPOMPE EAU MER VERS CENTRALE IPO1B MC,,,S-PC-P924 IP 01B,SF1-MCU,GM4,SF01,TCLO CONF CCRP JBFI PART RIMP,SOPL,IP1020260207,2026-02-14,2026-02-07,2026-02-17,0.0,1.0,SF01PEAUMR,SMC,,,,ZPRV,290,41,184824.0,480183.0,1
12070465.0,4001208147,LUBRIFICATION DES PALIERS,OR004001208147,SF01-UT-FDEM-BASSIN-0IP02A,MOTOPOMPE EAU MER VERS SEM2 IPO2A MC,,,S-PC-P924 IP 02A,SF1-MCU,GM4,SF01,TCLO CONF CCRP JBFI PART RIMP,SOPL,IP1020260207,2026-02-08,2026-02-07,2026-02-09,0.0,4.0,SF01PEAUMR,SMC,,,,ZEST,350,40,184825.0,480184.0,2
12070468.0,4001208150,OMS_MESURE VIBRATOIRE PALIERS,OR004001208150,SF01-UT-FDEM-BASSIN-0IP02A,MOTOPOMPE EAU MER VERS SEM2 IPO2A MC,,,S-PC-P924 IP 02A,SF1-MCU,GM4,SF01,TCLO CONF CCRP JBFI PART RIMP,SOPL,IP1020260207,2026-02-14,2026-02-07,2026-02-17,0.0,1.0,SF01PEAUMR,SMC,,,,ZPRV,290,41,184826.0,480185.0,2
12070469.0,4001208151,LUBRIFICATION DES PALIERS,OR004001208151,SF01-UT-FDEM-BASSIN-0IP02B,MOTOPOMPE EAU MER VERS SEM2 IPO2B,,,S-PC-P924 IP 02B,SF1-MCU,GM4,SF01,TCLO CONF CCRP JBFI PART RIMP,SOPL,IP1020260207,2026-02-09,2026-02-07,2026-02-09,0.0,4.0,SF01PEAUMR,SMC,,,,ZEST,350,40,184827.0,480186.0,2
12070500.0,4001208152,OMS_MESURE VIBRATOIRE PALIERS,OR004001208152,SF01-UT-FDEM-BASSIN-0IP02B,MOTOPOMPE EAU MER VERS SEM2 IPO2B,,,S-PC-P924 IP 02B,SF1-MCU,GM4,SF01,TCLO CONF CCRP JBFI PART RIMP,SOPL,IP1020260207,2026-02-08,2026-02-07,2026-02-09,0.0,1.0,SF01PEAUMR,SMC,,,,ZPRV,290,40,184828.0,480187.0,2
12064322.0,4001215074,serrage des tresses de la pompe IP03 B,OR004001215074,SF01-UT-FDEM-BASSIN-0IP03B,MOTOPOMPE EAU MER VERS PSII IPO3B BASSIN,,,S-PC-P924 IP 03B,SF1-MCU,GM4,SF01,TCLO CONF CCRP JBFI PART RIMP,SOPL,MATAR1,2026-02-09,2026-02-09,,4.0,0.0,SF01PEAUMR,SMC,,,2.0,ZCOR,110,0,,,3
12064323.0,4001215075,serrage des tresses de la pompe IP04A,OR004001215075,SF01-UT-FDEM-BASSIN-0IP04A,MOTOPOMPE EAU MER VERS PPII IPO4A BASSIN,,,S-PC-P924 IP 04A,SF1-MCU,GM4,SF01,TCLO CONF CCRP JBFI PART RIMP,SOPL,MATAR1,2026-02-09,2026-02-09,,4.0,0.0,SF01PEAUMR,SMC,,,2.0,ZCOR,110,0,,,4
12116019.0,4001254452,LUBRIFICATION DES PALIERS,OR004001254452,SF01-UT-FDEM-BASSIN-0IP03A,MOTOPOMPE EAU MER VERS PSII IPO3A BASSIN,,,S-PC-P924 IP 03A,SF1-MCU,GM4,SF01,TCLO CONF CCRP JBFI PART RIMP,SOPL,IP1020260216,2026-02-18,2026-02-16,2026-02-19,0.0,4.0,SF01PEAUMR,SMC,,,,ZEST,350,40,184829.0,480188.0,3
12116050.0,4001254453,OMS_MESURE VIBRATOIRE PALIERS,OR004001254453,SF01-UT-FDEM-BASSIN-0IP03A,MOTOPOMPE EAU MER VERS PSII IPO3A BASSIN,,,S-PC-P924 IP 03A,SF1-MCU,GM4,SF01,TCLO CONF CCRP JBFI PART RIMP,SOPL,IP1020260216,2026-02-19,2026-02-16,2026-02-19,0.0,1.0,SF01PEAUMR,SMC,,,,ZPRV,290,42,184830.0,480189.0,3
12116051.0,4001254454,LUBRIFICATION DES PALIERS,OR004001254454,SF01-UT-FDEM-BASSIN-0IP03B,MOTOPOMPE EAU MER VERS PSII IPO3B BASSIN,,,S-PC-P924 IP 03B,SF1-MCU,GM4,SF01,TCLO CONF CCRP JBFI PART RIMP,SOPL,IP1020260216,2026-02-18,2026-02-16,2026-02-19,0.0,4.0,SF01PEAUMR,SMC,,,,ZEST,350,40,184831.0,480190.0,3
12116052.0,4001254455,OMS_MESURE VIBRATOIRE PALIERS,OR004001254455,SF01-UT-FDEM-BASSIN-0IP03B,MOTOPOMPE EAU MER VERS PSII IPO3B BASSIN,,,S-PC-P924 IP 03B,SF1-MCU,GM4,SF01,TCLO CONF CCRP JBFI PART RIMP,SOPL,IP1020260216,2026-02-19,2026-02-16,2026-02-19,0.0,1.0,SF01PEAUMR,SMC,,,,ZPRV,290,42,184832.0,480191.0,3
12116054.0,4001254457,LUBRIFICATION DES PALIERS,OR004001254457,SF01-UT-FDEM-BASSIN-0IP04A,MOTOPOMPE EAU MER VERS PPII IPO4A BASSIN,,,S-PC-P924 IP 04A,SF1-MCU,GM4,SF01,TCLO CONF CCRP JBFI PART RIMP,SOPL,IP1020260216,2026-02-16,2026-02-16,2026-02-17,0.0,4.0,SF01PEAUMR,SMC,,,,ZEST,350,38,184833.0,480192.0,4
12116055.0,4001254458,LUBRIFICATION DES PALIERS,OR004001254458,SF01-UT-FDEM-BASSIN-0IP04A,MOTOPOMPE EAU MER VERS PPII IPO4A BASSIN,,,S-PC-P924 IP 04A,SF1-MCU,GM4,SF01,TCLO CONF CCRP JBFI PART RIMP,SOPL,IP1020260216,2026-02-23,2026-02-16,2026-02-23,0.0,4.0,SF01PEAUMR,SMC,,,,ZEST,350,39,184833.0,480192.0,4
12116086.0,4001254533,LUBRIFICATION DES PALIERS,OR004001254533,SF01-UT-FDEM-BASSIN-0IP01A,MOTOPOMPE EAU MER VERS CENTRALE IPO1A MC,,,S-PC-P924 IP 01A,SF1-MCU,GM4,SF01,TCLO CONF CCRP JBFI PART RIMP,SOPL,IP1020260216,2026-02-21,2026-02-16,2026-02-23,0.0,4.0,SF01PEAUMR,SMC,,,,ZEST,350,42,184821.0,480180.0,1
12116101.0,4001254538,OMS_MESURE VIBRATOIRE PALIERS,OR004001254538,SF01-UT-FDEM-BASSIN-0IP01A,MOTOPOMPE EAU MER VERS CENTRALE IPO1A MC,,,S-PC-P924 IP 01A,SF1-MCU,GM4,SF01,TCLO CONF CCRP JBFI PART RIMP,SOPL,IP1020260216,2026-02-20,2026-02-16,2026-02-23,0.0,1.0,SF01PEAUMR,SMC,,,,ZPRV,290,42,184822.0,480181.0,1
12116057.0,4001254540,OMS_MESURE VIBRATOIRE PALIERS,OR004001254540,SF01-UT-FDEM-BASSIN-0IP04A,MOTOPOMPE EAU MER VERS PPII IPO4A BASSIN,,,S-PC-P924 IP 04A,SF1-MCU,GM4,SF01,TCLO CONF CCRP JBFI PART RIMP,SOPL,IP1020260216,2026-02-19,2026-02-16,2026-02-19,0.0,1.0,SF01PEAUMR,SMC,,,,ZPRV,290,42,184834.0,480193.0,4
12116059.0,4001254542,LUBRIFICATION DES PALIERS,OR004001254542,SF01-UT-FDEM-BASSIN-0IP04B,MOTOPOMPE EAU MER VERS PPII IPO4B BASSIN,,,S-PC-P924 IP 04B,SF1-MCU,GM4,SF01,TCLO CONF CCRP JBFI PART RIMP,SOPL,IP1020260216,2026-03-10,2026-02-16,2026-03-11,0.0,1.0,SF01PEAUMR,SMC,,,,ZEST,350,19,184835.0,480194.0,4
12116090.0,4001254543,OMS_MESURE VIBRATOIRE PALIERS,OR004001254543,SF01-UT-FDEM-BASSIN-0IP04B,MOTOPOMPE EAU MER VERS PPII IPO4B BASSIN,,,S-PC-P924 IP 04B,SF1-MCU,GM4,SF01,TCLO CONF CCRP JBFI PART RIMP,SOPL,IP1020260216,2026-02-20,2026-02-16,2026-02-23,0.0,1.0,SF01PEAUMR,SMC,,,,ZPRV,290,42,184836.0,480195.0,4
12116105.0,4001254561,LUBRIFICATION DES PALIERS,OR004001254561,SF01-UT-FDEM-BASSIN-0IP01B,MOTOPOMPE EAU MER VERS CENTRALE IPO1B MC,,,S-PC-P924 IP 01B,SF1-MCU,GM4,SF01,TCLO CONF CCRP JBFI PART RIMP,SOPL,IP1020260216,2026-02-16,2026-02-16,2026-02-17,0.0,4.0,SF01PEAUMR,SMC,,,,ZEST,350,41,184823.0,480182.0,1
12116107.0,4001254563,LUBRIFICATION DES PALIERS,OR004001254563,SF01-UT-FDEM-BASSIN-0IP01B,MOTOPOMPE EAU MER VERS CENTRALE IPO1B MC,,,S-PC-P924 IP 01B,SF1-MCU,GM4,SF01,TCLO CONF CCRP JBFI PART RIMP,SOPL,IP1020260216,2026-02-22,2026-02-16,2026-02-23,0.0,4.0,SF01PEAUMR,SMC,,,,ZEST,350,42,184823.0,480182.0,1
12116121.0,4001254567,OMS_MESURE VIBRATOIRE PALIERS,OR004001254567,SF01-UT-FDEM-BASSIN-0IP01B,MOTOPOMPE EAU MER VERS CENTRALE IPO1B MC,,,S-PC-P924 IP 01B,SF1-MCU,GM4,SF01,TCLO CONF CCRP JBFI PART RIMP,SOPL,IP1020260216,2026-02-21,2026-02-16,2026-02-23,0.0,1.0,SF01PEAUMR,SMC,,,,ZPRV,290,42,184824.0,480183.0,1
12116125.0,4001254571,LUBRIFICATION DES PALIERS,OR004001254571,SF01-UT-FDEM-BASSIN-0IP02A,MOTOPOMPE EAU MER VERS SEM2 IPO2A MC,,,S-PC-P924 IP 02A,SF1-MCU,GM4,SF01,TCLO CONF CCRP JBFI PART RIMP,SOPL,IP1020260216,2026-02-16,2026-02-16,2026-02-17,0.0,4.0,SF01PEAUMR,SMC,,,,ZEST,350,41,184825.0,480184.0,2
12116126.0,4001254572,LUBRIFICATION DES PALIERS,OR004001254572,SF01-UT-FDEM-BASSIN-0IP02A,MOTOPOMPE EAU MER VERS SEM2 IPO2A MC,,,S-PC-P924 IP 02A,SF1-MCU,GM4,SF01,TCLO CONF CCRP JBFI PART RIMP,SOPL,IP1020260216,2026-02-22,2026-02-16,2026-02-23,0.0,4.0,SF01PEAUMR,SMC,,,,ZEST,350,42,184825.0,480184.0,2
12116128.0,4001254574,OMS_MESURE VIBRATOIRE PALIERS,OR004001254574,SF01-UT-FDEM-BASSIN-0IP02A,MOTOPOMPE EAU MER VERS SEM2 IPO2A MC,,,S-PC-P924 IP 02A,SF1-MCU,GM4,SF01,TCLO CONF CCRP JBFI PART RIMP,SOPL,IP1020260216,2026-02-21,2026-02-16,2026-02-23,0.0,1.0,SF01PEAUMR,SMC,,,,ZPRV,290,42,184826.0,480185.0,2
12116130.0,4001254576,LUBRIFICATION DES PALIERS,OR004001254576,SF01-UT-FDEM-BASSIN-0IP02B,MOTOPOMPE EAU MER VERS SEM2 IPO2B,,,S-PC-P924 IP 02B,SF1-MCU,GM4,SF01,TCLO CONF CCRP JBFI PART RIMP,SOPL,IP1020260216,2026-02-16,2026-02-16,2026-02-17,0.0,4.0,SF01PEAUMR,SMC,,,,ZEST,350,41,184827.0,480186.0,2
12116131.0,4001254577,LUBRIFICATION DES PALIERS,OR004001254577,SF01-UT-FDEM-BASSIN-0IP02B,MOTOPOMPE EAU MER VERS SEM2 IPO2B,,,S-PC-P924 IP 02B,SF1-MCU,GM4,SF01,TCLO CONF CCRP JBFI PART RIMP,SOPL,IP1020260216,2026-02-23,2026-02-16,2026-02-23,0.0,4.0,SF01PEAUMR,SMC,,,,ZEST,350,42,184827.0,480186.0,2
12116134.0,4001254580,OMS_MESURE VIBRATOIRE PALIERS,OR004001254580,SF01-UT-FDEM-BASSIN-0IP02B,MOTOPOMPE EAU MER VERS SEM2 IPO2B,,,S-PC-P924 IP 02B,SF1-MCU,GM4,SF01,TCLO CONF CCRP JBFI PART RIMP,SOPL,IP1020260216,2026-02-16,2026-02-16,2026-02-17,0.0,1.0,SF01PEAUMR,SMC,,,,ZPRV,290,41,184828.0,480187.0,2
12116135.0,4001254581,OMS_MESURE VIBRATOIRE PALIERS,OR004001254581,SF01-UT-FDEM-BASSIN-0IP02B,MOTOPOMPE EAU MER VERS SEM2 IPO2B,,,S-PC-P924 IP 02B,SF1-MCU,GM4,SF01,TCLO CONF CCRP JBFI PART RIMP,SOPL,IP1020260216,2026-02-22,2026-02-16,2026-02-23,0.0,1.0,SF01PEAUMR,SMC,,,,ZPRV,290,42,184828.0,480187.0,2
12153462.0,4001291691,préventif (3 mois) moteur MT,OR004001291691,SF01-UT-FDEM-BASSIN-0IP01A-GMOT-0MOTEUR,MOTEUR ELECTRIQUE MT,,,S-PC-924IP01A-M,SF1-ECU,GM7,SF01,TCLO CONF CCRP JBFI PART RIMP,SOPL,IP1020260223,2026-05-31,2026-02-23,2026-06-16,0.0,5.0,SF01PEAUMR,SMC,,,,ZEST,360,4,211356.0,536912.0,1
12153467.0,4001291696,préventif (3 mois) moteur MT,OR004001291696,SF01-UT-FDEM-BASSIN-0IP01B-GMOT-0MOTEUR,MOTEUR ELECTRIQUE MT,,,S-PC-924IP01B-M,SF1-ECU,GM7,SF01,LANC CCRP PART RIMP,ATPL ATAS,IP1020260223,2026-12-31,2026-02-23,,3.1,0.0,SF01PEAUMR,SMC,,,2.0,ZEST,360,4,211357.0,536913.0,1
12153481.0,4001291740,préventif (3 mois) moteur MT,OR004001291740,SF01-UT-FDEM-BASSIN-0IP02A-GMOT-0MOTEUR,MOTEUR ELECTRIQUE MT,,,S-PC-924IP02A-M,SF1-ECU,GM7,SF01,TCLO CONF CCRP JBFI PART RIMP,SOPL,IP1020260223,2026-05-31,2026-02-23,2026-06-16,0.0,5.0,SF01PEAUMR,SMC,,,,ZEST,360,4,211358.0,536914.0,2
12153485.0,4001291744,préventif (3 mois) moteur MT,OR004001291744,SF01-UT-FDEM-BASSIN-0IP02B-GMOT-0MOTEUR,MOTEUR ELECTRIQUE MT,,,S-PC-924IP02B-M,SF1-ECU,GM7,SF01,LANC CCRP PART RIMP,ATPL ATAS,IP1020260223,2026-12-31,2026-02-23,,3.1,0.0,SF01PEAUMR,SMC,,,2.0,ZEST,360,4,211359.0,536915.0,2
12153488.0,4001291747,préventif (3 mois) moteur MT,OR004001291747,SF01-UT-FDEM-BASSIN-0IP03A-GMOT-0MOTEUR,MOTEUR ELECTRIQUE MT,,,S-PC-924IP03A-M,SF1-ECU,GM7,SF01,LANC CCRP PART RIMP,ATPL ATAS,IP1020260223,2026-12-31,2026-02-23,,3.1,0.0,SF01PEAUMR,SMC,,,2.0,ZEST,360,4,211360.0,536916.0,3
12153503.0,4001291752,préventif (3 mois) moteur MT,OR004001291752,SF01-UT-FDEM-BASSIN-0IP03B-GMOT-0MOTEUR,MOTEUR ELECTRIQUE MT,,,S-PC-924IP03B-M,SF1-ECU,GM7,SF01,TCLO CONF CCRP JBFI PART RIMP,SOPL,IP1020260223,2026-05-31,2026-02-23,2026-06-16,0.0,5.0,SF01PEAUMR,SMC,,,,ZEST,360,4,211361.0,536917.0,3
12153508.0,4001291757,préventif (3 mois) moteur MT,OR004001291757,SF01-UT-FDEM-BASSIN-0IP04A-GMOT-0MOTEUR,MOTEUR ELECTRIQUE MT,,,S-PC-924IP04A-M,SF1-ECU,GM7,SF01,LANC CCRP PART RIMP,ATPL ATAS,IP1020260223,2026-12-31,2026-02-23,,3.1,0.0,SF01PEAUMR,SMC,,,2.0,ZEST,360,4,211362.0,536918.0,4
12153521.0,4001291780,préventif (3 mois) moteur MT,OR004001291780,SF01-UT-FDEM-BASSIN-0IP04B-GMOT-0MOTEUR,MOTEUR ELECTRIQUE MT,,,S-PC-924IP04B-M,SF1-ECU,GM7,SF01,TCLO CONF CCRP JBFI PART RIMP,SOPL,IP1020260223,2026-05-31,2026-02-23,2026-06-16,0.0,5.0,SF01PEAUMR,SMC,,,,ZEST,360,4,211363.0,536919.0,4
12155357.0,4001293631,LUBRIFICATION DES PALIERS,OR004001293631,SF01-UT-FDEM-BASSIN-0IP01A,MOTOPOMPE EAU MER VERS CENTRALE IPO1A MC,,,S-PC-P924 IP 01A,SF1-MCU,GM4,SF01,TCLO CONF CCRP JBFI PART RIMP,SOPL,IP1020260223,2026-02-28,2026-02-23,2026-03-05,0.0,4.0,SF01PEAUMR,SMC,,,,ZEST,350,43,184821.0,480180.0,1
12155370.0,4001293634,OMS_MESURE VIBRATOIRE PALIERS,OR004001293634,SF01-UT-FDEM-BASSIN-0IP01A,MOTOPOMPE EAU MER VERS CENTRALE IPO1A MC,,,S-PC-P924 IP 01A,SF1-MCU,GM4,SF01,TCLO CONF CCRP JBFI PART RIMP,SOPL,IP1020260223,2026-02-27,2026-02-23,2026-03-05,0.0,1.0,SF01PEAUMR,SMC,,,,ZPRV,290,43,184822.0,480181.0,1
12155373.0,4001293637,LUBRIFICATION DES PALIERS,OR004001293637,SF01-UT-FDEM-BASSIN-0IP01B,MOTOPOMPE EAU MER VERS CENTRALE IPO1B MC,,,S-PC-P924 IP 01B,SF1-MCU,GM4,SF01,TCLO CONF CCRP JBFI PART RIMP,SOPL,IP1020260223,2026-03-01,2026-02-23,2026-03-05,0.0,4.0,SF01PEAUMR,SMC,,,,ZEST,350,43,184823.0,480182.0,1
12155375.0,4001293639,OMS_MESURE VIBRATOIRE PALIERS,OR004001293639,SF01-UT-FDEM-BASSIN-0IP01B,MOTOPOMPE EAU MER VERS CENTRALE IPO1B MC,,,S-PC-P924 IP 01B,SF1-MCU,GM4,SF01,TCLO CONF CCRP JBFI PART RIMP,SOPL,IP1020260223,2026-02-28,2026-02-23,2026-03-05,0.0,1.0,SF01PEAUMR,SMC,,,,ZPRV,290,43,184824.0,480183.0,1
12155377.0,4001293641,LUBRIFICATION DES PALIERS,OR004001293641,SF01-UT-FDEM-BASSIN-0IP02A,MOTOPOMPE EAU MER VERS SEM2 IPO2A MC,,,S-PC-P924 IP 02A,SF1-MCU,GM4,SF01,TCLO CONF CCRP JBFI PART RIMP,SOPL,IP1020260223,2026-03-01,2026-02-23,2026-03-05,0.0,4.0,SF01PEAUMR,SMC,,,,ZEST,350,43,184825.0,480184.0,2
12155380.0,4001293644,OMS_MESURE VIBRATOIRE PALIERS,OR004001293644,SF01-UT-FDEM-BASSIN-0IP02A,MOTOPOMPE EAU MER VERS SEM2 IPO2A MC,,,S-PC-P924 IP 02A,SF1-MCU,GM4,SF01,TCLO CONF CCRP JBFI PART RIMP,SOPL,IP1020260223,2026-02-28,2026-02-23,2026-03-05,0.0,1.0,SF01PEAUMR,SMC,,,,ZPRV,290,43,184826.0,480185.0,2
12155382.0,4001293646,LUBRIFICATION DES PALIERS,OR004001293646,SF01-UT-FDEM-BASSIN-0IP02B,MOTOPOMPE EAU MER VERS SEM2 IPO2B,,,S-PC-P924 IP 02B,SF1-MCU,GM4,SF01,TCLO CONF CCRP JBFI PART RIMP,SOPL,IP1020260223,2026-03-02,2026-02-23,2026-03-05,0.0,4.0,SF01PEAUMR,SMC,,,,ZEST,350,43,184827.0,480186.0,2
12155385.0,4001293649,OMS_MESURE VIBRATOIRE PALIERS,OR004001293649,SF01-UT-FDEM-BASSIN-0IP02B,MOTOPOMPE EAU MER VERS SEM2 IPO2B,,,S-PC-P924 IP 02B,SF1-MCU,GM4,SF01,TCLO CONF CCRP JBFI PART RIMP,SOPL,IP1020260223,2026-03-01,2026-02-23,2026-03-05,0.0,1.0,SF01PEAUMR,SMC,,,,ZPRV,290,43,184828.0,480187.0,2
12155387.0,4001293651,LUBRIFICATION DES PALIERS,OR004001293651,SF01-UT-FDEM-BASSIN-0IP03A,MOTOPOMPE EAU MER VERS PSII IPO3A BASSIN,,,S-PC-P924 IP 03A,SF1-MCU,GM4,SF01,TCLO CONF CCRP JBFI PART RIMP,SOPL,IP1020260223,2026-02-25,2026-02-23,2026-03-05,0.0,4.0,SF01PEAUMR,SMC,,,,ZEST,350,41,184829.0,480188.0,3
12155389.0,4001293653,OMS_MESURE VIBRATOIRE PALIERS,OR004001293653,SF01-UT-FDEM-BASSIN-0IP03A,MOTOPOMPE EAU MER VERS PSII IPO3A BASSIN,,,S-PC-P924 IP 03A,SF1-MCU,GM4,SF01,TCLO CONF CCRP JBFI PART RIMP,SOPL,IP1020260223,2026-02-26,2026-02-23,2026-03-05,0.0,1.0,SF01PEAUMR,SMC,,,,ZPRV,290,43,184830.0,480189.0,3
12155401.0,4001293655,LUBRIFICATION DES PALIERS,OR004001293655,SF01-UT-FDEM-BASSIN-0IP03B,MOTOPOMPE EAU MER VERS PSII IPO3B BASSIN,,,S-PC-P924 IP 03B,SF1-MCU,GM4,SF01,TCLO CONF CCRP JBFI PART RIMP,SOPL,IP1020260223,2026-02-25,2026-02-23,2026-03-05,0.0,4.0,SF01PEAUMR,SMC,,,,ZEST,350,41,184831.0,480190.0,3
12155403.0,4001293657,OMS_MESURE VIBRATOIRE PALIERS,OR004001293657,SF01-UT-FDEM-BASSIN-0IP03B,MOTOPOMPE EAU MER VERS PSII IPO3B BASSIN,,,S-PC-P924 IP 03B,SF1-MCU,GM4,SF01,TCLO CONF CCRP JBFI PART RIMP,SOPL,IP1020260223,2026-02-26,2026-02-23,2026-03-05,0.0,1.0,SF01PEAUMR,SMC,,,,ZPRV,290,43,184832.0,480191.0,3
12155406.0,4001293660,LUBRIFICATION DES PALIERS,OR004001293660,SF01-UT-FDEM-BASSIN-0IP04A,MOTOPOMPE EAU MER VERS PPII IPO4A BASSIN,,,S-PC-P924 IP 04A,SF1-MCU,GM4,SF01,TCLO CONF CCRP JBFI PART RIMP,SOPL,IP1020260223,2026-03-02,2026-02-23,2026-03-05,0.0,4.0,SF01PEAUMR,SMC,,,,ZEST,350,40,184833.0,480192.0,4
12155409.0,4001293663,OMS_MESURE VIBRATOIRE PALIERS,OR004001293663,SF01-UT-FDEM-BASSIN-0IP04A,MOTOPOMPE EAU MER VERS PPII IPO4A BASSIN,,,S-PC-P924 IP 04A,SF1-MCU,GM4,SF01,TCLO CONF CCRP JBFI PART RIMP,SOPL,IP1020260223,2026-02-26,2026-02-23,2026-03-05,0.0,1.0,SF01PEAUMR,SMC,,,,ZPRV,290,43,184834.0,480193.0,4
12155412.0,4001293666,LUBRIFICATION DES PALIERS,OR004001293666,SF01-UT-FDEM-BASSIN-0IP04B,MOTOPOMPE EAU MER VERS PPII IPO4B BASSIN,,,S-PC-P924 IP 04B,SF1-MCU,GM4,SF01,TCLO CONF CCRP JBFI PART RIMP,SOPL,IP1020260223,2026-03-25,2026-02-23,2026-03-26,0.0,1.0,SF01PEAUMR,SMC,,,,ZEST,350,20,184835.0,480194.0,4
12155414.0,4001293668,OMS_MESURE VIBRATOIRE PALIERS,OR004001293668,SF01-UT-FDEM-BASSIN-0IP04B,MOTOPOMPE EAU MER VERS PPII IPO4B BASSIN,,,S-PC-P924 IP 04B,SF1-MCU,GM4,SF01,TCLO CONF CCRP JBFI PART RIMP,SOPL,IP1020260223,2026-02-27,2026-02-23,2026-03-05,0.0,1.0,SF01PEAUMR,SMC,,,,ZPRV,290,43,184836.0,480195.0,4
12140755.0,4001294737,élimination de la fuite sur tresses de l,OR004001294737,SF01-UT-FDEM-BASSIN-0IP02A,MOTOPOMPE EAU MER VERS SEM2 IPO2A MC,,,S-PC-P924 IP 02A,SF1-MCU,GM4,SF01,TCLO CONF CCRP JBFI PART RIMP,SOPL,MATAR1,2026-02-23,2026-02-23,,4.0,0.0,SF01PEAUMR,SMC,,,2.0,ZCOR,110,0,,,2
12165826.0,4001307675,serrage des tresses de la pompe IP 03B,OR004001307675,SF01-UT-FDEM-BASSIN-0IP03B,MOTOPOMPE EAU MER VERS PSII IPO3B BASSIN,,,S-PC-P924 IP 03B,SF1-MCU,GM4,SF01,TCLO CONF CCRP JBFI PART RIMP,SOPL,MATAR1,2026-02-24,2026-02-24,,1.0,1.2,SF01PEAUMR,SMC,,,2.0,ZCOR,110,0,,,3
12224505.0,4001363395,LUBRIFICATION DES PALIERS,OR004001363395,SF01-UT-FDEM-BASSIN-0IP01A,MOTOPOMPE EAU MER VERS CENTRALE IPO1A MC,,,S-PC-P924 IP 01A,SF1-MCU,GM4,SF01,TCLO CONF CCRP JBFI PART RIMP,SOPL,IP1020260302,2026-03-07,2026-03-02,2026-03-09,0.0,4.0,SF01PEAUMR,SMC,,,,ZEST,350,44,184821.0,480180.0,1
12224506.0,4001363396,OMS_MESURE VIBRATOIRE PALIERS,OR004001363396,SF01-UT-FDEM-BASSIN-0IP01A,MOTOPOMPE EAU MER VERS CENTRALE IPO1A MC,,,S-PC-P924 IP 01A,SF1-MCU,GM4,SF01,TCLO CONF CCRP JBFI PART RIMP,SOPL,IP1020260302,2026-03-06,2026-03-02,2026-03-09,0.0,1.0,SF01PEAUMR,SMC,,,,ZPRV,290,44,184822.0,480181.0,1
12224507.0,4001363397,LUBRIFICATION DES PALIERS,OR004001363397,SF01-UT-FDEM-BASSIN-0IP01B,MOTOPOMPE EAU MER VERS CENTRALE IPO1B MC,,,S-PC-P924 IP 01B,SF1-MCU,GM4,SF01,TCLO CONF CCRP JBFI PART RIMP,SOPL,IP1020260302,2026-03-08,2026-03-02,2026-03-09,0.0,4.0,SF01PEAUMR,SMC,,,,ZEST,350,44,184823.0,480182.0,1
12224508.0,4001363398,OMS_MESURE VIBRATOIRE PALIERS,OR004001363398,SF01-UT-FDEM-BASSIN-0IP01B,MOTOPOMPE EAU MER VERS CENTRALE IPO1B MC,,,S-PC-P924 IP 01B,SF1-MCU,GM4,SF01,TCLO CONF CCRP JBFI PART RIMP,SOPL,IP1020260302,2026-03-07,2026-03-02,2026-03-09,0.0,1.0,SF01PEAUMR,SMC,,,,ZPRV,290,44,184824.0,480183.0,1
12224509.0,4001363399,LUBRIFICATION DES PALIERS,OR004001363399,SF01-UT-FDEM-BASSIN-0IP02A,MOTOPOMPE EAU MER VERS SEM2 IPO2A MC,,,S-PC-P924 IP 02A,SF1-MCU,GM4,SF01,TCLO CONF CCRP JBFI PART RIMP,SOPL,IP1020260302,2026-03-08,2026-03-02,2026-03-09,0.0,4.0,SF01PEAUMR,SMC,,,,ZEST,350,44,184825.0,480184.0,2
12224477.0,4001363408,LUBRIFICATION DES PALIERS,OR004001363408,SF01-UT-FDEM-BASSIN-0IP03A,MOTOPOMPE EAU MER VERS PSII IPO3A BASSIN,,,S-PC-P924 IP 03A,SF1-MCU,GM4,SF01,TCLO CONF CCRP JBFI PART RIMP,SOPL,IP1020260302,2026-03-04,2026-03-02,2026-03-05,0.0,4.0,SF01PEAUMR,SMC,,,,ZEST,350,42,184829.0,480188.0,3
12224510.0,4001363411,OMS_MESURE VIBRATOIRE PALIERS,OR004001363411,SF01-UT-FDEM-BASSIN-0IP03A,MOTOPOMPE EAU MER VERS PSII IPO3A BASSIN,,,S-PC-P924 IP 03A,SF1-MCU,GM4,SF01,TCLO CONF CCRP JBFI PART RIMP,SOPL,IP1020260302,2026-03-05,2026-03-02,2026-03-05,0.0,1.0,SF01PEAUMR,SMC,,,,ZPRV,290,44,184830.0,480189.0,3
12224511.0,4001363412,LUBRIFICATION DES PALIERS,OR004001363412,SF01-UT-FDEM-BASSIN-0IP03B,MOTOPOMPE EAU MER VERS PSII IPO3B BASSIN,,,S-PC-P924 IP 03B,SF1-MCU,GM4,SF01,TCLO CONF CCRP JBFI PART RIMP,SOPL,IP1020260302,2026-03-04,2026-03-02,2026-03-05,0.0,4.0,SF01PEAUMR,SMC,,,,ZEST,350,42,184831.0,480190.0,3
12224512.0,4001363413,OMS_MESURE VIBRATOIRE PALIERS,OR004001363413,SF01-UT-FDEM-BASSIN-0IP03B,MOTOPOMPE EAU MER VERS PSII IPO3B BASSIN,,,S-PC-P924 IP 03B,SF1-MCU,GM4,SF01,TCLO CONF CCRP JBFI PART RIMP,SOPL,IP1020260302,2026-03-05,2026-03-02,2026-03-05,0.0,1.0,SF01PEAUMR,SMC,,,,ZPRV,290,44,184832.0,480191.0,3
12224513.0,4001363414,LUBRIFICATION DES PALIERS,OR004001363414,SF01-UT-FDEM-BASSIN-0IP04A,MOTOPOMPE EAU MER VERS PPII IPO4A BASSIN,,,S-PC-P924 IP 04A,SF1-MCU,GM4,SF01,TCLO CONF CCRP JBFI PART RIMP,SOPL,IP1020260302,2026-03-09,2026-03-02,2026-03-09,0.0,4.0,SF01PEAUMR,SMC,,,,ZEST,350,41,184833.0,480192.0,4
12224516.0,4001363417,OMS_MESURE VIBRATOIRE PALIERS,OR004001363417,SF01-UT-FDEM-BASSIN-0IP04A,MOTOPOMPE EAU MER VERS PPII IPO4A BASSIN,,,S-PC-P924 IP 04A,SF1-MCU,GM4,SF01,TCLO CONF CCRP JBFI PART RIMP,SOPL,IP1020260302,2026-03-05,2026-03-02,2026-03-05,0.0,1.0,SF01PEAUMR,SMC,,,,ZPRV,290,44,184834.0,480193.0,4
12224517.0,4001363418,OMS_MESURE VIBRATOIRE PALIERS,OR004001363418,SF01-UT-FDEM-BASSIN-0IP04B,MOTOPOMPE EAU MER VERS PPII IPO4B BASSIN,,,S-PC-P924 IP 04B,SF1-MCU,GM4,SF01,TCLO CONF CCRP JBFI PART RIMP,SOPL,IP1020260302,2026-03-06,2026-03-02,2026-03-09,0.0,1.0,SF01PEAUMR,SMC,,,,ZPRV,290,44,184836.0,480195.0,4
12224540.0,4001363480,OMS_MESURE VIBRATOIRE PALIERS,OR004001363480,SF01-UT-FDEM-BASSIN-0IP02A,MOTOPOMPE EAU MER VERS SEM2 IPO2A MC,,,S-PC-P924 IP 02A,SF1-MCU,GM4,SF01,TCLO CONF CCRP JBFI PART RIMP,SOPL,IP1020260302,2026-03-07,2026-03-02,2026-03-09,0.0,1.0,SF01PEAUMR,SMC,,,,ZPRV,290,44,184826.0,480185.0,2
12224541.0,4001363481,LUBRIFICATION DES PALIERS,OR004001363481,SF01-UT-FDEM-BASSIN-0IP02B,MOTOPOMPE EAU MER VERS SEM2 IPO2B,,,S-PC-P924 IP 02B,SF1-MCU,GM4,SF01,TCLO CONF CCRP JBFI PART RIMP,SOPL,IP1020260302,2026-03-09,2026-03-02,2026-03-09,0.0,4.0,SF01PEAUMR,SMC,,,,ZEST,350,44,184827.0,480186.0,2
12224542.0,4001363482,OMS_MESURE VIBRATOIRE PALIERS,OR004001363482,SF01-UT-FDEM-BASSIN-0IP02B,MOTOPOMPE EAU MER VERS SEM2 IPO2B,,,S-PC-P924 IP 02B,SF1-MCU,GM4,SF01,TCLO CONF CCRP JBFI PART RIMP,SOPL,IP1020260302,2026-03-08,2026-03-02,2026-03-09,0.0,1.0,SF01PEAUMR,SMC,,,,ZPRV,290,44,184828.0,480187.0,2
12174943.0,4001371496,préparation des 04 brides pleins pour le,OR004001371496,SF01-UT-FDEM-BASSIN-0IP03A,MOTOPOMPE EAU MER VERS PSII IPO3A BASSIN,,,S-PC-P924 IP 03A,SF1-MCU,GM4,SF01,TCLO CONF CCRP JBFI PART RIMP,SOPL,MATAR1,2026-03-05,2026-03-05,,4.0,0.0,SF01PEAUMR,SMC,,,2.0,ZCOR,110,0,,,3
12232088.0,4001371600,serrage des tresses de la pompe IP04 B,OR004001371600,SF01-UT-FDEM-BASSIN-0IP04B,MOTOPOMPE EAU MER VERS PPII IPO4B BASSIN,,,S-PC-P924 IP 04B,SF1-MCU,GM4,SF01,TCLO CONF CCRP JBFI PART RIMP,SOPL,MATAR1,2026-03-05,2026-03-05,,1.0,2.0,SF01PEAUMR,SMC,,,2.0,ZCOR,110,0,,,4
12170816.0,4001371685,Défaut d'alignement,OR004001371685,SF01-UT-FDEM-BASSIN-0IP03B,MOTOPOMPE EAU MER VERS PSII IPO3B BASSIN,,,S-PC-P924 IP 03B,SF1-MCU,GM4,SF01,TCLO CONF CCRP JBFI PART RIMP,SOPL,MATAR1,2026-03-05,2026-03-05,,4.0,0.0,SF01PEAUMR,SMC,,,2.0,ZCON,480,0,,,3
12254150.0,4001393316,LUBRIFICATION DES PALIERS,OR004001393316,SF01-UT-FDEM-BASSIN-0IP03A,MOTOPOMPE EAU MER VERS PSII IPO3A BASSIN,,,S-PC-P924 IP 03A,SF1-MCU,GM4,SF01,TCLO CONF CCRP JBFI PART RIMP,SOPL,IP1020260307,2026-03-11,2026-03-07,2026-03-11,0.0,4.0,SF01PEAUMR,SMC,,,,ZEST,350,43,184829.0,480188.0,3
12254152.0,4001393318,OMS_MESURE VIBRATOIRE PALIERS,OR004001393318,SF01-UT-FDEM-BASSIN-0IP03A,MOTOPOMPE EAU MER VERS PSII IPO3A BASSIN,,,S-PC-P924 IP 03A,SF1-MCU,GM4,SF01,TCLO CONF CCRP JBFI PART RIMP,SOPL,IP1020260307,2026-03-12,2026-03-07,2026-03-16,0.0,1.0,SF01PEAUMR,SMC,,,,ZPRV,290,45,184830.0,480189.0,3
12254154.0,4001393360,LUBRIFICATION DES PALIERS,OR004001393360,SF01-UT-FDEM-BASSIN-0IP03B,MOTOPOMPE EAU MER VERS PSII IPO3B BASSIN,,,S-PC-P924 IP 03B,SF1-MCU,GM4,SF01,TCLO CONF CCRP JBFI PART RIMP,SOPL,IP1020260307,2026-03-11,2026-03-07,2026-03-11,0.0,4.0,SF01PEAUMR,SMC,,,,ZEST,350,43,184831.0,480190.0,3
12254157.0,4001393363,OMS_MESURE VIBRATOIRE PALIERS,OR004001393363,SF01-UT-FDEM-BASSIN-0IP03B,MOTOPOMPE EAU MER VERS PSII IPO3B BASSIN,,,S-PC-P924 IP 03B,SF1-MCU,GM4,SF01,TCLO CONF CCRP JBFI PART RIMP,SOPL,IP1020260307,2026-03-12,2026-03-07,2026-03-16,0.0,1.0,SF01PEAUMR,SMC,,,,ZPRV,290,45,184832.0,480191.0,3
12254158.0,4001393364,LUBRIFICATION DES PALIERS,OR004001393364,SF01-UT-FDEM-BASSIN-0IP04A,MOTOPOMPE EAU MER VERS PPII IPO4A BASSIN,,,S-PC-P924 IP 04A,SF1-MCU,GM4,SF01,TCLO CONF CCRP JBFI PART RIMP,SOPL,IP1020260307,2026-03-16,2026-03-07,2026-03-16,0.0,4.0,SF01PEAUMR,SMC,,,,ZEST,350,42,184833.0,480192.0,4
12254159.0,4001393365,OMS_MESURE VIBRATOIRE PALIERS,OR004001393365,SF01-UT-FDEM-BASSIN-0IP04A,MOTOPOMPE EAU MER VERS PPII IPO4A BASSIN,,,S-PC-P924 IP 04A,SF1-MCU,GM4,SF01,TCLO CONF CCRP JBFI PART RIMP,SOPL,IP1020260307,2026-03-12,2026-03-07,2026-03-16,0.0,1.0,SF01PEAUMR,SMC,,,,ZPRV,290,45,184834.0,480193.0,4
12254170.0,4001393366,OMS_MESURE VIBRATOIRE PALIERS,OR004001393366,SF01-UT-FDEM-BASSIN-0IP04B,MOTOPOMPE EAU MER VERS PPII IPO4B BASSIN,,,S-PC-P924 IP 04B,SF1-MCU,GM4,SF01,TCLO CONF CCRP JBFI PART RIMP,SOPL,IP1020260307,2026-03-13,2026-03-07,2026-03-16,0.0,1.0,SF01PEAUMR,SMC,,,,ZPRV,290,45,184836.0,480195.0,4
12254161.0,4001393382,LUBRIFICATION DES PALIERS,OR004001393382,SF01-UT-FDEM-BASSIN-0IP01A,MOTOPOMPE EAU MER VERS CENTRALE IPO1A MC,,,S-PC-P924 IP 01A,SF1-MCU,GM4,SF01,TCLO CONF CCRP JBFI PART RIMP,SOPL,IP1020260307,2026-03-14,2026-03-07,2026-03-16,0.0,4.0,SF01PEAUMR,SMC,,,,ZEST,350,45,184821.0,480180.0,1
12254164.0,4001393385,OMS_MESURE VIBRATOIRE PALIERS,OR004001393385,SF01-UT-FDEM-BASSIN-0IP01A,MOTOPOMPE EAU MER VERS CENTRALE IPO1A MC,,,S-PC-P924 IP 01A,SF1-MCU,GM4,SF01,TCLO CONF CCRP JBFI PART RIMP,SOPL,IP1020260307,2026-03-13,2026-03-07,2026-03-16,0.0,1.0,SF01PEAUMR,SMC,,,,ZPRV,290,45,184822.0,480181.0,1
12254165.0,4001393386,LUBRIFICATION DES PALIERS,OR004001393386,SF01-UT-FDEM-BASSIN-0IP01B,MOTOPOMPE EAU MER VERS CENTRALE IPO1B MC,,,S-PC-P924 IP 01B,SF1-MCU,GM4,SF01,TCLO CONF CCRP JBFI PART RIMP,SOPL,IP1020260307,2026-03-15,2026-03-07,2026-03-16,0.0,4.0,SF01PEAUMR,SMC,,,,ZEST,350,45,184823.0,480182.0,1
12254167.0,4001393388,OMS_MESURE VIBRATOIRE PALIERS,OR004001393388,SF01-UT-FDEM-BASSIN-0IP01B,MOTOPOMPE EAU MER VERS CENTRALE IPO1B MC,,,S-PC-P924 IP 01B,SF1-MCU,GM4,SF01,TCLO CONF CCRP JBFI PART RIMP,SOPL,IP1020260307,2026-03-14,2026-03-07,2026-03-16,0.0,1.0,SF01PEAUMR,SMC,,,,ZPRV,290,45,184824.0,480183.0,1
12254168.0,4001393389,LUBRIFICATION DES PALIERS,OR004001393389,SF01-UT-FDEM-BASSIN-0IP02A,MOTOPOMPE EAU MER VERS SEM2 IPO2A MC,,,S-PC-P924 IP 02A,SF1-MCU,GM4,SF01,TCLO CONF CCRP JBFI PART RIMP,SOPL,IP1020260307,2026-03-15,2026-03-07,2026-03-16,0.0,4.0,SF01PEAUMR,SMC,,,,ZEST,350,45,184825.0,480184.0,2
12254169.0,4001393390,OMS_MESURE VIBRATOIRE PALIERS,OR004001393390,SF01-UT-FDEM-BASSIN-0IP02A,MOTOPOMPE EAU MER VERS SEM2 IPO2A MC,,,S-PC-P924 IP 02A,SF1-MCU,GM4,SF01,TCLO CONF CCRP JBFI PART RIMP,SOPL,IP1020260307,2026-03-14,2026-03-07,2026-03-16,0.0,1.0,SF01PEAUMR,SMC,,,,ZPRV,290,45,184826.0,480185.0,2
12254190.0,4001393391,LUBRIFICATION DES PALIERS,OR004001393391,SF01-UT-FDEM-BASSIN-0IP02B,MOTOPOMPE EAU MER VERS SEM2 IPO2B,,,S-PC-P924 IP 02B,SF1-MCU,GM4,SF01,TCLO CONF CCRP JBFI PART RIMP,SOPL,IP1020260307,2026-03-16,2026-03-07,2026-03-16,0.0,4.0,SF01PEAUMR,SMC,,,,ZEST,350,45,184827.0,480186.0,2
12254191.0,4001393392,OMS_MESURE VIBRATOIRE PALIERS,OR004001393392,SF01-UT-FDEM-BASSIN-0IP02B,MOTOPOMPE EAU MER VERS SEM2 IPO2B,,,S-PC-P924 IP 02B,SF1-MCU,GM4,SF01,TCLO CONF CCRP JBFI PART RIMP,SOPL,IP1020260307,2026-03-15,2026-03-07,2026-03-16,0.0,1.0,SF01PEAUMR,SMC,,,,ZPRV,290,45,184828.0,480187.0,2
12252922.0,4001397530,defaut de jeu,OR004001397530,SF01-UT-FDEM-BASSIN-0IP03B,MOTOPOMPE EAU MER VERS PSII IPO3B BASSIN,,,S-PC-P924 IP 03B,SF1-MCU,GM4,SF01,TCLO CONF CCRP JBFI PART RIMP,SOPL,MATAR1,2026-03-11,2026-03-09,,4.0,0.0,SF01PEAUMR,SMC,,,2.0,ZCON,480,0,,,3
12295352.0,4001435524,LUBRIFICATION DES PALIERS,OR004001435524,SF01-UT-FDEM-BASSIN-0IP03A,MOTOPOMPE EAU MER VERS PSII IPO3A BASSIN,,,S-PC-P924 IP 03A,SF1-MCU,GM4,SF01,TCLO CONF CCRP JBFI PART RIMP,SOPL,IP1020260315,2026-03-18,2026-03-15,2026-03-24,0.0,4.0,SF01PEAUMR,SMC,,,,ZEST,350,44,184829.0,480188.0,3
12295354.0,4001435526,OMS_MESURE VIBRATOIRE PALIERS,OR004001435526,SF01-UT-FDEM-BASSIN-0IP03A,MOTOPOMPE EAU MER VERS PSII IPO3A BASSIN,,,S-PC-P924 IP 03A,SF1-MCU,GM4,SF01,TCLO CONF CCRP JBFI PART RIMP,SOPL,IP1020260315,2026-03-19,2026-03-15,2026-03-24,0.0,1.0,SF01PEAUMR,SMC,,,,ZPRV,290,46,184830.0,480189.0,3
12295357.0,4001435529,LUBRIFICATION DES PALIERS,OR004001435529,SF01-UT-FDEM-BASSIN-0IP03B,MOTOPOMPE EAU MER VERS PSII IPO3B BASSIN,,,S-PC-P924 IP 03B,SF1-MCU,GM4,SF01,TCLO CONF CCRP JBFI PART RIMP,SOPL,IP1020260315,2026-03-18,2026-03-15,2026-03-24,0.0,4.0,SF01PEAUMR,SMC,,,,ZEST,350,44,184831.0,480190.0,3
12295360.0,4001435532,OMS_MESURE VIBRATOIRE PALIERS,OR004001435532,SF01-UT-FDEM-BASSIN-0IP03B,MOTOPOMPE EAU MER VERS PSII IPO3B BASSIN,,,S-PC-P924 IP 03B,SF1-MCU,GM4,SF01,TCLO CONF CCRP JBFI PART RIMP,SOPL,IP1020260315,2026-03-19,2026-03-15,2026-03-24,0.0,1.0,SF01PEAUMR,SMC,,,,ZPRV,290,46,184832.0,480191.0,3
12295361.0,4001435533,LUBRIFICATION DES PALIERS,OR004001435533,SF01-UT-FDEM-BASSIN-0IP04A,MOTOPOMPE EAU MER VERS PPII IPO4A BASSIN,,,S-PC-P924 IP 04A,SF1-MCU,GM4,SF01,TCLO CONF CCRP JBFI PART RIMP,SOPL,IP1020260315,2026-03-24,2026-03-15,2026-03-24,0.0,4.0,SF01PEAUMR,SMC,,,,ZEST,350,43,184833.0,480192.0,4
12295365.0,4001435537,OMS_MESURE VIBRATOIRE PALIERS,OR004001435537,SF01-UT-FDEM-BASSIN-0IP04A,MOTOPOMPE EAU MER VERS PPII IPO4A BASSIN,,,S-PC-P924 IP 04A,SF1-MCU,GM4,SF01,TCLO CONF CCRP JBFI PART RIMP,SOPL,IP1020260315,2026-03-19,2026-03-15,2026-03-24,0.0,1.0,SF01PEAUMR,SMC,,,,ZPRV,290,46,184834.0,480193.0,4
12295367.0,4001435539,LUBRIFICATION DES PALIERS,OR004001435539,SF01-UT-FDEM-BASSIN-0IP01A,MOTOPOMPE EAU MER VERS CENTRALE IPO1A MC,,,S-PC-P924 IP 01A,SF1-MCU,GM4,SF01,TCLO CONF CCRP JBFI PART RIMP,SOPL,IP1020260315,2026-03-21,2026-03-15,2026-03-24,0.0,4.0,SF01PEAUMR,SMC,,,,ZEST,350,46,184821.0,480180.0,1
12295368.0,4001435540,OMS_MESURE VIBRATOIRE PALIERS,OR004001435540,SF01-UT-FDEM-BASSIN-0IP04B,MOTOPOMPE EAU MER VERS PPII IPO4B BASSIN,,,S-PC-P924 IP 04B,SF1-MCU,GM4,SF01,TCLO CONF CCRP JBFI PART RIMP,SOPL,IP1020260315,2026-03-20,2026-03-15,2026-03-24,0.0,1.0,SF01PEAUMR,SMC,,,,ZPRV,290,46,184836.0,480195.0,4
12295380.0,4001435542,OMS_MESURE VIBRATOIRE PALIERS,OR004001435542,SF01-UT-FDEM-BASSIN-0IP01A,MOTOPOMPE EAU MER VERS CENTRALE IPO1A MC,,,S-PC-P924 IP 01A,SF1-MCU,GM4,SF01,TCLO CONF CCRP JBFI PART RIMP,SOPL,IP1020260315,2026-03-20,2026-03-15,2026-03-24,0.0,1.0,SF01PEAUMR,SMC,,,,ZPRV,290,46,184822.0,480181.0,1
12295383.0,4001435545,LUBRIFICATION DES PALIERS,OR004001435545,SF01-UT-FDEM-BASSIN-0IP01B,MOTOPOMPE EAU MER VERS CENTRALE IPO1B MC,,,S-PC-P924 IP 01B,SF1-MCU,GM4,SF01,TCLO CONF CCRP JBFI PART RIMP,SOPL,IP1020260315,2026-03-22,2026-03-15,2026-03-24,0.0,4.0,SF01PEAUMR,SMC,,,,ZEST,350,46,184823.0,480182.0,1
12295384.0,4001435546,OMS_MESURE VIBRATOIRE PALIERS,OR004001435546,SF01-UT-FDEM-BASSIN-0IP01B,MOTOPOMPE EAU MER VERS CENTRALE IPO1B MC,,,S-PC-P924 IP 01B,SF1-MCU,GM4,SF01,TCLO CONF CCRP JBFI PART RIMP,SOPL,IP1020260315,2026-03-21,2026-03-15,2026-03-24,0.0,1.0,SF01PEAUMR,SMC,,,,ZPRV,290,46,184824.0,480183.0,1
12295385.0,4001435547,LUBRIFICATION DES PALIERS,OR004001435547,SF01-UT-FDEM-BASSIN-0IP02A,MOTOPOMPE EAU MER VERS SEM2 IPO2A MC,,,S-PC-P924 IP 02A,SF1-MCU,GM4,SF01,TCLO CONF CCRP JBFI PART RIMP,SOPL,IP1020260315,2026-03-22,2026-03-15,2026-03-24,0.0,4.0,SF01PEAUMR,SMC,,,,ZEST,350,46,184825.0,480184.0,2
12295386.0,4001435548,OMS_MESURE VIBRATOIRE PALIERS,OR004001435548,SF01-UT-FDEM-BASSIN-0IP02A,MOTOPOMPE EAU MER VERS SEM2 IPO2A MC,,,S-PC-P924 IP 02A,SF1-MCU,GM4,SF01,TCLO CONF CCRP JBFI PART RIMP,SOPL,IP1020260315,2026-03-21,2026-03-15,2026-03-24,0.0,1.0,SF01PEAUMR,SMC,,,,ZPRV,290,46,184826.0,480185.0,2
12295387.0,4001435549,LUBRIFICATION DES PALIERS,OR004001435549,SF01-UT-FDEM-BASSIN-0IP02B,MOTOPOMPE EAU MER VERS SEM2 IPO2B,,,S-PC-P924 IP 02B,SF1-MCU,GM4,SF01,TCLO CONF CCRP JBFI PART RIMP,SOPL,IP1020260315,2026-03-24,2026-03-15,2026-03-24,0.0,4.0,SF01PEAUMR,SMC,,,,ZEST,350,46,184827.0,480186.0,2
12295388.0,4001435550,OMS_MESURE VIBRATOIRE PALIERS,OR004001435550,SF01-UT-FDEM-BASSIN-0IP02B,MOTOPOMPE EAU MER VERS SEM2 IPO2B,,,S-PC-P924 IP 02B,SF1-MCU,GM4,SF01,TCLO CONF CCRP JBFI PART RIMP,SOPL,IP1020260315,2026-03-22,2026-03-15,2026-03-24,0.0,1.0,SF01PEAUMR,SMC,,,,ZPRV,290,46,184828.0,480187.0,2
12295487.0,4001435595,LUBRIFICATION DES PALIERS,OR004001435595,SF01-UT-FDEM-BASSIN-0IP03A,MOTOPOMPE EAU MER VERS PSII IPO3A BASSIN,,,S-PC-P924 IP 03A,SF1-MCU,GM4,SF01,TCLO CONF CCRP JBFI PART RIMP,SOPL,IP1020260315,2026-03-26,2026-03-15,2026-03-26,0.0,4.0,SF01PEAUMR,SMC,,,,ZEST,350,45,184829.0,480188.0,3
12295488.0,4001435596,OMS_MESURE VIBRATOIRE PALIERS,OR004001435596,SF01-UT-FDEM-BASSIN-0IP03A,MOTOPOMPE EAU MER VERS PSII IPO3A BASSIN,,,S-PC-P924 IP 03A,SF1-MCU,GM4,SF01,TCLO CONF CCRP JBFI PART RIMP,SOPL,IP1020260315,2026-03-26,2026-03-15,2026-03-26,0.0,1.0,SF01PEAUMR,SMC,,,,ZPRV,290,47,184830.0,480189.0,3
12295489.0,4001435597,LUBRIFICATION DES PALIERS,OR004001435597,SF01-UT-FDEM-BASSIN-0IP03B,MOTOPOMPE EAU MER VERS PSII IPO3B BASSIN,,,S-PC-P924 IP 03B,SF1-MCU,GM4,SF01,TCLO CONF CCRP JBFI PART RIMP,SOPL,IP1020260315,2026-03-26,2026-03-15,2026-03-26,0.0,4.0,SF01PEAUMR,SMC,,,,ZEST,350,45,184831.0,480190.0,3
12295541.0,4001435599,OMS_MESURE VIBRATOIRE PALIERS,OR004001435599,SF01-UT-FDEM-BASSIN-0IP03B,MOTOPOMPE EAU MER VERS PSII IPO3B BASSIN,,,S-PC-P924 IP 03B,SF1-MCU,GM4,SF01,TCLO CONF CCRP JBFI PART RIMP,SOPL,IP1020260315,2026-03-26,2026-03-15,2026-03-26,0.0,1.0,SF01PEAUMR,SMC,,,,ZPRV,290,47,184832.0,480191.0,3
12295537.0,4001435703,LUBRIFICATION DES PALIERS,OR004001435703,SF01-UT-FDEM-BASSIN-0IP01A,MOTOPOMPE EAU MER VERS CENTRALE IPO1A MC,,,S-PC-P924 IP 01A,SF1-MCU,GM4,SF01,TCLO CONF CCRP JBFI PART RIMP,SOPL,IP1020260315,2026-03-30,2026-03-15,2026-03-30,0.0,4.0,SF01PEAUMR,SMC,,,,ZEST,350,47,184821.0,480180.0,1
12295538.0,4001435704,OMS_MESURE VIBRATOIRE PALIERS,OR004001435704,SF01-UT-FDEM-BASSIN-0IP01A,MOTOPOMPE EAU MER VERS CENTRALE IPO1A MC,,,S-PC-P924 IP 01A,SF1-MCU,GM4,SF01,TCLO CONF CCRP JBFI PART RIMP,SOPL,IP1020260315,2026-03-30,2026-03-15,2026-03-30,0.0,1.0,SF01PEAUMR,SMC,,,,ZPRV,290,47,184822.0,480181.0,1
12295539.0,4001435705,LUBRIFICATION DES PALIERS,OR004001435705,SF01-UT-FDEM-BASSIN-0IP01B,MOTOPOMPE EAU MER VERS CENTRALE IPO1B MC,,,S-PC-P924 IP 01B,SF1-MCU,GM4,SF01,TCLO CONF CCRP JBFI PART RIMP,SOPL,IP1020260315,2026-03-30,2026-03-15,2026-03-30,0.0,4.0,SF01PEAUMR,SMC,,,,ZEST,350,47,184823.0,480182.0,1
12295550.0,4001435706,OMS_MESURE VIBRATOIRE PALIERS,OR004001435706,SF01-UT-FDEM-BASSIN-0IP01B,MOTOPOMPE EAU MER VERS CENTRALE IPO1B MC,,,S-PC-P924 IP 01B,SF1-MCU,GM4,SF01,TCLO CONF CCRP JBFI PART RIMP,SOPL,IP1020260315,2026-03-30,2026-03-15,2026-03-30,0.0,1.0,SF01PEAUMR,SMC,,,,ZPRV,290,47,184824.0,480183.0,1
12295551.0,4001435707,LUBRIFICATION DES PALIERS,OR004001435707,SF01-UT-FDEM-BASSIN-0IP02A,MOTOPOMPE EAU MER VERS SEM2 IPO2A MC,,,S-PC-P924 IP 02A,SF1-MCU,GM4,SF01,TCLO CONF CCRP JBFI PART RIMP,SOPL,IP1020260315,2026-03-30,2026-03-15,2026-03-30,0.0,4.0,SF01PEAUMR,SMC,,,,ZEST,350,47,184825.0,480184.0,2
12295552.0,4001435708,OMS_MESURE VIBRATOIRE PALIERS,OR004001435708,SF01-UT-FDEM-BASSIN-0IP02A,MOTOPOMPE EAU MER VERS SEM2 IPO2A MC,,,S-PC-P924 IP 02A,SF1-MCU,GM4,SF01,TCLO CONF CCRP JBFI PART RIMP,SOPL,IP1020260315,2026-03-30,2026-03-15,2026-03-30,0.0,1.0,SF01PEAUMR,SMC,,,,ZPRV,290,47,184826.0,480185.0,2
12295553.0,4001435709,LUBRIFICATION DES PALIERS,OR004001435709,SF01-UT-FDEM-BASSIN-0IP02B,MOTOPOMPE EAU MER VERS SEM2 IPO2B,,,S-PC-P924 IP 02B,SF1-MCU,GM4,SF01,TCLO CONF CCRP JBFI PART RIMP,SOPL,IP1020260315,2026-03-30,2026-03-15,2026-03-30,0.0,4.0,SF01PEAUMR,SMC,,,,ZEST,350,47,184827.0,480186.0,2
12295554.0,4001435710,OMS_MESURE VIBRATOIRE PALIERS,OR004001435710,SF01-UT-FDEM-BASSIN-0IP02B,MOTOPOMPE EAU MER VERS SEM2 IPO2B,,,S-PC-P924 IP 02B,SF1-MCU,GM4,SF01,TCLO CONF CCRP JBFI PART RIMP,SOPL,IP1020260315,2026-03-30,2026-03-15,2026-03-30,0.0,1.0,SF01PEAUMR,SMC,,,,ZPRV,290,47,184828.0,480187.0,2
12295542.0,4001435720,LUBRIFICATION DES PALIERS,OR004001435720,SF01-UT-FDEM-BASSIN-0IP04A,MOTOPOMPE EAU MER VERS PPII IPO4A BASSIN,,,S-PC-P924 IP 04A,SF1-MCU,GM4,SF01,TCLO CONF CCRP JBFI PART RIMP,SOPL,IP1020260315,2026-03-30,2026-03-15,2026-03-30,0.0,4.0,SF01PEAUMR,SMC,,,,ZEST,350,44,184833.0,480192.0,4
12295544.0,4001435722,OMS_MESURE VIBRATOIRE PALIERS,OR004001435722,SF01-UT-FDEM-BASSIN-0IP04A,MOTOPOMPE EAU MER VERS PPII IPO4A BASSIN,,,S-PC-P924 IP 04A,SF1-MCU,GM4,SF01,TCLO CONF CCRP JBFI PART RIMP,SOPL,IP1020260315,2026-03-26,2026-03-15,2026-03-26,0.0,1.0,SF01PEAUMR,SMC,,,,ZPRV,290,47,184834.0,480193.0,4
12295545.0,4001435723,OMS_MESURE VIBRATOIRE PALIERS,OR004001435723,SF01-UT-FDEM-BASSIN-0IP04B,MOTOPOMPE EAU MER VERS PPII IPO4B BASSIN,,,S-PC-P924 IP 04B,SF1-MCU,GM4,SF01,TCLO CONF CCRP JBFI PART RIMP,SOPL,IP1020260315,2026-03-30,2026-03-15,2026-03-30,0.0,1.0,SF01PEAUMR,SMC,,,,ZPRV,290,47,184836.0,480195.0,4
12277744.0,4001436664,defaut de jeu,OR004001436664,SF01-UT-FDEM-BASSIN-0IP03B,MOTOPOMPE EAU MER VERS PSII IPO3B BASSIN,,,S-PC-P924 IP 03B,SF1-MCU,GM4,SF01,TCLO CONF CCRP JBFI PART RIMP,SOPL,MATAR1,2026-03-16,2026-03-16,,4.0,0.0,SF01PEAUMR,SMC,,,2.0,ZCON,480,0,,,3
12347429.0,4001489592,LUBRIFICATION DES PALIERS,OR004001489592,SF01-UT-FDEM-BASSIN-0IP03A,MOTOPOMPE EAU MER VERS PSII IPO3A BASSIN,,,S-PC-P924 IP 03A,SF1-MCU,GM4,SF01,TCLO CONF CCRP JBFI PART RIMP,SOPL,IP1020260325,2026-04-01,2026-03-25,2026-04-01,0.0,4.0,SF01PEAUMR,SMC,,,,ZEST,350,46,184829.0,480188.0,3
12347451.0,4001489594,OMS_MESURE VIBRATOIRE PALIERS,OR004001489594,SF01-UT-FDEM-BASSIN-0IP03A,MOTOPOMPE EAU MER VERS PSII IPO3A BASSIN,,,S-PC-P924 IP 03A,SF1-MCU,GM4,SF01,TCLO CONF CCRP JBFI PART RIMP,SOPL,IP1020260325,2026-04-02,2026-03-25,2026-04-02,0.0,1.0,SF01PEAUMR,SMC,,,,ZPRV,290,48,184830.0,480189.0,3
12347454.0,4001489597,LUBRIFICATION DES PALIERS,OR004001489597,SF01-UT-FDEM-BASSIN-0IP03B,MOTOPOMPE EAU MER VERS PSII IPO3B BASSIN,,,S-PC-P924 IP 03B,SF1-MCU,GM4,SF01,TCLO CONF CCRP JBFI PART RIMP,SOPL,IP1020260325,2026-04-01,2026-03-25,2026-04-01,0.0,4.0,SF01PEAUMR,SMC,,,,ZEST,350,46,184831.0,480190.0,3
12347458.0,4001489621,OMS_MESURE VIBRATOIRE PALIERS,OR004001489621,SF01-UT-FDEM-BASSIN-0IP03B,MOTOPOMPE EAU MER VERS PSII IPO3B BASSIN,,,S-PC-P924 IP 03B,SF1-MCU,GM4,SF01,TCLO CONF CCRP JBFI PART RIMP,SOPL,IP1020260325,2026-04-02,2026-03-25,2026-04-02,0.0,1.0,SF01PEAUMR,SMC,,,,ZPRV,290,48,184832.0,480191.0,3
12347462.0,4001489625,LUBRIFICATION DES PALIERS,OR004001489625,SF01-UT-FDEM-BASSIN-0IP04A,MOTOPOMPE EAU MER VERS PPII IPO4A BASSIN,,,S-PC-P924 IP 04A,SF1-MCU,GM4,SF01,TCLO CONF CCRP JBFI PART RIMP,SOPL,IP1020260325,2026-04-06,2026-03-25,2026-04-06,0.0,4.0,SF01PEAUMR,SMC,,,,ZEST,350,45,184833.0,480192.0,4
12347464.0,4001489627,OMS_MESURE VIBRATOIRE PALIERS,OR004001489627,SF01-UT-FDEM-BASSIN-0IP04A,MOTOPOMPE EAU MER VERS PPII IPO4A BASSIN,,,S-PC-P924 IP 04A,SF1-MCU,GM4,SF01,TCLO CONF CCRP JBFI PART RIMP,SOPL,IP1020260325,2026-04-02,2026-03-25,2026-04-02,0.0,1.0,SF01PEAUMR,SMC,,,,ZPRV,290,48,184834.0,480193.0,4
12347465.0,4001489628,LUBRIFICATION DES PALIERS,OR004001489628,SF01-UT-FDEM-BASSIN-0IP04B,MOTOPOMPE EAU MER VERS PPII IPO4B BASSIN,,,S-PC-P924 IP 04B,SF1-MCU,GM4,SF01,TCLO CONF CCRP JBFI PART RIMP,SOPL,IP1020260325,2026-04-10,2026-03-25,2026-04-10,0.0,1.2,SF01PEAUMR,SMC,,,,ZEST,350,21,184835.0,480194.0,4
12347468.0,4001489631,OMS_MESURE VIBRATOIRE PALIERS,OR004001489631,SF01-UT-FDEM-BASSIN-0IP04B,MOTOPOMPE EAU MER VERS PPII IPO4B BASSIN,,,S-PC-P924 IP 04B,SF1-MCU,GM4,SF01,TCLO CONF CCRP JBFI PART RIMP,SOPL,IP1020260325,2026-04-03,2026-03-25,2026-04-03,0.0,1.0,SF01PEAUMR,SMC,,,,ZPRV,290,48,184836.0,480195.0,4
12347419.0,4001489640,LUBRIFICATION DES PALIERS,OR004001489640,SF01-UT-FDEM-BASSIN-0IP01A,MOTOPOMPE EAU MER VERS CENTRALE IPO1A MC,,,S-PC-P924 IP 01A,SF1-MCU,GM4,SF01,TCLO CONF CCRP JBFI PART RIMP,SOPL,IP1020260325,2026-04-04,2026-03-25,2026-04-06,0.0,4.0,SF01PEAUMR,SMC,,,,ZEST,350,48,184821.0,480180.0,1
12347471.0,4001489642,OMS_MESURE VIBRATOIRE PALIERS,OR004001489642,SF01-UT-FDEM-BASSIN-0IP01A,MOTOPOMPE EAU MER VERS CENTRALE IPO1A MC,,,S-PC-P924 IP 01A,SF1-MCU,GM4,SF01,TCLO CONF CCRP JBFI PART RIMP,SOPL,IP1020260325,2026-04-03,2026-03-25,2026-04-03,0.0,1.0,SF01PEAUMR,SMC,,,,ZPRV,290,48,184822.0,480181.0,1
12347472.0,4001489643,LUBRIFICATION DES PALIERS,OR004001489643,SF01-UT-FDEM-BASSIN-0IP01B,MOTOPOMPE EAU MER VERS CENTRALE IPO1B MC,,,S-PC-P924 IP 01B,SF1-MCU,GM4,SF01,TCLO CONF CCRP JBFI PART RIMP,SOPL,IP1020260325,2026-04-05,2026-03-25,2026-04-06,0.0,4.0,SF01PEAUMR,SMC,,,,ZEST,350,48,184823.0,480182.0,1
12347473.0,4001489644,OMS_MESURE VIBRATOIRE PALIERS,OR004001489644,SF01-UT-FDEM-BASSIN-0IP01B,MOTOPOMPE EAU MER VERS CENTRALE IPO1B MC,,,S-PC-P924 IP 01B,SF1-MCU,GM4,SF01,TCLO CONF CCRP JBFI PART RIMP,SOPL,IP1020260325,2026-04-04,2026-03-25,2026-04-06,0.0,1.0,SF01PEAUMR,SMC,,,,ZPRV,290,48,184824.0,480183.0,1
12347474.0,4001489645,LUBRIFICATION DES PALIERS,OR004001489645,SF01-UT-FDEM-BASSIN-0IP02A,MOTOPOMPE EAU MER VERS SEM2 IPO2A MC,,,S-PC-P924 IP 02A,SF1-MCU,GM4,SF01,TCLO CONF CCRP JBFI PART RIMP,SOPL,IP1020260325,2026-04-05,2026-03-25,2026-04-06,0.0,4.0,SF01PEAUMR,SMC,,,,ZEST,350,48,184825.0,480184.0,2
12347476.0,4001489647,OMS_MESURE VIBRATOIRE PALIERS,OR004001489647,SF01-UT-FDEM-BASSIN-0IP02A,MOTOPOMPE EAU MER VERS SEM2 IPO2A MC,,,S-PC-P924 IP 02A,SF1-MCU,GM4,SF01,TCLO CONF CCRP JBFI PART RIMP,SOPL,IP1020260325,2026-04-04,2026-03-25,2026-04-06,0.0,1.0,SF01PEAUMR,SMC,,,,ZPRV,290,48,184826.0,480185.0,2
12347477.0,4001489648,LUBRIFICATION DES PALIERS,OR004001489648,SF01-UT-FDEM-BASSIN-0IP02B,MOTOPOMPE EAU MER VERS SEM2 IPO2B,,,S-PC-P924 IP 02B,SF1-MCU,GM4,SF01,TCLO CONF CCRP JBFI PART RIMP,SOPL,IP1020260325,2026-04-06,2026-03-25,2026-04-06,0.0,4.0,SF01PEAUMR,SMC,,,,ZEST,350,48,184827.0,480186.0,2
12347478.0,4001489649,OMS_MESURE VIBRATOIRE PALIERS,OR004001489649,SF01-UT-FDEM-BASSIN-0IP02B,MOTOPOMPE EAU MER VERS SEM2 IPO2B,,,S-PC-P924 IP 02B,SF1-MCU,GM4,SF01,TCLO CONF CCRP JBFI PART RIMP,SOPL,IP1020260325,2026-04-05,2026-03-25,2026-04-06,0.0,1.0,SF01PEAUMR,SMC,,,,ZPRV,290,48,184828.0,480187.0,2
12348873.0,4001490516,LUBRIFICATION DES PALIERS,OR004001490516,SF01-UT-FDEM-BASSIN-0IP03A,MOTOPOMPE EAU MER VERS PSII IPO3A BASSIN,,,S-PC-P924 IP 03A,SF1-MCU,GM4,SF01,TCLO CONF CCRP JBFI PART RIMP,SOPL,IP1020260325,2026-04-08,2026-03-25,2026-04-08,0.0,4.0,SF01PEAUMR,SMC,,,,ZEST,350,47,184829.0,480188.0,3
12348874.0,4001490517,LUBRIFICATION DES PALIERS,OR004001490517,SF01-UT-FDEM-BASSIN-0IP03B,MOTOPOMPE EAU MER VERS PSII IPO3B BASSIN,,,S-PC-P924 IP 03B,SF1-MCU,GM4,SF01,TCLO CONF CCRP JBFI PART RIMP,SOPL,IP1020260325,2026-04-08,2026-03-25,2026-04-08,0.0,4.0,SF01PEAUMR,SMC,,,,ZEST,350,47,184831.0,480190.0,3
12375182.0,4001541101,Défaut d'alignement,OR004001541101,SF01-UT-FDEM-BASSIN-0IP03B,MOTOPOMPE EAU MER VERS PSII IPO3B BASSIN,,,S-PC-P924 IP 03B,SF1-MCU,GM4,SF01,TCLO CONF CCRP JBFI PART RIMP,SOPL,MATAR1,2026-03-30,2026-03-30,,4.0,0.0,SF01PEAUMR,SMC,,,2.0,ZCON,470,0,,,3
12409830.0,4001552146,OMS_MESURE VIBRATOIRE PALIERS,OR004001552146,SF01-UT-FDEM-BASSIN-0IP03A,MOTOPOMPE EAU MER VERS PSII IPO3A BASSIN,,,S-PC-P924 IP 03A,SF1-MCU,GM4,SF01,TCLO CONF CCRP JBFI PART RIMP,SOPL,IP1020260330,2026-04-10,2026-03-30,2026-04-10,0.0,1.2,SF01PEAUMR,SMC,,,,ZPRV,290,49,184830.0,480189.0,3
12409833.0,4001552149,OMS_MESURE VIBRATOIRE PALIERS,OR004001552149,SF01-UT-FDEM-BASSIN-0IP03B,MOTOPOMPE EAU MER VERS PSII IPO3B BASSIN,,,S-PC-P924 IP 03B,SF1-MCU,GM4,SF01,TCLO CONF CCRP JBFI PART RIMP,SOPL,IP1020260330,2026-04-10,2026-03-30,2026-04-10,0.0,1.2,SF01PEAUMR,SMC,,,,ZPRV,290,49,184832.0,480191.0,3
12409835.0,4001552151,LUBRIFICATION DES PALIERS,OR004001552151,SF01-UT-FDEM-BASSIN-0IP04A,MOTOPOMPE EAU MER VERS PPII IPO4A BASSIN,,,S-PC-P924 IP 04A,SF1-MCU,GM4,SF01,TCLO CONF CCRP JBFI PART RIMP,SOPL,IP1020260330,2026-04-13,2026-03-30,2026-04-13,0.0,4.0,SF01PEAUMR,SMC,,,,ZEST,350,46,184833.0,480192.0,4
12409838.0,4001552154,OMS_MESURE VIBRATOIRE PALIERS,OR004001552154,SF01-UT-FDEM-BASSIN-0IP04A,MOTOPOMPE EAU MER VERS PPII IPO4A BASSIN,,,S-PC-P924 IP 04A,SF1-MCU,GM4,SF01,TCLO CONF CCRP JBFI PART RIMP,SOPL,IP1020260330,2026-04-10,2026-03-30,2026-04-10,0.0,1.2,SF01PEAUMR,SMC,,,,ZPRV,290,49,184834.0,480193.0,4
12409839.0,4001552155,LUBRIFICATION DES PALIERS,OR004001552155,SF01-UT-FDEM-BASSIN-0IP01A,MOTOPOMPE EAU MER VERS CENTRALE IPO1A MC,,,S-PC-P924 IP 01A,SF1-MCU,GM4,SF01,TCLO CONF CCRP JBFI PART RIMP,SOPL,IP1020260330,2026-04-11,2026-03-30,2026-04-13,0.0,4.0,SF01PEAUMR,SMC,,,,ZEST,350,49,184821.0,480180.0,1
12409861.0,4001552157,OMS_MESURE VIBRATOIRE PALIERS,OR004001552157,SF01-UT-FDEM-BASSIN-0IP01A,MOTOPOMPE EAU MER VERS CENTRALE IPO1A MC,,,S-PC-P924 IP 01A,SF1-MCU,GM4,SF01,TCLO CONF CCRP JBFI PART RIMP,SOPL,IP1020260330,2026-04-10,2026-03-30,2026-04-10,0.0,1.2,SF01PEAUMR,SMC,,,,ZPRV,290,49,184822.0,480181.0,1
12409862.0,4001552158,OMS_MESURE VIBRATOIRE PALIERS,OR004001552158,SF01-UT-FDEM-BASSIN-0IP04B,MOTOPOMPE EAU MER VERS PPII IPO4B BASSIN,,,S-PC-P924 IP 04B,SF1-MCU,GM4,SF01,TCLO CONF CCRP JBFI PART RIMP,SOPL,IP1020260330,2026-04-10,2026-03-30,2026-04-10,0.0,1.2,SF01PEAUMR,SMC,,,,ZPRV,290,49,184836.0,480195.0,4
12409864.0,4001552200,LUBRIFICATION DES PALIERS,OR004001552200,SF01-UT-FDEM-BASSIN-0IP01B,MOTOPOMPE EAU MER VERS CENTRALE IPO1B MC,,,S-PC-P924 IP 01B,SF1-MCU,GM4,SF01,TCLO CONF CCRP JBFI PART RIMP,SOPL,IP1020260330,2026-04-12,2026-03-30,2026-04-13,0.0,4.0,SF01PEAUMR,SMC,,,,ZEST,350,49,184823.0,480182.0,1
12409865.0,4001552201,OMS_MESURE VIBRATOIRE PALIERS,OR004001552201,SF01-UT-FDEM-BASSIN-0IP01B,MOTOPOMPE EAU MER VERS CENTRALE IPO1B MC,,,S-PC-P924 IP 01B,SF1-MCU,GM4,SF01,TCLO CONF CCRP JBFI PART RIMP,SOPL,IP1020260330,2026-04-11,2026-03-30,2026-04-13,0.0,1.0,SF01PEAUMR,SMC,,,,ZPRV,290,49,184824.0,480183.0,1
12409867.0,4001552203,LUBRIFICATION DES PALIERS,OR004001552203,SF01-UT-FDEM-BASSIN-0IP02A,MOTOPOMPE EAU MER VERS SEM2 IPO2A MC,,,S-PC-P924 IP 02A,SF1-MCU,GM4,SF01,TCLO CONF CCRP JBFI PART RIMP,SOPL,IP1020260330,2026-04-12,2026-03-30,2026-04-13,0.0,4.0,SF01PEAUMR,SMC,,,,ZEST,350,49,184825.0,480184.0,2
12409868.0,4001552204,OMS_MESURE VIBRATOIRE PALIERS,OR004001552204,SF01-UT-FDEM-BASSIN-0IP02A,MOTOPOMPE EAU MER VERS SEM2 IPO2A MC,,,S-PC-P924 IP 02A,SF1-MCU,GM4,SF01,TCLO CONF CCRP JBFI PART RIMP,SOPL,IP1020260330,2026-04-11,2026-03-30,2026-04-13,0.0,1.0,SF01PEAUMR,SMC,,,,ZPRV,290,49,184826.0,480185.0,2
12409880.0,4001552206,LUBRIFICATION DES PALIERS,OR004001552206,SF01-UT-FDEM-BASSIN-0IP02B,MOTOPOMPE EAU MER VERS SEM2 IPO2B,,,S-PC-P924 IP 02B,SF1-MCU,GM4,SF01,TCLO CONF CCRP JBFI PART RIMP,SOPL,IP1020260330,2026-04-13,2026-03-30,2026-04-13,0.0,4.0,SF01PEAUMR,SMC,,,,ZEST,350,49,184827.0,480186.0,2
12409882.0,4001552208,OMS_MESURE VIBRATOIRE PALIERS,OR004001552208,SF01-UT-FDEM-BASSIN-0IP02B,MOTOPOMPE EAU MER VERS SEM2 IPO2B,,,S-PC-P924 IP 02B,SF1-MCU,GM4,SF01,TCLO CONF CCRP JBFI PART RIMP,SOPL,IP1020260330,2026-04-12,2026-03-30,2026-04-13,0.0,1.0,SF01PEAUMR,SMC,,,,ZPRV,290,49,184828.0,480187.0,2
12408328.0,4001555429,Démontage de la pompe IP03A pr révision,OR004001555429,SF01-UT-FDEM-BASSIN-0IP03A,MOTOPOMPE EAU MER VERS PSII IPO3A BASSIN,,,S-PC-P924 IP 03A,SF1-MCU,GM4,SF01,TCLO CONF CCRP JBFI PART RIMP,SOPL,FATHELLAH,2026-04-28,2026-03-30,,4.0,4.2,SF01PEAUMR,SMC,,,2.0,ZCOR,110,0,,,3
12153734.0,4001583701,serrages des tresses de la pompe IP02A,OR004001583701,SF01-UT-FDEM-BASSIN-0IP02A,MOTOPOMPE EAU MER VERS SEM2 IPO2A MC,,,S-PC-P924 IP 02A,SF1-MCU,GM4,SF01,TCLO CONF CCRP JBFI PART RIMP,SOPL,MATAR1,2026-04-02,2026-04-02,,4.0,0.0,SF01PEAUMR,SMC,,,2.0,ZCOR,110,0,,,2
12457717.0,4001603064,Pompe eau de mer IP03 A,OR004001603064,SF01-UT-FDEM-BASSIN-0IP03A,MOTOPOMPE EAU MER VERS PSII IPO3A BASSIN,,,S-PC-P924 IP 03A,SF1-MCU,GM4,SF01,TCLO CONF CCRP JBFI PART RIMP,SOPL,MATAR1,2026-04-03,2026-04-03,,4.0,0.0,SF01PEAUMR,SMC,,,2.0,ZCOR,110,0,,,3
12471360.0,4001616692,FUITE DE TRESS SUR PPE 03B,OR004001616692,SF01-UT-FDEM-BASSIN-0IP03A,MOTOPOMPE EAU MER VERS PSII IPO3A BASSIN,,,S-PC-P924 IP 03A,SF1-MCU,GM4,SF01,TCLO CONF CCRP JBFI PART RIMP,SOPL,MATAR1,2026-04-06,2026-04-06,,4.0,0.0,SF01PEAUMR,SMC,,,2.0,ZCOR,110,0,,,3
12472746.0,4001618030,LUBRIFICATION DES PALIERS,OR004001618030,SF01-UT-FDEM-BASSIN-0IP03A,MOTOPOMPE EAU MER VERS PSII IPO3A BASSIN,,,S-PC-P924 IP 03A,SF1-MCU,GM4,SF01,TCLO CONF CCRP JBFI PART RIMP,SOPL,IP1020260406,2026-04-15,2026-04-06,2026-04-15,0.0,4.0,SF01PEAUMR,SMC,,,,ZEST,350,48,184829.0,480188.0,3
12472770.0,4001618034,OMS_MESURE VIBRATOIRE PALIERS,OR004001618034,SF01-UT-FDEM-BASSIN-0IP03A,MOTOPOMPE EAU MER VERS PSII IPO3A BASSIN,,,S-PC-P924 IP 03A,SF1-MCU,GM4,SF01,TCLO CONF CCRP JBFI PART RIMP,SOPL,IP1020260406,2026-04-16,2026-04-06,2026-04-16,0.0,1.0,SF01PEAUMR,SMC,,,,ZPRV,290,50,184830.0,480189.0,3
12472774.0,4001618038,LUBRIFICATION DES PALIERS,OR004001618038,SF01-UT-FDEM-BASSIN-0IP03B,MOTOPOMPE EAU MER VERS PSII IPO3B BASSIN,,,S-PC-P924 IP 03B,SF1-MCU,GM4,SF01,TCLO CONF CCRP JBFI PART RIMP,SOPL,IP1020260406,2026-04-15,2026-04-06,2026-04-15,0.0,4.0,SF01PEAUMR,SMC,,,,ZEST,350,48,184831.0,480190.0,3
12472776.0,4001618080,OMS_MESURE VIBRATOIRE PALIERS,OR004001618080,SF01-UT-FDEM-BASSIN-0IP03B,MOTOPOMPE EAU MER VERS PSII IPO3B BASSIN,,,S-PC-P924 IP 03B,SF1-MCU,GM4,SF01,TCLO CONF CCRP JBFI PART RIMP,SOPL,IP1020260406,2026-04-16,2026-04-06,2026-04-16,0.0,1.0,SF01PEAUMR,SMC,,,,ZPRV,290,50,184832.0,480191.0,3
12472778.0,4001618082,LUBRIFICATION DES PALIERS,OR004001618082,SF01-UT-FDEM-BASSIN-0IP04A,MOTOPOMPE EAU MER VERS PPII IPO4A BASSIN,,,S-PC-P924 IP 04A,SF1-MCU,GM4,SF01,TCLO CONF CCRP JBFI PART RIMP,SOPL,IP1020260406,2026-04-20,2026-04-06,2026-04-20,0.0,4.0,SF01PEAUMR,SMC,,,,ZEST,350,47,184833.0,480192.0,4
12472779.0,4001618083,LUBRIFICATION DES PALIERS,OR004001618083,SF01-UT-FDEM-BASSIN-0IP01A,MOTOPOMPE EAU MER VERS CENTRALE IPO1A MC,,,S-PC-P924 IP 01A,SF1-MCU,GM4,SF01,TCLO CONF CCRP JBFI PART RIMP,SOPL,IP1020260406,2026-04-18,2026-04-06,2026-04-18,0.0,4.0,SF01PEAUMR,SMC,,,,ZEST,350,50,184821.0,480180.0,1
12472790.0,4001618084,OMS_MESURE VIBRATOIRE PALIERS,OR004001618084,SF01-UT-FDEM-BASSIN-0IP01A,MOTOPOMPE EAU MER VERS CENTRALE IPO1A MC,,,S-PC-P924 IP 01A,SF1-MCU,GM4,SF01,TCLO CONF CCRP JBFI PART RIMP,SOPL,IP1020260406,2026-04-17,2026-04-06,2026-04-17,0.0,1.0,SF01PEAUMR,SMC,,,,ZPRV,290,50,184822.0,480181.0,1
12472792.0,4001618085,OMS_MESURE VIBRATOIRE PALIERS,OR004001618085,SF01-UT-FDEM-BASSIN-0IP04A,MOTOPOMPE EAU MER VERS PPII IPO4A BASSIN,,,S-PC-P924 IP 04A,SF1-MCU,GM4,SF01,TCLO CONF CCRP JBFI PART RIMP,SOPL,IP1020260406,2026-04-16,2026-04-06,2026-04-16,0.0,1.0,SF01PEAUMR,SMC,,,,ZPRV,290,50,184834.0,480193.0,4
12472793.0,4001618087,LUBRIFICATION DES PALIERS,OR004001618087,SF01-UT-FDEM-BASSIN-0IP01B,MOTOPOMPE EAU MER VERS CENTRALE IPO1B MC,,,S-PC-P924 IP 01B,SF1-MCU,GM4,SF01,TCLO CONF CCRP JBFI PART RIMP,SOPL,IP1020260406,2026-04-19,2026-04-06,2026-04-20,0.0,4.0,SF01PEAUMR,SMC,,,,ZEST,350,50,184823.0,480182.0,1
12472794.0,4001618088,LUBRIFICATION DES PALIERS,OR004001618088,SF01-UT-FDEM-BASSIN-0IP04B,MOTOPOMPE EAU MER VERS PPII IPO4B BASSIN,,,S-PC-P924 IP 04B,SF1-MCU,GM4,SF01,TCLO CONF CCRP JBFI PART RIMP,SOPL,IP1020260406,2026-04-24,2026-04-06,2026-04-24,0.0,1.0,SF01PEAUMR,SMC,,,,ZEST,350,22,184835.0,480194.0,4
12472796.0,4001618090,OMS_MESURE VIBRATOIRE PALIERS,OR004001618090,SF01-UT-FDEM-BASSIN-0IP01B,MOTOPOMPE EAU MER VERS CENTRALE IPO1B MC,,,S-PC-P924 IP 01B,SF1-MCU,GM4,SF01,TCLO CONF CCRP JBFI PART RIMP,SOPL,IP1020260406,2026-04-18,2026-04-06,2026-04-18,0.0,1.0,SF01PEAUMR,SMC,,,,ZPRV,290,50,184824.0,480183.0,1
12472797.0,4001618091,OMS_MESURE VIBRATOIRE PALIERS,OR004001618091,SF01-UT-FDEM-BASSIN-0IP04B,MOTOPOMPE EAU MER VERS PPII IPO4B BASSIN,,,S-PC-P924 IP 04B,SF1-MCU,GM4,SF01,TCLO CONF CCRP JBFI PART RIMP,SOPL,IP1020260406,2026-04-17,2026-04-06,2026-04-17,0.0,1.0,SF01PEAUMR,SMC,,,,ZPRV,290,50,184836.0,480195.0,4
12472798.0,4001618092,LUBRIFICATION DES PALIERS,OR004001618092,SF01-UT-FDEM-BASSIN-0IP02A,MOTOPOMPE EAU MER VERS SEM2 IPO2A MC,,,S-PC-P924 IP 02A,SF1-MCU,GM4,SF01,TCLO CONF CCRP JBFI PART RIMP,SOPL,IP1020260406,2026-04-19,2026-04-06,2026-04-20,0.0,4.0,SF01PEAUMR,SMC,,,,ZEST,350,50,184825.0,480184.0,2
12472820.0,4001618094,OMS_MESURE VIBRATOIRE PALIERS,OR004001618094,SF01-UT-FDEM-BASSIN-0IP02A,MOTOPOMPE EAU MER VERS SEM2 IPO2A MC,,,S-PC-P924 IP 02A,SF1-MCU,GM4,SF01,TCLO CONF CCRP JBFI PART RIMP,SOPL,IP1020260406,2026-04-18,2026-04-06,2026-04-18,0.0,1.0,SF01PEAUMR,SMC,,,,ZPRV,290,50,184826.0,480185.0,2
12472822.0,4001618096,LUBRIFICATION DES PALIERS,OR004001618096,SF01-UT-FDEM-BASSIN-0IP02B,MOTOPOMPE EAU MER VERS SEM2 IPO2B,,,S-PC-P924 IP 02B,SF1-MCU,GM4,SF01,TCLO CONF CCRP JBFI PART RIMP,SOPL,IP1020260406,2026-04-20,2026-04-06,2026-04-20,0.0,4.0,SF01PEAUMR,SMC,,,,ZEST,350,50,184827.0,480186.0,2
12472823.0,4001618097,OMS_MESURE VIBRATOIRE PALIERS,OR004001618097,SF01-UT-FDEM-BASSIN-0IP02B,MOTOPOMPE EAU MER VERS SEM2 IPO2B,,,S-PC-P924 IP 02B,SF1-MCU,GM4,SF01,TCLO CONF CCRP JBFI PART RIMP,SOPL,IP1020260406,2026-04-19,2026-04-06,2026-04-20,0.0,1.0,SF01PEAUMR,SMC,,,,ZPRV,290,50,184828.0,480187.0,2
12472829.0,4001618099,Préventif systématique,OR004001618099,SF01-UT-FDEM-BASSIN-0IP04A-CRSV-924VT676,CAPTEUR DE VIBRATION DE LA POMPE IP04 A,,,S-PC-924 VT 676 AE,SF1-RCU,GM0,SF01,TCLO CONF CCRP JBFI PART RIMP,SOPL,IP1020260406,2026-07-20,2026-04-06,2026-08-17,0.0,2.0,SF01PEAUMR,SMC,,,2.0,ZEST,360,4,218875.0,554984.0,4
12472843.0,4001618143,Préventif systématique,OR004001618143,SF01-UT-FDEM-BASSIN-0IP04B-CRSV-924VT677,CAPTEUR DE VIBRATION DE LA POMPE IP04 B,,,S-PC-924 VT 677 AE,SF1-RCU,GM0,SF01,TCLO CONF CCRP JBFI PART RIMP,SOPL,IP1020260406,2026-07-20,2026-04-06,2026-08-17,0.0,2.0,SF01PEAUMR,SMC,,,2.0,ZEST,360,4,218876.0,554985.0,4
12472856.0,4001618162,Préventif systématique,OR004001618162,SF01-UT-FDEM-BASSIN-0IP04B-CRSV-924PV009,VANNE DE DECHARGE IP04,,,S-PC-924 PV 009 E,SF1-RCU,GM0,SF01,TCLO CONF CCRP JBFI PART RIMP,SOPL,IP1020260406,2026-07-20,2026-04-06,2026-08-17,0.0,6.5,SF01PEAUMR,SMC,,,2.0,ZEST,360,4,218867.0,554976.0,4
12472859.0,4001618165,Préventif systématique,OR004001618165,SF01-UT-FDEM-BASSIN-0IP01A-CRSV-924VT670,CAPTEUR DE VIBRATION DE LA POMPE IP01 A,,,S-PC-924 VT 670 AE,SF1-RCU,GM0,SF01,TCLO CONF CCRP JBFI PART RIMP,SOPL,IP1020260406,2026-07-20,2026-04-06,2026-08-17,0.0,2.0,SF01PEAUMR,SMC,,,2.0,ZEST,360,4,218871.0,554980.0,1
12472881.0,4001618167,Préventif systématique,OR004001618167,SF01-UT-FDEM-BASSIN-0IP01B-CRSV-924VT671,VIBRATION DE POMPE IP01B,,,S-PC-924 VT 671 AE,SF1-RCU,GM0,SF01,TCLO CONF CCRP JBFI PART RIMP,SOPL,IP1020260406,2026-07-20,2026-04-06,2026-08-17,0.0,2.0,SF01PEAUMR,SMC,,,2.0,ZEST,360,4,218872.0,554981.0,1
12472883.0,4001618169,Préventif systématique,OR004001618169,SF01-UT-FDEM-BASSIN-0IP03A-CRSV-924VT674,CAPTEUR DE VIBRATION DE LA POMP IP03 A,,,S-PC-924 VT 674 AE,SF1-RCU,GM0,SF01,TCLO CONF CCRP JBFI PART RIMP,SOPL,IP1020260406,2026-07-20,2026-04-06,2026-08-17,0.0,2.0,SF01PEAUMR,SMC,,,2.0,ZEST,360,4,218873.0,554982.0,3
12472885.0,4001618171,Préventif systématique,OR004001618171,SF01-UT-FDEM-BASSIN-0IP03B-CRSV-924VT675,CAPTEUR DE VIBRATION DE LA POMPE IP03 B,,,S-PC-924 VT 675 AE,SF1-RCU,GM0,SF01,TCLO CONF CCRP JBFI PART RIMP,SOPL,IP1020260406,2026-07-20,2026-04-06,2026-08-17,0.0,2.0,SF01PEAUMR,SMC,,,2.0,ZEST,360,4,218874.0,554983.0,3
10143454.0,4001654239,Préparation  et soudage parois  IP04A,OR004001654239,SF01-UT-FDEM-BASSIN-0IP04A-CANA,CANALISATION IP04A VERS CENTRALE BASSIN,,,,SF1-MCU,GM4,SF01,TCLO CONF CCRP JBFI PART RIMP,SOPL,MATAR1,2026-04-13,2026-04-13,,4.0,2.0,SF01SLFPS4,SMC,,,2.0,ZCOR,110,0,,,4
12514157.0,4001659195,LUBRIFICATION DES PALIERS,OR004001659195,SF01-UT-FDEM-BASSIN-0IP01A,MOTOPOMPE EAU MER VERS CENTRALE IPO1A MC,,,S-PC-P924 IP 01A,SF1-MCU,GM4,SF01,TCLO CONF CCRP JBFI PART RIMP,SOPL,IP1020260413,2026-04-25,2026-04-13,2026-04-25,0.0,4.0,SF01PEAUMR,SMC,,,,ZEST,350,51,184821.0,480180.0,1
12514159.0,4001659197,OMS_MESURE VIBRATOIRE PALIERS,OR004001659197,SF01-UT-FDEM-BASSIN-0IP01A,MOTOPOMPE EAU MER VERS CENTRALE IPO1A MC,,,S-PC-P924 IP 01A,SF1-MCU,GM4,SF01,TCLO CONF CCRP JBFI PART RIMP,SOPL,IP1020260413,2026-04-24,2026-04-13,2026-04-24,0.0,1.0,SF01PEAUMR,SMC,,,,ZPRV,290,51,184822.0,480181.0,1
12514200.0,4001659198,LUBRIFICATION DES PALIERS,OR004001659198,SF01-UT-FDEM-BASSIN-0IP01B,MOTOPOMPE EAU MER VERS CENTRALE IPO1B MC,,,S-PC-P924 IP 01B,SF1-MCU,GM4,SF01,TCLO CONF CCRP JBFI PART RIMP,SOPL,IP1020260413,2026-04-27,2026-04-13,2026-04-27,0.0,4.0,SF01PEAUMR,SMC,,,,ZEST,350,51,184823.0,480182.0,1
12514201.0,4001659199,OMS_MESURE VIBRATOIRE PALIERS,OR004001659199,SF01-UT-FDEM-BASSIN-0IP01B,MOTOPOMPE EAU MER VERS CENTRALE IPO1B MC,,,S-PC-P924 IP 01B,SF1-MCU,GM4,SF01,TCLO CONF CCRP JBFI PART RIMP,SOPL,IP1020260413,2026-04-25,2026-04-13,2026-04-25,0.0,1.0,SF01PEAUMR,SMC,,,,ZPRV,290,51,184824.0,480183.0,1
12514136.0,4001659212,LUBRIFICATION DES PALIERS,OR004001659212,SF01-UT-FDEM-BASSIN-0IP03A,MOTOPOMPE EAU MER VERS PSII IPO3A BASSIN,,,S-PC-P924 IP 03A,SF1-MCU,GM4,SF01,TCLO CONF CCRP JBFI PART RIMP,SOPL,IP1020260413,2026-04-22,2026-04-13,2026-04-22,0.0,4.0,SF01PEAUMR,SMC,,,,ZEST,350,49,184829.0,480188.0,3
12514139.0,4001659215,OMS_MESURE VIBRATOIRE PALIERS,OR004001659215,SF01-UT-FDEM-BASSIN-0IP03A,MOTOPOMPE EAU MER VERS PSII IPO3A BASSIN,,,S-PC-P924 IP 03A,SF1-MCU,GM4,SF01,TCLO CONF CCRP JBFI PART RIMP,SOPL,IP1020260413,2026-04-23,2026-04-13,2026-04-23,0.0,1.0,SF01PEAUMR,SMC,,,,ZPRV,290,51,184830.0,480189.0,3
12514161.0,4001659217,LUBRIFICATION DES PALIERS,OR004001659217,SF01-UT-FDEM-BASSIN-0IP03B,MOTOPOMPE EAU MER VERS PSII IPO3B BASSIN,,,S-PC-P924 IP 03B,SF1-MCU,GM4,SF01,TCLO CONF CCRP JBFI PART RIMP,SOPL,IP1020260413,2026-04-22,2026-04-13,2026-04-22,0.0,4.0,SF01PEAUMR,SMC,,,,ZEST,350,49,184831.0,480190.0,3
12514164.0,4001659220,OMS_MESURE VIBRATOIRE PALIERS,OR004001659220,SF01-UT-FDEM-BASSIN-0IP03B,MOTOPOMPE EAU MER VERS PSII IPO3B BASSIN,,,S-PC-P924 IP 03B,SF1-MCU,GM4,SF01,TCLO CONF CCRP JBFI PART RIMP,SOPL,IP1020260413,2026-04-23,2026-04-13,2026-04-23,0.0,1.0,SF01PEAUMR,SMC,,,,ZPRV,290,51,184832.0,480191.0,3
12514165.0,4001659221,LUBRIFICATION DES PALIERS,OR004001659221,SF01-UT-FDEM-BASSIN-0IP04A,MOTOPOMPE EAU MER VERS PPII IPO4A BASSIN,,,S-PC-P924 IP 04A,SF1-MCU,GM4,SF01,TCLO CONF CCRP JBFI PART RIMP,SOPL,IP1020260413,2026-04-27,2026-04-13,2026-04-27,0.0,4.0,SF01PEAUMR,SMC,,,,ZEST,350,48,184833.0,480192.0,4
12514168.0,4001659224,OMS_MESURE VIBRATOIRE PALIERS,OR004001659224,SF01-UT-FDEM-BASSIN-0IP04A,MOTOPOMPE EAU MER VERS PPII IPO4A BASSIN,,,S-PC-P924 IP 04A,SF1-MCU,GM4,SF01,TCLO CONF CCRP JBFI PART RIMP,SOPL,IP1020260413,2026-04-23,2026-04-13,2026-04-23,0.0,1.0,SF01PEAUMR,SMC,,,,ZPRV,290,51,184834.0,480193.0,4
12514181.0,4001659227,OMS_MESURE VIBRATOIRE PALIERS,OR004001659227,SF01-UT-FDEM-BASSIN-0IP04B,MOTOPOMPE EAU MER VERS PPII IPO4B BASSIN,,,S-PC-P924 IP 04B,SF1-MCU,GM4,SF01,TCLO CONF CCRP JBFI PART RIMP,SOPL,IP1020260413,2026-04-24,2026-04-13,2026-04-24,0.0,1.0,SF01PEAUMR,SMC,,,,ZPRV,290,51,184836.0,480195.0,4
12514202.0,4001659260,LUBRIFICATION DES PALIERS,OR004001659260,SF01-UT-FDEM-BASSIN-0IP02A,MOTOPOMPE EAU MER VERS SEM2 IPO2A MC,,,S-PC-P924 IP 02A,SF1-MCU,GM4,SF01,TCLO CONF CCRP JBFI PART RIMP,SOPL,IP1020260413,2026-04-27,2026-04-13,2026-04-27,0.0,4.0,SF01PEAUMR,SMC,,,,ZEST,350,51,184825.0,480184.0,2
12514203.0,4001659261,OMS_MESURE VIBRATOIRE PALIERS,OR004001659261,SF01-UT-FDEM-BASSIN-0IP02A,MOTOPOMPE EAU MER VERS SEM2 IPO2A MC,,,S-PC-P924 IP 02A,SF1-MCU,GM4,SF01,TCLO CONF CCRP JBFI PART RIMP,SOPL,IP1020260413,2026-04-25,2026-04-13,2026-04-25,0.0,1.0,SF01PEAUMR,SMC,,,,ZPRV,290,51,184826.0,480185.0,2
12514204.0,4001659262,LUBRIFICATION DES PALIERS,OR004001659262,SF01-UT-FDEM-BASSIN-0IP02B,MOTOPOMPE EAU MER VERS SEM2 IPO2B,,,S-PC-P924 IP 02B,SF1-MCU,GM4,SF01,TCLO CONF CCRP JBFI PART RIMP,SOPL,IP1020260413,2026-04-27,2026-04-13,2026-04-27,0.0,4.0,SF01PEAUMR,SMC,,,,ZEST,350,51,184827.0,480186.0,2
12514205.0,4001659263,OMS_MESURE VIBRATOIRE PALIERS,OR004001659263,SF01-UT-FDEM-BASSIN-0IP02B,MOTOPOMPE EAU MER VERS SEM2 IPO2B,,,S-PC-P924 IP 02B,SF1-MCU,GM4,SF01,TCLO CONF CCRP JBFI PART RIMP,SOPL,IP1020260413,2026-04-27,2026-04-13,2026-04-27,0.0,1.0,SF01PEAUMR,SMC,,,,ZPRV,290,51,184828.0,480187.0,2
12515229.0,4001660314,préventif (3 mois) moteur MT,OR004001660314,SF01-UT-FDEM-BASSIN-0IP01A-GMOT-0MOTEUR,MOTEUR ELECTRIQUE MT,,,S-PC-924IP01A-M,SF1-ECU,GM7,SF01,LANC CCRP PART RIMP,ATPL ATEI,IP1020260413,2026-12-27,2026-04-13,,0.0,0.0,SF01PEAUMR,SMC,,,2.0,ZEST,360,4,213290.0,539366.0,1
12515300.0,4001660315,préventif (3 mois) moteur MT,OR004001660315,SF01-UT-FDEM-BASSIN-0IP01B-GMOT-0MOTEUR,MOTEUR ELECTRIQUE MT,,,S-PC-924IP01B-M,SF1-ECU,GM7,SF01,LANC CCRP PART RIMP,ATPL ATEI,IP1020260413,2026-12-27,2026-04-13,,0.0,0.0,SF01PEAUMR,SMC,,,2.0,ZEST,360,4,213291.0,539367.0,1
12515301.0,4001660316,préventif (3 mois) moteur MT,OR004001660316,SF01-UT-FDEM-BASSIN-0IP02A-GMOT-0MOTEUR,MOTEUR ELECTRIQUE MT,,,S-PC-924IP02A-M,SF1-ECU,GM7,SF01,LANC CCRP PART RIMP,ATPL ATEI,IP1020260413,2026-12-27,2026-04-13,,0.0,0.0,SF01PEAUMR,SMC,,,2.0,ZEST,360,4,213292.0,539368.0,2
12515302.0,4001660317,préventif (3 mois) moteur MT,OR004001660317,SF01-UT-FDEM-BASSIN-0IP02B-GMOT-0MOTEUR,MOTEUR ELECTRIQUE MT,,,S-PC-924IP02B-M,SF1-ECU,GM7,SF01,LANC CCRP PART RIMP,ATPL ATEI,IP1020260413,2026-12-27,2026-04-13,,0.0,0.0,SF01PEAUMR,SMC,,,2.0,ZEST,360,4,213293.0,539369.0,2
12515304.0,4001660319,préventif (3 mois) moteur MT,OR004001660319,SF01-UT-FDEM-BASSIN-0IP03A-GMOT-0MOTEUR,MOTEUR ELECTRIQUE MT,,,S-PC-924IP03A-M,SF1-ECU,GM7,SF01,LANC CCRP PART RIMP,ATPL ATEI,IP1020260413,2026-12-27,2026-04-13,,0.0,0.0,SF01PEAUMR,SMC,,,2.0,ZEST,360,4,213294.0,539370.0,3
12515307.0,4001660382,préventif (3 mois) moteur MT,OR004001660382,SF01-UT-FDEM-BASSIN-0IP03B-GMOT-0MOTEUR,MOTEUR ELECTRIQUE MT,,,S-PC-924IP03B-M,SF1-ECU,GM7,SF01,LANC CCRP PART RIMP,ATPL ATEI,IP1020260413,2026-12-27,2026-04-13,,0.0,0.0,SF01PEAUMR,SMC,,,2.0,ZEST,360,4,213295.0,539371.0,3
12515309.0,4001660384,préventif (3 mois) moteur MT,OR004001660384,SF01-UT-FDEM-BASSIN-0IP04A-GMOT-0MOTEUR,MOTEUR ELECTRIQUE MT,,,S-PC-924IP04A-M,SF1-ECU,GM7,SF01,TCLO CONF CCRP JBFI PART RIMP,SOPL,IP1020260413,2026-07-20,2026-04-13,2026-07-28,0.0,4.67,SF01PEAUMR,SMC,,,2.0,ZEST,360,4,213296.0,539372.0,4
12515331.0,4001660386,préventif (3 mois) moteur MT,OR004001660386,SF01-UT-FDEM-BASSIN-0IP04B-GMOT-0MOTEUR,MOTEUR ELECTRIQUE MT,,,S-PC-924IP04B-M,SF1-ECU,GM7,SF01,TCLO CONF CCRP JBFI PART RIMP,SOPL,IP1020260413,2026-07-20,2026-04-13,2026-07-28,0.0,4.67,SF01PEAUMR,SMC,,,2.0,ZEST,360,4,213297.0,539373.0,4
12503706.0,4001661171,Changement des manometres non opérationn,OR004001661171,SF01-UT-FDEM-BASSIN-0IP04B,MOTOPOMPE EAU MER VERS PPII IPO4B BASSIN,,,S-PC-P924 IP 04B,SF1-RCU,GM0,SF01,TCLO CONF CCRP JBFI PART RIMP,SOPL,BENMOUSSA1,2026-04-15,2026-04-13,,2.0,1.0,SF01PEAUMR,SMC,,,,ZCOR,110,0,,,4
12516186.0,4001661442,remise en état débimètre IP04,OR004001661442,SF01-UT-FDEM-BASSIN-0IP03B,MOTOPOMPE EAU MER VERS PSII IPO3B BASSIN,,,S-PC-P924 IP 03B,SF1-RCU,GM0,SF01,TCLO CONF CCRP JBFI PART RIMP,SOPL,BENMOUSSA1,2026-04-13,2026-04-13,,2.0,2.5,SF01PEAUMR,SMC,,,,ZCOR,110,0,,,3
12516177.0,4001661444,branchement moteur pompe IP03B,OR004001661444,SF01-UT-FDEM-BASSIN-0IP03B-GMOT,GROUPE MOTEUR,,,,SF1-ECU,GM7,SF01,TCLO CONF CCRP JBFI PART RIMP,SOPL,BENMOUSSA1,2026-04-13,2026-04-13,,2.0,2.2,SF01SLFPS4,SMC,,,,ZCOR,110,0,,,3
12515520.0,4001661449,montage pompe IP03A au Bassin,OR004001661449,SF01-UT-FDEM-BASSIN-0IP03A,MOTOPOMPE EAU MER VERS PSII IPO3A BASSIN,,,S-PC-P924 IP 03A,SF1-MCU,GM4,SF01,TCLO CONF CCRP JBFI PART RIMP,SOPL,FATHELLAH,2026-04-22,2026-04-13,,4.0,4.2,SF01PEAUMR,SMC,,,2.0,ZCOR,110,0,,,3
12520519.0,4001669268,defaut de jeu,OR004001669268,SF01-UT-FDEM-BASSIN-0IP04A,MOTOPOMPE EAU MER VERS PPII IPO4A BASSIN,,,S-PC-P924 IP 04A,SF1-MCU,GM4,SF01,TCLO CONF CCRP JBFI PART RIMP,SOPL,MATAR1,2026-04-17,2026-04-16,,1.0,1.0,SF01PEAUMR,SMC,,,2.0,ZCON,470,0,,,4
12541003.0,4001686613,LUBRIFICATION DES PALIERS,OR004001686613,SF01-UT-FDEM-BASSIN-0IP03A,MOTOPOMPE EAU MER VERS PSII IPO3A BASSIN,,,S-PC-P924 IP 03A,SF1-MCU,GM4,SF01,TCLO CONF CCRP JBFI PART RIMP,SOPL,IP1020260420,2026-04-29,2026-04-20,2026-04-29,0.0,4.0,SF01PEAUMR,SMC,,,,ZEST,350,50,184829.0,480188.0,3
12541004.0,4001686614,OMS_MESURE VIBRATOIRE PALIERS,OR004001686614,SF01-UT-FDEM-BASSIN-0IP03A,MOTOPOMPE EAU MER VERS PSII IPO3A BASSIN,,,S-PC-P924 IP 03A,SF1-MCU,GM4,SF01,TCLO CONF CCRP JBFI PART RIMP,SOPL,IP1020260420,2026-04-30,2026-04-20,2026-04-30,0.0,1.0,SF01PEAUMR,SMC,,,,ZPRV,290,52,184830.0,480189.0,3
12541005.0,4001686615,LUBRIFICATION DES PALIERS,OR004001686615,SF01-UT-FDEM-BASSIN-0IP03B,MOTOPOMPE EAU MER VERS PSII IPO3B BASSIN,,,S-PC-P924 IP 03B,SF1-MCU,GM4,SF01,TCLO CONF CCRP JBFI PART RIMP,SOPL,IP1020260420,2026-04-29,2026-04-20,2026-04-29,0.0,4.0,SF01PEAUMR,SMC,,,,ZEST,350,50,184831.0,480190.0,3
12541006.0,4001686616,OMS_MESURE VIBRATOIRE PALIERS,OR004001686616,SF01-UT-FDEM-BASSIN-0IP03B,MOTOPOMPE EAU MER VERS PSII IPO3B BASSIN,,,S-PC-P924 IP 03B,SF1-MCU,GM4,SF01,TCLO CONF CCRP JBFI PART RIMP,SOPL,IP1020260420,2026-04-30,2026-04-20,2026-04-30,0.0,1.0,SF01PEAUMR,SMC,,,,ZPRV,290,52,184832.0,480191.0,3
12541008.0,4001686618,LUBRIFICATION DES PALIERS,OR004001686618,SF01-UT-FDEM-BASSIN-0IP04A,MOTOPOMPE EAU MER VERS PPII IPO4A BASSIN,,,S-PC-P924 IP 04A,SF1-MCU,GM4,SF01,TCLO CONF CCRP JBFI PART RIMP,SOPL,IP1020260420,2026-05-04,2026-04-20,2026-05-04,0.0,4.0,SF01PEAUMR,SMC,,,,ZEST,350,49,184833.0,480192.0,4
12541009.0,4001686619,OMS_MESURE VIBRATOIRE PALIERS,OR004001686619,SF01-UT-FDEM-BASSIN-0IP04A,MOTOPOMPE EAU MER VERS PPII IPO4A BASSIN,,,S-PC-P924 IP 04A,SF1-MCU,GM4,SF01,TCLO CONF CCRP JBFI PART RIMP,SOPL,IP1020260420,2026-04-30,2026-04-20,2026-04-30,0.0,1.0,SF01PEAUMR,SMC,,,,ZPRV,290,52,184834.0,480193.0,4
12541039.0,4001686686,LUBRIFICATION DES PALIERS,OR004001686686,SF01-UT-FDEM-BASSIN-0IP01A,MOTOPOMPE EAU MER VERS CENTRALE IPO1A MC,,,S-PC-P924 IP 01A,SF1-MCU,GM4,SF01,TCLO CONF CCRP JBFI PART RIMP,SOPL,IP1020260420,2026-05-02,2026-04-20,2026-05-04,0.0,4.0,SF01PEAUMR,SMC,,,,ZEST,350,52,184821.0,480180.0,1
12541051.0,4001686688,OMS_MESURE VIBRATOIRE PALIERS,OR004001686688,SF01-UT-FDEM-BASSIN-0IP01A,MOTOPOMPE EAU MER VERS CENTRALE IPO1A MC,,,S-PC-P924 IP 01A,SF1-MCU,GM4,SF01,TCLO CONF CCRP JBFI PART RIMP,SOPL,IP1020260420,2026-05-01,2026-04-20,2026-05-04,0.0,1.0,SF01PEAUMR,SMC,,,,ZPRV,290,52,184822.0,480181.0,1
12541054.0,4001686691,LUBRIFICATION DES PALIERS,OR004001686691,SF01-UT-FDEM-BASSIN-0IP01B,MOTOPOMPE EAU MER VERS CENTRALE IPO1B MC,,,S-PC-P924 IP 01B,SF1-MCU,GM4,SF01,TCLO CONF CCRP JBFI PART RIMP,SOPL,IP1020260420,2026-05-03,2026-04-20,2026-05-04,0.0,4.0,SF01PEAUMR,SMC,,,,ZEST,350,52,184823.0,480182.0,1
12541055.0,4001686692,OMS_MESURE VIBRATOIRE PALIERS,OR004001686692,SF01-UT-FDEM-BASSIN-0IP01B,MOTOPOMPE EAU MER VERS CENTRALE IPO1B MC,,,S-PC-P924 IP 01B,SF1-MCU,GM4,SF01,TCLO CONF CCRP JBFI PART RIMP,SOPL,IP1020260420,2026-05-02,2026-04-20,2026-05-04,0.0,1.0,SF01PEAUMR,SMC,,,,ZPRV,290,52,184824.0,480183.0,1
12541058.0,4001686695,LUBRIFICATION DES PALIERS,OR004001686695,SF01-UT-FDEM-BASSIN-0IP02A,MOTOPOMPE EAU MER VERS SEM2 IPO2A MC,,,S-PC-P924 IP 02A,SF1-MCU,GM4,SF01,TCLO CONF CCRP JBFI PART RIMP,SOPL,IP1020260420,2026-05-03,2026-04-20,2026-05-04,0.0,4.0,SF01PEAUMR,SMC,,,,ZEST,350,52,184825.0,480184.0,2
12541070.0,4001686697,OMS_MESURE VIBRATOIRE PALIERS,OR004001686697,SF01-UT-FDEM-BASSIN-0IP02A,MOTOPOMPE EAU MER VERS SEM2 IPO2A MC,,,S-PC-P924 IP 02A,SF1-MCU,GM4,SF01,TCLO CONF CCRP JBFI PART RIMP,SOPL,IP1020260420,2026-05-02,2026-04-20,2026-05-04,0.0,1.0,SF01PEAUMR,SMC,,,,ZPRV,290,52,184826.0,480185.0,2
12541072.0,4001686699,LUBRIFICATION DES PALIERS,OR004001686699,SF01-UT-FDEM-BASSIN-0IP02B,MOTOPOMPE EAU MER VERS SEM2 IPO2B,,,S-PC-P924 IP 02B,SF1-MCU,GM4,SF01,TCLO CONF CCRP JBFI PART RIMP,SOPL,IP1020260420,2026-05-04,2026-04-20,2026-05-04,0.0,4.0,SF01PEAUMR,SMC,,,,ZEST,350,52,184827.0,480186.0,2
12541061.0,4001686701,LUBRIFICATION DES PALIERS,OR004001686701,SF01-UT-FDEM-BASSIN-0IP04B,MOTOPOMPE EAU MER VERS PPII IPO4B BASSIN,,,S-PC-P924 IP 04B,SF1-MCU,GM4,SF01,TCLO CONF CCRP JBFI PART RIMP,SOPL,IP1020260420,2026-05-11,2026-04-20,2026-05-11,0.0,1.0,SF01PEAUMR,SMC,,,,ZEST,350,23,184835.0,480194.0,4
12541062.0,4001686702,OMS_MESURE VIBRATOIRE PALIERS,OR004001686702,SF01-UT-FDEM-BASSIN-0IP04B,MOTOPOMPE EAU MER VERS PPII IPO4B BASSIN,,,S-PC-P924 IP 04B,SF1-MCU,GM4,SF01,TCLO CONF CCRP JBFI PART RIMP,SOPL,IP1020260420,2026-05-01,2026-04-20,2026-05-04,0.0,1.0,SF01PEAUMR,SMC,,,,ZPRV,290,52,184836.0,480195.0,4
12541074.0,4001686721,OMS_MESURE VIBRATOIRE PALIERS,OR004001686721,SF01-UT-FDEM-BASSIN-0IP02B,MOTOPOMPE EAU MER VERS SEM2 IPO2B,,,S-PC-P924 IP 02B,SF1-MCU,GM4,SF01,TCLO CONF CCRP JBFI PART RIMP,SOPL,IP1020260420,2026-05-03,2026-04-20,2026-05-04,0.0,1.0,SF01PEAUMR,SMC,,,,ZPRV,290,52,184828.0,480187.0,2
12533686.0,4001686964,mettre les deux pompes IP03 en redondant,OR004001686964,SF01-UT-FDEM-BASSIN-0IP03A-CRSV,INSTRUMENT DE LA POMPES IP03A,,,,SF1-RCU,GM0,SF01,TCLO CONF CCRP JBFI PART RIMP,SOPL,BENMOUSSA1,2026-04-20,2026-04-20,,2.0,2.5,SF01SLFPS4,SMC,,,,ZCOR,180,0,,,3
12572613.0,4001718187,LUBRIFICATION DES PALIERS,OR004001718187,SF01-UT-FDEM-BASSIN-0IP03A,MOTOPOMPE EAU MER VERS PSII IPO3A BASSIN,,,S-PC-P924 IP 03A,SF1-MCU,GM4,SF01,TCLO CONF CCRP JBFI PART RIMP,SOPL,IP1020260423,2026-05-06,2026-04-23,2026-05-06,0.0,4.0,SF01PEAUMR,SMC,,,,ZEST,350,51,184829.0,480188.0,3
12572614.0,4001718188,OMS_MESURE VIBRATOIRE PALIERS,OR004001718188,SF01-UT-FDEM-BASSIN-0IP03A,MOTOPOMPE EAU MER VERS PSII IPO3A BASSIN,,,S-PC-P924 IP 03A,SF1-MCU,GM4,SF01,TCLO CONF CCRP JBFI PART RIMP,SOPL,IP1020260423,2026-05-07,2026-04-23,2026-05-07,0.0,1.0,SF01PEAUMR,SMC,,,,ZPRV,290,53,184830.0,480189.0,3
12572615.0,4001718189,LUBRIFICATION DES PALIERS,OR004001718189,SF01-UT-FDEM-BASSIN-0IP03B,MOTOPOMPE EAU MER VERS PSII IPO3B BASSIN,,,S-PC-P924 IP 03B,SF1-MCU,GM4,SF01,TCLO CONF CCRP JBFI PART RIMP,SOPL,IP1020260423,2026-05-06,2026-04-23,2026-05-06,0.0,4.0,SF01PEAUMR,SMC,,,,ZEST,350,51,184831.0,480190.0,3
12572616.0,4001718190,OMS_MESURE VIBRATOIRE PALIERS,OR004001718190,SF01-UT-FDEM-BASSIN-0IP03B,MOTOPOMPE EAU MER VERS PSII IPO3B BASSIN,,,S-PC-P924 IP 03B,SF1-MCU,GM4,SF01,TCLO CONF CCRP JBFI PART RIMP,SOPL,IP1020260423,2026-05-07,2026-04-23,2026-05-07,0.0,1.0,SF01PEAUMR,SMC,,,,ZPRV,290,53,184832.0,480191.0,3
12572617.0,4001718191,OMS_MESURE VIBRATOIRE PALIERS,OR004001718191,SF01-UT-FDEM-BASSIN-0IP04A,MOTOPOMPE EAU MER VERS PPII IPO4A BASSIN,,,S-PC-P924 IP 04A,SF1-MCU,GM4,SF01,TCLO CONF CCRP JBFI PART RIMP,SOPL,IP1020260423,2026-05-07,2026-04-23,2026-05-07,0.0,1.0,SF01PEAUMR,SMC,,,,ZPRV,290,53,184834.0,480193.0,4
12614283.0,4001759981,LUBRIFICATION DES PALIERS,OR004001759981,SF01-UT-FDEM-BASSIN-0IP04A,MOTOPOMPE EAU MER VERS PPII IPO4A BASSIN,,,S-PC-P924 IP 04A,SF1-MCU,GM4,SF01,TCLO CONF CCRP JBFI PART RIMP,SOPL,IP1020260427,2026-05-11,2026-04-27,2026-05-11,0.0,4.0,SF01PEAUMR,SMC,,,,ZEST,350,50,184833.0,480192.0,4
12614287.0,4001759986,OMS_MESURE VIBRATOIRE PALIERS,OR004001759986,SF01-UT-FDEM-BASSIN-0IP04B,MOTOPOMPE EAU MER VERS PPII IPO4B BASSIN,,,S-PC-P924 IP 04B,SF1-MCU,GM4,SF01,TCLO CONF CCRP JBFI PART RIMP,SOPL,IP1020260427,2026-05-08,2026-04-27,2026-05-08,0.0,1.0,SF01PEAUMR,SMC,,,,ZPRV,290,53,184836.0,480195.0,4
12614300.0,4001759988,LUBRIFICATION DES PALIERS,OR004001759988,SF01-UT-FDEM-BASSIN-0IP01A,MOTOPOMPE EAU MER VERS CENTRALE IPO1A MC,,,S-PC-P924 IP 01A,SF1-MCU,GM4,SF01,TCLO CONF CCRP JBFI PART RIMP,SOPL,IP1020260427,2026-05-11,2026-04-27,2026-05-11,0.0,4.0,SF01PEAUMR,SMC,,,,ZEST,350,53,184821.0,480180.0,1
12614302.0,4001759990,OMS_MESURE VIBRATOIRE PALIERS,OR004001759990,SF01-UT-FDEM-BASSIN-0IP01A,MOTOPOMPE EAU MER VERS CENTRALE IPO1A MC,,,S-PC-P924 IP 01A,SF1-MCU,GM4,SF01,TCLO CONF CCRP JBFI PART RIMP,SOPL,IP1020260427,2026-05-08,2026-04-27,2026-05-08,0.0,1.0,SF01PEAUMR,SMC,,,,ZPRV,290,53,184822.0,480181.0,1
12614306.0,4001759994,LUBRIFICATION DES PALIERS,OR004001759994,SF01-UT-FDEM-BASSIN-0IP01B,MOTOPOMPE EAU MER VERS CENTRALE IPO1B MC,,,S-PC-P924 IP 01B,SF1-MCU,GM4,SF01,TCLO CONF CCRP JBFI PART RIMP,SOPL,IP1020260427,2026-05-10,2026-04-27,2026-05-11,0.0,4.0,SF01PEAUMR,SMC,,,,ZEST,350,53,184823.0,480182.0,1
12614308.0,4001759996,OMS_MESURE VIBRATOIRE PALIERS,OR004001759996,SF01-UT-FDEM-BASSIN-0IP01B,MOTOPOMPE EAU MER VERS CENTRALE IPO1B MC,,,S-PC-P924 IP 01B,SF1-MCU,GM4,SF01,TCLO CONF CCRP JBFI PART RIMP,SOPL,IP1020260427,2026-05-11,2026-04-27,2026-05-11,0.0,1.0,SF01PEAUMR,SMC,,,,ZPRV,290,53,184824.0,480183.0,1
12614310.0,4001759998,LUBRIFICATION DES PALIERS,OR004001759998,SF01-UT-FDEM-BASSIN-0IP02A,MOTOPOMPE EAU MER VERS SEM2 IPO2A MC,,,S-PC-P924 IP 02A,SF1-MCU,GM4,SF01,TCLO CONF CCRP JBFI PART RIMP,SOPL,IP1020260427,2026-05-10,2026-04-27,2026-05-11,0.0,4.0,SF01PEAUMR,SMC,,,,ZEST,350,53,184825.0,480184.0,2
12614313.0,4001760001,OMS_MESURE VIBRATOIRE PALIERS,OR004001760001,SF01-UT-FDEM-BASSIN-0IP02A,MOTOPOMPE EAU MER VERS SEM2 IPO2A MC,,,S-PC-P924 IP 02A,SF1-MCU,GM4,SF01,TCLO CONF CCRP JBFI PART RIMP,SOPL,IP1020260427,2026-05-11,2026-04-27,2026-05-11,0.0,1.0,SF01PEAUMR,SMC,,,,ZPRV,290,53,184826.0,480185.0,2
12614316.0,4001760004,LUBRIFICATION DES PALIERS,OR004001760004,SF01-UT-FDEM-BASSIN-0IP02B,MOTOPOMPE EAU MER VERS SEM2 IPO2B,,,S-PC-P924 IP 02B,SF1-MCU,GM4,SF01,TCLO CONF CCRP JBFI PART RIMP,SOPL,IP1020260427,2026-05-11,2026-04-27,2026-05-11,0.0,4.0,SF01PEAUMR,SMC,,,,ZEST,350,53,184827.0,480186.0,2
12614319.0,4001760007,OMS_MESURE VIBRATOIRE PALIERS,OR004001760007,SF01-UT-FDEM-BASSIN-0IP02B,MOTOPOMPE EAU MER VERS SEM2 IPO2B,,,S-PC-P924 IP 02B,SF1-MCU,GM4,SF01,TCLO CONF CCRP JBFI PART RIMP,SOPL,IP1020260427,2026-05-10,2026-04-27,2026-05-11,0.0,1.0,SF01PEAUMR,SMC,,,,ZPRV,290,53,184828.0,480187.0,2
,4001820971,Manutention des pompes IP04,OR004001820971,SF01-UT-FDEM-BASSIN-0IP04A,MOTOPOMPE EAU MER VERS PPII IPO4A BASSIN,,,S-PC-P924 IP 04A,SF1-MCU,GM4,SF01,TCLO CONF CCRP JBFI PART RIMP,SOPL,MATAR1,2026-05-04,2026-05-04,,4.0,4.2,SF01PEAUMR,SMC,,,2.0,ZCOR,110,0,,,4
,4001848585,serrage des tresse de la pompe SEM2,OR004001848585,SF01-UT-FDEM-BASSIN-0IP02B,MOTOPOMPE EAU MER VERS SEM2 IPO2B,,,S-PC-P924 IP 02B,SF1-MCU,GM4,SF01,TCLO CONF CCRP JBFI PART RIMP,SOPL,MATAR1,2026-05-08,2026-05-08,,1.0,1.2,SF01PEAUMR,SMC,,,2.0,ZCOR,110,0,,,2
12706606.0,4001851312,LUBRIFICATION DES PALIERS,OR004001851312,SF01-UT-FDEM-BASSIN-0IP03A,MOTOPOMPE EAU MER VERS PSII IPO3A BASSIN,,,S-PC-P924 IP 03A,SF1-MCU,GM4,SF01,TCLO CONF CCRP JBFI PART RIMP,SOPL,IP1020260510,2026-05-13,2026-05-10,2026-05-13,0.0,4.0,SF01PEAUMR,SMC,,,,ZEST,350,52,184829.0,480188.0,3
12706608.0,4001851314,OMS_MESURE VIBRATOIRE PALIERS,OR004001851314,SF01-UT-FDEM-BASSIN-0IP03A,MOTOPOMPE EAU MER VERS PSII IPO3A BASSIN,,,S-PC-P924 IP 03A,SF1-MCU,GM4,SF01,TCLO CONF CCRP JBFI PART RIMP,SOPL,IP1020260510,2026-05-14,2026-05-10,2026-05-14,0.0,1.0,SF01PEAUMR,SMC,,,,ZPRV,290,54,184830.0,480189.0,3
12706641.0,4001851317,LUBRIFICATION DES PALIERS,OR004001851317,SF01-UT-FDEM-BASSIN-0IP03B,MOTOPOMPE EAU MER VERS PSII IPO3B BASSIN,,,S-PC-P924 IP 03B,SF1-MCU,GM4,SF01,TCLO CONF CCRP JBFI PART RIMP,SOPL,IP1020260510,2026-05-13,2026-05-10,2026-05-13,0.0,4.0,SF01PEAUMR,SMC,,,,ZEST,350,52,184831.0,480190.0,3
12706643.0,4001851319,OMS_MESURE VIBRATOIRE PALIERS,OR004001851319,SF01-UT-FDEM-BASSIN-0IP03B,MOTOPOMPE EAU MER VERS PSII IPO3B BASSIN,,,S-PC-P924 IP 03B,SF1-MCU,GM4,SF01,TCLO CONF CCRP JBFI PART RIMP,SOPL,IP1020260510,2026-05-14,2026-05-10,2026-05-14,0.0,1.0,SF01PEAUMR,SMC,,,,ZPRV,290,54,184832.0,480191.0,3
12706645.0,4001851361,LUBRIFICATION DES PALIERS,OR004001851361,SF01-UT-FDEM-BASSIN-0IP04A,MOTOPOMPE EAU MER VERS PPII IPO4A BASSIN,,,S-PC-P924 IP 04A,SF1-MCU,GM4,SF01,TCLO CONF CCRP JBFI PART RIMP,SOPL,IP1020260510,2026-05-18,2026-05-10,2026-05-18,0.0,4.0,SF01PEAUMR,SMC,,,,ZEST,350,51,184833.0,480192.0,4
12706648.0,4001851364,OMS_MESURE VIBRATOIRE PALIERS,OR004001851364,SF01-UT-FDEM-BASSIN-0IP04A,MOTOPOMPE EAU MER VERS PPII IPO4A BASSIN,,,S-PC-P924 IP 04A,SF1-MCU,GM4,SF01,TCLO CONF CCRP JBFI PART RIMP,SOPL,IP1020260510,2026-05-14,2026-05-10,2026-05-14,0.0,1.0,SF01PEAUMR,SMC,,,,ZPRV,290,54,184834.0,480193.0,4
12706661.0,4001851367,LUBRIFICATION DES PALIERS,OR004001851367,SF01-UT-FDEM-BASSIN-0IP04B,MOTOPOMPE EAU MER VERS PPII IPO4B BASSIN,,,S-PC-P924 IP 04B,SF1-MCU,GM4,SF01,TCLO CONF CCRP JBFI PART RIMP,SOPL,IP1020260510,2026-05-24,2026-05-10,2026-05-25,0.0,1.0,SF01PEAUMR,SMC,,,,ZEST,350,24,184835.0,480194.0,4
12706662.0,4001851368,OMS_MESURE VIBRATOIRE PALIERS,OR004001851368,SF01-UT-FDEM-BASSIN-0IP04B,MOTOPOMPE EAU MER VERS PPII IPO4B BASSIN,,,S-PC-P924 IP 04B,SF1-MCU,GM4,SF01,TCLO CONF CCRP JBFI PART RIMP,SOPL,IP1020260510,2026-05-15,2026-05-10,2026-05-15,0.0,1.0,SF01PEAUMR,SMC,,,,ZPRV,290,54,184836.0,480195.0,4
12706663.0,4001851369,LUBRIFICATION DES PALIERS,OR004001851369,SF01-UT-FDEM-BASSIN-0IP01A,MOTOPOMPE EAU MER VERS CENTRALE IPO1A MC,,,S-PC-P924 IP 01A,SF1-MCU,GM4,SF01,TCLO CONF CCRP JBFI PART RIMP,SOPL,IP1020260510,2026-05-16,2026-05-10,2026-05-16,0.0,4.0,SF01PEAUMR,SMC,,,,ZEST,350,54,184821.0,480180.0,1
12706664.0,4001851370,OMS_MESURE VIBRATOIRE PALIERS,OR004001851370,SF01-UT-FDEM-BASSIN-0IP01A,MOTOPOMPE EAU MER VERS CENTRALE IPO1A MC,,,S-PC-P924 IP 01A,SF1-MCU,GM4,SF01,TCLO CONF CCRP JBFI PART RIMP,SOPL,IP1020260510,2026-05-15,2026-05-10,2026-05-15,0.0,1.0,SF01PEAUMR,SMC,,,,ZPRV,290,54,184822.0,480181.0,1
12706666.0,4001851372,LUBRIFICATION DES PALIERS,OR004001851372,SF01-UT-FDEM-BASSIN-0IP01B,MOTOPOMPE EAU MER VERS CENTRALE IPO1B MC,,,S-PC-P924 IP 01B,SF1-MCU,GM4,SF01,TCLO CONF CCRP JBFI PART RIMP,SOPL,IP1020260510,2026-05-17,2026-05-10,2026-05-18,0.0,4.0,SF01PEAUMR,SMC,,,,ZEST,350,54,184823.0,480182.0,1
12706668.0,4001851374,OMS_MESURE VIBRATOIRE PALIERS,OR004001851374,SF01-UT-FDEM-BASSIN-0IP01B,MOTOPOMPE EAU MER VERS CENTRALE IPO1B MC,,,S-PC-P924 IP 01B,SF1-MCU,GM4,SF01,TCLO CONF CCRP JBFI PART RIMP,SOPL,IP1020260510,2026-05-16,2026-05-10,2026-05-16,0.0,1.0,SF01PEAUMR,SMC,,,,ZPRV,290,54,184824.0,480183.0,1
12706669.0,4001851375,LUBRIFICATION DES PALIERS,OR004001851375,SF01-UT-FDEM-BASSIN-0IP02A,MOTOPOMPE EAU MER VERS SEM2 IPO2A MC,,,S-PC-P924 IP 02A,SF1-MCU,GM4,SF01,TCLO CONF CCRP JBFI PART RIMP,SOPL,IP1020260510,2026-05-17,2026-05-10,2026-05-18,0.0,4.0,SF01PEAUMR,SMC,,,,ZEST,350,54,184825.0,480184.0,2
12706681.0,4001851377,OMS_MESURE VIBRATOIRE PALIERS,OR004001851377,SF01-UT-FDEM-BASSIN-0IP02A,MOTOPOMPE EAU MER VERS SEM2 IPO2A MC,,,S-PC-P924 IP 02A,SF1-MCU,GM4,SF01,TCLO CONF CCRP JBFI PART RIMP,SOPL,IP1020260510,2026-05-16,2026-05-10,2026-05-16,0.0,1.0,SF01PEAUMR,SMC,,,,ZPRV,290,54,184826.0,480185.0,2
12706684.0,4001851420,LUBRIFICATION DES PALIERS,OR004001851420,SF01-UT-FDEM-BASSIN-0IP02B,MOTOPOMPE EAU MER VERS SEM2 IPO2B,,,S-PC-P924 IP 02B,SF1-MCU,GM4,SF01,TCLO CONF CCRP JBFI PART RIMP,SOPL,IP1020260510,2026-05-18,2026-05-10,2026-05-18,0.0,4.0,SF01PEAUMR,SMC,,,,ZEST,350,54,184827.0,480186.0,2
12706687.0,4001851423,OMS_MESURE VIBRATOIRE PALIERS,OR004001851423,SF01-UT-FDEM-BASSIN-0IP02B,MOTOPOMPE EAU MER VERS SEM2 IPO2B,,,S-PC-P924 IP 02B,SF1-MCU,GM4,SF01,TCLO CONF CCRP JBFI PART RIMP,SOPL,IP1020260510,2026-05-17,2026-05-10,2026-05-18,0.0,1.0,SF01PEAUMR,SMC,,,,ZPRV,290,54,184828.0,480187.0,2
12566394.0,4001852236,INSTALLATION D'ECHAFFAUDAGE IP02,OR004001852236,SF01-UT-FDEM-BASSIN-0IP02A-GMOT-0MOTEUR,MOTEUR ELECTRIQUE MT,,,S-PC-924IP02A-M,SF1-GCMC,GMD,SF01,TCLO CONF CCRP JBFI PART RIMP,SOPL,ISTA,2026-05-12,2026-05-11,,0.0,0.0,SF01PEAUMR,SMC,,,,ZCOR,110,0,,,2
12712619.0,4001860868,changeement vanne ref pompe IP03B,OR004001860868,SF01-UT-FDEM-BASSIN-0IP03B,MOTOPOMPE EAU MER VERS PSII IPO3B BASSIN,,,S-PC-P924 IP 03B,SF1-MCU,GM4,SF01,TCLO CONF CCRP JBFI PART RIMP,SOPL,MATAR1,2026-05-18,2026-05-12,,4.0,4.2,SF01PEAUMR,SMC,,,2.0,ZCOR,110,0,,,3
12712653.0,4001860869,changeement vanne ref pompe IP03A,OR004001860869,SF01-UT-FDEM-BASSIN-0IP03A,MOTOPOMPE EAU MER VERS PSII IPO3A BASSIN,,,S-PC-P924 IP 03A,SF1-MCU,GM4,SF01,TCLO CONF CCRP JBFI PART RIMP,SOPL,MATAR1,2026-05-18,2026-05-12,,4.0,4.2,SF01PEAUMR,SMC,,,2.0,ZCOR,110,0,,,3
,4001871579,Etanchement fuite eau de mer,OR004001871579,SF01-UT-FDEM-BASSIN-0IP04A,MOTOPOMPE EAU MER VERS PPII IPO4A BASSIN,,,S-PC-P924 IP 04A,SF1-MCU,GM4,SF01,TCLO CONF CCRP JBFI PART RIMP,SOPL,MATAR1,2026-05-13,2026-05-14,,4.0,0.0,SF01PEAUMR,SMC,,,2.0,ZCOR,110,0,,,4
,4001871718,Etanchement fuite eau de mer sur la vann,OR004001871718,SF01-UT-FDEM-BASSIN-0IP04B,MOTOPOMPE EAU MER VERS PPII IPO4B BASSIN,,,S-PC-P924 IP 04B,SF1-MCU,GM4,SF01,TCLO CONF CCRP JBFI PART RIMP,SOPL,MATAR1,2026-05-14,2026-05-14,,4.0,4.2,SF01PEAUMR,SMC,,,2.0,ZCOR,110,0,,,4
12736431.0,4001881065,LUBRIFICATION DES PALIERS,OR004001881065,SF01-UT-FDEM-BASSIN-0IP01A,MOTOPOMPE EAU MER VERS CENTRALE IPO1A MC,,,S-PC-P924 IP 01A,SF1-MCU,GM4,SF01,TCLO CONF CCRP JBFI PART RIMP,SOPL,IP1020260516,2026-05-23,2026-05-16,2026-05-25,0.0,4.0,SF01PEAUMR,SMC,,,,ZEST,350,55,184821.0,480180.0,1
12736433.0,4001881068,OMS_MESURE VIBRATOIRE PALIERS,OR004001881068,SF01-UT-FDEM-BASSIN-0IP01A,MOTOPOMPE EAU MER VERS CENTRALE IPO1A MC,,,S-PC-P924 IP 01A,SF1-MCU,GM4,SF01,TCLO CONF CCRP JBFI PART RIMP,SOPL,IP1020260516,2026-05-22,2026-05-16,2026-05-22,0.0,1.0,SF01PEAUMR,SMC,,,,ZPRV,290,55,184822.0,480181.0,1
12736438.0,4001881074,LUBRIFICATION DES PALIERS,OR004001881074,SF01-UT-FDEM-BASSIN-0IP01B,MOTOPOMPE EAU MER VERS CENTRALE IPO1B MC,,,S-PC-P924 IP 01B,SF1-MCU,GM4,SF01,TCLO CONF CCRP JBFI PART RIMP,SOPL,IP1020260516,2026-05-24,2026-05-16,2026-05-25,0.0,4.0,SF01PEAUMR,SMC,,,,ZEST,350,55,184823.0,480182.0,1
12736443.0,4001881078,OMS_MESURE VIBRATOIRE PALIERS,OR004001881078,SF01-UT-FDEM-BASSIN-0IP01B,MOTOPOMPE EAU MER VERS CENTRALE IPO1B MC,,,S-PC-P924 IP 01B,SF1-MCU,GM4,SF01,TCLO CONF CCRP JBFI PART RIMP,SOPL,IP1020260516,2026-05-23,2026-05-16,2026-05-25,0.0,1.0,SF01PEAUMR,SMC,,,,ZPRV,290,55,184824.0,480183.0,1
12736452.0,4001881087,LUBRIFICATION DES PALIERS,OR004001881087,SF01-UT-FDEM-BASSIN-0IP02A,MOTOPOMPE EAU MER VERS SEM2 IPO2A MC,,,S-PC-P924 IP 02A,SF1-MCU,GM4,SF01,TCLO CONF CCRP JBFI PART RIMP,SOPL,IP1020260516,2026-05-24,2026-05-16,2026-05-25,0.0,4.0,SF01PEAUMR,SMC,,,,ZEST,350,55,184825.0,480184.0,2
12736458.0,4001881093,OMS_MESURE VIBRATOIRE PALIERS,OR004001881093,SF01-UT-FDEM-BASSIN-0IP02A,MOTOPOMPE EAU MER VERS SEM2 IPO2A MC,,,S-PC-P924 IP 02A,SF1-MCU,GM4,SF01,TCLO CONF CCRP JBFI PART RIMP,SOPL,IP1020260516,2026-05-23,2026-05-16,2026-05-25,0.0,1.0,SF01PEAUMR,SMC,,,,ZPRV,290,55,184826.0,480185.0,2
12736463.0,4001881098,LUBRIFICATION DES PALIERS,OR004001881098,SF01-UT-FDEM-BASSIN-0IP02B,MOTOPOMPE EAU MER VERS SEM2 IPO2B,,,S-PC-P924 IP 02B,SF1-MCU,GM4,SF01,TCLO CONF CCRP JBFI PART RIMP,SOPL,IP1020260516,2026-05-25,2026-05-16,2026-05-25,0.0,4.0,SF01PEAUMR,SMC,,,,ZEST,350,55,184827.0,480186.0,2
12736466.0,4001881101,OMS_MESURE VIBRATOIRE PALIERS,OR004001881101,SF01-UT-FDEM-BASSIN-0IP02B,MOTOPOMPE EAU MER VERS SEM2 IPO2B,,,S-PC-P924 IP 02B,SF1-MCU,GM4,SF01,TCLO CONF CCRP JBFI PART RIMP,SOPL,IP1020260516,2026-05-24,2026-05-16,2026-05-25,0.0,1.0,SF01PEAUMR,SMC,,,,ZPRV,290,55,184828.0,480187.0,2
12736469.0,4001881104,LUBRIFICATION DES PALIERS,OR004001881104,SF01-UT-FDEM-BASSIN-0IP03A,MOTOPOMPE EAU MER VERS PSII IPO3A BASSIN,,,S-PC-P924 IP 03A,SF1-MCU,GM4,SF01,TCLO CONF CCRP JBFI PART RIMP,SOPL,IP1020260516,2026-05-20,2026-05-16,2026-05-20,0.0,4.0,SF01PEAUMR,SMC,,,,ZEST,350,53,184829.0,480188.0,3
12736471.0,4001881106,OMS_MESURE VIBRATOIRE PALIERS,OR004001881106,SF01-UT-FDEM-BASSIN-0IP03A,MOTOPOMPE EAU MER VERS PSII IPO3A BASSIN,,,S-PC-P924 IP 03A,SF1-MCU,GM4,SF01,TCLO CONF CCRP JBFI PART RIMP,SOPL,IP1020260516,2026-05-21,2026-05-16,2026-05-21,0.0,1.0,SF01PEAUMR,SMC,,,,ZPRV,290,55,184830.0,480189.0,3
12736472.0,4001881107,LUBRIFICATION DES PALIERS,OR004001881107,SF01-UT-FDEM-BASSIN-0IP03B,MOTOPOMPE EAU MER VERS PSII IPO3B BASSIN,,,S-PC-P924 IP 03B,SF1-MCU,GM4,SF01,TCLO CONF CCRP JBFI PART RIMP,SOPL,IP1020260516,2026-05-20,2026-05-16,2026-05-20,0.0,4.0,SF01PEAUMR,SMC,,,,ZEST,350,53,184831.0,480190.0,3
12736474.0,4001881109,OMS_MESURE VIBRATOIRE PALIERS,OR004001881109,SF01-UT-FDEM-BASSIN-0IP03B,MOTOPOMPE EAU MER VERS PSII IPO3B BASSIN,,,S-PC-P924 IP 03B,SF1-MCU,GM4,SF01,TCLO CONF CCRP JBFI PART RIMP,SOPL,IP1020260516,2026-05-21,2026-05-16,2026-05-21,0.0,1.0,SF01PEAUMR,SMC,,,,ZPRV,290,55,184832.0,480191.0,3
12736475.0,4001881110,LUBRIFICATION DES PALIERS,OR004001881110,SF01-UT-FDEM-BASSIN-0IP04A,MOTOPOMPE EAU MER VERS PPII IPO4A BASSIN,,,S-PC-P924 IP 04A,SF1-MCU,GM4,SF01,TCLO CONF CCRP JBFI PART RIMP,SOPL,IP1020260516,2026-05-25,2026-05-16,2026-05-25,0.0,4.0,SF01PEAUMR,SMC,,,,ZEST,350,52,184833.0,480192.0,4
12736476.0,4001881111,OMS_MESURE VIBRATOIRE PALIERS,OR004001881111,SF01-UT-FDEM-BASSIN-0IP04A,MOTOPOMPE EAU MER VERS PPII IPO4A BASSIN,,,S-PC-P924 IP 04A,SF1-MCU,GM4,SF01,TCLO CONF CCRP JBFI PART RIMP,SOPL,IP1020260516,2026-05-21,2026-05-16,2026-05-21,0.0,1.0,SF01PEAUMR,SMC,,,,ZPRV,290,55,184834.0,480193.0,4
12736478.0,4001881113,LUBRIFICATION DES PALIERS,OR004001881113,SF01-UT-FDEM-BASSIN-0IP04B,MOTOPOMPE EAU MER VERS PPII IPO4B BASSIN,,,S-PC-P924 IP 04B,SF1-MCU,GM4,SF01,TCLO CONF CCRP JBFI PART RIMP,SOPL,IP1020260516,2026-06-08,2026-05-16,2026-06-08,0.0,1.0,SF01PEAUMR,SMC,,,,ZEST,350,25,184835.0,480194.0,4
12736479.0,4001881114,OMS_MESURE VIBRATOIRE PALIERS,OR004001881114,SF01-UT-FDEM-BASSIN-0IP04B,MOTOPOMPE EAU MER VERS PPII IPO4B BASSIN,,,S-PC-P924 IP 04B,SF1-MCU,GM4,SF01,TCLO CONF CCRP JBFI PART RIMP,SOPL,IP1020260516,2026-05-22,2026-05-16,2026-05-22,0.0,1.0,SF01PEAUMR,SMC,,,,ZPRV,290,55,184836.0,480195.0,4
12731854.0,4001881119,démontage pompe IP04A pour révision,OR004001881119,SF01-UT-FDEM-BASSIN-0IP04A,MOTOPOMPE EAU MER VERS PPII IPO4A BASSIN,,,S-PC-P924 IP 04A,SF1-MCU,GM4,SF01,TCLO CONF CCRP JBFI PART RIMP,SOPL,MATAR1,2026-05-25,2026-05-16,,4.0,4.2,SF01PEAUMR,SMC,,,2.0,ZCOR,110,0,,,4
12731864.0,4001881120,démontage pompe IP04B pour révision,OR004001881120,SF01-UT-FDEM-BASSIN-0IP04B,MOTOPOMPE EAU MER VERS PPII IPO4B BASSIN,,,S-PC-P924 IP 04B,SF1-MCU,GM4,SF01,TCLO CONF CCRP JBFI PART RIMP,SOPL,MATAR1,2026-05-18,2026-05-16,,4.0,4.2,SF01PEAUMR,SMC,,,2.0,ZCOR,110,0,,,4
12805021.0,4001949904,LUBRIFICATION DES PALIERS,OR004001949904,SF01-UT-FDEM-BASSIN-0IP03A,MOTOPOMPE EAU MER VERS PSII IPO3A BASSIN,,,S-PC-P924 IP 03A,SF1-MCU,GM4,SF01,TCLO CONF CCRP JBFI PART RIMP,SOPL,IP1020260525,2026-06-01,2026-05-25,2026-06-01,0.0,4.0,SF01PEAUMR,SMC,,,,ZEST,350,54,184829.0,480188.0,3
12805024.0,4001949907,OMS_MESURE VIBRATOIRE PALIERS,OR004001949907,SF01-UT-FDEM-BASSIN-0IP03A,MOTOPOMPE EAU MER VERS PSII IPO3A BASSIN,,,S-PC-P924 IP 03A,SF1-MCU,GM4,SF01,TCLO CONF CCRP JBFI PART RIMP,SOPL,IP1020260525,2026-06-01,2026-05-25,2026-06-01,0.0,1.0,SF01PEAUMR,SMC,,,,ZPRV,290,56,184830.0,480189.0,3
12805026.0,4001949909,LUBRIFICATION DES PALIERS,OR004001949909,SF01-UT-FDEM-BASSIN-0IP03B,MOTOPOMPE EAU MER VERS PSII IPO3B BASSIN,,,S-PC-P924 IP 03B,SF1-MCU,GM4,SF01,TCLO CONF CCRP JBFI PART RIMP,SOPL,IP1020260525,2026-06-01,2026-05-25,2026-06-01,0.0,4.0,SF01PEAUMR,SMC,,,,ZEST,350,54,184831.0,480190.0,3
12805028.0,4001949911,OMS_MESURE VIBRATOIRE PALIERS,OR004001949911,SF01-UT-FDEM-BASSIN-0IP03B,MOTOPOMPE EAU MER VERS PSII IPO3B BASSIN,,,S-PC-P924 IP 03B,SF1-MCU,GM4,SF01,TCLO CONF CCRP JBFI PART RIMP,SOPL,IP1020260525,2026-06-01,2026-05-25,2026-06-01,0.0,1.0,SF01PEAUMR,SMC,,,,ZPRV,290,56,184832.0,480191.0,3
12805040.0,4001949913,LUBRIFICATION DES PALIERS,OR004001949913,SF01-UT-FDEM-BASSIN-0IP04A,MOTOPOMPE EAU MER VERS PPII IPO4A BASSIN,,,S-PC-P924 IP 04A,SF1-MCU,GM4,SF01,TCLO CONF CCRP JBFI PART RIMP,SOPL,IP1020260525,2026-06-01,2026-05-25,2026-06-01,0.0,4.0,SF01PEAUMR,SMC,,,,ZEST,350,53,184833.0,480192.0,4
12805041.0,4001949914,LUBRIFICATION DES PALIERS,OR004001949914,SF01-UT-FDEM-BASSIN-0IP01A,MOTOPOMPE EAU MER VERS CENTRALE IPO1A MC,,,S-PC-P924 IP 01A,SF1-MCU,GM4,SF01,TCLO CONF CCRP JBFI PART RIMP,SOPL,IP1020260525,2026-06-01,2026-05-25,2026-06-01,0.0,4.0,SF01PEAUMR,SMC,,,,ZEST,350,56,184821.0,480180.0,1
12805043.0,4001949916,OMS_MESURE VIBRATOIRE PALIERS,OR004001949916,SF01-UT-FDEM-BASSIN-0IP04A,MOTOPOMPE EAU MER VERS PPII IPO4A BASSIN,,,S-PC-P924 IP 04A,SF1-MCU,GM4,SF01,TCLO CONF CCRP JBFI PART RIMP,SOPL,IP1020260525,2026-06-01,2026-05-25,2026-06-01,0.0,1.0,SF01PEAUMR,SMC,,,,ZPRV,290,56,184834.0,480193.0,4
12805044.0,4001949917,OMS_MESURE VIBRATOIRE PALIERS,OR004001949917,SF01-UT-FDEM-BASSIN-0IP01A,MOTOPOMPE EAU MER VERS CENTRALE IPO1A MC,,,S-PC-P924 IP 01A,SF1-MCU,GM4,SF01,TCLO CONF CCRP JBFI PART RIMP,SOPL,IP1020260525,2026-06-01,2026-05-25,2026-06-01,0.0,1.0,SF01PEAUMR,SMC,,,,ZPRV,290,56,184822.0,480181.0,1
12805046.0,4001949919,OMS_MESURE VIBRATOIRE PALIERS,OR004001949919,SF01-UT-FDEM-BASSIN-0IP04B,MOTOPOMPE EAU MER VERS PPII IPO4B BASSIN,,,S-PC-P924 IP 04B,SF1-MCU,GM4,SF01,TCLO CONF CCRP JBFI PART RIMP,SOPL,IP1020260525,2026-06-01,2026-05-25,2026-06-01,0.0,1.0,SF01PEAUMR,SMC,,,,ZPRV,290,56,184836.0,480195.0,4
12805047.0,4001949960,LUBRIFICATION DES PALIERS,OR004001949960,SF01-UT-FDEM-BASSIN-0IP01B,MOTOPOMPE EAU MER VERS CENTRALE IPO1B MC,,,S-PC-P924 IP 01B,SF1-MCU,GM4,SF01,TCLO CONF CCRP JBFI PART RIMP,SOPL,IP1020260525,2026-05-31,2026-05-25,2026-06-01,0.0,4.0,SF01PEAUMR,SMC,,,,ZEST,350,56,184823.0,480182.0,1
12805048.0,4001949961,OMS_MESURE VIBRATOIRE PALIERS,OR004001949961,SF01-UT-FDEM-BASSIN-0IP01B,MOTOPOMPE EAU MER VERS CENTRALE IPO1B MC,,,S-PC-P924 IP 01B,SF1-MCU,GM4,SF01,TCLO CONF CCRP JBFI PART RIMP,SOPL,IP1020260525,2026-06-01,2026-05-25,2026-06-01,0.0,1.0,SF01PEAUMR,SMC,,,,ZPRV,290,56,184824.0,480183.0,1
12805070.0,4001949963,LUBRIFICATION DES PALIERS,OR004001949963,SF01-UT-FDEM-BASSIN-0IP02A,MOTOPOMPE EAU MER VERS SEM2 IPO2A MC,,,S-PC-P924 IP 02A,SF1-MCU,GM4,SF01,TCLO CONF CCRP JBFI PART RIMP,SOPL,IP1020260525,2026-05-31,2026-05-25,2026-06-01,0.0,4.0,SF01PEAUMR,SMC,,,,ZEST,350,56,184825.0,480184.0,2
12805073.0,4001949966,OMS_MESURE VIBRATOIRE PALIERS,OR004001949966,SF01-UT-FDEM-BASSIN-0IP02A,MOTOPOMPE EAU MER VERS SEM2 IPO2A MC,,,S-PC-P924 IP 02A,SF1-MCU,GM4,SF01,TCLO CONF CCRP JBFI PART RIMP,SOPL,IP1020260525,2026-06-01,2026-05-25,2026-06-01,0.0,1.0,SF01PEAUMR,SMC,,,,ZPRV,290,56,184826.0,480185.0,2
12805077.0,4001949970,LUBRIFICATION DES PALIERS,OR004001949970,SF01-UT-FDEM-BASSIN-0IP02B,MOTOPOMPE EAU MER VERS SEM2 IPO2B,,,S-PC-P924 IP 02B,SF1-MCU,GM4,SF01,TCLO CONF CCRP JBFI PART RIMP,SOPL,IP1020260525,2026-06-01,2026-05-25,2026-06-01,0.0,4.0,SF01PEAUMR,SMC,,,,ZEST,350,56,184827.0,480186.0,2
12805080.0,4001949973,OMS_MESURE VIBRATOIRE PALIERS,OR004001949973,SF01-UT-FDEM-BASSIN-0IP02B,MOTOPOMPE EAU MER VERS SEM2 IPO2B,,,S-PC-P924 IP 02B,SF1-MCU,GM4,SF01,TCLO CONF CCRP JBFI PART RIMP,SOPL,IP1020260525,2026-05-31,2026-05-25,2026-06-01,0.0,1.0,SF01PEAUMR,SMC,,,,ZPRV,290,56,184828.0,480187.0,2
12807693.0,4001952600,préventif (6 mois) moteur MT,OR004001952600,SF01-UT-FDEM-BASSIN-0IP01A-GMOT-0MOTEUR,MOTEUR ELECTRIQUE MT,,,S-PC-924IP01A-M,SF1-ECU,GM7,SF01,CRÉÉ CCRP DANP DNMJ PART,CRPR,IP1020260525,2026-11-29,2026-05-25,,0.0,0.0,SF01PEAUMR,SMC,,,,ZEST,360,3,211002.0,536558.0,1
12807696.0,4001952603,préventif (6 mois) moteur MT,OR004001952603,SF01-UT-FDEM-BASSIN-0IP01B-GMOT-0MOTEUR,MOTEUR ELECTRIQUE MT,,,S-PC-924IP01B-M,SF1-ECU,GM7,SF01,CRÉÉ CCRP DANP DNMJ PART,CRPR,IP1020260525,2026-11-29,2026-05-25,,0.0,0.0,SF01PEAUMR,SMC,,,,ZEST,360,3,211003.0,536559.0,1
12807731.0,4001952608,préventif (6 mois) moteur MT,OR004001952608,SF01-UT-FDEM-BASSIN-0IP02A-GMOT-0MOTEUR,MOTEUR ELECTRIQUE MT,,,S-PC-924IP02A-M,SF1-ECU,GM7,SF01,CRÉÉ CCRP DANP DNMJ PART,CRPR,IP1020260525,2026-11-29,2026-05-25,,0.0,0.0,SF01PEAUMR,SMC,,,,ZEST,360,3,211004.0,536560.0,2
12807734.0,4001952611,préventif (6 mois) moteur MT,OR004001952611,SF01-UT-FDEM-BASSIN-0IP02B-GMOT-0MOTEUR,MOTEUR ELECTRIQUE MT,,,S-PC-924IP02B-M,SF1-ECU,GM7,SF01,CRÉÉ CCRP DANP DNMJ PART,CRPR,IP1020260525,2026-11-29,2026-05-25,,0.0,0.0,SF01PEAUMR,SMC,,,,ZEST,360,3,211005.0,536561.0,2
12807738.0,4001952615,préventif (6 mois) moteur MT,OR004001952615,SF01-UT-FDEM-BASSIN-0IP03A-GMOT-0MOTEUR,MOTEUR ELECTRIQUE MT,,,S-PC-924IP03A-M,SF1-ECU,GM7,SF01,CRÉÉ CCRP DANP DNMJ PART,CRPR,IP1020260525,2026-11-29,2026-05-25,,0.0,0.0,SF01PEAUMR,SMC,,,,ZEST,360,3,211006.0,536562.0,3
12807761.0,4001952618,préventif (6 mois) moteur MT,OR004001952618,SF01-UT-FDEM-BASSIN-0IP03B-GMOT-0MOTEUR,MOTEUR ELECTRIQUE MT,,,S-PC-924IP03B-M,SF1-ECU,GM7,SF01,CRÉÉ CCRP DANP DNMJ PART,CRPR,IP1020260525,2026-11-29,2026-05-25,,0.0,0.0,SF01PEAUMR,SMC,,,,ZEST,360,3,211007.0,536563.0,3
12807764.0,4001952661,préventif (6 mois) moteur MT,OR004001952661,SF01-UT-FDEM-BASSIN-0IP04A-GMOT-0MOTEUR,MOTEUR ELECTRIQUE MT,,,S-PC-924IP04A-M,SF1-ECU,GM7,SF01,CRÉÉ CCRP DANP DNMJ PART,CRPR,IP1020260525,2026-11-29,2026-05-25,,0.0,0.0,SF01PEAUMR,SMC,,,,ZEST,360,3,211008.0,536564.0,4
12807790.0,4001952667,préventif (6 mois) moteur MT,OR004001952667,SF01-UT-FDEM-BASSIN-0IP04B-GMOT-0MOTEUR,MOTEUR ELECTRIQUE MT,,,S-PC-924IP04B-M,SF1-ECU,GM7,SF01,CRÉÉ CCRP DANP DNMJ PART,CRPR,IP1020260525,2026-11-29,2026-05-25,,0.0,0.0,SF01PEAUMR,SMC,,,,ZEST,360,3,211009.0,536565.0,4
12807880.0,4001952757,préventif (1 an) moteur MT,OR004001952757,SF01-UT-FDEM-BASSIN-0IP01A-GMOT-0MOTEUR,MOTEUR ELECTRIQUE MT,,,S-PC-924IP01A-M,SF1-ECU,GM7,SF01,CRÉÉ CCRP DANP DNMJ PART,CRPR,IP1020260525,2027-05-30,2026-05-25,,0.0,0.0,SF01PEAUMR,SMC,,,,ZEST,360,2,211022.0,536578.0,1
12807883.0,4001952800,préventif (1 an) moteur MT,OR004001952800,SF01-UT-FDEM-BASSIN-0IP01B-GMOT-0MOTEUR,MOTEUR ELECTRIQUE MT,,,S-PC-924IP01B-M,SF1-ECU,GM7,SF01,CRÉÉ CCRP DANP DNMJ PART,CRPR,IP1020260525,2027-05-30,2026-05-25,,0.0,0.0,SF01PEAUMR,SMC,,,,ZEST,360,2,211023.0,536579.0,1
12807888.0,4001952805,préventif (1 an) moteur MT,OR004001952805,SF01-UT-FDEM-BASSIN-0IP02A-GMOT-0MOTEUR,MOTEUR ELECTRIQUE MT,,,S-PC-924IP02A-M,SF1-ECU,GM7,SF01,CRÉÉ CCRP DANP DNMJ PART,CRPR,IP1020260525,2027-05-30,2026-05-25,,0.0,0.0,SF01PEAUMR,SMC,,,,ZEST,360,2,211024.0,536580.0,2
12807901.0,4001952808,préventif (1 an) moteur MT,OR004001952808,SF01-UT-FDEM-BASSIN-0IP02B-GMOT-0MOTEUR,MOTEUR ELECTRIQUE MT,,,S-PC-924IP02B-M,SF1-ECU,GM7,SF01,CRÉÉ CCRP DANP DNMJ PART,CRPR,IP1020260525,2027-05-30,2026-05-25,,0.0,0.0,SF01PEAUMR,SMC,,,,ZEST,360,2,211025.0,536581.0,2
12807903.0,4001952810,préventif (1 an) moteur MT,OR004001952810,SF01-UT-FDEM-BASSIN-0IP03A-GMOT-0MOTEUR,MOTEUR ELECTRIQUE MT,,,S-PC-924IP03A-M,SF1-ECU,GM7,SF01,CRÉÉ CCRP DANP DNMJ PART,CRPR,IP1020260525,2027-05-30,2026-05-25,,0.0,0.0,SF01PEAUMR,SMC,,,,ZEST,360,2,211026.0,536582.0,3
12807906.0,4001952813,préventif (1 an) moteur MT,OR004001952813,SF01-UT-FDEM-BASSIN-0IP03B-GMOT-0MOTEUR,MOTEUR ELECTRIQUE MT,,,S-PC-924IP03B-M,SF1-ECU,GM7,SF01,CRÉÉ CCRP DANP DNMJ PART,CRPR,IP1020260525,2027-05-30,2026-05-25,,0.0,0.0,SF01PEAUMR,SMC,,,,ZEST,360,2,211027.0,536583.0,3
12807908.0,4001952815,préventif (1 an) moteur MT,OR004001952815,SF01-UT-FDEM-BASSIN-0IP04A-GMOT-0MOTEUR,MOTEUR ELECTRIQUE MT,,,S-PC-924IP04A-M,SF1-ECU,GM7,SF01,CRÉÉ CCRP DANP DNMJ PART,CRPR,IP1020260525,2027-05-30,2026-05-25,,0.0,0.0,SF01PEAUMR,SMC,,,,ZEST,360,2,211028.0,536584.0,4
12807931.0,4001952818,préventif (1 an) moteur MT,OR004001952818,SF01-UT-FDEM-BASSIN-0IP04B-GMOT-0MOTEUR,MOTEUR ELECTRIQUE MT,,,S-PC-924IP04B-M,SF1-ECU,GM7,SF01,CRÉÉ CCRP DANP DNMJ PART,CRPR,IP1020260525,2027-05-30,2026-05-25,,0.0,0.0,SF01PEAUMR,SMC,,,,ZEST,360,2,211029.0,536585.0,4
12807932.0,4001952819,préventif (3 mois) moteur MT,OR004001952819,SF01-UT-FDEM-BASSIN-0IP01A-GMOT-0MOTEUR,MOTEUR ELECTRIQUE MT,,,S-PC-924IP01A-M,SF1-ECU,GM7,SF01,TCLO CONF CCRP JBFI PART RIMP,SOPL,IP1020260525,2026-08-30,2026-05-25,,0.0,1.8,SF01PEAUMR,SMC,,,2.0,ZEST,360,5,211356.0,536912.0,1
12807934.0,4001952841,préventif (3 mois) moteur MT,OR004001952841,SF01-UT-FDEM-BASSIN-0IP01B-GMOT-0MOTEUR,MOTEUR ELECTRIQUE MT,,,S-PC-924IP01B-M,SF1-ECU,GM7,SF01,TCLO CONF CCRP JBFI PART RIMP,SOPL,IP1020260525,2026-08-30,2026-05-25,,0.0,1.8,SF01PEAUMR,SMC,,,2.0,ZEST,360,5,211357.0,536913.0,1
12807935.0,4001952842,préventif (3 mois) moteur MT,OR004001952842,SF01-UT-FDEM-BASSIN-0IP02A-GMOT-0MOTEUR,MOTEUR ELECTRIQUE MT,,,S-PC-924IP02A-M,SF1-ECU,GM7,SF01,TCLO CONF CCRP JBFI PART RIMP,SOPL,IP1020260525,2026-08-30,2026-05-25,,0.0,1.8,SF01PEAUMR,SMC,,,2.0,ZEST,360,5,211358.0,536914.0,2
12807937.0,4001952844,préventif (3 mois) moteur MT,OR004001952844,SF01-UT-FDEM-BASSIN-0IP02B-GMOT-0MOTEUR,MOTEUR ELECTRIQUE MT,,,S-PC-924IP02B-M,SF1-ECU,GM7,SF01,TCLO CONF CCRP JBFI PART RIMP,SOPL,IP1020260525,2026-08-30,2026-05-25,,0.0,1.8,SF01PEAUMR,SMC,,,2.0,ZEST,360,5,211359.0,536915.0,2
12807939.0,4001952846,préventif (3 mois) moteur MT,OR004001952846,SF01-UT-FDEM-BASSIN-0IP03A-GMOT-0MOTEUR,MOTEUR ELECTRIQUE MT,,,S-PC-924IP03A-M,SF1-ECU,GM7,SF01,TCLO CONF CCRP JBFI PART RIMP,SOPL,IP1020260525,2026-08-30,2026-05-25,,0.0,1.8,SF01PEAUMR,SMC,,,2.0,ZEST,360,5,211360.0,536916.0,3
12807951.0,4001952848,préventif (3 mois) moteur MT,OR004001952848,SF01-UT-FDEM-BASSIN-0IP03B-GMOT-0MOTEUR,MOTEUR ELECTRIQUE MT,,,S-PC-924IP03B-M,SF1-ECU,GM7,SF01,TCLO CONF CCRP JBFI PART RIMP,SOPL,IP1020260525,2026-08-30,2026-05-25,,0.0,1.8,SF01PEAUMR,SMC,,,2.0,ZEST,360,5,211361.0,536917.0,3
12807953.0,4001952850,préventif (3 mois) moteur MT,OR004001952850,SF01-UT-FDEM-BASSIN-0IP04A-GMOT-0MOTEUR,MOTEUR ELECTRIQUE MT,,,S-PC-924IP04A-M,SF1-ECU,GM7,SF01,TCLO CONF CCRP JBFI PART RIMP,SOPL,IP1020260525,2026-08-30,2026-05-25,,0.0,1.8,SF01PEAUMR,SMC,,,2.0,ZEST,360,5,211362.0,536918.0,4
12807954.0,4001952851,préventif (3 mois) moteur MT,OR004001952851,SF01-UT-FDEM-BASSIN-0IP04B-GMOT-0MOTEUR,MOTEUR ELECTRIQUE MT,,,S-PC-924IP04B-M,SF1-ECU,GM7,SF01,TCLO CONF CCRP JBFI PART RIMP,SOPL,IP1020260525,2026-08-30,2026-05-25,,0.0,1.8,SF01PEAUMR,SMC,,,2.0,ZEST,360,5,211363.0,536919.0,4
12808074.0,4001953001,préventif des cellules MT,OR004001953001,SF01-UT-FDEM-BASSIN-0IP01A-GMOT-DEPARTM,DEPART MOTEUR MT,,,S-PC-924IP01A-D,SF1-ECU,GM7,SF01,CRÉÉ CCRP DANP DNMJ PART,CRPR,IP1020260525,2026-11-29,2026-05-25,,0.0,0.0,SF01PEAUMR,SMC,,,,ZEST,360,3,211059.0,536615.0,1
12808076.0,4001953003,préventif des cellules MT,OR004001953003,SF01-UT-FDEM-BASSIN-0IP01B-GMOT-DEPARTM,DEPART MOTEUR MT,,,S-PC-924IP01B-D,SF1-ECU,GM7,SF01,CRÉÉ CCRP DANP DNMJ PART,CRPR,IP1020260525,2026-11-29,2026-05-25,,0.0,0.0,SF01PEAUMR,SMC,,,,ZEST,360,3,211060.0,536616.0,1
12808078.0,4001953005,préventif des cellules MT,OR004001953005,SF01-UT-FDEM-BASSIN-0IP02A-GMOT-DEPARTM,DEPART MOTEUR MT,,,S-PC-924IP02A-D,SF1-ECU,GM7,SF01,CRÉÉ CCRP DANP DNMJ PART,CRPR,IP1020260525,2026-11-29,2026-05-25,,0.0,0.0,SF01PEAUMR,SMC,,,,ZEST,360,3,211061.0,536617.0,2
12808091.0,4001953008,préventif des cellules MT,OR004001953008,SF01-UT-FDEM-BASSIN-0IP02B-GMOT-DEPARTM,DEPART MOTEUR MT,,,S-PC-924IP02B-D,SF1-ECU,GM7,SF01,CRÉÉ CCRP DANP DNMJ PART,CRPR,IP1020260525,2026-11-29,2026-05-25,,0.0,0.0,SF01PEAUMR,SMC,,,,ZEST,360,3,211062.0,536618.0,2
12808093.0,4001953010,préventif des cellules MT,OR004001953010,SF01-UT-FDEM-BASSIN-0IP03A-GMOT-DEPARTM,DEPART MOTEUR MT,,,S-PC-924IP03A-D,SF1-ECU,GM7,SF01,CRÉÉ CCRP DANP DNMJ PART,CRPR,IP1020260525,2026-11-29,2026-05-25,,0.0,0.0,SF01PEAUMR,SMC,,,,ZEST,360,3,211063.0,536619.0,3
12808095.0,4001953012,préventif des cellules MT,OR004001953012,SF01-UT-FDEM-BASSIN-0IP03B-GMOT-DEPARTM,DEPART MOTEUR MT,,,S-PC-924IP03B-D,SF1-ECU,GM7,SF01,CRÉÉ CCRP DANP DNMJ PART,CRPR,IP1020260525,2026-11-29,2026-05-25,,0.0,0.0,SF01PEAUMR,SMC,,,,ZEST,360,3,211064.0,536620.0,3
12808097.0,4001953014,préventif des cellules MT,OR004001953014,SF01-UT-FDEM-BASSIN-0IP04A-GMOT-DEPARTM,DEPART MOTEUR MT,,,S-PC-924IP04A-D,SF1-ECU,GM7,SF01,CRÉÉ CCRP DANP DNMJ PART,CRPR,IP1020260525,2026-11-29,2026-05-25,,0.0,0.0,SF01PEAUMR,SMC,,,,ZEST,360,3,211065.0,536621.0,4
12808098.0,4001953016,préventif des cellules MT,OR004001953016,SF01-UT-FDEM-BASSIN-0IP04B-GMOT-DEPARTM,DEPART MOTEUR MT,,,S-PC-924IP04B-D,SF1-ECU,GM7,SF01,CRÉÉ CCRP DANP DNMJ PART,CRPR,IP1020260525,2026-11-29,2026-05-25,,0.0,0.0,SF01PEAUMR,SMC,,,,ZEST,360,3,211066.0,536622.0,4
12793881.0,4001959793,montage ppe IP04A,OR004001959793,SF01-UT-FDEM-BASSIN-0IP04A,MOTOPOMPE EAU MER VERS PPII IPO4A BASSIN,,,S-PC-P924 IP 04A,SF1-MCU,GM4,SF01,TCLO CONF CCRP JBFI PART RIMP,SOPL,MATAR1,2026-06-01,2026-05-25,,4.0,4.5,SF01PEAUMR,SMC,,,2.0,ZCOR,110,0,,,4
12825770.0,4001970765,LUBRIFICATION DES PALIERS,OR004001970765,SF01-UT-FDEM-BASSIN-0IP01A,MOTOPOMPE EAU MER VERS CENTRALE IPO1A MC,,,S-PC-P924 IP 01A,SF1-MCU,GM4,SF01,TCLO CONF CCRP JBFI PART RIMP,SOPL,IP1020260525,2026-06-06,2026-05-25,2026-06-06,0.0,4.0,SF01PEAUMR,SMC,,,,ZEST,350,57,184821.0,480180.0,1
12825771.0,4001970766,OMS_MESURE VIBRATOIRE PALIERS,OR004001970766,SF01-UT-FDEM-BASSIN-0IP01A,MOTOPOMPE EAU MER VERS CENTRALE IPO1A MC,,,S-PC-P924 IP 01A,SF1-MCU,GM4,SF01,TCLO CONF CCRP JBFI PART RIMP,SOPL,IP1020260525,2026-06-05,2026-05-25,2026-06-05,0.0,1.0,SF01PEAUMR,SMC,,,,ZPRV,290,57,184822.0,480181.0,1
12825772.0,4001970767,LUBRIFICATION DES PALIERS,OR004001970767,SF01-UT-FDEM-BASSIN-0IP01B,MOTOPOMPE EAU MER VERS CENTRALE IPO1B MC,,,S-PC-P924 IP 01B,SF1-MCU,GM4,SF01,TCLO CONF CCRP JBFI PART RIMP,SOPL,IP1020260525,2026-06-07,2026-05-25,2026-06-08,0.0,4.0,SF01PEAUMR,SMC,,,,ZEST,350,57,184823.0,480182.0,1
12825773.0,4001970768,OMS_MESURE VIBRATOIRE PALIERS,OR004001970768,SF01-UT-FDEM-BASSIN-0IP01B,MOTOPOMPE EAU MER VERS CENTRALE IPO1B MC,,,S-PC-P924 IP 01B,SF1-MCU,GM4,SF01,TCLO CONF CCRP JBFI PART RIMP,SOPL,IP1020260525,2026-06-06,2026-05-25,2026-06-06,0.0,1.0,SF01PEAUMR,SMC,,,,ZPRV,290,57,184824.0,480183.0,1
12825775.0,4001970770,LUBRIFICATION DES PALIERS,OR004001970770,SF01-UT-FDEM-BASSIN-0IP02A,MOTOPOMPE EAU MER VERS SEM2 IPO2A MC,,,S-PC-P924 IP 02A,SF1-MCU,GM4,SF01,TCLO CONF CCRP JBFI PART RIMP,SOPL,IP1020260525,2026-06-07,2026-05-25,2026-06-08,0.0,4.0,SF01PEAUMR,SMC,,,,ZEST,350,57,184825.0,480184.0,2
12825776.0,4001970771,OMS_MESURE VIBRATOIRE PALIERS,OR004001970771,SF01-UT-FDEM-BASSIN-0IP02A,MOTOPOMPE EAU MER VERS SEM2 IPO2A MC,,,S-PC-P924 IP 02A,SF1-MCU,GM4,SF01,TCLO CONF CCRP JBFI PART RIMP,SOPL,IP1020260525,2026-06-06,2026-05-25,2026-06-06,0.0,1.0,SF01PEAUMR,SMC,,,,ZPRV,290,57,184826.0,480185.0,2
12825777.0,4001970772,LUBRIFICATION DES PALIERS,OR004001970772,SF01-UT-FDEM-BASSIN-0IP02B,MOTOPOMPE EAU MER VERS SEM2 IPO2B,,,S-PC-P924 IP 02B,SF1-MCU,GM4,SF01,TCLO CONF CCRP JBFI PART RIMP,SOPL,IP1020260525,2026-06-08,2026-05-25,2026-06-08,0.0,4.0,SF01PEAUMR,SMC,,,,ZEST,350,57,184827.0,480186.0,2
12825778.0,4001970773,OMS_MESURE VIBRATOIRE PALIERS,OR004001970773,SF01-UT-FDEM-BASSIN-0IP02B,MOTOPOMPE EAU MER VERS SEM2 IPO2B,,,S-PC-P924 IP 02B,SF1-MCU,GM4,SF01,TCLO CONF CCRP JBFI PART RIMP,SOPL,IP1020260525,2026-06-07,2026-05-25,2026-06-07,0.0,1.0,SF01PEAUMR,SMC,,,,ZPRV,290,57,184828.0,480187.0,2
12825779.0,4001970774,LUBRIFICATION DES PALIERS,OR004001970774,SF01-UT-FDEM-BASSIN-0IP03A,MOTOPOMPE EAU MER VERS PSII IPO3A BASSIN,,,S-PC-P924 IP 03A,SF1-MCU,GM4,SF01,TCLO CONF CCRP JBFI PART RIMP,SOPL,IP1020260525,2026-06-03,2026-05-25,2026-06-03,0.0,4.0,SF01PEAUMR,SMC,,,,ZEST,350,55,184829.0,480188.0,3
12825800.0,4001970775,OMS_MESURE VIBRATOIRE PALIERS,OR004001970775,SF01-UT-FDEM-BASSIN-0IP03A,MOTOPOMPE EAU MER VERS PSII IPO3A BASSIN,,,S-PC-P924 IP 03A,SF1-MCU,GM4,SF01,TCLO CONF CCRP JBFI PART RIMP,SOPL,IP1020260525,2026-06-04,2026-05-25,2026-06-04,0.0,1.0,SF01PEAUMR,SMC,,,,ZPRV,290,57,184830.0,480189.0,3
12825801.0,4001970776,LUBRIFICATION DES PALIERS,OR004001970776,SF01-UT-FDEM-BASSIN-0IP03B,MOTOPOMPE EAU MER VERS PSII IPO3B BASSIN,,,S-PC-P924 IP 03B,SF1-MCU,GM4,SF01,TCLO CONF CCRP JBFI PART RIMP,SOPL,IP1020260525,2026-06-03,2026-05-25,2026-06-03,0.0,4.0,SF01PEAUMR,SMC,,,,ZEST,350,55,184831.0,480190.0,3
12825802.0,4001970777,OMS_MESURE VIBRATOIRE PALIERS,OR004001970777,SF01-UT-FDEM-BASSIN-0IP03B,MOTOPOMPE EAU MER VERS PSII IPO3B BASSIN,,,S-PC-P924 IP 03B,SF1-MCU,GM4,SF01,TCLO CONF CCRP JBFI PART RIMP,SOPL,IP1020260525,2026-06-04,2026-05-25,2026-06-04,0.0,1.0,SF01PEAUMR,SMC,,,,ZPRV,290,57,184832.0,480191.0,3
12825803.0,4001970778,LUBRIFICATION DES PALIERS,OR004001970778,SF01-UT-FDEM-BASSIN-0IP04A,MOTOPOMPE EAU MER VERS PPII IPO4A BASSIN,,,S-PC-P924 IP 04A,SF1-MCU,GM4,SF01,TCLO CONF CCRP JBFI PART RIMP,SOPL,IP1020260525,2026-06-08,2026-05-25,2026-06-08,0.0,4.0,SF01PEAUMR,SMC,,,,ZEST,350,54,184833.0,480192.0,4
12825804.0,4001970779,OMS_MESURE VIBRATOIRE PALIERS,OR004001970779,SF01-UT-FDEM-BASSIN-0IP04A,MOTOPOMPE EAU MER VERS PPII IPO4A BASSIN,,,S-PC-P924 IP 04A,SF1-MCU,GM4,SF01,TCLO CONF CCRP JBFI PART RIMP,SOPL,IP1020260525,2026-06-04,2026-05-25,2026-06-04,0.0,1.0,SF01PEAUMR,SMC,,,,ZPRV,290,57,184834.0,480193.0,4
12825805.0,4001970860,OMS_MESURE VIBRATOIRE PALIERS,OR004001970860,SF01-UT-FDEM-BASSIN-0IP04B,MOTOPOMPE EAU MER VERS PPII IPO4B BASSIN,,,S-PC-P924 IP 04B,SF1-MCU,GM4,SF01,TCLO CONF CCRP JBFI PART RIMP,SOPL,IP1020260525,2026-06-05,2026-05-25,2026-06-05,0.0,1.0,SF01PEAUMR,SMC,,,,ZPRV,290,57,184836.0,480195.0,4
12856068.0,4002003156,LUBRIFICATION DES PALIERS,OR004002003156,SF01-UT-FDEM-BASSIN-0IP01A,MOTOPOMPE EAU MER VERS CENTRALE IPO1A MC,,,S-PC-P924 IP 01A,SF1-MCU,GM4,SF01,TCLO CONF CCRP JBFI PART RIMP,SOPL,IP1020260601,2026-06-13,2026-06-01,2026-06-15,0.0,4.0,SF01PEAUMR,SMC,,,,ZEST,350,58,184821.0,480180.0,1
12856069.0,4002003157,OMS_MESURE VIBRATOIRE PALIERS,OR004002003157,SF01-UT-FDEM-BASSIN-0IP01A,MOTOPOMPE EAU MER VERS CENTRALE IPO1A MC,,,S-PC-P924 IP 01A,SF1-MCU,GM4,SF01,TCLO CONF CCRP JBFI PART RIMP,SOPL,IP1020260601,2026-06-12,2026-06-01,2026-06-12,0.0,1.0,SF01PEAUMR,SMC,,,,ZPRV,290,58,184822.0,480181.0,1
12856101.0,4002003159,LUBRIFICATION DES PALIERS,OR004002003159,SF01-UT-FDEM-BASSIN-0IP01B,MOTOPOMPE EAU MER VERS CENTRALE IPO1B MC,,,S-PC-P924 IP 01B,SF1-MCU,GM4,SF01,TCLO CONF CCRP JBFI PART RIMP,SOPL,IP1020260601,2026-06-14,2026-06-01,2026-06-15,0.0,4.0,SF01PEAUMR,SMC,,,,ZEST,350,58,184823.0,480182.0,1
12856048.0,4002003189,LUBRIFICATION DES PALIERS,OR004002003189,SF01-UT-FDEM-BASSIN-0IP03A,MOTOPOMPE EAU MER VERS PSII IPO3A BASSIN,,,S-PC-P924 IP 03A,SF1-MCU,GM4,SF01,TCLO CONF CCRP JBFI PART RIMP,SOPL,IP1020260601,2026-06-10,2026-06-01,2026-06-10,0.0,4.0,SF01PEAUMR,SMC,,,,ZEST,350,56,184829.0,480188.0,3
12856080.0,4002003191,OMS_MESURE VIBRATOIRE PALIERS,OR004002003191,SF01-UT-FDEM-BASSIN-0IP03A,MOTOPOMPE EAU MER VERS PSII IPO3A BASSIN,,,S-PC-P924 IP 03A,SF1-MCU,GM4,SF01,TCLO CONF CCRP JBFI PART RIMP,SOPL,IP1020260601,2026-06-11,2026-06-01,2026-06-11,0.0,1.0,SF01PEAUMR,SMC,,,,ZPRV,290,58,184830.0,480189.0,3
12856082.0,4002003193,LUBRIFICATION DES PALIERS,OR004002003193,SF01-UT-FDEM-BASSIN-0IP03B,MOTOPOMPE EAU MER VERS PSII IPO3B BASSIN,,,S-PC-P924 IP 03B,SF1-MCU,GM4,SF01,TCLO CONF CCRP JBFI PART RIMP,SOPL,IP1020260601,2026-06-10,2026-06-01,2026-06-10,0.0,4.0,SF01PEAUMR,SMC,,,,ZEST,350,56,184831.0,480190.0,3
12856084.0,4002003195,OMS_MESURE VIBRATOIRE PALIERS,OR004002003195,SF01-UT-FDEM-BASSIN-0IP03B,MOTOPOMPE EAU MER VERS PSII IPO3B BASSIN,,,S-PC-P924 IP 03B,SF1-MCU,GM4,SF01,TCLO CONF CCRP JBFI PART RIMP,SOPL,IP1020260601,2026-06-11,2026-06-01,2026-06-11,0.0,1.0,SF01PEAUMR,SMC,,,,ZPRV,290,58,184832.0,480191.0,3
12856086.0,4002003197,LUBRIFICATION DES PALIERS,OR004002003197,SF01-UT-FDEM-BASSIN-0IP04A,MOTOPOMPE EAU MER VERS PPII IPO4A BASSIN,,,S-PC-P924 IP 04A,SF1-MCU,GM4,SF01,TCLO CONF CCRP JBFI PART RIMP,SOPL,IP1020260601,2026-06-15,2026-06-01,2026-06-15,0.0,4.0,SF01PEAUMR,SMC,,,,ZEST,350,55,184833.0,480192.0,4
12856089.0,4002003220,OMS_MESURE VIBRATOIRE PALIERS,OR004002003220,SF01-UT-FDEM-BASSIN-0IP04A,MOTOPOMPE EAU MER VERS PPII IPO4A BASSIN,,,S-PC-P924 IP 04A,SF1-MCU,GM4,SF01,TCLO CONF CCRP JBFI PART RIMP,SOPL,IP1020260601,2026-06-11,2026-06-01,2026-06-11,0.0,1.0,SF01PEAUMR,SMC,,,,ZPRV,290,58,184834.0,480193.0,4
12856110.0,4002003221,LUBRIFICATION DES PALIERS,OR004002003221,SF01-UT-FDEM-BASSIN-0IP04B,MOTOPOMPE EAU MER VERS PPII IPO4B BASSIN,,,S-PC-P924 IP 04B,SF1-MCU,GM4,SF01,TCLO CONF CCRP JBFI PART RIMP,SOPL,IP1020260601,2026-06-23,2026-06-01,2026-06-23,0.0,1.0,SF01PEAUMR,SMC,,,,ZEST,350,26,184835.0,480194.0,4
12856112.0,4002003223,OMS_MESURE VIBRATOIRE PALIERS,OR004002003223,SF01-UT-FDEM-BASSIN-0IP04B,MOTOPOMPE EAU MER VERS PPII IPO4B BASSIN,,,S-PC-P924 IP 04B,SF1-MCU,GM4,SF01,TCLO CONF CCRP JBFI PART RIMP,SOPL,IP1020260601,2026-06-12,2026-06-01,2026-06-12,0.0,1.0,SF01PEAUMR,SMC,,,,ZPRV,290,58,184836.0,480195.0,4
12856102.0,4002003240,OMS_MESURE VIBRATOIRE PALIERS,OR004002003240,SF01-UT-FDEM-BASSIN-0IP01B,MOTOPOMPE EAU MER VERS CENTRALE IPO1B MC,,,S-PC-P924 IP 01B,SF1-MCU,GM4,SF01,TCLO CONF CCRP JBFI PART RIMP,SOPL,IP1020260601,2026-06-13,2026-06-01,2026-06-15,0.0,1.0,SF01PEAUMR,SMC,,,,ZPRV,290,58,184824.0,480183.0,1
12856103.0,4002003242,LUBRIFICATION DES PALIERS,OR004002003242,SF01-UT-FDEM-BASSIN-0IP02A,MOTOPOMPE EAU MER VERS SEM2 IPO2A MC,,,S-PC-P924 IP 02A,SF1-MCU,GM4,SF01,TCLO CONF CCRP JBFI PART RIMP,SOPL,IP1020260601,2026-06-14,2026-06-01,2026-06-15,0.0,4.0,SF01PEAUMR,SMC,,,,ZEST,350,58,184825.0,480184.0,2
12856105.0,4002003243,OMS_MESURE VIBRATOIRE PALIERS,OR004002003243,SF01-UT-FDEM-BASSIN-0IP02A,MOTOPOMPE EAU MER VERS SEM2 IPO2A MC,,,S-PC-P924 IP 02A,SF1-MCU,GM4,SF01,TCLO CONF CCRP JBFI PART RIMP,SOPL,IP1020260601,2026-06-13,2026-06-01,2026-06-15,0.0,1.0,SF01PEAUMR,SMC,,,,ZPRV,290,58,184826.0,480185.0,2
12856106.0,4002003244,LUBRIFICATION DES PALIERS,OR004002003244,SF01-UT-FDEM-BASSIN-0IP02B,MOTOPOMPE EAU MER VERS SEM2 IPO2B,,,S-PC-P924 IP 02B,SF1-MCU,GM4,SF01,TCLO CONF CCRP JBFI PART RIMP,SOPL,IP1020260601,2026-06-15,2026-06-01,2026-06-15,0.0,4.0,SF01PEAUMR,SMC,,,,ZEST,350,58,184827.0,480186.0,2
12856107.0,4002003245,OMS_MESURE VIBRATOIRE PALIERS,OR004002003245,SF01-UT-FDEM-BASSIN-0IP02B,MOTOPOMPE EAU MER VERS SEM2 IPO2B,,,S-PC-P924 IP 02B,SF1-MCU,GM4,SF01,TCLO CONF CCRP JBFI PART RIMP,SOPL,IP1020260601,2026-06-14,2026-06-01,2026-06-15,0.0,1.0,SF01PEAUMR,SMC,,,,ZPRV,290,58,184828.0,480187.0,2
12918475.0,4002064607,LUBRIFICATION DES PALIERS,OR004002064607,SF01-UT-FDEM-BASSIN-0IP03A,MOTOPOMPE EAU MER VERS PSII IPO3A BASSIN,,,S-PC-P924 IP 03A,SF1-MCU,GM4,SF01,TCLO CONF CCRP JBFI PART RIMP,SOPL,IP1020260608,2026-06-17,2026-06-08,2026-06-18,0.0,4.0,SF01PEAUMR,SMC,,,,ZEST,350,57,184829.0,480188.0,3
12918476.0,4002064608,OMS_MESURE VIBRATOIRE PALIERS,OR004002064608,SF01-UT-FDEM-BASSIN-0IP03A,MOTOPOMPE EAU MER VERS PSII IPO3A BASSIN,,,S-PC-P924 IP 03A,SF1-MCU,GM4,SF01,TCLO CONF CCRP JBFI PART RIMP,SOPL,IP1020260608,2026-06-18,2026-06-08,2026-06-18,0.0,1.0,SF01PEAUMR,SMC,,,,ZPRV,290,59,184830.0,480189.0,3
12918479.0,4002064611,LUBRIFICATION DES PALIERS,OR004002064611,SF01-UT-FDEM-BASSIN-0IP03B,MOTOPOMPE EAU MER VERS PSII IPO3B BASSIN,,,S-PC-P924 IP 03B,SF1-MCU,GM4,SF01,TCLO CONF CCRP JBFI PART RIMP,SOPL,IP1020260608,2026-06-17,2026-06-08,2026-06-18,0.0,4.0,SF01PEAUMR,SMC,,,,ZEST,350,57,184831.0,480190.0,3
12918492.0,4002064614,OMS_MESURE VIBRATOIRE PALIERS,OR004002064614,SF01-UT-FDEM-BASSIN-0IP03B,MOTOPOMPE EAU MER VERS PSII IPO3B BASSIN,,,S-PC-P924 IP 03B,SF1-MCU,GM4,SF01,TCLO CONF CCRP JBFI PART RIMP,SOPL,IP1020260608,2026-06-18,2026-06-08,2026-06-18,0.0,1.0,SF01PEAUMR,SMC,,,,ZPRV,290,59,184832.0,480191.0,3
12918494.0,4002064616,LUBRIFICATION DES PALIERS,OR004002064616,SF01-UT-FDEM-BASSIN-0IP04A,MOTOPOMPE EAU MER VERS PPII IPO4A BASSIN,,,S-PC-P924 IP 04A,SF1-MCU,GM4,SF01,TCLO CONF CCRP JBFI PART RIMP,SOPL,IP1020260608,2026-06-22,2026-06-08,2026-06-22,0.0,4.0,SF01PEAUMR,SMC,,,,ZEST,350,56,184833.0,480192.0,4
12918497.0,4002064619,OMS_MESURE VIBRATOIRE PALIERS,OR004002064619,SF01-UT-FDEM-BASSIN-0IP04A,MOTOPOMPE EAU MER VERS PPII IPO4A BASSIN,,,S-PC-P924 IP 04A,SF1-MCU,GM4,SF01,TCLO CONF CCRP JBFI PART RIMP,SOPL,IP1020260608,2026-06-18,2026-06-08,2026-06-18,0.0,1.0,SF01PEAUMR,SMC,,,,ZPRV,290,59,184834.0,480193.0,4
12918504.0,4002064622,LUBRIFICATION DES PALIERS,OR004002064622,SF01-UT-FDEM-BASSIN-0IP01A,MOTOPOMPE EAU MER VERS CENTRALE IPO1A MC,,,S-PC-P924 IP 01A,SF1-MCU,GM4,SF01,TCLO CONF CCRP JBFI PART RIMP,SOPL,IP1020260608,2026-06-20,2026-06-08,2026-06-22,0.0,4.0,SF01PEAUMR,SMC,,,,ZEST,350,59,184821.0,480180.0,1
12918506.0,4002064624,OMS_MESURE VIBRATOIRE PALIERS,OR004002064624,SF01-UT-FDEM-BASSIN-0IP01A,MOTOPOMPE EAU MER VERS CENTRALE IPO1A MC,,,S-PC-P924 IP 01A,SF1-MCU,GM4,SF01,TCLO CONF CCRP JBFI PART RIMP,SOPL,IP1020260608,2026-06-19,2026-06-08,2026-06-19,0.0,1.0,SF01PEAUMR,SMC,,,,ZPRV,290,59,184822.0,480181.0,1
12918508.0,4002064626,LUBRIFICATION DES PALIERS,OR004002064626,SF01-UT-FDEM-BASSIN-0IP01B,MOTOPOMPE EAU MER VERS CENTRALE IPO1B MC,,,S-PC-P924 IP 01B,SF1-MCU,GM4,SF01,TCLO CONF CCRP JBFI PART RIMP,SOPL,IP1020260608,2026-06-21,2026-06-08,2026-06-22,0.0,4.0,SF01PEAUMR,SMC,,,,ZEST,350,59,184823.0,480182.0,1
12918509.0,4002064627,OMS_MESURE VIBRATOIRE PALIERS,OR004002064627,SF01-UT-FDEM-BASSIN-0IP01B,MOTOPOMPE EAU MER VERS CENTRALE IPO1B MC,,,S-PC-P924 IP 01B,SF1-MCU,GM4,SF01,TCLO CONF CCRP JBFI PART RIMP,SOPL,IP1020260608,2026-06-20,2026-06-08,2026-06-22,0.0,1.0,SF01PEAUMR,SMC,,,,ZPRV,290,59,184824.0,480183.0,1
12918540.0,4002064628,LUBRIFICATION DES PALIERS,OR004002064628,SF01-UT-FDEM-BASSIN-0IP02A,MOTOPOMPE EAU MER VERS SEM2 IPO2A MC,,,S-PC-P924 IP 02A,SF1-MCU,GM4,SF01,TCLO CONF CCRP JBFI PART RIMP,SOPL,IP1020260608,2026-06-21,2026-06-08,2026-06-22,0.0,4.0,SF01PEAUMR,SMC,,,,ZEST,350,59,184825.0,480184.0,2
12918541.0,4002064629,OMS_MESURE VIBRATOIRE PALIERS,OR004002064629,SF01-UT-FDEM-BASSIN-0IP02A,MOTOPOMPE EAU MER VERS SEM2 IPO2A MC,,,S-PC-P924 IP 02A,SF1-MCU,GM4,SF01,TCLO CONF CCRP JBFI PART RIMP,SOPL,IP1020260608,2026-06-20,2026-06-08,2026-06-22,0.0,1.0,SF01PEAUMR,SMC,,,,ZPRV,290,59,184826.0,480185.0,2
12918542.0,4002064630,LUBRIFICATION DES PALIERS,OR004002064630,SF01-UT-FDEM-BASSIN-0IP02B,MOTOPOMPE EAU MER VERS SEM2 IPO2B,,,S-PC-P924 IP 02B,SF1-MCU,GM4,SF01,TCLO CONF CCRP JBFI PART RIMP,SOPL,IP1020260608,2026-06-22,2026-06-08,2026-06-22,0.0,4.0,SF01PEAUMR,SMC,,,,ZEST,350,59,184827.0,480186.0,2
12918543.0,4002064631,OMS_MESURE VIBRATOIRE PALIERS,OR004002064631,SF01-UT-FDEM-BASSIN-0IP02B,MOTOPOMPE EAU MER VERS SEM2 IPO2B,,,S-PC-P924 IP 02B,SF1-MCU,GM4,SF01,TCLO CONF CCRP JBFI PART RIMP,SOPL,IP1020260608,2026-06-21,2026-06-08,2026-06-22,0.0,1.0,SF01PEAUMR,SMC,,,,ZPRV,290,59,184828.0,480187.0,2
12918499.0,4002064661,OMS_MESURE VIBRATOIRE PALIERS,OR004002064661,SF01-UT-FDEM-BASSIN-0IP04B,MOTOPOMPE EAU MER VERS PPII IPO4B BASSIN,,,S-PC-P924 IP 04B,SF1-MCU,GM4,SF01,TCLO CONF CCRP JBFI PART RIMP,SOPL,IP1020260608,2026-06-19,2026-06-08,2026-06-19,0.0,1.0,SF01PEAUMR,SMC,,,,ZPRV,290,59,184836.0,480195.0,4
12793976.0,4002065603,branchement moteur IP04A,OR004002065603,SF01-UT-FDEM-BASSIN-0IP04A-GMOT,GROUPE MOTEUR,,,,SF1-ECU,GM7,SF01,TCLO CONF CCRP JBFI PART RIMP,SOPL,ISTA,2026-06-15,2026-06-08,,0.0,0.17,SF01SLFPS4,SMC,,,,ZCOR,110,0,,,4
12794724.0,4002065607,débranchement moteur IP04B,OR004002065607,SF01-UT-FDEM-BASSIN-0IP04B-GMOT,GROUPE MOTEUR,,,,SF1-ECU,GM7,SF01,TCLO CONF CCRP JBFI PART RIMP,SOPL,ISTA,2026-06-15,2026-06-08,,0.0,0.17,SF01SLFPS4,SMC,,,,ZCOR,110,0,,,4
12954915.0,4002097258,LUBRIFICATION DES PALIERS,OR004002097258,SF01-UT-FDEM-BASSIN-0IP03A,MOTOPOMPE EAU MER VERS PSII IPO3A BASSIN,,,S-PC-P924 IP 03A,SF1-MCU,GM4,SF01,TCLO CONF CCRP JBFI PART RIMP,SOPL,IP1020260615,2026-06-24,2026-06-15,2026-06-24,0.0,4.0,SF01PEAUMR,SMC,,,,ZEST,350,58,184829.0,480188.0,3
12954916.0,4002097259,OMS_MESURE VIBRATOIRE PALIERS,OR004002097259,SF01-UT-FDEM-BASSIN-0IP03A,MOTOPOMPE EAU MER VERS PSII IPO3A BASSIN,,,S-PC-P924 IP 03A,SF1-MCU,GM4,SF01,TCLO CONF CCRP JBFI PART RIMP,SOPL,IP1020260615,2026-06-25,2026-06-15,2026-06-25,0.0,1.0,SF01PEAUMR,SMC,,,,ZPRV,290,60,184830.0,480189.0,3
12954917.0,4002097520,LUBRIFICATION DES PALIERS,OR004002097520,SF01-UT-FDEM-BASSIN-0IP03B,MOTOPOMPE EAU MER VERS PSII IPO3B BASSIN,,,S-PC-P924 IP 03B,SF1-MCU,GM4,SF01,TCLO CONF CCRP JBFI PART RIMP,SOPL,IP1020260615,2026-06-24,2026-06-15,2026-06-24,0.0,4.0,SF01PEAUMR,SMC,,,,ZEST,350,58,184831.0,480190.0,3
12954918.0,4002097521,OMS_MESURE VIBRATOIRE PALIERS,OR004002097521,SF01-UT-FDEM-BASSIN-0IP03B,MOTOPOMPE EAU MER VERS PSII IPO3B BASSIN,,,S-PC-P924 IP 03B,SF1-MCU,GM4,SF01,TCLO CONF CCRP JBFI PART RIMP,SOPL,IP1020260615,2026-06-25,2026-06-15,2026-06-25,0.0,1.0,SF01PEAUMR,SMC,,,,ZPRV,290,60,184832.0,480191.0,3
12954919.0,4002097522,LUBRIFICATION DES PALIERS,OR004002097522,SF01-UT-FDEM-BASSIN-0IP04A,MOTOPOMPE EAU MER VERS PPII IPO4A BASSIN,,,S-PC-P924 IP 04A,SF1-MCU,GM4,SF01,TCLO CONF CCRP JBFI PART RIMP,SOPL,IP1020260615,2026-06-29,2026-06-15,2026-06-29,0.0,4.0,SF01PEAUMR,SMC,,,,ZEST,350,57,184833.0,480192.0,4
12954940.0,4002097523,OMS_MESURE VIBRATOIRE PALIERS,OR004002097523,SF01-UT-FDEM-BASSIN-0IP04A,MOTOPOMPE EAU MER VERS PPII IPO4A BASSIN,,,S-PC-P924 IP 04A,SF1-MCU,GM4,SF01,TCLO CONF CCRP JBFI PART RIMP,SOPL,IP1020260615,2026-06-25,2026-06-15,2026-06-25,0.0,1.0,SF01PEAUMR,SMC,,,,ZPRV,290,60,184834.0,480193.0,4
12954941.0,4002097524,OMS_MESURE VIBRATOIRE PALIERS,OR004002097524,SF01-UT-FDEM-BASSIN-0IP04B,MOTOPOMPE EAU MER VERS PPII IPO4B BASSIN,,,S-PC-P924 IP 04B,SF1-MCU,GM4,SF01,TCLO CONF CCRP JBFI PART RIMP,SOPL,IP1020260615,2026-06-26,2026-06-15,2026-06-26,0.0,1.0,SF01PEAUMR,SMC,,,,ZPRV,290,60,184836.0,480195.0,4
12954965.0,4002097547,LUBRIFICATION DES PALIERS,OR004002097547,SF01-UT-FDEM-BASSIN-0IP01A,MOTOPOMPE EAU MER VERS CENTRALE IPO1A MC,,,S-PC-P924 IP 01A,SF1-MCU,GM4,SF01,TCLO CONF CCRP JBFI PART RIMP,SOPL,IP1020260615,2026-06-27,2026-06-15,2026-06-29,0.0,4.0,SF01PEAUMR,SMC,,,,ZEST,350,60,184821.0,480180.0,1
12954967.0,4002097549,OMS_MESURE VIBRATOIRE PALIERS,OR004002097549,SF01-UT-FDEM-BASSIN-0IP01A,MOTOPOMPE EAU MER VERS CENTRALE IPO1A MC,,,S-PC-P924 IP 01A,SF1-MCU,GM4,SF01,TCLO CONF CCRP JBFI PART RIMP,SOPL,IP1020260615,2026-06-26,2026-06-15,2026-06-26,0.0,1.0,SF01PEAUMR,SMC,,,,ZPRV,290,60,184822.0,480181.0,1
12954968.0,4002097550,LUBRIFICATION DES PALIERS,OR004002097550,SF01-UT-FDEM-BASSIN-0IP01B,MOTOPOMPE EAU MER VERS CENTRALE IPO1B MC,,,S-PC-P924 IP 01B,SF1-MCU,GM4,SF01,TCLO CONF CCRP JBFI PART RIMP,SOPL,IP1020260615,2026-06-28,2026-06-15,2026-06-29,0.0,4.0,SF01PEAUMR,SMC,,,,ZEST,350,60,184823.0,480182.0,1
12954969.0,4002097551,OMS_MESURE VIBRATOIRE PALIERS,OR004002097551,SF01-UT-FDEM-BASSIN-0IP01B,MOTOPOMPE EAU MER VERS CENTRALE IPO1B MC,,,S-PC-P924 IP 01B,SF1-MCU,GM4,SF01,TCLO CONF CCRP JBFI PART RIMP,SOPL,IP1020260615,2026-06-27,2026-06-15,2026-06-29,0.0,1.0,SF01PEAUMR,SMC,,,,ZPRV,290,60,184824.0,480183.0,1
12954980.0,4002097552,LUBRIFICATION DES PALIERS,OR004002097552,SF01-UT-FDEM-BASSIN-0IP02A,MOTOPOMPE EAU MER VERS SEM2 IPO2A MC,,,S-PC-P924 IP 02A,SF1-MCU,GM4,SF01,TCLO CONF CCRP JBFI PART RIMP,SOPL,IP1020260615,2026-06-28,2026-06-15,2026-06-29,0.0,4.0,SF01PEAUMR,SMC,,,,ZEST,350,60,184825.0,480184.0,2
12954981.0,4002097553,OMS_MESURE VIBRATOIRE PALIERS,OR004002097553,SF01-UT-FDEM-BASSIN-0IP02A,MOTOPOMPE EAU MER VERS SEM2 IPO2A MC,,,S-PC-P924 IP 02A,SF1-MCU,GM4,SF01,TCLO CONF CCRP JBFI PART RIMP,SOPL,IP1020260615,2026-06-27,2026-06-15,2026-06-29,0.0,1.0,SF01PEAUMR,SMC,,,,ZPRV,290,60,184826.0,480185.0,2
12954982.0,4002097554,LUBRIFICATION DES PALIERS,OR004002097554,SF01-UT-FDEM-BASSIN-0IP02B,MOTOPOMPE EAU MER VERS SEM2 IPO2B,,,S-PC-P924 IP 02B,SF1-MCU,GM4,SF01,TCLO CONF CCRP JBFI PART RIMP,SOPL,IP1020260615,2026-06-29,2026-06-15,2026-06-29,0.0,4.0,SF01PEAUMR,SMC,,,,ZEST,350,60,184827.0,480186.0,2
12954983.0,4002097555,OMS_MESURE VIBRATOIRE PALIERS,OR004002097555,SF01-UT-FDEM-BASSIN-0IP02B,MOTOPOMPE EAU MER VERS SEM2 IPO2B,,,S-PC-P924 IP 02B,SF1-MCU,GM4,SF01,TCLO CONF CCRP JBFI PART RIMP,SOPL,IP1020260615,2026-06-28,2026-06-15,2026-06-29,0.0,1.0,SF01PEAUMR,SMC,,,,ZPRV,290,60,184828.0,480187.0,2
12793869.0,4002103135,montage accessoires pompe IP04A,OR004002103135,SF01-UT-FDEM-BASSIN-0IP04A-CRSV,INSTRUMENT DE LA POMPE IP04A,,,,SF1-RCU,GM0,SF01,TCLO CONF CCRP JBFI PART RIMP,SOPL,BENMOUSSA1,2026-06-15,2026-06-15,,2.0,1.5,SF01SLFPS4,SMC,,,,ZCOR,110,0,,,4
12793874.0,4002103136,débranchement les accessoires IP04B,OR004002103136,SF01-UT-FDEM-BASSIN-0IP04B-CRSV,INSTRUMENT DE LA POMPE  IP 04B,,,,SF1-RCU,GM0,SF01,TCLO CONF CCRP JBFI PART RIMP,SOPL,BENMOUSSA1,2026-06-23,2026-06-15,,2.0,1.5,SF01SLFPS4,SMC,,,,ZCOR,110,0,,,4
12994886.0,4002140378,LUBRIFICATION DES PALIERS,OR004002140378,SF01-UT-FDEM-BASSIN-0IP03A,MOTOPOMPE EAU MER VERS PSII IPO3A BASSIN,,,S-PC-P924 IP 03A,SF1-MCU,GM4,SF01,TCLO CONF CCRP JBFI PART RIMP,SOPL,IP1020260622,2026-07-01,2026-06-22,2026-07-01,0.0,4.0,SF01PEAUMR,SMC,,,,ZEST,350,59,184829.0,480188.0,3
12994892.0,4002140384,OMS_MESURE VIBRATOIRE PALIERS,OR004002140384,SF01-UT-FDEM-BASSIN-0IP03A,MOTOPOMPE EAU MER VERS PSII IPO3A BASSIN,,,S-PC-P924 IP 03A,SF1-MCU,GM4,SF01,TCLO CONF CCRP JBFI PART RIMP,SOPL,IP1020260622,2026-07-02,2026-06-22,2026-07-02,0.0,1.0,SF01PEAUMR,SMC,,,,ZPRV,290,61,184830.0,480189.0,3
12994899.0,4002140391,LUBRIFICATION DES PALIERS,OR004002140391,SF01-UT-FDEM-BASSIN-0IP03B,MOTOPOMPE EAU MER VERS PSII IPO3B BASSIN,,,S-PC-P924 IP 03B,SF1-MCU,GM4,SF01,TCLO CONF CCRP JBFI PART RIMP,SOPL,IP1020260622,2026-07-01,2026-06-22,2026-07-01,0.0,4.0,SF01PEAUMR,SMC,,,,ZEST,350,59,184831.0,480190.0,3
12994904.0,4002140396,OMS_MESURE VIBRATOIRE PALIERS,OR004002140396,SF01-UT-FDEM-BASSIN-0IP03B,MOTOPOMPE EAU MER VERS PSII IPO3B BASSIN,,,S-PC-P924 IP 03B,SF1-MCU,GM4,SF01,TCLO CONF CCRP JBFI PART RIMP,SOPL,IP1020260622,2026-07-02,2026-06-22,2026-07-02,0.0,1.0,SF01PEAUMR,SMC,,,,ZPRV,290,61,184832.0,480191.0,3
12994908.0,4002140400,LUBRIFICATION DES PALIERS,OR004002140400,SF01-UT-FDEM-BASSIN-0IP04A,MOTOPOMPE EAU MER VERS PPII IPO4A BASSIN,,,S-PC-P924 IP 04A,SF1-MCU,GM4,SF01,TCLO CONF CCRP JBFI PART RIMP,SOPL,IP1020260622,2026-07-06,2026-06-22,2026-07-06,0.0,4.0,SF01PEAUMR,SMC,,,,ZEST,350,58,184833.0,480192.0,4
12994915.0,4002140407,OMS_MESURE VIBRATOIRE PALIERS,OR004002140407,SF01-UT-FDEM-BASSIN-0IP04A,MOTOPOMPE EAU MER VERS PPII IPO4A BASSIN,,,S-PC-P924 IP 04A,SF1-MCU,GM4,SF01,TCLO CONF CCRP JBFI PART RIMP,SOPL,IP1020260622,2026-07-02,2026-06-22,2026-07-02,0.0,1.0,SF01PEAUMR,SMC,,,,ZPRV,290,61,184834.0,480193.0,4
12994922.0,4002140414,LUBRIFICATION DES PALIERS,OR004002140414,SF01-UT-FDEM-BASSIN-0IP04B,MOTOPOMPE EAU MER VERS PPII IPO4B BASSIN,,,S-PC-P924 IP 04B,SF1-MCU,GM4,SF01,TCLO CONF CCRP JBFI PART RIMP,SOPL,IP1020260622,2026-07-08,2026-06-22,2026-07-08,0.0,1.0,SF01PEAUMR,SMC,,,,ZEST,350,27,184835.0,480194.0,4
12994928.0,4002140420,LUBRIFICATION DES PALIERS,OR004002140420,SF01-UT-FDEM-BASSIN-0IP01A,MOTOPOMPE EAU MER VERS CENTRALE IPO1A MC,,,S-PC-P924 IP 01A,SF1-MCU,GM4,SF01,TCLO CONF CCRP JBFI PART RIMP,SOPL,IP1020260622,2026-07-04,2026-06-22,2026-07-06,0.0,4.0,SF01PEAUMR,SMC,,,,ZEST,350,61,184821.0,480180.0,1
12994929.0,4002140421,OMS_MESURE VIBRATOIRE PALIERS,OR004002140421,SF01-UT-FDEM-BASSIN-0IP04B,MOTOPOMPE EAU MER VERS PPII IPO4B BASSIN,,,S-PC-P924 IP 04B,SF1-MCU,GM4,SF01,TCLO CONF CCRP JBFI PART RIMP,SOPL,IP1020260622,2026-07-03,2026-06-22,2026-07-03,0.0,1.0,SF01PEAUMR,SMC,,,,ZPRV,290,61,184836.0,480195.0,4
12994935.0,4002140427,OMS_MESURE VIBRATOIRE PALIERS,OR004002140427,SF01-UT-FDEM-BASSIN-0IP01A,MOTOPOMPE EAU MER VERS CENTRALE IPO1A MC,,,S-PC-P924 IP 01A,SF1-MCU,GM4,SF01,TCLO CONF CCRP JBFI PART RIMP,SOPL,IP1020260622,2026-07-03,2026-06-22,2026-07-03,0.0,1.0,SF01PEAUMR,SMC,,,,ZPRV,290,61,184822.0,480181.0,1
12994940.0,4002140432,LUBRIFICATION DES PALIERS,OR004002140432,SF01-UT-FDEM-BASSIN-0IP01B,MOTOPOMPE EAU MER VERS CENTRALE IPO1B MC,,,S-PC-P924 IP 01B,SF1-MCU,GM4,SF01,TCLO CONF CCRP JBFI PART RIMP,SOPL,IP1020260622,2026-07-05,2026-06-22,2026-07-06,0.0,4.0,SF01PEAUMR,SMC,,,,ZEST,350,61,184823.0,480182.0,1
12994943.0,4002140435,OMS_MESURE VIBRATOIRE PALIERS,OR004002140435,SF01-UT-FDEM-BASSIN-0IP01B,MOTOPOMPE EAU MER VERS CENTRALE IPO1B MC,,,S-PC-P924 IP 01B,SF1-MCU,GM4,SF01,TCLO CONF CCRP JBFI PART RIMP,SOPL,IP1020260622,2026-07-04,2026-06-22,2026-07-06,0.0,1.0,SF01PEAUMR,SMC,,,,ZPRV,290,61,184824.0,480183.0,1
12994946.0,4002140438,LUBRIFICATION DES PALIERS,OR004002140438,SF01-UT-FDEM-BASSIN-0IP02A,MOTOPOMPE EAU MER VERS SEM2 IPO2A MC,,,S-PC-P924 IP 02A,SF1-MCU,GM4,SF01,TCLO CONF CCRP JBFI PART RIMP,SOPL,IP1020260622,2026-07-05,2026-06-22,2026-07-06,0.0,4.0,SF01PEAUMR,SMC,,,,ZEST,350,61,184825.0,480184.0,2
12994948.0,4002140440,OMS_MESURE VIBRATOIRE PALIERS,OR004002140440,SF01-UT-FDEM-BASSIN-0IP02A,MOTOPOMPE EAU MER VERS SEM2 IPO2A MC,,,S-PC-P924 IP 02A,SF1-MCU,GM4,SF01,TCLO CONF CCRP JBFI PART RIMP,SOPL,IP1020260622,2026-07-04,2026-06-22,2026-07-06,0.0,1.0,SF01PEAUMR,SMC,,,,ZPRV,290,61,184826.0,480185.0,2
12994949.0,4002140441,LUBRIFICATION DES PALIERS,OR004002140441,SF01-UT-FDEM-BASSIN-0IP02B,MOTOPOMPE EAU MER VERS SEM2 IPO2B,,,S-PC-P924 IP 02B,SF1-MCU,GM4,SF01,TCLO CONF CCRP JBFI PART RIMP,SOPL,IP1020260622,2026-07-06,2026-06-22,2026-07-06,0.0,4.0,SF01PEAUMR,SMC,,,,ZEST,350,61,184827.0,480186.0,2
12994950.0,4002140442,OMS_MESURE VIBRATOIRE PALIERS,OR004002140442,SF01-UT-FDEM-BASSIN-0IP02B,MOTOPOMPE EAU MER VERS SEM2 IPO2B,,,S-PC-P924 IP 02B,SF1-MCU,GM4,SF01,TCLO CONF CCRP JBFI PART RIMP,SOPL,IP1020260622,2026-07-05,2026-06-22,2026-07-06,0.0,1.0,SF01PEAUMR,SMC,,,,ZPRV,290,61,184828.0,480187.0,2
,4002150430,Serrage des tresses des pompes,OR004002150430,SF01-UT-FDEM-BASSIN-0IP04B,MOTOPOMPE EAU MER VERS PPII IPO4B BASSIN,,,S-PC-P924 IP 04B,SF1-MCU,GM4,SF01,TCLO CONF CCRP JBFI PART RIMP,SOPL,MATAR1,2026-06-22,2026-06-22,,4.0,4.5,SF01PEAUMR,SMC,,,2.0,ZCOR,110,0,,,4
13066179.0,4002220268,montage pompe IP04B au bassin,OR004002220268,SF01-UT-FDEM-BASSIN-0IP04B,MOTOPOMPE EAU MER VERS PPII IPO4B BASSIN,,,S-PC-P924 IP 04B,SF1-MCU,GM4,SF01,TCLO CONF CCRP JBFI PART RIMP,SOPL,MATAR1,2026-07-08,2026-06-29,,4.0,4.5,SF01PEAUMR,SMC,,,2.0,ZCOR,110,0,,,4
13086402.0,4002223412,LUBRIFICATION DES PALIERS,OR004002223412,SF01-UT-FDEM-BASSIN-0IP03A,MOTOPOMPE EAU MER VERS PSII IPO3A BASSIN,,,S-PC-P924 IP 03A,SF1-MCU,GM4,SF01,TCLO CONF CCRP JBFI PART RIMP,SOPL,IP1020260629,2026-07-08,2026-06-29,2026-07-08,0.0,4.0,SF01PEAUMR,SMC,,,,ZEST,350,60,184829.0,480188.0,3
13086405.0,4002223415,OMS_MESURE VIBRATOIRE PALIERS,OR004002223415,SF01-UT-FDEM-BASSIN-0IP03A,MOTOPOMPE EAU MER VERS PSII IPO3A BASSIN,,,S-PC-P924 IP 03A,SF1-MCU,GM4,SF01,TCLO CONF CCRP JBFI PART RIMP,SOPL,IP1020260629,2026-07-09,2026-06-29,2026-07-09,0.0,1.0,SF01PEAUMR,SMC,,,,ZPRV,290,62,184830.0,480189.0,3
13086406.0,4002223416,LUBRIFICATION DES PALIERS,OR004002223416,SF01-UT-FDEM-BASSIN-0IP03B,MOTOPOMPE EAU MER VERS PSII IPO3B BASSIN,,,S-PC-P924 IP 03B,SF1-MCU,GM4,SF01,TCLO CONF CCRP JBFI PART RIMP,SOPL,IP1020260629,2026-07-08,2026-06-29,2026-07-08,0.0,4.0,SF01PEAUMR,SMC,,,,ZEST,350,60,184831.0,480190.0,3
13086408.0,4002223418,OMS_MESURE VIBRATOIRE PALIERS,OR004002223418,SF01-UT-FDEM-BASSIN-0IP03B,MOTOPOMPE EAU MER VERS PSII IPO3B BASSIN,,,S-PC-P924 IP 03B,SF1-MCU,GM4,SF01,TCLO CONF CCRP JBFI PART RIMP,SOPL,IP1020260629,2026-07-09,2026-06-29,2026-07-09,0.0,1.0,SF01PEAUMR,SMC,,,,ZPRV,290,62,184832.0,480191.0,3
13086415.0,4002223449,LUBRIFICATION DES PALIERS,OR004002223449,SF01-UT-FDEM-BASSIN-0IP01A,MOTOPOMPE EAU MER VERS CENTRALE IPO1A MC,,,S-PC-P924 IP 01A,SF1-MCU,GM4,SF01,TCLO CONF CCRP JBFI PART RIMP,SOPL,IP1020260629,2026-07-11,2026-06-29,2026-07-12,0.0,4.0,SF01PEAUMR,SMC,,,,ZEST,350,62,184821.0,480180.0,1
13086418.0,4002223452,OMS_MESURE VIBRATOIRE PALIERS,OR004002223452,SF01-UT-FDEM-BASSIN-0IP01A,MOTOPOMPE EAU MER VERS CENTRALE IPO1A MC,,,S-PC-P924 IP 01A,SF1-MCU,GM4,SF01,TCLO CONF CCRP JBFI PART RIMP,SOPL,IP1020260629,2026-07-10,2026-06-29,2026-07-10,0.0,1.0,SF01PEAUMR,SMC,,,,ZPRV,290,62,184822.0,480181.0,1
13086432.0,4002223456,LUBRIFICATION DES PALIERS,OR004002223456,SF01-UT-FDEM-BASSIN-0IP01B,MOTOPOMPE EAU MER VERS CENTRALE IPO1B MC,,,S-PC-P924 IP 01B,SF1-MCU,GM4,SF01,TCLO CONF CCRP JBFI PART RIMP,SOPL,IP1020260629,2026-07-12,2026-06-29,2026-07-12,0.0,4.0,SF01PEAUMR,SMC,,,,ZEST,350,62,184823.0,480182.0,1
13086441.0,4002223461,LUBRIFICATION DES PALIERS,OR004002223461,SF01-UT-FDEM-BASSIN-0IP04A,MOTOPOMPE EAU MER VERS PPII IPO4A BASSIN,,,S-PC-P924 IP 04A,SF1-MCU,GM4,SF01,TCLO CONF CCRP JBFI PART RIMP,SOPL,IP1020260629,2026-07-13,2026-06-29,2026-07-13,0.0,4.0,SF01PEAUMR,SMC,,,,ZEST,350,59,184833.0,480192.0,4
13086442.0,4002223462,OMS_MESURE VIBRATOIRE PALIERS,OR004002223462,SF01-UT-FDEM-BASSIN-0IP04A,MOTOPOMPE EAU MER VERS PPII IPO4A BASSIN,,,S-PC-P924 IP 04A,SF1-MCU,GM4,SF01,TCLO CONF CCRP JBFI PART RIMP,SOPL,IP1020260629,2026-07-09,2026-06-29,2026-07-09,0.0,1.0,SF01PEAUMR,SMC,,,,ZPRV,290,62,184834.0,480193.0,4
13086445.0,4002223465,OMS_MESURE VIBRATOIRE PALIERS,OR004002223465,SF01-UT-FDEM-BASSIN-0IP04B,MOTOPOMPE EAU MER VERS PPII IPO4B BASSIN,,,S-PC-P924 IP 04B,SF1-MCU,GM4,SF01,TCLO CONF CCRP JBFI PART RIMP,SOPL,IP1020260629,2026-07-10,2026-06-29,2026-07-10,0.0,1.0,SF01PEAUMR,SMC,,,,ZPRV,290,62,184836.0,480195.0,4
13086436.0,4002223480,OMS_MESURE VIBRATOIRE PALIERS,OR004002223480,SF01-UT-FDEM-BASSIN-0IP01B,MOTOPOMPE EAU MER VERS CENTRALE IPO1B MC,,,S-PC-P924 IP 01B,SF1-MCU,GM4,SF01,TCLO CONF CCRP JBFI PART RIMP,SOPL,IP1020260629,2026-07-11,2026-06-29,2026-07-12,0.0,1.0,SF01PEAUMR,SMC,,,,ZPRV,290,62,184824.0,480183.0,1
13086439.0,4002223483,LUBRIFICATION DES PALIERS,OR004002223483,SF01-UT-FDEM-BASSIN-0IP02A,MOTOPOMPE EAU MER VERS SEM2 IPO2A MC,,,S-PC-P924 IP 02A,SF1-MCU,GM4,SF01,TCLO CONF CCRP JBFI PART RIMP,SOPL,IP1020260629,2026-07-12,2026-06-29,2026-07-12,0.0,4.0,SF01PEAUMR,SMC,,,,ZEST,350,62,184825.0,480184.0,2
13086452.0,4002223486,OMS_MESURE VIBRATOIRE PALIERS,OR004002223486,SF01-UT-FDEM-BASSIN-0IP02A,MOTOPOMPE EAU MER VERS SEM2 IPO2A MC,,,S-PC-P924 IP 02A,SF1-MCU,GM4,SF01,TCLO CONF CCRP JBFI PART RIMP,SOPL,IP1020260629,2026-07-11,2026-06-29,2026-07-12,0.0,1.0,SF01PEAUMR,SMC,,,,ZPRV,290,62,184826.0,480185.0,2
13086455.0,4002223489,LUBRIFICATION DES PALIERS,OR004002223489,SF01-UT-FDEM-BASSIN-0IP02B,MOTOPOMPE EAU MER VERS SEM2 IPO2B,,,S-PC-P924 IP 02B,SF1-MCU,GM4,SF01,TCLO CONF CCRP JBFI PART RIMP,SOPL,IP1020260629,2026-07-13,2026-06-29,2026-07-13,0.0,4.0,SF01PEAUMR,SMC,,,,ZEST,350,62,184827.0,480186.0,2
13086458.0,4002223492,OMS_MESURE VIBRATOIRE PALIERS,OR004002223492,SF01-UT-FDEM-BASSIN-0IP02B,MOTOPOMPE EAU MER VERS SEM2 IPO2B,,,S-PC-P924 IP 02B,SF1-MCU,GM4,SF01,TCLO CONF CCRP JBFI PART RIMP,SOPL,IP1020260629,2026-07-12,2026-06-29,2026-07-12,0.0,1.0,SF01PEAUMR,SMC,,,,ZPRV,290,62,184828.0,480187.0,2
13065269.0,4002223561,branchement les accessoires IP04B,OR004002223561,SF01-UT-FDEM-BASSIN-0IP04B-CRSV,INSTRUMENT DE LA POMPE  IP 04B,,,,SF1-RCU,GM0,SF01,TCLO CONF CCRP JBFI PART RIMP,SOPL,BENMOUSSA1,2026-06-29,2026-06-29,,2.0,1.5,SF01SLFPS4,SMC,,,,ZCOR,110,0,,,4
13066194.0,4002223592,branchement moteur  pompe IP04B,OR004002223592,SF01-UT-FDEM-BASSIN-0IP04B-GMOT,GROUPE MOTEUR,,,,SF1-ECU,GM7,SF01,TCLO CONF CCRP JBFI PART RIMP,SOPL,BENMOUSSA1,2026-06-29,2026-06-29,,2.0,1.5,SF01SLFPS4,SMC,,,,ZCOR,110,0,,,4
13131443.0,4002264833,LUBRIFICATION DES PALIERS,OR004002264833,SF01-UT-FDEM-BASSIN-0IP03A,MOTOPOMPE EAU MER VERS PSII IPO3A BASSIN,,,S-PC-P924 IP 03A,SF1-MCU,GM4,SF01,TCLO CONF CCRP JBFI PART RIMP,SOPL,IP1020260706,2026-07-15,2026-07-06,2026-07-15,0.0,4.0,SF01PEAUMR,SMC,,,,ZEST,350,61,184829.0,480188.0,3
13131452.0,4002264842,OMS_MESURE VIBRATOIRE PALIERS,OR004002264842,SF01-UT-FDEM-BASSIN-0IP03A,MOTOPOMPE EAU MER VERS PSII IPO3A BASSIN,,,S-PC-P924 IP 03A,SF1-MCU,GM4,SF01,TCLO CONF CCRP JBFI PART RIMP,SOPL,IP1020260706,2026-07-16,2026-07-06,2026-07-16,0.0,1.0,SF01PEAUMR,SMC,,,,ZPRV,290,63,184830.0,480189.0,3
13131459.0,4002264849,LUBRIFICATION DES PALIERS,OR004002264849,SF01-UT-FDEM-BASSIN-0IP03B,MOTOPOMPE EAU MER VERS PSII IPO3B BASSIN,,,S-PC-P924 IP 03B,SF1-MCU,GM4,SF01,TCLO CONF CCRP JBFI PART RIMP,SOPL,IP1020260706,2026-07-15,2026-07-06,2026-07-15,0.0,4.0,SF01PEAUMR,SMC,,,,ZEST,350,61,184831.0,480190.0,3
13131464.0,4002264854,OMS_MESURE VIBRATOIRE PALIERS,OR004002264854,SF01-UT-FDEM-BASSIN-0IP03B,MOTOPOMPE EAU MER VERS PSII IPO3B BASSIN,,,S-PC-P924 IP 03B,SF1-MCU,GM4,SF01,TCLO CONF CCRP JBFI PART RIMP,SOPL,IP1020260706,2026-07-16,2026-07-06,2026-07-16,0.0,1.0,SF01PEAUMR,SMC,,,,ZPRV,290,63,184832.0,480191.0,3
13131467.0,4002264857,LUBRIFICATION DES PALIERS,OR004002264857,SF01-UT-FDEM-BASSIN-0IP01A,MOTOPOMPE EAU MER VERS CENTRALE IPO1A MC,,,S-PC-P924 IP 01A,SF1-MCU,GM4,SF01,TCLO CONF CCRP JBFI PART RIMP,SOPL,IP1020260706,2026-07-20,2026-07-06,2026-07-20,0.0,4.0,SF01PEAUMR,SMC,,,,ZEST,350,63,184821.0,480180.0,1
13131468.0,4002264858,LUBRIFICATION DES PALIERS,OR004002264858,SF01-UT-FDEM-BASSIN-0IP04A,MOTOPOMPE EAU MER VERS PPII IPO4A BASSIN,,,S-PC-P924 IP 04A,SF1-MCU,GM4,SF01,TCLO CONF CCRP JBFI PART RIMP,SOPL,IP1020260706,2026-07-20,2026-07-06,2026-07-20,0.0,4.0,SF01PEAUMR,SMC,,,,ZEST,350,60,184833.0,480192.0,4
13131473.0,4002264863,OMS_MESURE VIBRATOIRE PALIERS,OR004002264863,SF01-UT-FDEM-BASSIN-0IP01A,MOTOPOMPE EAU MER VERS CENTRALE IPO1A MC,,,S-PC-P924 IP 01A,SF1-MCU,GM4,SF01,TCLO CONF CCRP JBFI PART RIMP,SOPL,IP1020260706,2026-07-17,2026-07-06,2026-07-17,0.0,1.0,SF01PEAUMR,SMC,,,,ZPRV,290,63,184822.0,480181.0,1
13131475.0,4002264865,OMS_MESURE VIBRATOIRE PALIERS,OR004002264865,SF01-UT-FDEM-BASSIN-0IP04A,MOTOPOMPE EAU MER VERS PPII IPO4A BASSIN,,,S-PC-P924 IP 04A,SF1-MCU,GM4,SF01,TCLO CONF CCRP JBFI PART RIMP,SOPL,IP1020260706,2026-07-16,2026-07-06,2026-07-16,0.0,1.0,SF01PEAUMR,SMC,,,,ZPRV,290,63,184834.0,480193.0,4
13131478.0,4002264868,LUBRIFICATION DES PALIERS,OR004002264868,SF01-UT-FDEM-BASSIN-0IP01B,MOTOPOMPE EAU MER VERS CENTRALE IPO1B MC,,,S-PC-P924 IP 01B,SF1-MCU,GM4,SF01,TCLO CONF CCRP JBFI PART RIMP,SOPL,IP1020260706,2026-07-20,2026-07-06,2026-07-20,0.0,4.0,SF01PEAUMR,SMC,,,,ZEST,350,63,184823.0,480182.0,1
13131480.0,4002264870,LUBRIFICATION DES PALIERS,OR004002264870,SF01-UT-FDEM-BASSIN-0IP04B,MOTOPOMPE EAU MER VERS PPII IPO4B BASSIN,,,S-PC-P924 IP 04B,SF1-MCU,GM4,SF01,TCLO CONF CCRP JBFI PART RIMP,SOPL,IP1020260706,2026-07-23,2026-07-06,2026-07-23,0.0,1.0,SF01PEAUMR,SMC,,,2.0,ZEST,350,28,184835.0,480194.0,4
13131483.0,4002264873,OMS_MESURE VIBRATOIRE PALIERS,OR004002264873,SF01-UT-FDEM-BASSIN-0IP01B,MOTOPOMPE EAU MER VERS CENTRALE IPO1B MC,,,S-PC-P924 IP 01B,SF1-MCU,GM4,SF01,TCLO CONF CCRP JBFI PART RIMP,SOPL,IP1020260706,2026-07-20,2026-07-06,2026-07-20,0.0,1.0,SF01PEAUMR,SMC,,,,ZPRV,290,63,184824.0,480183.0,1
13131487.0,4002264877,OMS_MESURE VIBRATOIRE PALIERS,OR004002264877,SF01-UT-FDEM-BASSIN-0IP04B,MOTOPOMPE EAU MER VERS PPII IPO4B BASSIN,,,S-PC-P924 IP 04B,SF1-MCU,GM4,SF01,TCLO CONF CCRP JBFI PART RIMP,SOPL,IP1020260706,2026-07-17,2026-07-06,2026-07-17,0.0,1.0,SF01PEAUMR,SMC,,,,ZPRV,290,63,184836.0,480195.0,4
13131489.0,4002264879,LUBRIFICATION DES PALIERS,OR004002264879,SF01-UT-FDEM-BASSIN-0IP02A,MOTOPOMPE EAU MER VERS SEM2 IPO2A MC,,,S-PC-P924 IP 02A,SF1-MCU,GM4,SF01,TCLO CONF CCRP JBFI PART RIMP,SOPL,IP1020260706,2026-07-20,2026-07-06,2026-07-20,0.0,4.0,SF01PEAUMR,SMC,,,,ZEST,350,63,184825.0,480184.0,2
13131495.0,4002264885,OMS_MESURE VIBRATOIRE PALIERS,OR004002264885,SF01-UT-FDEM-BASSIN-0IP02A,MOTOPOMPE EAU MER VERS SEM2 IPO2A MC,,,S-PC-P924 IP 02A,SF1-MCU,GM4,SF01,TCLO CONF CCRP JBFI PART RIMP,SOPL,IP1020260706,2026-07-20,2026-07-06,2026-07-20,0.0,1.0,SF01PEAUMR,SMC,,,,ZPRV,290,63,184826.0,480185.0,2
13131503.0,4002264893,LUBRIFICATION DES PALIERS,OR004002264893,SF01-UT-FDEM-BASSIN-0IP02B,MOTOPOMPE EAU MER VERS SEM2 IPO2B,,,S-PC-P924 IP 02B,SF1-MCU,GM4,SF01,TCLO CONF CCRP JBFI PART RIMP,SOPL,IP1020260706,2026-07-20,2026-07-06,2026-07-20,0.0,4.0,SF01PEAUMR,SMC,,,,ZEST,350,63,184827.0,480186.0,2
13131506.0,4002264896,OMS_MESURE VIBRATOIRE PALIERS,OR004002264896,SF01-UT-FDEM-BASSIN-0IP02B,MOTOPOMPE EAU MER VERS SEM2 IPO2B,,,S-PC-P924 IP 02B,SF1-MCU,GM4,SF01,TCLO CONF CCRP JBFI PART RIMP,SOPL,IP1020260706,2026-07-20,2026-07-06,2026-07-20,0.0,1.0,SF01PEAUMR,SMC,,,,ZPRV,290,63,184828.0,480187.0,2
13152417.0,4002285347,préventif (3 mois) moteur MT,OR004002285347,SF01-UT-FDEM-BASSIN-0IP01A-GMOT-0MOTEUR,MOTEUR ELECTRIQUE MT,,,S-PC-924IP01A-M,SF1-ECU,GM7,SF01,CRÉÉ CCRP DANP DNMJ PART,CRPR,IP1020260710,2026-10-19,2026-07-10,,0.0,0.0,SF01PEAUMR,SMC,,,,ZEST,360,5,213290.0,539366.0,1
13152425.0,4002285356,préventif (3 mois) moteur MT,OR004002285356,SF01-UT-FDEM-BASSIN-0IP01B-GMOT-0MOTEUR,MOTEUR ELECTRIQUE MT,,,S-PC-924IP01B-M,SF1-ECU,GM7,SF01,CRÉÉ CCRP DANP DNMJ PART,CRPR,IP1020260710,2026-10-19,2026-07-10,,0.0,0.0,SF01PEAUMR,SMC,,,,ZEST,360,5,213291.0,539367.0,1
13152427.0,4002285358,préventif (6 mois) moteur MT,OR004002285358,SF01-UT-FDEM-BASSIN-0IP01A-GMOT-0MOTEUR,MOTEUR ELECTRIQUE MT,,,S-PC-924IP01A-M,SF1-ECU,GM7,SF01,CRÉÉ CCRP DANP DNMJ PART,CRPR,IP1020260710,2027-01-18,2026-07-10,,0.0,0.0,SF01PEAUMR,SMC,,,,ZEST,360,3,212935.0,538491.0,1
13152432.0,4002285363,préventif (3 mois) moteur MT,OR004002285363,SF01-UT-FDEM-BASSIN-0IP02A-GMOT-0MOTEUR,MOTEUR ELECTRIQUE MT,,,S-PC-924IP02A-M,SF1-ECU,GM7,SF01,CRÉÉ CCRP DANP DNMJ PART,CRPR,IP1020260710,2026-10-19,2026-07-10,,0.0,0.0,SF01PEAUMR,SMC,,,,ZEST,360,5,213292.0,539368.0,2
13152436.0,4002285367,préventif (6 mois) moteur MT,OR004002285367,SF01-UT-FDEM-BASSIN-0IP01B-GMOT-0MOTEUR,MOTEUR ELECTRIQUE MT,,,S-PC-924IP01B-M,SF1-ECU,GM7,SF01,CRÉÉ CCRP DANP DNMJ PART,CRPR,IP1020260710,2027-01-18,2026-07-10,,0.0,0.0,SF01PEAUMR,SMC,,,,ZEST,360,3,212936.0,538492.0,1
13152441.0,4002285373,préventif (3 mois) moteur MT,OR004002285373,SF01-UT-FDEM-BASSIN-0IP02B-GMOT-0MOTEUR,MOTEUR ELECTRIQUE MT,,,S-PC-924IP02B-M,SF1-ECU,GM7,SF01,CRÉÉ CCRP DANP DNMJ PART,CRPR,IP1020260710,2026-10-19,2026-07-10,,0.0,0.0,SF01PEAUMR,SMC,,,,ZEST,360,5,213293.0,539369.0,2
13152449.0,4002285382,préventif (6 mois) moteur MT,OR004002285382,SF01-UT-FDEM-BASSIN-0IP02A-GMOT-0MOTEUR,MOTEUR ELECTRIQUE MT,,,S-PC-924IP02A-M,SF1-ECU,GM7,SF01,CRÉÉ CCRP DANP DNMJ PART,CRPR,IP1020260710,2027-01-18,2026-07-10,,0.0,0.0,SF01PEAUMR,SMC,,,,ZEST,360,3,212937.0,538493.0,2
13152451.0,4002285383,préventif (3 mois) moteur MT,OR004002285383,SF01-UT-FDEM-BASSIN-0IP03A-GMOT-0MOTEUR,MOTEUR ELECTRIQUE MT,,,S-PC-924IP03A-M,SF1-ECU,GM7,SF01,CRÉÉ CCRP DANP DNMJ PART,CRPR,IP1020260710,2026-10-19,2026-07-10,,0.0,0.0,SF01PEAUMR,SMC,,,,ZEST,360,5,213294.0,539370.0,3
13152457.0,4002285390,préventif (3 mois) moteur MT,OR004002285390,SF01-UT-FDEM-BASSIN-0IP03B-GMOT-0MOTEUR,MOTEUR ELECTRIQUE MT,,,S-PC-924IP03B-M,SF1-ECU,GM7,SF01,CRÉÉ CCRP DANP DNMJ PART,CRPR,IP1020260710,2026-10-19,2026-07-10,,0.0,0.0,SF01PEAUMR,SMC,,,,ZEST,360,5,213295.0,539371.0,3
13152459.0,4002285392,préventif (6 mois) moteur MT,OR004002285392,SF01-UT-FDEM-BASSIN-0IP02B-GMOT-0MOTEUR,MOTEUR ELECTRIQUE MT,,,S-PC-924IP02B-M,SF1-ECU,GM7,SF01,CRÉÉ CCRP DANP DNMJ PART,CRPR,IP1020260710,2027-01-18,2026-07-10,,0.0,0.0,SF01PEAUMR,SMC,,,,ZEST,360,3,212938.0,538494.0,2
13152466.0,4002285399,préventif (3 mois) moteur MT,OR004002285399,SF01-UT-FDEM-BASSIN-0IP04A-GMOT-0MOTEUR,MOTEUR ELECTRIQUE MT,,,S-PC-924IP04A-M,SF1-ECU,GM7,SF01,CRÉÉ CCRP DANP DNMJ PART,CRPR,IP1020260710,2026-10-19,2026-07-10,,0.0,0.0,SF01PEAUMR,SMC,,,,ZEST,360,5,213296.0,539372.0,4
13152469.0,4002285402,préventif (6 mois) moteur MT,OR004002285402,SF01-UT-FDEM-BASSIN-0IP03A-GMOT-0MOTEUR,MOTEUR ELECTRIQUE MT,,,S-PC-924IP03A-M,SF1-ECU,GM7,SF01,CRÉÉ CCRP DANP DNMJ PART,CRPR,IP1020260710,2027-01-18,2026-07-10,,0.0,0.0,SF01PEAUMR,SMC,,,,ZEST,360,3,212939.0,538495.0,3
13152475.0,4002285410,préventif (3 mois) moteur MT,OR004002285410,SF01-UT-FDEM-BASSIN-0IP04B-GMOT-0MOTEUR,MOTEUR ELECTRIQUE MT,,,S-PC-924IP04B-M,SF1-ECU,GM7,SF01,CRÉÉ CCRP DANP DNMJ PART,CRPR,IP1020260710,2026-10-19,2026-07-10,,0.0,0.0,SF01PEAUMR,SMC,,,,ZEST,360,5,213297.0,539373.0,4
13152479.0,4002285414,préventif (6 mois) moteur MT,OR004002285414,SF01-UT-FDEM-BASSIN-0IP03B-GMOT-0MOTEUR,MOTEUR ELECTRIQUE MT,,,S-PC-924IP03B-M,SF1-ECU,GM7,SF01,CRÉÉ CCRP DANP DNMJ PART,CRPR,IP1020260710,2027-01-18,2026-07-10,,0.0,0.0,SF01PEAUMR,SMC,,,,ZEST,360,3,212940.0,538496.0,3
13152491.0,4002285429,préventif (6 mois) moteur MT,OR004002285429,SF01-UT-FDEM-BASSIN-0IP04A-GMOT-0MOTEUR,MOTEUR ELECTRIQUE MT,,,S-PC-924IP04A-M,SF1-ECU,GM7,SF01,CRÉÉ CCRP DANP DNMJ PART,CRPR,IP1020260710,2027-01-18,2026-07-10,,0.0,0.0,SF01PEAUMR,SMC,,,,ZEST,360,3,212941.0,538497.0,4
13152503.0,4002285443,préventif (6 mois) moteur MT,OR004002285443,SF01-UT-FDEM-BASSIN-0IP04B-GMOT-0MOTEUR,MOTEUR ELECTRIQUE MT,,,S-PC-924IP04B-M,SF1-ECU,GM7,SF01,CRÉÉ CCRP DANP DNMJ PART,CRPR,IP1020260710,2027-01-18,2026-07-10,,0.0,0.0,SF01PEAUMR,SMC,,,,ZEST,360,3,212942.0,538498.0,4
13152578.0,4002285559,préventif (1 an) moteur MT,OR004002285559,SF01-UT-FDEM-BASSIN-0IP01A-GMOT-0MOTEUR,MOTEUR ELECTRIQUE MT,,,S-PC-924IP01A-M,SF1-ECU,GM7,SF01,CRÉÉ CCRP DANP DNMJ PART,CRPR,IP1020260710,2027-07-19,2026-07-10,,0.0,0.0,SF01PEAUMR,SMC,,,,ZEST,360,2,212955.0,539031.0,1
13152588.0,4002285576,préventif (1 an) moteur MT,OR004002285576,SF01-UT-FDEM-BASSIN-0IP01B-GMOT-0MOTEUR,MOTEUR ELECTRIQUE MT,,,S-PC-924IP01B-M,SF1-ECU,GM7,SF01,CRÉÉ CCRP DANP DNMJ PART,CRPR,IP1020260710,2027-07-19,2026-07-10,,0.0,0.0,SF01PEAUMR,SMC,,,,ZEST,360,2,212956.0,539032.0,1
13152597.0,4002285590,préventif (1 an) moteur MT,OR004002285590,SF01-UT-FDEM-BASSIN-0IP02A-GMOT-0MOTEUR,MOTEUR ELECTRIQUE MT,,,S-PC-924IP02A-M,SF1-ECU,GM7,SF01,CRÉÉ CCRP DANP DNMJ PART,CRPR,IP1020260710,2027-07-19,2026-07-10,,0.0,0.0,SF01PEAUMR,SMC,,,,ZEST,360,2,212957.0,539033.0,2
13152608.0,4002285603,préventif (1 an) moteur MT,OR004002285603,SF01-UT-FDEM-BASSIN-0IP02B-GMOT-0MOTEUR,MOTEUR ELECTRIQUE MT,,,S-PC-924IP02B-M,SF1-ECU,GM7,SF01,CRÉÉ CCRP DANP DNMJ PART,CRPR,IP1020260710,2027-07-19,2026-07-10,,0.0,0.0,SF01PEAUMR,SMC,,,,ZEST,360,2,212958.0,539034.0,2
13152621.0,4002285622,préventif (1 an) moteur MT,OR004002285622,SF01-UT-FDEM-BASSIN-0IP03A-GMOT-0MOTEUR,MOTEUR ELECTRIQUE MT,,,S-PC-924IP03A-M,SF1-ECU,GM7,SF01,CRÉÉ CCRP DANP DNMJ PART,CRPR,IP1020260710,2027-07-19,2026-07-10,,0.0,0.0,SF01PEAUMR,SMC,,,,ZEST,360,2,212959.0,539035.0,3
13152631.0,4002285635,préventif (1 an) moteur MT,OR004002285635,SF01-UT-FDEM-BASSIN-0IP03B-GMOT-0MOTEUR,MOTEUR ELECTRIQUE MT,,,S-PC-924IP03B-M,SF1-ECU,GM7,SF01,CRÉÉ CCRP DANP DNMJ PART,CRPR,IP1020260710,2027-07-19,2026-07-10,,0.0,0.0,SF01PEAUMR,SMC,,,,ZEST,360,2,212960.0,539036.0,3
13152636.0,4002285640,Préventif systématique,OR004002285640,SF01-UT-FDEM-BASSIN-0IP01B-CRSV-924FT401,DEBIT REFOULEMENT PPE IP01/AB,,,S-PC-924 FIT 401 E,SF1-RCU,GM0,SF01,CRÉÉ CCRP DANP DNMJ PART,CRPR,IP1020260710,2027-01-18,2026-07-10,,0.0,0.0,SF01PEAUMR,SMC,,,,ZEST,360,3,218859.0,554968.0,1
13152644.0,4002285650,préventif (1 an) moteur MT,OR004002285650,SF01-UT-FDEM-BASSIN-0IP04A-GMOT-0MOTEUR,MOTEUR ELECTRIQUE MT,,,S-PC-924IP04A-M,SF1-ECU,GM7,SF01,CRÉÉ CCRP DANP DNMJ PART,CRPR,IP1020260710,2027-07-19,2026-07-10,,0.0,0.0,SF01PEAUMR,SMC,,,,ZEST,360,2,212961.0,539037.0,4
13152646.0,4002285653,Préventif systématique,OR004002285653,SF01-UT-FDEM-BASSIN-0IP02B-CRSV-924FT402,DEBIT REFOULEMENT PPE IP02/AB,,,S-PC-924 FIT 402 E,SF1-RCU,GM0,SF01,CRÉÉ CCRP DANP DNMJ PART,CRPR,IP1020260710,2027-01-18,2026-07-10,,0.0,0.0,SF01PEAUMR,SMC,,,,ZEST,360,3,218860.0,554969.0,2
13152652.0,4002285660,préventif (1 an) moteur MT,OR004002285660,SF01-UT-FDEM-BASSIN-0IP04B-GMOT-0MOTEUR,MOTEUR ELECTRIQUE MT,,,S-PC-924IP04B-M,SF1-ECU,GM7,SF01,CRÉÉ CCRP DANP DNMJ PART,CRPR,IP1020260710,2027-07-19,2026-07-10,,0.0,0.0,SF01PEAUMR,SMC,,,,ZEST,360,2,212962.0,539038.0,4
13152654.0,4002285662,Préventif systématique,OR004002285662,SF01-UT-FDEM-BASSIN-0IP04B-CRSV-924FT404,DEBITMETRE  DES POM DE REFOU IP04 A/B,,,S-PC-924 FIT 404 E,SF1-RCU,GM0,SF01,CRÉÉ CCRP DANP DNMJ PART,CRPR,IP1020260710,2027-01-18,2026-07-10,,0.0,0.0,SF01PEAUMR,SMC,,,,ZEST,360,3,218861.0,554970.0,4
13152676.0,4002285693,Préventif systématique,OR004002285693,SF01-UT-FDEM-BASSIN-0IP01B-CRSV-924PT006,PRESSION EAU DE MER DES POMPES  IP01A/B,,,S-PC-924 PT 006 E,SF1-RCU,GM0,SF01,CRÉÉ CCRP DANP DNMJ PART,CRPR,IP1020260710,2027-01-18,2026-07-10,,0.0,0.0,SF01PEAUMR,SMC,,,,ZEST,360,3,218864.0,554973.0,1
13152683.0,4002285703,Préventif systématique,OR004002285703,SF01-UT-FDEM-BASSIN-0IP02B-CRSV-924PT007,PRESSION EAU DE MER DES POMPES  IP02A/B,,,S-PC-924 PT 007 E,SF1-RCU,GM0,SF01,CRÉÉ CCRP DANP DNMJ PART,CRPR,IP1020260710,2027-01-18,2026-07-10,,0.0,0.0,SF01PEAUMR,SMC,,,,ZEST,360,3,218865.0,554974.0,2
13152691.0,4002285715,Préventif systématique,OR004002285715,SF01-UT-FDEM-BASSIN-0IP03B-CRSV-924PT008,P E/MER DES POMPES DE REFOULEM IP03/B,,,S-PC-924 PT 008 E,SF1-RCU,GM0,SF01,CRÉÉ CCRP DANP DNMJ PART,CRPR,IP1020260710,2027-01-18,2026-07-10,,0.0,0.0,SF01PEAUMR,SMC,,,,ZEST,360,3,218866.0,554975.0,3
13152700.0,4002285729,Préventif systématique,OR004002285729,SF01-UT-FDEM-BASSIN-0IP04B-CRSV-924PV009,VANNE DE DECHARGE IP04,,,S-PC-924 PV 009 E,SF1-RCU,GM0,SF01,CRÉÉ CCRP DANP DNMJ PART,CRPR,IP1020260710,2026-10-19,2026-07-10,,0.0,0.0,SF01PEAUMR,SMC,,,,ZEST,360,5,218867.0,554976.0,4
13152707.0,4002285741,Préventif systématique,OR004002285741,SF01-UT-FDEM-BASSIN-0IP01B-CRSV-924TT110,T°EAU DE MER  DES POMPES  IP01A/B,,,S-PC-924 TT 110 E,SF1-RCU,GM0,SF01,CRÉÉ CCRP DANP DNMJ PART,CRPR,IP1020260710,2027-01-18,2026-07-10,,0.0,0.0,SF01PEAUMR,SMC,,,,ZEST,360,3,218868.0,554977.0,1
13152716.0,4002285751,Préventif systématique,OR004002285751,SF01-UT-FDEM-BASSIN-0IP02B-CRSV-924TT111,T°EAU DE MER  DES POMPES  IP02A/B,,,S-PC-924 TT 111 E,SF1-RCU,GM0,SF01,CRÉÉ CCRP DANP DNMJ PART,CRPR,IP1020260710,2027-01-18,2026-07-10,,0.0,0.0,SF01PEAUMR,SMC,,,,ZEST,360,3,218869.0,554978.0,2
13152723.0,4002285759,Préventif systématique,OR004002285759,SF01-UT-FDEM-BASSIN-0IP03B-CRSV-924TT112,T° E/MER DES POMPES DE REFOULEME IP03A/B,,,S-PC-924 TT 112 E,SF1-RCU,GM0,SF01,CRÉÉ CCRP DANP DNMJ PART,CRPR,IP1020260710,2027-01-18,2026-07-10,,0.0,0.0,SF01PEAUMR,SMC,,,,ZEST,360,3,218870.0,554979.0,3
13152732.0,4002285769,Préventif systématique,OR004002285769,SF01-UT-FDEM-BASSIN-0IP01A-CRSV-924VT670,CAPTEUR DE VIBRATION DE LA POMPE IP01 A,,,S-PC-924 VT 670 AE,SF1-RCU,GM0,SF01,CRÉÉ CCRP DANP DNMJ PART,CRPR,IP1020260710,2026-10-19,2026-07-10,,0.0,0.0,SF01PEAUMR,SMC,,,,ZEST,360,5,218871.0,554980.0,1
13152739.0,4002285776,Préventif systématique,OR004002285776,SF01-UT-FDEM-BASSIN-0IP01B-CRSV-924VT671,VIBRATION DE POMPE IP01B,,,S-PC-924 VT 671 AE,SF1-RCU,GM0,SF01,CRÉÉ CCRP DANP DNMJ PART,CRPR,IP1020260710,2026-10-19,2026-07-10,,0.0,0.0,SF01PEAUMR,SMC,,,,ZEST,360,5,218872.0,554981.0,1
13152745.0,4002285783,Préventif systématique,OR004002285783,SF01-UT-FDEM-BASSIN-0IP03A-CRSV-924VT674,CAPTEUR DE VIBRATION DE LA POMP IP03 A,,,S-PC-924 VT 674 AE,SF1-RCU,GM0,SF01,CRÉÉ CCRP DANP DNMJ PART,CRPR,IP1020260710,2026-10-19,2026-07-10,,0.0,0.0,SF01PEAUMR,SMC,,,,ZEST,360,5,218873.0,554982.0,3
13152753.0,4002285791,Préventif systématique,OR004002285791,SF01-UT-FDEM-BASSIN-0IP03B-CRSV-924VT675,CAPTEUR DE VIBRATION DE LA POMPE IP03 B,,,S-PC-924 VT 675 AE,SF1-RCU,GM0,SF01,CRÉÉ CCRP DANP DNMJ PART,CRPR,IP1020260710,2026-10-19,2026-07-10,,0.0,0.0,SF01PEAUMR,SMC,,,,ZEST,360,5,218874.0,554983.0,3
13152761.0,4002285800,Préventif systématique,OR004002285800,SF01-UT-FDEM-BASSIN-0IP04A-CRSV-924VT676,CAPTEUR DE VIBRATION DE LA POMPE IP04 A,,,S-PC-924 VT 676 AE,SF1-RCU,GM0,SF01,CRÉÉ CCRP DANP DNMJ PART,CRPR,IP1020260710,2026-10-19,2026-07-10,,0.0,0.0,SF01PEAUMR,SMC,,,,ZEST,360,5,218875.0,554984.0,4
13152767.0,4002285806,Préventif systématique,OR004002285806,SF01-UT-FDEM-BASSIN-0IP04B-CRSV-924VT677,CAPTEUR DE VIBRATION DE LA POMPE IP04 B,,,S-PC-924 VT 677 AE,SF1-RCU,GM0,SF01,CRÉÉ CCRP DANP DNMJ PART,CRPR,IP1020260710,2026-10-19,2026-07-10,,0.0,0.0,SF01PEAUMR,SMC,,,,ZEST,360,5,218876.0,554985.0,4
13152874.0,4002285923,préventif des cellules MT,OR004002285923,SF01-UT-FDEM-BASSIN-0IP01A-GMOT-DEPARTM,DEPART MOTEUR MT,,,S-PC-924IP01A-D,SF1-ECU,GM7,SF01,CRÉÉ CCRP DANP DNMJ PART,CRPR,IP1020260710,2027-01-18,2026-07-10,,0.0,0.0,SF01PEAUMR,SMC,,,,ZEST,360,3,212993.0,539069.0,1
13152884.0,4002285932,préventif des cellules MT,OR004002285932,SF01-UT-FDEM-BASSIN-0IP01B-GMOT-DEPARTM,DEPART MOTEUR MT,,,S-PC-924IP01B-D,SF1-ECU,GM7,SF01,CRÉÉ CCRP DANP DNMJ PART,CRPR,IP1020260710,2027-01-18,2026-07-10,,0.0,0.0,SF01PEAUMR,SMC,,,,ZEST,360,3,212994.0,539070.0,1
13152895.0,4002285944,préventif des cellules MT,OR004002285944,SF01-UT-FDEM-BASSIN-0IP02A-GMOT-DEPARTM,DEPART MOTEUR MT,,,S-PC-924IP02A-D,SF1-ECU,GM7,SF01,CRÉÉ CCRP DANP DNMJ PART,CRPR,IP1020260710,2027-01-18,2026-07-10,,0.0,0.0,SF01PEAUMR,SMC,,,,ZEST,360,3,212995.0,539071.0,2
13152901.0,4002285950,préventif des cellules MT,OR004002285950,SF01-UT-FDEM-BASSIN-0IP02B-GMOT-DEPARTM,DEPART MOTEUR MT,,,S-PC-924IP02B-D,SF1-ECU,GM7,SF01,CRÉÉ CCRP DANP DNMJ PART,CRPR,IP1020260710,2027-01-18,2026-07-10,,0.0,0.0,SF01PEAUMR,SMC,,,,ZEST,360,3,212996.0,539072.0,2
13152910.0,4002285961,préventif des cellules MT,OR004002285961,SF01-UT-FDEM-BASSIN-0IP03A-GMOT-DEPARTM,DEPART MOTEUR MT,,,S-PC-924IP03A-D,SF1-ECU,GM7,SF01,CRÉÉ CCRP DANP DNMJ PART,CRPR,IP1020260710,2027-01-18,2026-07-10,,0.0,0.0,SF01PEAUMR,SMC,,,,ZEST,360,3,212997.0,539073.0,3
13152918.0,4002285970,préventif des cellules MT,OR004002285970,SF01-UT-FDEM-BASSIN-0IP03B-GMOT-DEPARTM,DEPART MOTEUR MT,,,S-PC-924IP03B-D,SF1-ECU,GM7,SF01,CRÉÉ CCRP DANP DNMJ PART,CRPR,IP1020260710,2027-01-18,2026-07-10,,0.0,0.0,SF01PEAUMR,SMC,,,,ZEST,360,3,212998.0,539074.0,3
13152925.0,4002285977,préventif des cellules MT,OR004002285977,SF01-UT-FDEM-BASSIN-0IP04A-GMOT-DEPARTM,DEPART MOTEUR MT,,,S-PC-924IP04A-D,SF1-ECU,GM7,SF01,CRÉÉ CCRP DANP DNMJ PART,CRPR,IP1020260710,2027-01-18,2026-07-10,,0.0,0.0,SF01PEAUMR,SMC,,,,ZEST,360,3,212999.0,539075.0,4
13152932.0,4002285986,préventif des cellules MT,OR004002285986,SF01-UT-FDEM-BASSIN-0IP04B-GMOT-DEPARTM,DEPART MOTEUR MT,,,S-PC-924IP04B-D,SF1-ECU,GM7,SF01,CRÉÉ CCRP DANP DNMJ PART,CRPR,IP1020260710,2027-01-18,2026-07-10,,0.0,0.0,SF01PEAUMR,SMC,,,,ZEST,360,3,213000.0,539076.0,4
13176767.0,4002304528,LUBRIFICATION DES PALIERS,OR004002304528,SF01-UT-FDEM-BASSIN-0IP01A,MOTOPOMPE EAU MER VERS CENTRALE IPO1A MC,,,S-PC-P924 IP 01A,SF1-MCU,GM4,SF01,TCLO CONF CCRP JBFI PART RIMP,SOPL,IP1020260713,2026-07-27,2026-07-13,2026-07-27,0.0,4.0,SF01PEAUMR,SMC,,,3.0,ZEST,350,64,184821.0,480180.0,1
13176769.0,4002304530,OMS_MESURE VIBRATOIRE PALIERS,OR004002304530,SF01-UT-FDEM-BASSIN-0IP01A,MOTOPOMPE EAU MER VERS CENTRALE IPO1A MC,,,S-PC-P924 IP 01A,SF1-MCU,GM4,SF01,TCLO CONF CCRP JBFI PART RIMP,SOPL,IP1020260713,2026-07-24,2026-07-13,2026-07-24,0.0,1.0,SF01PEAUMR,SMC,,,2.0,ZPRV,290,64,184822.0,480181.0,1
13176790.0,4002304531,LUBRIFICATION DES PALIERS,OR004002304531,SF01-UT-FDEM-BASSIN-0IP01B,MOTOPOMPE EAU MER VERS CENTRALE IPO1B MC,,,S-PC-P924 IP 01B,SF1-MCU,GM4,SF01,TCLO CONF CCRP JBFI PART RIMP,SOPL,IP1020260713,2026-07-27,2026-07-13,2026-07-27,0.0,4.0,SF01PEAUMR,SMC,,,3.0,ZEST,350,64,184823.0,480182.0,1
13176792.0,4002304533,OMS_MESURE VIBRATOIRE PALIERS,OR004002304533,SF01-UT-FDEM-BASSIN-0IP01B,MOTOPOMPE EAU MER VERS CENTRALE IPO1B MC,,,S-PC-P924 IP 01B,SF1-MCU,GM4,SF01,TCLO CONF CCRP JBFI PART RIMP,SOPL,IP1020260713,2026-07-27,2026-07-13,2026-07-27,0.0,1.0,SF01PEAUMR,SMC,,,3.0,ZPRV,290,64,184824.0,480183.0,1
13176794.0,4002304535,LUBRIFICATION DES PALIERS,OR004002304535,SF01-UT-FDEM-BASSIN-0IP02A,MOTOPOMPE EAU MER VERS SEM2 IPO2A MC,,,S-PC-P924 IP 02A,SF1-MCU,GM4,SF01,TCLO CONF CCRP JBFI PART RIMP,SOPL,IP1020260713,2026-07-27,2026-07-13,2026-07-27,0.0,4.0,SF01PEAUMR,SMC,,,3.0,ZEST,350,64,184825.0,480184.0,2
13176795.0,4002304536,OMS_MESURE VIBRATOIRE PALIERS,OR004002304536,SF01-UT-FDEM-BASSIN-0IP02A,MOTOPOMPE EAU MER VERS SEM2 IPO2A MC,,,S-PC-P924 IP 02A,SF1-MCU,GM4,SF01,TCLO CONF CCRP JBFI PART RIMP,SOPL,IP1020260713,2026-07-27,2026-07-13,2026-07-27,0.0,1.0,SF01PEAUMR,SMC,,,3.0,ZPRV,290,64,184826.0,480185.0,2
13176797.0,4002304538,LUBRIFICATION DES PALIERS,OR004002304538,SF01-UT-FDEM-BASSIN-0IP02B,MOTOPOMPE EAU MER VERS SEM2 IPO2B,,,S-PC-P924 IP 02B,SF1-MCU,GM4,SF01,TCLO CONF CCRP JBFI PART RIMP,SOPL,IP1020260713,2026-07-27,2026-07-13,2026-07-27,0.0,4.0,SF01PEAUMR,SMC,,,3.0,ZEST,350,64,184827.0,480186.0,2
13176798.0,4002304539,OMS_MESURE VIBRATOIRE PALIERS,OR004002304539,SF01-UT-FDEM-BASSIN-0IP02B,MOTOPOMPE EAU MER VERS SEM2 IPO2B,,,S-PC-P924 IP 02B,SF1-MCU,GM4,SF01,TCLO CONF CCRP JBFI PART RIMP,SOPL,IP1020260713,2026-07-27,2026-07-13,2026-07-27,0.0,1.0,SF01PEAUMR,SMC,,,3.0,ZPRV,290,64,184828.0,480187.0,2
13176799.0,4002304580,LUBRIFICATION DES PALIERS,OR004002304580,SF01-UT-FDEM-BASSIN-0IP03A,MOTOPOMPE EAU MER VERS PSII IPO3A BASSIN,,,S-PC-P924 IP 03A,SF1-MCU,GM4,SF01,TCLO CONF CCRP JBFI PART RIMP,SOPL,IP1020260713,2026-07-22,2026-07-13,2026-07-22,0.0,4.0,SF01PEAUMR,SMC,,,,ZEST,350,62,184829.0,480188.0,3
13176810.0,4002304581,OMS_MESURE VIBRATOIRE PALIERS,OR004002304581,SF01-UT-FDEM-BASSIN-0IP03A,MOTOPOMPE EAU MER VERS PSII IPO3A BASSIN,,,S-PC-P924 IP 03A,SF1-MCU,GM4,SF01,TCLO CONF CCRP JBFI PART RIMP,SOPL,IP1020260713,2026-07-23,2026-07-13,2026-07-23,0.0,1.0,SF01PEAUMR,SMC,,,2.0,ZPRV,290,64,184830.0,480189.0,3
13176811.0,4002304582,LUBRIFICATION DES PALIERS,OR004002304582,SF01-UT-FDEM-BASSIN-0IP03B,MOTOPOMPE EAU MER VERS PSII IPO3B BASSIN,,,S-PC-P924 IP 03B,SF1-MCU,GM4,SF01,TCLO CONF CCRP JBFI PART RIMP,SOPL,IP1020260713,2026-07-22,2026-07-13,2026-07-22,0.0,4.0,SF01PEAUMR,SMC,,,,ZEST,350,62,184831.0,480190.0,3
13176812.0,4002304583,OMS_MESURE VIBRATOIRE PALIERS,OR004002304583,SF01-UT-FDEM-BASSIN-0IP03B,MOTOPOMPE EAU MER VERS PSII IPO3B BASSIN,,,S-PC-P924 IP 03B,SF1-MCU,GM4,SF01,TCLO CONF CCRP JBFI PART RIMP,SOPL,IP1020260713,2026-07-23,2026-07-13,2026-07-23,0.0,1.0,SF01PEAUMR,SMC,,,2.0,ZPRV,290,64,184832.0,480191.0,3
13176813.0,4002304584,LUBRIFICATION DES PALIERS,OR004002304584,SF01-UT-FDEM-BASSIN-0IP04A,MOTOPOMPE EAU MER VERS PPII IPO4A BASSIN,,,S-PC-P924 IP 04A,SF1-MCU,GM4,SF01,TCLO CONF CCRP JBFI PART RIMP,SOPL,IP1020260713,2026-07-27,2026-07-13,2026-07-27,0.0,4.0,SF01PEAUMR,SMC,,,3.0,ZEST,350,61,184833.0,480192.0,4
13176814.0,4002304585,OMS_MESURE VIBRATOIRE PALIERS,OR004002304585,SF01-UT-FDEM-BASSIN-0IP04A,MOTOPOMPE EAU MER VERS PPII IPO4A BASSIN,,,S-PC-P924 IP 04A,SF1-MCU,GM4,SF01,TCLO CONF CCRP JBFI PART RIMP,SOPL,IP1020260713,2026-07-23,2026-07-13,2026-07-23,0.0,1.0,SF01PEAUMR,SMC,,,2.0,ZPRV,290,64,184834.0,480193.0,4
13176815.0,4002304586,OMS_MESURE VIBRATOIRE PALIERS,OR004002304586,SF01-UT-FDEM-BASSIN-0IP04B,MOTOPOMPE EAU MER VERS PPII IPO4B BASSIN,,,S-PC-P924 IP 04B,SF1-MCU,GM4,SF01,TCLO CONF CCRP JBFI PART RIMP,SOPL,IP1020260713,2026-07-24,2026-07-13,2026-07-24,0.0,1.0,SF01PEAUMR,SMC,,,2.0,ZPRV,290,64,184836.0,480195.0,4
12879785.0,4002304610,branchement moteur pompe IP04A,OR004002304610,SF01-UT-FDEM-BASSIN-0IP04B-GMOT,GROUPE MOTEUR,,,,SF1-ECU,GM7,SF01,TCLO CONF CCRP JBFI PART RIMP,SOPL,BENMOUSSA1,2026-07-13,2026-07-13,,2.0,0.17,SF01SLFPS4,SMC,,,,ZCOR,110,0,,,4
13027519.0,4002304619,Débranchement moteur de la pompe IP04B,OR004002304619,SF01-UT-FDEM-BASSIN-0IP04B-GMOT,GROUPE MOTEUR,,,,SF1-ECU,GM7,SF01,TCLO CONF CCRP JBFI PART RIMP,SOPL,BENMOUSSA1,2026-07-13,2026-07-13,,2.0,0.17,SF01SLFPS4,SMC,,,,ZCOR,110,0,,,4
13286889.0,4002405886,LUBRIFICATION DES PALIERS,OR004002405886,SF01-UT-FDEM-BASSIN-0IP03A,MOTOPOMPE EAU MER VERS PSII IPO3A BASSIN,,,S-PC-P924 IP 03A,SF1-MCU,GM4,SF01,TCLO CONF CCRP JBFI PART RIMP,SOPL,IP1020260727,2026-07-29,2026-07-27,2026-07-29,0.0,4.0,SF01PEAUMR,SMC,,,2.0,ZEST,350,63,184829.0,480188.0,3
13286903.0,4002405890,OMS_MESURE VIBRATOIRE PALIERS,OR004002405890,SF01-UT-FDEM-BASSIN-0IP03A,MOTOPOMPE EAU MER VERS PSII IPO3A BASSIN,,,S-PC-P924 IP 03A,SF1-MCU,GM4,SF01,TCLO CONF CCRP JBFI PART RIMP,SOPL,IP1020260727,2026-07-30,2026-07-27,2026-07-31,0.0,1.0,SF01PEAUMR,SMC,,,2.0,ZPRV,290,65,184830.0,480189.0,3
13286906.0,4002405893,LUBRIFICATION DES PALIERS,OR004002405893,SF01-UT-FDEM-BASSIN-0IP03B,MOTOPOMPE EAU MER VERS PSII IPO3B BASSIN,,,S-PC-P924 IP 03B,SF1-MCU,GM4,SF01,TCLO CONF CCRP JBFI PART RIMP,SOPL,IP1020260727,2026-07-29,2026-07-27,2026-07-29,0.0,4.0,SF01PEAUMR,SMC,,,2.0,ZEST,350,63,184831.0,480190.0,3
13286908.0,4002405895,OMS_MESURE VIBRATOIRE PALIERS,OR004002405895,SF01-UT-FDEM-BASSIN-0IP03B,MOTOPOMPE EAU MER VERS PSII IPO3B BASSIN,,,S-PC-P924 IP 03B,SF1-MCU,GM4,SF01,TCLO CONF CCRP JBFI PART RIMP,SOPL,IP1020260727,2026-07-30,2026-07-27,2026-07-31,0.0,1.0,SF01PEAUMR,SMC,,,2.0,ZPRV,290,65,184832.0,480191.0,3
13286930.0,4002405897,LUBRIFICATION DES PALIERS,OR004002405897,SF01-UT-FDEM-BASSIN-0IP04A,MOTOPOMPE EAU MER VERS PPII IPO4A BASSIN,,,S-PC-P924 IP 04A,SF1-MCU,GM4,SF01,TCLO CONF CCRP JBFI PART RIMP,SOPL,IP1020260727,2026-08-03,2026-07-27,2026-08-03,0.0,4.0,SF01PEAUMR,SMC,,,2.0,ZEST,350,62,184833.0,480192.0,4
13286935.0,4002405922,OMS_MESURE VIBRATOIRE PALIERS,OR004002405922,SF01-UT-FDEM-BASSIN-0IP04A,MOTOPOMPE EAU MER VERS PPII IPO4A BASSIN,,,S-PC-P924 IP 04A,SF1-MCU,GM4,SF01,TCLO CONF CCRP JBFI PART RIMP,SOPL,IP1020260727,2026-07-30,2026-07-27,2026-07-31,0.0,1.0,SF01PEAUMR,SMC,,,2.0,ZPRV,290,65,184834.0,480193.0,4
13286950.0,4002405927,LUBRIFICATION DES PALIERS,OR004002405927,SF01-UT-FDEM-BASSIN-0IP04B,MOTOPOMPE EAU MER VERS PPII IPO4B BASSIN,,,S-PC-P924 IP 04B,SF1-MCU,GM4,SF01,TCLO CONF CCRP JBFI PART RIMP,SOPL,IP1020260727,2026-08-07,2026-07-27,2026-08-10,0.0,1.0,SF01PEAUMR,SMC,,,2.0,ZEST,350,29,184835.0,480194.0,4
13286955.0,4002405932,OMS_MESURE VIBRATOIRE PALIERS,OR004002405932,SF01-UT-FDEM-BASSIN-0IP04B,MOTOPOMPE EAU MER VERS PPII IPO4B BASSIN,,,S-PC-P924 IP 04B,SF1-MCU,GM4,SF01,TCLO CONF CCRP JBFI PART RIMP,SOPL,IP1020260727,2026-07-31,2026-07-27,2026-07-31,0.0,1.0,SF01PEAUMR,SMC,,,2.0,ZPRV,290,65,184836.0,480195.0,4
13286956.0,4002405933,LUBRIFICATION DES PALIERS,OR004002405933,SF01-UT-FDEM-BASSIN-0IP01A,MOTOPOMPE EAU MER VERS CENTRALE IPO1A MC,,,S-PC-P924 IP 01A,SF1-MCU,GM4,SF01,TCLO CONF CCRP JBFI PART RIMP,SOPL,IP1020260727,2026-08-01,2026-07-27,2026-08-03,0.0,4.0,SF01PEAUMR,SMC,,,2.0,ZEST,350,65,184821.0,480180.0,1
13286970.0,4002405937,OMS_MESURE VIBRATOIRE PALIERS,OR004002405937,SF01-UT-FDEM-BASSIN-0IP01A,MOTOPOMPE EAU MER VERS CENTRALE IPO1A MC,,,S-PC-P924 IP 01A,SF1-MCU,GM4,SF01,TCLO CONF CCRP JBFI PART RIMP,SOPL,IP1020260727,2026-07-31,2026-07-27,2026-07-31,0.0,1.0,SF01PEAUMR,SMC,,,2.0,ZPRV,290,65,184822.0,480181.0,1
13286974.0,4002405941,LUBRIFICATION DES PALIERS,OR004002405941,SF01-UT-FDEM-BASSIN-0IP01B,MOTOPOMPE EAU MER VERS CENTRALE IPO1B MC,,,S-PC-P924 IP 01B,SF1-MCU,GM4,SF01,TCLO CONF CCRP JBFI PART RIMP,SOPL,IP1020260727,2026-08-02,2026-07-27,2026-08-03,0.0,4.0,SF01PEAUMR,SMC,,,2.0,ZEST,350,65,184823.0,480182.0,1
13286978.0,4002405945,OMS_MESURE VIBRATOIRE PALIERS,OR004002405945,SF01-UT-FDEM-BASSIN-0IP01B,MOTOPOMPE EAU MER VERS CENTRALE IPO1B MC,,,S-PC-P924 IP 01B,SF1-MCU,GM4,SF01,TCLO CONF CCRP JBFI PART RIMP,SOPL,IP1020260727,2026-08-01,2026-07-27,2026-08-03,0.0,1.0,SF01PEAUMR,SMC,,,2.0,ZPRV,290,65,184824.0,480183.0,1
13286981.0,4002405948,LUBRIFICATION DES PALIERS,OR004002405948,SF01-UT-FDEM-BASSIN-0IP02A,MOTOPOMPE EAU MER VERS SEM2 IPO2A MC,,,S-PC-P924 IP 02A,SF1-MCU,GM4,SF01,TCLO CONF CCRP JBFI PART RIMP,SOPL,IP1020260727,2026-08-02,2026-07-27,2026-08-03,0.0,4.0,SF01PEAUMR,SMC,,,2.0,ZEST,350,65,184825.0,480184.0,2
13286985.0,4002405952,OMS_MESURE VIBRATOIRE PALIERS,OR004002405952,SF01-UT-FDEM-BASSIN-0IP02A,MOTOPOMPE EAU MER VERS SEM2 IPO2A MC,,,S-PC-P924 IP 02A,SF1-MCU,GM4,SF01,TCLO CONF CCRP JBFI PART RIMP,SOPL,IP1020260727,2026-08-01,2026-07-27,2026-08-03,0.0,1.0,SF01PEAUMR,SMC,,,2.0,ZPRV,290,65,184826.0,480185.0,2
13286987.0,4002405954,LUBRIFICATION DES PALIERS,OR004002405954,SF01-UT-FDEM-BASSIN-0IP02B,MOTOPOMPE EAU MER VERS SEM2 IPO2B,,,S-PC-P924 IP 02B,SF1-MCU,GM4,SF01,TCLO CONF CCRP JBFI PART RIMP,SOPL,IP1020260727,2026-08-03,2026-07-27,2026-08-03,0.0,4.0,SF01PEAUMR,SMC,,,2.0,ZEST,350,65,184827.0,480186.0,2
13286989.0,4002405956,OMS_MESURE VIBRATOIRE PALIERS,OR004002405956,SF01-UT-FDEM-BASSIN-0IP02B,MOTOPOMPE EAU MER VERS SEM2 IPO2B,,,S-PC-P924 IP 02B,SF1-MCU,GM4,SF01,TCLO CONF CCRP JBFI PART RIMP,SOPL,IP1020260727,2026-08-02,2026-07-27,2026-08-03,0.0,1.0,SF01PEAUMR,SMC,,,2.0,ZPRV,290,65,184828.0,480187.0,2
13345556.0,4002459648,LUBRIFICATION DES PALIERS,OR004002459648,SF01-UT-FDEM-BASSIN-0IP03A,MOTOPOMPE EAU MER VERS PSII IPO3A BASSIN,,,S-PC-P924 IP 03A,SF1-MCU,GM4,SF01,TCLO CONF CCRP JBFI PART RIMP,SOPL,IP1020260803,2026-08-05,2026-08-03,2026-08-05,0.0,4.0,SF01PEAUMR,SMC,,,2.0,ZEST,350,64,184829.0,480188.0,3
13345558.0,4002459650,OMS_MESURE VIBRATOIRE PALIERS,OR004002459650,SF01-UT-FDEM-BASSIN-0IP03A,MOTOPOMPE EAU MER VERS PSII IPO3A BASSIN,,,S-PC-P924 IP 03A,SF1-MCU,GM4,SF01,TCLO CONF CCRP JBFI PART RIMP,SOPL,IP1020260803,2026-08-06,2026-08-03,2026-08-06,0.0,1.0,SF01PEAUMR,SMC,,,2.0,ZPRV,290,66,184830.0,480189.0,3
13345581.0,4002459653,LUBRIFICATION DES PALIERS,OR004002459653,SF01-UT-FDEM-BASSIN-0IP03B,MOTOPOMPE EAU MER VERS PSII IPO3B BASSIN,,,S-PC-P924 IP 03B,SF1-MCU,GM4,SF01,TCLO CONF CCRP JBFI PART RIMP,SOPL,IP1020260803,2026-08-05,2026-08-03,2026-08-05,0.0,4.0,SF01PEAUMR,SMC,,,2.0,ZEST,350,64,184831.0,480190.0,3
13345583.0,4002459655,OMS_MESURE VIBRATOIRE PALIERS,OR004002459655,SF01-UT-FDEM-BASSIN-0IP03B,MOTOPOMPE EAU MER VERS PSII IPO3B BASSIN,,,S-PC-P924 IP 03B,SF1-MCU,GM4,SF01,TCLO CONF CCRP JBFI PART RIMP,SOPL,IP1020260803,2026-08-06,2026-08-03,2026-08-06,0.0,1.0,SF01PEAUMR,SMC,,,2.0,ZPRV,290,66,184832.0,480191.0,3
13345586.0,4002459658,LUBRIFICATION DES PALIERS,OR004002459658,SF01-UT-FDEM-BASSIN-0IP04A,MOTOPOMPE EAU MER VERS PPII IPO4A BASSIN,,,S-PC-P924 IP 04A,SF1-MCU,GM4,SF01,TCLO CONF CCRP JBFI PART RIMP,SOPL,IP1020260803,2026-08-10,2026-08-03,2026-08-10,0.0,4.0,SF01PEAUMR,SMC,,,2.0,ZEST,350,63,184833.0,480192.0,4
13345589.0,4002459681,OMS_MESURE VIBRATOIRE PALIERS,OR004002459681,SF01-UT-FDEM-BASSIN-0IP04A,MOTOPOMPE EAU MER VERS PPII IPO4A BASSIN,,,S-PC-P924 IP 04A,SF1-MCU,GM4,SF01,TCLO CONF CCRP JBFI PART RIMP,SOPL,IP1020260803,2026-08-06,2026-08-03,2026-08-06,0.0,1.0,SF01PEAUMR,SMC,,,2.0,ZPRV,290,66,184834.0,480193.0,4
13345600.0,4002459682,LUBRIFICATION DES PALIERS,OR004002459682,SF01-UT-FDEM-BASSIN-0IP01A,MOTOPOMPE EAU MER VERS CENTRALE IPO1A MC,,,S-PC-P924 IP 01A,SF1-MCU,GM4,SF01,TCLO CONF CCRP JBFI PART RIMP,SOPL,IP1020260803,2026-08-08,2026-08-03,2026-08-10,0.0,4.0,SF01PEAUMR,SMC,,,2.0,ZEST,350,66,184821.0,480180.0,1
13345601.0,4002459683,LUBRIFICATION DES PALIERS,OR004002459683,SF01-UT-FDEM-BASSIN-0IP04B,MOTOPOMPE EAU MER VERS PPII IPO4B BASSIN,,,S-PC-P924 IP 04B,SF1-MCU,GM4,SF01,TCLO CONF CCRP JBFI PART RIMP,SOPL,IP1020260803,2026-08-22,2026-08-03,2026-08-22,0.0,1.0,SF01PEAUMR,SMC,,,2.0,ZEST,350,30,184835.0,480194.0,4
13345604.0,4002459686,OMS_MESURE VIBRATOIRE PALIERS,OR004002459686,SF01-UT-FDEM-BASSIN-0IP01A,MOTOPOMPE EAU MER VERS CENTRALE IPO1A MC,,,S-PC-P924 IP 01A,SF1-MCU,GM4,SF01,TCLO CONF CCRP JBFI PART RIMP,SOPL,IP1020260803,2026-08-07,2026-08-03,2026-08-10,0.0,1.0,SF01PEAUMR,SMC,,,2.0,ZPRV,290,66,184822.0,480181.0,1
13345605.0,4002459687,OMS_MESURE VIBRATOIRE PALIERS,OR004002459687,SF01-UT-FDEM-BASSIN-0IP04B,MOTOPOMPE EAU MER VERS PPII IPO4B BASSIN,,,S-PC-P924 IP 04B,SF1-MCU,GM4,SF01,TCLO CONF CCRP JBFI PART RIMP,SOPL,IP1020260803,2026-08-07,2026-08-03,2026-08-10,0.0,1.0,SF01PEAUMR,SMC,,,2.0,ZPRV,290,66,184836.0,480195.0,4
13345608.0,4002459690,LUBRIFICATION DES PALIERS,OR004002459690,SF01-UT-FDEM-BASSIN-0IP01B,MOTOPOMPE EAU MER VERS CENTRALE IPO1B MC,,,S-PC-P924 IP 01B,SF1-MCU,GM4,SF01,TCLO CONF CCRP JBFI PART RIMP,SOPL,IP1020260803,2026-08-09,2026-08-03,2026-08-10,0.0,4.0,SF01PEAUMR,SMC,,,2.0,ZEST,350,66,184823.0,480182.0,1
13345621.0,4002459694,OMS_MESURE VIBRATOIRE PALIERS,OR004002459694,SF01-UT-FDEM-BASSIN-0IP01B,MOTOPOMPE EAU MER VERS CENTRALE IPO1B MC,,,S-PC-P924 IP 01B,SF1-MCU,GM4,SF01,TCLO CONF CCRP JBFI PART RIMP,SOPL,IP1020260803,2026-08-08,2026-08-03,2026-08-10,0.0,1.0,SF01PEAUMR,SMC,,,2.0,ZPRV,290,66,184824.0,480183.0,1
13345624.0,4002459696,LUBRIFICATION DES PALIERS,OR004002459696,SF01-UT-FDEM-BASSIN-0IP02A,MOTOPOMPE EAU MER VERS SEM2 IPO2A MC,,,S-PC-P924 IP 02A,SF1-MCU,GM4,SF01,TCLO CONF CCRP JBFI PART RIMP,SOPL,IP1020260803,2026-08-09,2026-08-03,2026-08-10,0.0,4.0,SF01PEAUMR,SMC,,,2.0,ZEST,350,66,184825.0,480184.0,2
13345625.0,4002459697,OMS_MESURE VIBRATOIRE PALIERS,OR004002459697,SF01-UT-FDEM-BASSIN-0IP02A,MOTOPOMPE EAU MER VERS SEM2 IPO2A MC,,,S-PC-P924 IP 02A,SF1-MCU,GM4,SF01,TCLO CONF CCRP JBFI PART RIMP,SOPL,IP1020260803,2026-08-08,2026-08-03,2026-08-10,0.0,1.0,SF01PEAUMR,SMC,,,2.0,ZPRV,290,66,184826.0,480185.0,2
13345626.0,4002459698,LUBRIFICATION DES PALIERS,OR004002459698,SF01-UT-FDEM-BASSIN-0IP02B,MOTOPOMPE EAU MER VERS SEM2 IPO2B,,,S-PC-P924 IP 02B,SF1-MCU,GM4,SF01,TCLO CONF CCRP JBFI PART RIMP,SOPL,IP1020260803,2026-08-10,2026-08-03,2026-08-10,0.0,4.0,SF01PEAUMR,SMC,,,2.0,ZEST,350,66,184827.0,480186.0,2
13345627.0,4002459699,OMS_MESURE VIBRATOIRE PALIERS,OR004002459699,SF01-UT-FDEM-BASSIN-0IP02B,MOTOPOMPE EAU MER VERS SEM2 IPO2B,,,S-PC-P924 IP 02B,SF1-MCU,GM4,SF01,TCLO CONF CCRP JBFI PART RIMP,SOPL,IP1020260803,2026-08-09,2026-08-03,2026-08-10,0.0,1.0,SF01PEAUMR,SMC,,,2.0,ZPRV,290,66,184828.0,480187.0,2
13375633.0,4002485410,LUBRIFICATION DES PALIERS,OR004002485410,SF01-UT-FDEM-BASSIN-0IP03A,MOTOPOMPE EAU MER VERS PSII IPO3A BASSIN,,,S-PC-P924 IP 03A,SF1-MCU,GM4,SF01,TCLO CONF CCRP JBFI PART RIMP,SOPL,IP1020260808,2026-08-12,2026-08-08,2026-08-12,0.0,4.0,SF01PEAUMR,SMC,,,2.0,ZEST,350,65,184829.0,480188.0,3
13375634.0,4002485411,OMS_MESURE VIBRATOIRE PALIERS,OR004002485411,SF01-UT-FDEM-BASSIN-0IP03A,MOTOPOMPE EAU MER VERS PSII IPO3A BASSIN,,,S-PC-P924 IP 03A,SF1-MCU,GM4,SF01,TCLO CONF CCRP JBFI PART RIMP,SOPL,IP1020260808,2026-08-13,2026-08-08,2026-08-13,0.0,1.0,SF01PEAUMR,SMC,,,2.0,ZPRV,290,67,184830.0,480189.0,3
13375635.0,4002485412,LUBRIFICATION DES PALIERS,OR004002485412,SF01-UT-FDEM-BASSIN-0IP03B,MOTOPOMPE EAU MER VERS PSII IPO3B BASSIN,,,S-PC-P924 IP 03B,SF1-MCU,GM4,SF01,TCLO CONF CCRP JBFI PART RIMP,SOPL,IP1020260808,2026-08-12,2026-08-08,2026-08-12,0.0,4.0,SF01PEAUMR,SMC,,,2.0,ZEST,350,65,184831.0,480190.0,3
13375636.0,4002485413,OMS_MESURE VIBRATOIRE PALIERS,OR004002485413,SF01-UT-FDEM-BASSIN-0IP03B,MOTOPOMPE EAU MER VERS PSII IPO3B BASSIN,,,S-PC-P924 IP 03B,SF1-MCU,GM4,SF01,TCLO CONF CCRP JBFI PART RIMP,SOPL,IP1020260808,2026-08-13,2026-08-08,2026-08-13,0.0,1.0,SF01PEAUMR,SMC,,,2.0,ZPRV,290,67,184832.0,480191.0,3
13375637.0,4002485414,LUBRIFICATION DES PALIERS,OR004002485414,SF01-UT-FDEM-BASSIN-0IP04A,MOTOPOMPE EAU MER VERS PPII IPO4A BASSIN,,,S-PC-P924 IP 04A,SF1-MCU,GM4,SF01,TCLO CONF CCRP JBFI PART RIMP,SOPL,IP1020260808,2026-08-17,2026-08-08,2026-08-17,0.0,4.0,SF01PEAUMR,SMC,,,2.0,ZEST,350,64,184833.0,480192.0,4
13375638.0,4002485415,OMS_MESURE VIBRATOIRE PALIERS,OR004002485415,SF01-UT-FDEM-BASSIN-0IP04A,MOTOPOMPE EAU MER VERS PPII IPO4A BASSIN,,,S-PC-P924 IP 04A,SF1-MCU,GM4,SF01,TCLO CONF CCRP JBFI PART RIMP,SOPL,IP1020260808,2026-08-13,2026-08-08,2026-08-13,0.0,1.0,SF01PEAUMR,SMC,,,2.0,ZPRV,290,67,184834.0,480193.0,4
13375639.0,4002485416,OMS_MESURE VIBRATOIRE PALIERS,OR004002485416,SF01-UT-FDEM-BASSIN-0IP04B,MOTOPOMPE EAU MER VERS PPII IPO4B BASSIN,,,S-PC-P924 IP 04B,SF1-MCU,GM4,SF01,TCLO CONF CCRP JBFI PART RIMP,SOPL,IP1020260808,2026-08-14,2026-08-08,2026-08-15,0.0,1.0,SF01PEAUMR,SMC,,,2.0,ZPRV,290,67,184836.0,480195.0,4
13375709.0,4002485544,LUBRIFICATION DES PALIERS,OR004002485544,SF01-UT-FDEM-BASSIN-0IP01A,MOTOPOMPE EAU MER VERS CENTRALE IPO1A MC,,,S-PC-P924 IP 01A,SF1-MCU,GM4,SF01,TCLO CONF CCRP JBFI PART RIMP,SOPL,IP1020260808,2026-08-15,2026-08-08,2026-08-15,0.0,4.0,SF01PEAUMR,SMC,,,2.0,ZEST,350,67,184821.0,480180.0,1
13375731.0,4002485546,OMS_MESURE VIBRATOIRE PALIERS,OR004002485546,SF01-UT-FDEM-BASSIN-0IP01A,MOTOPOMPE EAU MER VERS CENTRALE IPO1A MC,,,S-PC-P924 IP 01A,SF1-MCU,GM4,SF01,TCLO CONF CCRP JBFI PART RIMP,SOPL,IP1020260808,2026-08-14,2026-08-08,2026-08-15,0.0,1.0,SF01PEAUMR,SMC,,,2.0,ZPRV,290,67,184822.0,480181.0,1
13375733.0,4002485548,LUBRIFICATION DES PALIERS,OR004002485548,SF01-UT-FDEM-BASSIN-0IP01B,MOTOPOMPE EAU MER VERS CENTRALE IPO1B MC,,,S-PC-P924 IP 01B,SF1-MCU,GM4,SF01,TCLO CONF CCRP JBFI PART RIMP,SOPL,IP1020260808,2026-08-16,2026-08-08,2026-08-17,0.0,4.0,SF01PEAUMR,SMC,,,2.0,ZEST,350,67,184823.0,480182.0,1
13375735.0,4002485550,OMS_MESURE VIBRATOIRE PALIERS,OR004002485550,SF01-UT-FDEM-BASSIN-0IP01B,MOTOPOMPE EAU MER VERS CENTRALE IPO1B MC,,,S-PC-P924 IP 01B,SF1-MCU,GM4,SF01,TCLO CONF CCRP JBFI PART RIMP,SOPL,IP1020260808,2026-08-15,2026-08-08,2026-08-15,0.0,1.0,SF01PEAUMR,SMC,,,2.0,ZPRV,290,67,184824.0,480183.0,1
13375737.0,4002485552,LUBRIFICATION DES PALIERS,OR004002485552,SF01-UT-FDEM-BASSIN-0IP02A,MOTOPOMPE EAU MER VERS SEM2 IPO2A MC,,,S-PC-P924 IP 02A,SF1-MCU,GM4,SF01,TCLO CONF CCRP JBFI PART RIMP,SOPL,IP1020260808,2026-08-16,2026-08-08,2026-08-17,0.0,4.0,SF01PEAUMR,SMC,,,2.0,ZEST,350,67,184825.0,480184.0,2
13375738.0,4002485553,OMS_MESURE VIBRATOIRE PALIERS,OR004002485553,SF01-UT-FDEM-BASSIN-0IP02A,MOTOPOMPE EAU MER VERS SEM2 IPO2A MC,,,S-PC-P924 IP 02A,SF1-MCU,GM4,SF01,TCLO CONF CCRP JBFI PART RIMP,SOPL,IP1020260808,2026-08-15,2026-08-08,2026-08-15,0.0,1.0,SF01PEAUMR,SMC,,,2.0,ZPRV,290,67,184826.0,480185.0,2
13375739.0,4002485554,LUBRIFICATION DES PALIERS,OR004002485554,SF01-UT-FDEM-BASSIN-0IP02B,MOTOPOMPE EAU MER VERS SEM2 IPO2B,,,S-PC-P924 IP 02B,SF1-MCU,GM4,SF01,TCLO CONF CCRP JBFI PART RIMP,SOPL,IP1020260808,2026-08-17,2026-08-08,2026-08-17,0.0,4.0,SF01PEAUMR,SMC,,,2.0,ZEST,350,67,184827.0,480186.0,2
13375760.0,4002485555,OMS_MESURE VIBRATOIRE PALIERS,OR004002485555,SF01-UT-FDEM-BASSIN-0IP02B,MOTOPOMPE EAU MER VERS SEM2 IPO2B,,,S-PC-P924 IP 02B,SF1-MCU,GM4,SF01,TCLO CONF CCRP JBFI PART RIMP,SOPL,IP1020260808,2026-08-16,2026-08-08,2026-08-17,0.0,1.0,SF01PEAUMR,SMC,,,2.0,ZPRV,290,67,184828.0,480187.0,2
13388085.0,4002489438,LUBRIFICATION DES PALIERS,OR004002489438,SF01-UT-FDEM-BASSIN-0IP01A,MOTOPOMPE EAU MER VERS CENTRALE IPO1A MC,,,S-PC-P924 IP 01A,SF1-MCU,GM4,SF01,TCLO CONF CCRP JBFI PART RIMP,SOPL,IP1020260810,2026-08-22,2026-08-10,2026-08-22,0.0,4.0,SF01PEAUMR,SMC,,,2.0,ZEST,350,68,184821.0,480180.0,1
13388077.0,4002495753,OMS_MESURE VIBRATOIRE PALIERS,OR004002495753,SF01-UT-FDEM-BASSIN-0IP04B,MOTOPOMPE EAU MER VERS PPII IPO4B BASSIN,,,S-PC-P924 IP 04B,SF1-MCU,GM4,SF01,TCLO CONF CCRP JBFI PART RIMP,SOPL,IP1020260810,2026-08-21,2026-08-10,2026-08-22,0.0,1.0,SF01PEAUMR,SMC,,,2.0,ZPRV,290,68,184836.0,480195.0,4
13388087.0,4002495780,OMS_MESURE VIBRATOIRE PALIERS,OR004002495780,SF01-UT-FDEM-BASSIN-0IP01A,MOTOPOMPE EAU MER VERS CENTRALE IPO1A MC,,,S-PC-P924 IP 01A,SF1-MCU,GM4,SF01,TCLO CONF CCRP JBFI PART RIMP,SOPL,IP1020260810,2026-08-21,2026-08-10,2026-08-22,0.0,1.0,SF01PEAUMR,SMC,,,2.0,ZPRV,290,68,184822.0,480181.0,1
13388089.0,4002495782,LUBRIFICATION DES PALIERS,OR004002495782,SF01-UT-FDEM-BASSIN-0IP01B,MOTOPOMPE EAU MER VERS CENTRALE IPO1B MC,,,S-PC-P924 IP 01B,SF1-MCU,GM4,SF01,TCLO CONF CCRP JBFI PART RIMP,SOPL,IP1020260810,2026-08-23,2026-08-10,2026-08-24,0.0,4.0,SF01PEAUMR,SMC,,,2.0,ZEST,350,68,184823.0,480182.0,1
13388101.0,4002495784,OMS_MESURE VIBRATOIRE PALIERS,OR004002495784,SF01-UT-FDEM-BASSIN-0IP01B,MOTOPOMPE EAU MER VERS CENTRALE IPO1B MC,,,S-PC-P924 IP 01B,SF1-MCU,GM4,SF01,TCLO CONF CCRP JBFI PART RIMP,SOPL,IP1020260810,2026-08-22,2026-08-10,2026-08-22,0.0,1.0,SF01PEAUMR,SMC,,,2.0,ZPRV,290,68,184824.0,480183.0,1
13388103.0,4002495786,LUBRIFICATION DES PALIERS,OR004002495786,SF01-UT-FDEM-BASSIN-0IP02A,MOTOPOMPE EAU MER VERS SEM2 IPO2A MC,,,S-PC-P924 IP 02A,SF1-MCU,GM4,SF01,TCLO CONF CCRP JBFI PART RIMP,SOPL,IP1020260810,2026-08-23,2026-08-10,2026-08-24,0.0,4.0,SF01PEAUMR,SMC,,,2.0,ZEST,350,68,184825.0,480184.0,2
13388106.0,4002495789,OMS_MESURE VIBRATOIRE PALIERS,OR004002495789,SF01-UT-FDEM-BASSIN-0IP02A,MOTOPOMPE EAU MER VERS SEM2 IPO2A MC,,,S-PC-P924 IP 02A,SF1-MCU,GM4,SF01,TCLO CONF CCRP JBFI PART RIMP,SOPL,IP1020260810,2026-08-22,2026-08-10,2026-08-22,0.0,1.0,SF01PEAUMR,SMC,,,2.0,ZPRV,290,68,184826.0,480185.0,2
13388107.0,4002495790,LUBRIFICATION DES PALIERS,OR004002495790,SF01-UT-FDEM-BASSIN-0IP02B,MOTOPOMPE EAU MER VERS SEM2 IPO2B,,,S-PC-P924 IP 02B,SF1-MCU,GM4,SF01,TCLO CONF CCRP JBFI PART RIMP,SOPL,IP1020260810,2026-08-24,2026-08-10,2026-08-24,0.0,4.0,SF01PEAUMR,SMC,,,2.0,ZEST,350,68,184827.0,480186.0,2
13388109.0,4002495792,OMS_MESURE VIBRATOIRE PALIERS,OR004002495792,SF01-UT-FDEM-BASSIN-0IP02B,MOTOPOMPE EAU MER VERS SEM2 IPO2B,,,S-PC-P924 IP 02B,SF1-MCU,GM4,SF01,TCLO CONF CCRP JBFI PART RIMP,SOPL,IP1020260810,2026-08-23,2026-08-10,2026-08-24,0.0,1.0,SF01PEAUMR,SMC,,,2.0,ZPRV,290,68,184828.0,480187.0,2
13388130.0,4002495793,LUBRIFICATION DES PALIERS,OR004002495793,SF01-UT-FDEM-BASSIN-0IP03A,MOTOPOMPE EAU MER VERS PSII IPO3A BASSIN,,,S-PC-P924 IP 03A,SF1-MCU,GM4,SF01,TCLO CONF CCRP JBFI PART RIMP,SOPL,IP1020260810,2026-08-19,2026-08-10,2026-08-19,0.0,4.0,SF01PEAUMR,SMC,,,2.0,ZEST,350,66,184829.0,480188.0,3
13388132.0,4002495795,OMS_MESURE VIBRATOIRE PALIERS,OR004002495795,SF01-UT-FDEM-BASSIN-0IP03A,MOTOPOMPE EAU MER VERS PSII IPO3A BASSIN,,,S-PC-P924 IP 03A,SF1-MCU,GM4,SF01,TCLO CONF CCRP JBFI PART RIMP,SOPL,IP1020260810,2026-08-20,2026-08-10,2026-08-20,0.0,1.0,SF01PEAUMR,SMC,,,2.0,ZPRV,290,68,184830.0,480189.0,3
13388135.0,4002495798,LUBRIFICATION DES PALIERS,OR004002495798,SF01-UT-FDEM-BASSIN-0IP03B,MOTOPOMPE EAU MER VERS PSII IPO3B BASSIN,,,S-PC-P924 IP 03B,SF1-MCU,GM4,SF01,TCLO CONF CCRP JBFI PART RIMP,SOPL,IP1020260810,2026-08-19,2026-08-10,2026-08-19,0.0,4.0,SF01PEAUMR,SMC,,,2.0,ZEST,350,66,184831.0,480190.0,3
13388136.0,4002495799,OMS_MESURE VIBRATOIRE PALIERS,OR004002495799,SF01-UT-FDEM-BASSIN-0IP03B,MOTOPOMPE EAU MER VERS PSII IPO3B BASSIN,,,S-PC-P924 IP 03B,SF1-MCU,GM4,SF01,TCLO CONF CCRP JBFI PART RIMP,SOPL,IP1020260810,2026-08-20,2026-08-10,2026-08-20,0.0,1.0,SF01PEAUMR,SMC,,,2.0,ZPRV,290,68,184832.0,480191.0,3
13388139.0,4002495802,LUBRIFICATION DES PALIERS,OR004002495802,SF01-UT-FDEM-BASSIN-0IP04A,MOTOPOMPE EAU MER VERS PPII IPO4A BASSIN,,,S-PC-P924 IP 04A,SF1-MCU,GM4,SF01,TCLO CONF CCRP JBFI PART RIMP,SOPL,IP1020260810,2026-08-24,2026-08-10,2026-08-24,0.0,4.0,SF01PEAUMR,SMC,,,2.0,ZEST,350,65,184833.0,480192.0,4
13388141.0,4002495804,OMS_MESURE VIBRATOIRE PALIERS,OR004002495804,SF01-UT-FDEM-BASSIN-0IP04A,MOTOPOMPE EAU MER VERS PPII IPO4A BASSIN,,,S-PC-P924 IP 04A,SF1-MCU,GM4,SF01,TCLO CONF CCRP JBFI PART RIMP,SOPL,IP1020260810,2026-08-20,2026-08-10,2026-08-20,0.0,1.0,SF01PEAUMR,SMC,,,2.0,ZPRV,290,68,184834.0,480193.0,4
13390100.0,4002498353,Moteur de la pompe IP04B,OR004002498353,SF01-UT-FDEM-BASSIN-0IP04B,MOTOPOMPE EAU MER VERS PPII IPO4B BASSIN,,,S-PC-P924 IP 04B,SF1-MCU,GM4,SF01,TCLO CONF CCRP JBFI PART RIMP,SOPL,FATHELLAH,2026-08-12,2026-08-11,,2.0,2.5,SF01PEAUMR,SMC,,,2.0,ZCOR,110,0,,,4
13394241.0,4002505099,Démontage pompe à eau de mer IP04B,OR004002505099,SF01-UT-FDEM-BASSIN-0IP04B,MOTOPOMPE EAU MER VERS PPII IPO4B BASSIN,,,S-PC-P924 IP 04B,SF1-MCU,GM4,SF01,TCLO CONF CCRP JBFI PART RIMP,SOPL,MATAR1,2026-08-12,2026-08-12,,4.0,4.5,SF01PEAUMR,SMC,,,2.0,ZCOR,110,0,,,4
13216845.0,4002508518,branchement moteur pompe IP04B,OR004002508518,SF01-UT-FDEM-BASSIN-0IP04B-GMOT,GROUPE MOTEUR,,,,SF1-ECU,GM7,SF01,TCLO CONF CCRP JBFI PART RIMP,SOPL,BENMOUSSA1,2026-08-13,2026-08-13,,2.0,2.67,SF01SLFPS4,SMC,,,3.0,ZCOR,110,0,,,4
13414729.0,4002515851,LUBRIFICATION DES PALIERS,OR004002515851,SF01-UT-FDEM-BASSIN-0IP03A,MOTOPOMPE EAU MER VERS PSII IPO3A BASSIN,,,S-PC-P924 IP 03A,SF1-MCU,GM4,SF01,TCLO CONF CCRP JBFI PART RIMP,SOPL,IP1020260816,2026-08-26,2026-08-16,2026-08-27,0.0,4.0,SF01PEAUMR,SMC,,,2.0,ZEST,350,67,184829.0,480188.0,3
13414742.0,4002515854,OMS_MESURE VIBRATOIRE PALIERS,OR004002515854,SF01-UT-FDEM-BASSIN-0IP03A,MOTOPOMPE EAU MER VERS PSII IPO3A BASSIN,,,S-PC-P924 IP 03A,SF1-MCU,GM4,SF01,TCLO CONF CCRP JBFI PART RIMP,SOPL,IP1020260816,2026-08-27,2026-08-16,2026-08-27,0.0,1.0,SF01PEAUMR,SMC,,,2.0,ZPRV,290,69,184830.0,480189.0,3
13414745.0,4002515857,LUBRIFICATION DES PALIERS,OR004002515857,SF01-UT-FDEM-BASSIN-0IP03B,MOTOPOMPE EAU MER VERS PSII IPO3B BASSIN,,,S-PC-P924 IP 03B,SF1-MCU,GM4,SF01,TCLO CONF CCRP JBFI PART RIMP,SOPL,IP1020260816,2026-08-26,2026-08-16,2026-08-27,0.0,4.0,SF01PEAUMR,SMC,,,2.0,ZEST,350,67,184831.0,480190.0,3
13414747.0,4002515859,OMS_MESURE VIBRATOIRE PALIERS,OR004002515859,SF01-UT-FDEM-BASSIN-0IP03B,MOTOPOMPE EAU MER VERS PSII IPO3B BASSIN,,,S-PC-P924 IP 03B,SF1-MCU,GM4,SF01,TCLO CONF CCRP JBFI PART RIMP,SOPL,IP1020260816,2026-08-27,2026-08-16,2026-08-27,0.0,1.0,SF01PEAUMR,SMC,,,2.0,ZPRV,290,69,184832.0,480191.0,3
13414754.0,4002515901,LUBRIFICATION DES PALIERS,OR004002515901,SF01-UT-FDEM-BASSIN-0IP01A,MOTOPOMPE EAU MER VERS CENTRALE IPO1A MC,,,S-PC-P924 IP 01A,SF1-MCU,GM4,SF01,TCLO CONF CCRP JBFI PART RIMP,SOPL,IP1020260816,2026-08-29,2026-08-16,,0.0,4.0,SF01PEAUMR,SMC,,,2.0,ZEST,350,69,184821.0,480180.0,1
13414755.0,4002515902,OMS_MESURE VIBRATOIRE PALIERS,OR004002515902,SF01-UT-FDEM-BASSIN-0IP01A,MOTOPOMPE EAU MER VERS CENTRALE IPO1A MC,,,S-PC-P924 IP 01A,SF1-MCU,GM4,SF01,TCLO CONF CCRP JBFI PART RIMP,SOPL,IP1020260816,2026-08-28,2026-08-16,2026-08-28,0.0,1.0,SF01PEAUMR,SMC,,,2.0,ZPRV,290,69,184822.0,480181.0,1
13414756.0,4002515903,LUBRIFICATION DES PALIERS,OR004002515903,SF01-UT-FDEM-BASSIN-0IP01B,MOTOPOMPE EAU MER VERS CENTRALE IPO1B MC,,,S-PC-P924 IP 01B,SF1-MCU,GM4,SF01,TCLO CONF CCRP JBFI PART RIMP,SOPL,IP1020260816,2026-08-30,2026-08-16,,0.0,4.0,SF01PEAUMR,SMC,,,2.0,ZEST,350,69,184823.0,480182.0,1
13414757.0,4002515904,OMS_MESURE VIBRATOIRE PALIERS,OR004002515904,SF01-UT-FDEM-BASSIN-0IP01B,MOTOPOMPE EAU MER VERS CENTRALE IPO1B MC,,,S-PC-P924 IP 01B,SF1-MCU,GM4,SF01,TCLO CONF CCRP JBFI PART RIMP,SOPL,IP1020260816,2026-08-29,2026-08-16,,0.0,1.0,SF01PEAUMR,SMC,,,2.0,ZPRV,290,69,184824.0,480183.0,1
13414759.0,4002515906,LUBRIFICATION DES PALIERS,OR004002515906,SF01-UT-FDEM-BASSIN-0IP02A,MOTOPOMPE EAU MER VERS SEM2 IPO2A MC,,,S-PC-P924 IP 02A,SF1-MCU,GM4,SF01,TCLO CONF CCRP JBFI PART RIMP,SOPL,IP1020260816,2026-08-30,2026-08-16,,0.0,4.0,SF01PEAUMR,SMC,,,2.0,ZEST,350,69,184825.0,480184.0,2
13414790.0,4002515907,OMS_MESURE VIBRATOIRE PALIERS,OR004002515907,SF01-UT-FDEM-BASSIN-0IP02A,MOTOPOMPE EAU MER VERS SEM2 IPO2A MC,,,S-PC-P924 IP 02A,SF1-MCU,GM4,SF01,TCLO CONF CCRP JBFI PART RIMP,SOPL,IP1020260816,2026-08-29,2026-08-16,,0.0,1.0,SF01PEAUMR,SMC,,,2.0,ZPRV,290,69,184826.0,480185.0,2
13414792.0,4002515909,OMS_MESURE VIBRATOIRE PALIERS,OR004002515909,SF01-UT-FDEM-BASSIN-0IP02B,MOTOPOMPE EAU MER VERS SEM2 IPO2B,,,S-PC-P924 IP 02B,SF1-MCU,GM4,SF01,TCLO CONF CCRP JBFI PART RIMP,SOPL,IP1020260816,2026-08-30,2026-08-16,,0.0,1.0,SF01PEAUMR,SMC,,,2.0,ZPRV,290,69,184828.0,480187.0,2
13414749.0,4002515921,OMS_MESURE VIBRATOIRE PALIERS,OR004002515921,SF01-UT-FDEM-BASSIN-0IP04A,MOTOPOMPE EAU MER VERS PPII IPO4A BASSIN,,,S-PC-P924 IP 04A,SF1-MCU,GM4,SF01,TCLO CONF CCRP JBFI PART RIMP,SOPL,IP1020260816,2026-08-27,2026-08-16,2026-08-27,0.0,1.0,SF01PEAUMR,SMC,,,2.0,ZPRV,290,69,184834.0,480193.0,4
13414760.0,4002515922,LUBRIFICATION DES PALIERS,OR004002515922,SF01-UT-FDEM-BASSIN-0IP04B,MOTOPOMPE EAU MER VERS PPII IPO4B BASSIN,,,S-PC-P924 IP 04B,SF1-MCU,GM4,SF01,LANC CCRP PART RIMP TEC  TàLT,SOPL,IP1020260816,2026-09-06,2026-08-16,,0.0,0.0,SF01PEAUMR,SMC,,,2.0,ZEST,350,31,184835.0,480194.0,4
13414761.0,4002515923,OMS_MESURE VIBRATOIRE PALIERS,OR004002515923,SF01-UT-FDEM-BASSIN-0IP04B,MOTOPOMPE EAU MER VERS PPII IPO4B BASSIN,,,S-PC-P924 IP 04B,SF1-MCU,GM4,SF01,TCLO CONF CCRP JBFI PART RIMP,SOPL,IP1020260816,2026-08-28,2026-08-16,2026-08-28,0.0,1.0,SF01PEAUMR,SMC,,,2.0,ZPRV,290,69,184836.0,480195.0,4
13419801.0,4002518772,Montage de la pompe IP04 B,OR004002518772,SF01-UT-FDEM-BASSIN-0IP04B,MOTOPOMPE EAU MER VERS PPII IPO4B BASSIN,,,S-PC-P924 IP 04B,SF1-MCU,GM4,SF01,TCLO CONF CCRP JBFI PART RIMP,SOPL,FATHELLAH,2026-08-18,2026-08-17,,3.0,3.5,SF01PEAUMR,SMC,,,2.0,ZCOR,110,0,,,4
13419793.0,4002518774,Montage moteur IP04 B,OR004002518774,SF01-UT-FDEM-BASSIN-0IP04B,MOTOPOMPE EAU MER VERS PPII IPO4B BASSIN,,,S-PC-P924 IP 04B,SF1-MCU,GM4,SF01,TCLO CONF CCRP JBFI PART RIMP,SOPL,FATHELLAH,2026-08-18,2026-08-17,,6.0,6.5,SF01PEAUMR,SMC,,,2.0,ZCOR,110,0,,,4
13434269.0,4002532348,préventif (3 mois) moteur MT,OR004002532348,SF01-UT-FDEM-BASSIN-0IP01A-GMOT-0MOTEUR,MOTEUR ELECTRIQUE MT,,,S-PC-924IP01A-M,SF1-ECU,GM7,SF01,CRÉÉ CCRP DANP DNMJ PART,CRPR,IP1020260819,2026-11-29,2026-08-19,,0.0,0.0,SF01PEAUMR,SMC,,,,ZEST,360,6,211356.0,536912.0,1
13434273.0,4002532352,préventif (3 mois) moteur MT,OR004002532352,SF01-UT-FDEM-BASSIN-0IP01B-GMOT-0MOTEUR,MOTEUR ELECTRIQUE MT,,,S-PC-924IP01B-M,SF1-ECU,GM7,SF01,CRÉÉ CCRP DANP DNMJ PART,CRPR,IP1020260819,2026-11-29,2026-08-19,,0.0,0.0,SF01PEAUMR,SMC,,,,ZEST,360,6,211357.0,536913.0,1
13434282.0,4002532361,préventif (3 mois) moteur MT,OR004002532361,SF01-UT-FDEM-BASSIN-0IP02A-GMOT-0MOTEUR,MOTEUR ELECTRIQUE MT,,,S-PC-924IP02A-M,SF1-ECU,GM7,SF01,CRÉÉ CCRP DANP DNMJ PART,CRPR,IP1020260819,2026-11-29,2026-08-19,,0.0,0.0,SF01PEAUMR,SMC,,,,ZEST,360,6,211358.0,536914.0,2
13434288.0,4002532367,préventif (3 mois) moteur MT,OR004002532367,SF01-UT-FDEM-BASSIN-0IP02B-GMOT-0MOTEUR,MOTEUR ELECTRIQUE MT,,,S-PC-924IP02B-M,SF1-ECU,GM7,SF01,CRÉÉ CCRP DANP DNMJ PART,CRPR,IP1020260819,2026-11-29,2026-08-19,,0.0,0.0,SF01PEAUMR,SMC,,,,ZEST,360,6,211359.0,536915.0,2
13434295.0,4002532374,préventif (3 mois) moteur MT,OR004002532374,SF01-UT-FDEM-BASSIN-0IP03A-GMOT-0MOTEUR,MOTEUR ELECTRIQUE MT,,,S-PC-924IP03A-M,SF1-ECU,GM7,SF01,CRÉÉ CCRP DANP DNMJ PART,CRPR,IP1020260819,2026-11-29,2026-08-19,,0.0,0.0,SF01PEAUMR,SMC,,,,ZEST,360,6,211360.0,536916.0,3
13434303.0,4002532382,préventif (3 mois) moteur MT,OR004002532382,SF01-UT-FDEM-BASSIN-0IP03B-GMOT-0MOTEUR,MOTEUR ELECTRIQUE MT,,,S-PC-924IP03B-M,SF1-ECU,GM7,SF01,CRÉÉ CCRP DANP DNMJ PART,CRPR,IP1020260819,2026-11-29,2026-08-19,,0.0,0.0,SF01PEAUMR,SMC,,,,ZEST,360,6,211361.0,536917.0,3
13434308.0,4002532387,préventif (3 mois) moteur MT,OR004002532387,SF01-UT-FDEM-BASSIN-0IP04A-GMOT-0MOTEUR,MOTEUR ELECTRIQUE MT,,,S-PC-924IP04A-M,SF1-ECU,GM7,SF01,CRÉÉ CCRP DANP DNMJ PART,CRPR,IP1020260819,2026-11-29,2026-08-19,,0.0,0.0,SF01PEAUMR,SMC,,,,ZEST,360,6,211362.0,536918.0,4
13434314.0,4002532393,préventif (3 mois) moteur MT,OR004002532393,SF01-UT-FDEM-BASSIN-0IP04B-GMOT-0MOTEUR,MOTEUR ELECTRIQUE MT,,,S-PC-924IP04B-M,SF1-ECU,GM7,SF01,CRÉÉ CCRP DANP DNMJ PART,CRPR,IP1020260819,2026-11-29,2026-08-19,,0.0,0.0,SF01PEAUMR,SMC,,,,ZEST,360,6,211363.0,536919.0,4
13440329.0,4002538073,LUBRIFICATION DES PALIERS,OR004002538073,SF01-UT-FDEM-BASSIN-0IP03A,MOTOPOMPE EAU MER VERS PSII IPO3A BASSIN,,,S-PC-P924 IP 03A,SF1-MCU,GM4,SF01,TCLO CONF CCRP JBFI PART RIMP,SOPL,IP1020260820,2026-09-02,2026-08-20,,0.0,4.0,SF01PEAUMR,SMC,,,2.0,ZEST,350,68,184829.0,480188.0,3
13440361.0,4002538075,OMS_MESURE VIBRATOIRE PALIERS,OR004002538075,SF01-UT-FDEM-BASSIN-0IP03A,MOTOPOMPE EAU MER VERS PSII IPO3A BASSIN,,,S-PC-P924 IP 03A,SF1-MCU,GM4,SF01,TCLO CONF CCRP JBFI PART RIMP,SOPL,IP1020260820,2026-09-03,2026-08-20,,0.0,1.0,SF01PEAUMR,SMC,,,2.0,ZPRV,290,70,184830.0,480189.0,3
13440363.0,4002538077,LUBRIFICATION DES PALIERS,OR004002538077,SF01-UT-FDEM-BASSIN-0IP03B,MOTOPOMPE EAU MER VERS PSII IPO3B BASSIN,,,S-PC-P924 IP 03B,SF1-MCU,GM4,SF01,TCLO CONF CCRP JBFI PART RIMP,SOPL,IP1020260820,2026-09-02,2026-08-20,,0.0,4.0,SF01PEAUMR,SMC,,,2.0,ZEST,350,68,184831.0,480190.0,3
13440365.0,4002538079,OMS_MESURE VIBRATOIRE PALIERS,OR004002538079,SF01-UT-FDEM-BASSIN-0IP03B,MOTOPOMPE EAU MER VERS PSII IPO3B BASSIN,,,S-PC-P924 IP 03B,SF1-MCU,GM4,SF01,TCLO CONF CCRP JBFI PART RIMP,SOPL,IP1020260820,2026-09-03,2026-08-20,,0.0,1.0,SF01PEAUMR,SMC,,,2.0,ZPRV,290,70,184832.0,480191.0,3
13440367.0,4002538161,LUBRIFICATION DES PALIERS,OR004002538161,SF01-UT-FDEM-BASSIN-0IP01A,MOTOPOMPE EAU MER VERS CENTRALE IPO1A MC,,,S-PC-P924 IP 01A,SF1-MCU,GM4,SF01,LANC CCRP PART RIMP TEC  TàLT,SOPL,IP1020260820,2026-09-05,2026-08-20,,0.0,0.0,SF01PEAUMR,SMC,,,2.0,ZEST,350,70,184821.0,480180.0,1
13440368.0,4002538162,LUBRIFICATION DES PALIERS,OR004002538162,SF01-UT-FDEM-BASSIN-0IP04A,MOTOPOMPE EAU MER VERS PPII IPO4A BASSIN,,,S-PC-P924 IP 04A,SF1-MCU,GM4,SF01,TCLO CONF CCRP JBFI PART RIMP,SOPL,IP1020260820,2026-08-31,2026-08-20,,0.0,4.0,SF01PEAUMR,SMC,,,2.0,ZEST,350,66,184833.0,480192.0,4
13440391.0,4002538165,OMS_MESURE VIBRATOIRE PALIERS,OR004002538165,SF01-UT-FDEM-BASSIN-0IP04A,MOTOPOMPE EAU MER VERS PPII IPO4A BASSIN,,,S-PC-P924 IP 04A,SF1-MCU,GM4,SF01,TCLO CONF CCRP JBFI PART RIMP,SOPL,IP1020260820,2026-09-03,2026-08-20,,0.0,1.0,SF01PEAUMR,SMC,,,2.0,ZPRV,290,70,184834.0,480193.0,4
13440392.0,4002538166,OMS_MESURE VIBRATOIRE PALIERS,OR004002538166,SF01-UT-FDEM-BASSIN-0IP01A,MOTOPOMPE EAU MER VERS CENTRALE IPO1A MC,,,S-PC-P924 IP 01A,SF1-MCU,GM4,SF01,LANC CCRP PART RIMP TEC  TàLT,SOPL,IP1020260820,2026-09-04,2026-08-20,,0.0,0.0,SF01PEAUMR,SMC,,,2.0,ZPRV,290,70,184822.0,480181.0,1
13440393.0,4002538167,LUBRIFICATION DES PALIERS,OR004002538167,SF01-UT-FDEM-BASSIN-0IP01B,MOTOPOMPE EAU MER VERS CENTRALE IPO1B MC,,,S-PC-P924 IP 01B,SF1-MCU,GM4,SF01,LANC CCRP PART RIMP TEC  TàLT,SOPL,IP1020260820,2026-09-06,2026-08-20,,0.0,0.0,SF01PEAUMR,SMC,,,2.0,ZEST,350,70,184823.0,480182.0,1
13440394.0,4002538168,OMS_MESURE VIBRATOIRE PALIERS,OR004002538168,SF01-UT-FDEM-BASSIN-0IP04B,MOTOPOMPE EAU MER VERS PPII IPO4B BASSIN,,,S-PC-P924 IP 04B,SF1-MCU,GM4,SF01,LANC CCRP PART RIMP TEC  TàLT,SOPL,IP1020260820,2026-09-04,2026-08-20,,0.0,0.0,SF01PEAUMR,SMC,,,2.0,ZPRV,290,70,184836.0,480195.0,4
13440395.0,4002538169,OMS_MESURE VIBRATOIRE PALIERS,OR004002538169,SF01-UT-FDEM-BASSIN-0IP01B,MOTOPOMPE EAU MER VERS CENTRALE IPO1B MC,,,S-PC-P924 IP 01B,SF1-MCU,GM4,SF01,LANC CCRP PART RIMP TEC  TàLT,SOPL,IP1020260820,2026-09-05,2026-08-20,,0.0,0.0,SF01PEAUMR,SMC,,,2.0,ZPRV,290,70,184824.0,480183.0,1
13440397.0,4002538171,LUBRIFICATION DES PALIERS,OR004002538171,SF01-UT-FDEM-BASSIN-0IP02A,MOTOPOMPE EAU MER VERS SEM2 IPO2A MC,,,S-PC-P924 IP 02A,SF1-MCU,GM4,SF01,LANC CCRP PART RIMP TEC  TàLT,SOPL,IP1020260820,2026-09-06,2026-08-20,,0.0,0.0,SF01PEAUMR,SMC,,,2.0,ZEST,350,70,184825.0,480184.0,2
13440399.0,4002538173,OMS_MESURE VIBRATOIRE PALIERS,OR004002538173,SF01-UT-FDEM-BASSIN-0IP02A,MOTOPOMPE EAU MER VERS SEM2 IPO2A MC,,,S-PC-P924 IP 02A,SF1-MCU,GM4,SF01,LANC CCRP PART RIMP TEC  TàLT,SOPL,IP1020260820,2026-09-05,2026-08-20,,0.0,0.0,SF01PEAUMR,SMC,,,2.0,ZPRV,290,70,184826.0,480185.0,2
13440421.0,4002538175,LUBRIFICATION DES PALIERS,OR004002538175,SF01-UT-FDEM-BASSIN-0IP02B,MOTOPOMPE EAU MER VERS SEM2 IPO2B,,,S-PC-P924 IP 02B,SF1-MCU,GM4,SF01,TCLO CONF CCRP JBFI PART RIMP,SOPL,IP1020260820,2026-08-31,2026-08-20,,0.0,4.0,SF01PEAUMR,SMC,,,2.0,ZEST,350,69,184827.0,480186.0,2
13440423.0,4002538177,OMS_MESURE VIBRATOIRE PALIERS,OR004002538177,SF01-UT-FDEM-BASSIN-0IP02B,MOTOPOMPE EAU MER VERS SEM2 IPO2B,,,S-PC-P924 IP 02B,SF1-MCU,GM4,SF01,LANC CCRP PART RIMP TEC  TàLT,SOPL,IP1020260820,2026-09-06,2026-08-20,,0.0,0.0,SF01PEAUMR,SMC,,,2.0,ZPRV,290,70,184828.0,480187.0,2
13452252.0,4002549099,LUBRIFICATION DES PALIERS,OR004002549099,SF01-UT-FDEM-BASSIN-0IP04A,MOTOPOMPE EAU MER VERS PPII IPO4A BASSIN,,,S-PC-P924 IP 04A,SF1-MCU,GM4,SF01,CRÉÉ CCRP DANP DNMJ PART,CRPR,IP1020260824,2026-09-07,2026-08-24,,0.0,0.0,SF01PEAUMR,SMC,,,,ZEST,350,67,184833.0,480192.0,4
13452254.0,4002549101,LUBRIFICATION DES PALIERS,OR004002549101,SF01-UT-FDEM-BASSIN-0IP02B,MOTOPOMPE EAU MER VERS SEM2 IPO2B,,,S-PC-P924 IP 02B,SF1-MCU,GM4,SF01,CRÉÉ CCRP DANP DNMJ PART,CRPR,IP1020260824,2026-09-07,2026-08-24,,0.0,0.0,SF01PEAUMR,SMC,,,,ZEST,350,70,184827.0,480186.0,2
13497545.0,4002591471,LUBRIFICATION DES PALIERS,OR004002591471,SF01-UT-FDEM-BASSIN-0IP03A,MOTOPOMPE EAU MER VERS PSII IPO3A BASSIN,,,S-PC-P924 IP 03A,SF1-MCU,GM4,SF01,CRÉÉ CCRP DANP DNMJ PART,CRPR,IP1020260829,2026-09-09,2026-08-29,,0.0,0.0,SF01PEAUMR,SMC,,,,ZEST,350,69,184829.0,480188.0,3
13497548.0,4002591474,OMS_MESURE VIBRATOIRE PALIERS,OR004002591474,SF01-UT-FDEM-BASSIN-0IP03A,MOTOPOMPE EAU MER VERS PSII IPO3A BASSIN,,,S-PC-P924 IP 03A,SF1-MCU,GM4,SF01,CRÉÉ CCRP DANP DNMJ PART,ATPL,IP1020260829,2026-09-10,2026-08-29,,0.0,0.0,SF01PEAUMR,SMC,,,,ZPRV,290,71,184830.0,480189.0,3
13497551.0,4002591477,LUBRIFICATION DES PALIERS,OR004002591477,SF01-UT-FDEM-BASSIN-0IP03B,MOTOPOMPE EAU MER VERS PSII IPO3B BASSIN,,,S-PC-P924 IP 03B,SF1-MCU,GM4,SF01,CRÉÉ CCRP DANP DNMJ PART,CRPR,IP1020260829,2026-09-09,2026-08-29,,0.0,0.0,SF01PEAUMR,SMC,,,,ZEST,350,69,184831.0,480190.0,3
13497561.0,4002591482,LUBRIFICATION DES PALIERS,OR004002591482,SF01-UT-FDEM-BASSIN-0IP01A,MOTOPOMPE EAU MER VERS CENTRALE IPO1A MC,,,S-PC-P924 IP 01A,SF1-MCU,GM4,SF01,CRÉÉ CCRP DANP DNMJ PART,CRPR,IP1020260829,2026-09-12,2026-08-29,,0.0,0.0,SF01PEAUMR,SMC,,,,ZEST,350,71,184821.0,480180.0,1
13497563.0,4002591484,OMS_MESURE VIBRATOIRE PALIERS,OR004002591484,SF01-UT-FDEM-BASSIN-0IP01A,MOTOPOMPE EAU MER VERS CENTRALE IPO1A MC,,,S-PC-P924 IP 01A,SF1-MCU,GM4,SF01,CRÉÉ CCRP DANP DNMJ PART,ATPL,IP1020260829,2026-09-11,2026-08-29,,0.0,0.0,SF01PEAUMR,SMC,,,,ZPRV,290,71,184822.0,480181.0,1
13497565.0,4002591486,LUBRIFICATION DES PALIERS,OR004002591486,SF01-UT-FDEM-BASSIN-0IP01B,MOTOPOMPE EAU MER VERS CENTRALE IPO1B MC,,,S-PC-P924 IP 01B,SF1-MCU,GM4,SF01,CRÉÉ CCRP DANP DNMJ PART,CRPR,IP1020260829,2026-09-13,2026-08-29,,0.0,0.0,SF01PEAUMR,SMC,,,,ZEST,350,71,184823.0,480182.0,1
13497567.0,4002591488,OMS_MESURE VIBRATOIRE PALIERS,OR004002591488,SF01-UT-FDEM-BASSIN-0IP01B,MOTOPOMPE EAU MER VERS CENTRALE IPO1B MC,,,S-PC-P924 IP 01B,SF1-MCU,GM4,SF01,CRÉÉ CCRP DANP DNMJ PART,ATPL,IP1020260829,2026-09-12,2026-08-29,,0.0,0.0,SF01PEAUMR,SMC,,,,ZPRV,290,71,184824.0,480183.0,1
13497600.0,4002591491,LUBRIFICATION DES PALIERS,OR004002591491,SF01-UT-FDEM-BASSIN-0IP02A,MOTOPOMPE EAU MER VERS SEM2 IPO2A MC,,,S-PC-P924 IP 02A,SF1-MCU,GM4,SF01,CRÉÉ CCRP DANP DNMJ PART,CRPR,IP1020260829,2026-09-13,2026-08-29,,0.0,0.0,SF01PEAUMR,SMC,,,,ZEST,350,71,184825.0,480184.0,2
13497603.0,4002591494,OMS_MESURE VIBRATOIRE PALIERS,OR004002591494,SF01-UT-FDEM-BASSIN-0IP02A,MOTOPOMPE EAU MER VERS SEM2 IPO2A MC,,,S-PC-P924 IP 02A,SF1-MCU,GM4,SF01,CRÉÉ CCRP DANP DNMJ PART,ATPL,IP1020260829,2026-09-12,2026-08-29,,0.0,0.0,SF01PEAUMR,SMC,,,,ZPRV,290,71,184826.0,480185.0,2
13497605.0,4002591496,LUBRIFICATION DES PALIERS,OR004002591496,SF01-UT-FDEM-BASSIN-0IP02B,MOTOPOMPE EAU MER VERS SEM2 IPO2B,,,S-PC-P924 IP 02B,SF1-MCU,GM4,SF01,CRÉÉ CCRP DANP DNMJ PART,CRPR,IP1020260829,2026-09-14,2026-08-29,,0.0,0.0,SF01PEAUMR,SMC,,,,ZEST,350,71,184827.0,480186.0,2
13497606.0,4002591497,OMS_MESURE VIBRATOIRE PALIERS,OR004002591497,SF01-UT-FDEM-BASSIN-0IP02B,MOTOPOMPE EAU MER VERS SEM2 IPO2B,,,S-PC-P924 IP 02B,SF1-MCU,GM4,SF01,CRÉÉ CCRP DANP DNMJ PART,ATPL,IP1020260829,2026-09-13,2026-08-29,,0.0,0.0,SF01PEAUMR,SMC,,,,ZPRV,290,71,184828.0,480187.0,2
13497554.0,4002591500,OMS_MESURE VIBRATOIRE PALIERS,OR004002591500,SF01-UT-FDEM-BASSIN-0IP03B,MOTOPOMPE EAU MER VERS PSII IPO3B BASSIN,,,S-PC-P924 IP 03B,SF1-MCU,GM4,SF01,CRÉÉ CCRP DANP DNMJ PART,ATPL,IP1020260829,2026-09-10,2026-08-29,,0.0,0.0,SF01PEAUMR,SMC,,,,ZPRV,290,71,184832.0,480191.0,3
13497556.0,4002591502,LUBRIFICATION DES PALIERS,OR004002591502,SF01-UT-FDEM-BASSIN-0IP04A,MOTOPOMPE EAU MER VERS PPII IPO4A BASSIN,,,S-PC-P924 IP 04A,SF1-MCU,GM4,SF01,CRÉÉ CCRP DANP DNMJ PART,CRPR,IP1020260829,2026-09-14,2026-08-29,,0.0,0.0,SF01PEAUMR,SMC,,,,ZEST,350,68,184833.0,480192.0,4
13497590.0,4002591506,OMS_MESURE VIBRATOIRE PALIERS,OR004002591506,SF01-UT-FDEM-BASSIN-0IP04A,MOTOPOMPE EAU MER VERS PPII IPO4A BASSIN,,,S-PC-P924 IP 04A,SF1-MCU,GM4,SF01,CRÉÉ CCRP DANP DNMJ PART,ATPL,IP1020260829,2026-09-10,2026-08-29,,0.0,0.0,SF01PEAUMR,SMC,,,,ZPRV,290,71,184834.0,480193.0,4
13497593.0,4002591509,LUBRIFICATION DES PALIERS,OR004002591509,SF01-UT-FDEM-BASSIN-0IP04B,MOTOPOMPE EAU MER VERS PPII IPO4B BASSIN,,,S-PC-P924 IP 04B,SF1-MCU,GM4,SF01,CRÉÉ CCRP DANP DNMJ PART,CRPR,IP1020260829,2026-09-21,2026-08-29,,0.0,0.0,SF01PEAUMR,SMC,,,,ZEST,350,32,184835.0,480194.0,4
13497595.0,4002591511,OMS_MESURE VIBRATOIRE PALIERS,OR004002591511,SF01-UT-FDEM-BASSIN-0IP04B,MOTOPOMPE EAU MER VERS PPII IPO4B BASSIN,,,S-PC-P924 IP 04B,SF1-MCU,GM4,SF01,CRÉÉ CCRP DANP DNMJ PART,ATPL,IP1020260829,2026-09-11,2026-08-29,,0.0,0.0,SF01PEAUMR,SMC,,,,ZPRV,290,71,184836.0,480195.0,4
12711135.0,4002592756,étanchement fuite sur corps vanne IP04A,OR004002592756,SF01-UT-FDEM-BASSIN-0IP04A,MOTOPOMPE EAU MER VERS PPII IPO4A BASSIN,,,S-PC-P924 IP 04A,SF1-MCU,GM4,SF01,LANC CCRP PART RIMP,ATPL,FATHELLAH,2026-09-03,2026-08-30,,2.0,0.0,SF01PEAUMR,SMC,,,2.0,ZCOR,110,0,,,4
